-- --------------------------------------------------------
-- Host:                         176.96.137.221
-- Server version:               8.0.35 - MySQL Community Server - GPL
-- Server OS:                    Linux
-- HeidiSQL Version:             12.6.0.6765
-- --------------------------------------------------------

/*!40101 SET @OLD_CHARACTER_SET_CLIENT=@@CHARACTER_SET_CLIENT */;
/*!40101 SET NAMES utf8 */;
/*!50503 SET NAMES utf8mb4 */;
/*!40103 SET @OLD_TIME_ZONE=@@TIME_ZONE */;
/*!40103 SET TIME_ZONE='+00:00' */;
/*!40014 SET @OLD_FOREIGN_KEY_CHECKS=@@FOREIGN_KEY_CHECKS, FOREIGN_KEY_CHECKS=0 */;
/*!40101 SET @OLD_SQL_MODE=@@SQL_MODE, SQL_MODE='NO_AUTO_VALUE_ON_ZERO' */;
/*!40111 SET @OLD_SQL_NOTES=@@SQL_NOTES, SQL_NOTES=0 */;


-- Dumping database structure for pgrp
CREATE DATABASE IF NOT EXISTS `pgrp` /*!40100 DEFAULT CHARACTER SET armscii8 COLLATE armscii8_bin */ /*!80016 DEFAULT ENCRYPTION='N' */;
USE `pgrp`;

-- Dumping structure for table pgrp.server_accounts
CREATE TABLE IF NOT EXISTS `server_accounts` (
  `id` int NOT NULL AUTO_INCREMENT,
  `name` varchar(255) CHARACTER SET armscii8 COLLATE armscii8_bin NOT NULL,
  `social` bigint DEFAULT NULL,
  `hwid` bigint DEFAULT NULL,
  `hwid_ex` bigint DEFAULT NULL,
  `discord` bigint DEFAULT NULL,
  `whitelisted` tinyint(1) DEFAULT NULL,
  `inventory_id` int DEFAULT NULL,
  `lab_input_inventory_id` int DEFAULT NULL,
  `lab_output_inventory_id` int DEFAULT NULL,
  `locker_inventory_id` int DEFAULT NULL,
  `pos_id` int DEFAULT NULL,
  `customization_id` int DEFAULT NULL,
  `clothes_id` int DEFAULT NULL,
  `business_id` int DEFAULT NULL,
  `license_id` int DEFAULT NULL,
  `team_id` int DEFAULT NULL,
  `team_rank` int DEFAULT NULL,
  `team_leader` tinyint(1) DEFAULT NULL,
  `team_bank` tinyint(1) DEFAULT NULL,
  `team_storage` tinyint(1) DEFAULT NULL,
  `team_join` datetime DEFAULT NULL,
  `team_duty` tinyint(1) DEFAULT NULL,
  `swat` tinyint(1) DEFAULT NULL,
  `money` int DEFAULT NULL,
  `bank_money` int DEFAULT NULL,
  `health` int DEFAULT NULL,
  `armor` int DEFAULT NULL,
  `armor_item_id` int DEFAULT '0',
  `injury_type` int DEFAULT NULL,
  `alive` tinyint(1) DEFAULT NULL,
  `backpack` tinyint(1) DEFAULT NULL,
  `phone` tinyint(1) DEFAULT '0',
  `laptop` tinyint(1) DEFAULT '0',
  `coma` tinyint(1) DEFAULT NULL,
  `stabilized` tinyint(1) DEFAULT NULL,
  `admin_rank` int DEFAULT NULL,
  `last_online` datetime DEFAULT NULL,
  `hunger` int DEFAULT NULL,
  `thirst` int DEFAULT NULL,
  `cuffed` tinyint(1) DEFAULT NULL,
  `roped` tinyint(1) DEFAULT NULL,
  `federal_record_team` varchar(255) CHARACTER SET armscii8 COLLATE armscii8_bin NOT NULL DEFAULT '',
  `federal_record_description` longtext CHARACTER SET armscii8 COLLATE armscii8_bin NOT NULL,
  `federal_record_phone` varchar(255) CHARACTER SET armscii8 COLLATE armscii8_bin NOT NULL DEFAULT '',
  `phone_background` int NOT NULL DEFAULT (0),
  `phone_number` int NOT NULL DEFAULT '0',
  `jailtime` int NOT NULL DEFAULT '0',
  `created` datetime NOT NULL DEFAULT (curdate()),
  `level` int NOT NULL DEFAULT '0',
  `xp` int NOT NULL DEFAULT '0',
  `xp_ticks` int NOT NULL DEFAULT '0',
  `social_bonus_money` int NOT NULL DEFAULT '0',
  `hospital` tinyint(1) NOT NULL DEFAULT (0),
  `banned_until` datetime NOT NULL DEFAULT (curdate()),
  `ban_reason` varchar(255) CHARACTER SET armscii8 COLLATE armscii8_bin NOT NULL DEFAULT 'CURRDATE()',
  `admin_record` longtext CHARACTER SET armscii8 COLLATE armscii8_bin NOT NULL,
  `damage_cap` tinyint(1) NOT NULL DEFAULT (0),
  `support_call_message` varchar(255) CHARACTER SET armscii8 COLLATE armscii8_bin NOT NULL DEFAULT '0',
  PRIMARY KEY (`id`)
) ENGINE=InnoDB AUTO_INCREMENT=110 DEFAULT CHARSET=armscii8 COLLATE=armscii8_bin;

-- Dumping data for table pgrp.server_accounts: ~87 rows (approximately)
INSERT INTO `server_accounts` (`id`, `name`, `social`, `hwid`, `hwid_ex`, `discord`, `whitelisted`, `inventory_id`, `lab_input_inventory_id`, `lab_output_inventory_id`, `locker_inventory_id`, `pos_id`, `customization_id`, `clothes_id`, `business_id`, `license_id`, `team_id`, `team_rank`, `team_leader`, `team_bank`, `team_storage`, `team_join`, `team_duty`, `swat`, `money`, `bank_money`, `health`, `armor`, `armor_item_id`, `injury_type`, `alive`, `backpack`, `phone`, `laptop`, `coma`, `stabilized`, `admin_rank`, `last_online`, `hunger`, `thirst`, `cuffed`, `roped`, `federal_record_team`, `federal_record_description`, `federal_record_phone`, `phone_background`, `phone_number`, `jailtime`, `created`, `level`, `xp`, `xp_ticks`, `social_bonus_money`, `hospital`, `banned_until`, `ban_reason`, `admin_record`, `damage_cap`, `support_call_message`) VALUES
	(2, 'Mason_Subtarowa', 509211237, 4541772566514062275, -4486710354576580389, 266722388790607873, 1, 11, 0, 0, 102, 12, 5, 3, 0, 1, 8, 12, 1, 1, 1, '0001-01-01 00:00:00', 1, 0, 9265968, 8569919, 175, 93, 9, 0, 1, 0, 1, 1, 0, 0, 7, '2023-12-31 02:46:07', 98773, 98773, 0, 0, 'LSPD - CHIEF', '', '', 0, 54891732, 0, '2023-10-12 00:00:00', 6, 6, 21, 49100, 0, '2013-12-30 21:59:21', 'Cheating', ' ', 0, ''),
	(3, 'Mats_Subtarowa', 462947993, -3167584691356974687, -1143568084933657347, 680453502509645878, 1, 14, 15, 16, 0, 17, 6, 4, 0, 2, 6, 0, 0, 0, 0, '2023-10-02 19:17:08', 1, 0, 6705506, 8829560, 200, 0, 9, 0, 1, 1, 1, 1, 0, 0, 6, '2023-12-30 21:12:13', 99521, 99521, 0, 0, 'LSPD R12', 'Bestaetigte Zugehoerigkeit am 08.12.23 - DCI - ', '1233', 0, 71625483, 0, '2023-10-12 00:00:00', 5, 12, 41, 20350, 0, '2013-12-30 21:23:19', 'Cheating', '', 0, ''),
	(4, 'Francesca_Fenty', 446206359, 8105026862453460936, 7673476690501991666, 378264511750209536, 1, 17, 18, 19, 0, 19, 7, 5, 0, 3, 3, 12, 1, 1, 1, '2023-10-02 23:04:14', 0, 0, 538295, 547433, 200, 100, 9, 0, 1, 0, 1, 1, 0, 0, 3, '2023-12-30 19:44:44', 99884, 99884, 0, 0, '', '', '', 0, 90247168, 0, '2023-10-12 00:00:00', 2, 3, 55, 1350, 0, '2023-12-14 20:25:46', '', '', 0, ''),
	(5, 'Milan_Modlino', 362934237, 6118536566533115273, 2034599188700327199, 727860558287601734, 1, 2415, 2416, 2417, 2418, 3869, 57, 95, 0, 17, 8, 12, 1, 1, 1, '2023-12-22 19:46:43', 0, 0, 182570, 2004500, 198, 63, 9, 0, 1, 0, 1, 1, 0, 0, 5, '2023-12-31 03:34:39', 13, 13, 0, 0, '', '', '', 0, 97391691, 0, '2023-12-22 19:46:43', 2, 1, 58, 1500, 0, '2013-12-28 17:51:21', 'Cheating', '', 0, ''),
	(6, 'Herbert_Hartnuss', 467319191, 8075757754718212792, 6362452046195006158, 573153425332895754, 1, 23, 24, 25, 0, 29, 9, 7, 0, 5, 4, 12, 1, 1, 1, '2023-10-03 14:09:52', 1, 0, 914133, 75140, 199, 0, 164, 0, 1, 1, 1, 1, 0, 0, 5, '2023-12-30 19:29:56', 52, 52, 0, 0, 'FIB Rang 11', '', '', 0, 68423719, 0, '2023-10-12 00:00:00', 5, 9, 13, 15800, 0, '2013-12-22 14:50:42', '', '', 0, ''),
	(7, 'Dean_Euka', 421333993, -5180372315245958505, 5537255233876017763, 381497755211923457, 1, 68, 69, 70, 0, 328, 10, 8, 0, 6, 2, 12, 1, 1, 1, '2023-10-05 13:34:15', 1, 0, 989040, 53410, 150, 0, 167, 0, 1, 1, 1, 1, 0, 0, 5, '2023-12-29 16:55:22', 99784, 99784, 0, 0, 'FIB Rang 12', '', '187', 0, 12893475, 0, '2023-10-12 00:00:00', 5, 1, 38, 16450, 0, '2023-12-21 16:39:21', 'Entbannt von Jannik_Samarita: a', '', 0, ''),
	(9, 'Tyrone_Malikum', 0, 0, 0, 290557854148984833, 1, 74, 75, 76, 0, 351, 12, 10, 0, 8, 1, 3, 0, 0, 0, '2023-10-05 18:35:08', 0, 0, 964650, 76900, 198, 0, 0, 0, 1, 0, 0, 0, 0, 0, 4, '2023-12-21 18:37:49', 99971, 99971, 0, 0, '', '', '', 0, 57213694, 0, '2023-10-12 00:00:00', 2, 4, 54, 1900, 0, '2013-12-10 23:49:40', '', '', 0, ''),
	(12, 'Jonny_Benzo', 400787000, 6673254085077217635, 1858278003165639961, 404359943693533194, 1, 83, 84, 85, 0, 356, 15, 13, 0, 11, 1, 12, 1, 1, 1, '2023-10-06 21:07:57', 0, 0, 983905, 354040, 167, 0, 9, 0, 1, 0, 1, 1, 0, 0, 6, '2023-12-31 01:41:24', 98788, 98788, 0, 0, '', '', '', 0, 29384756, 0, '2023-10-12 00:00:00', 6, 7, 7, 56600, 0, '2000-12-22 00:18:43', 'Cheating', '', 0, ''),
	(13, 'Felix_Benzo', 358380479, -5848394231135137908, 3391600612936861518, 658768334694907904, 1, 86, 87, 88, 0, 358, 16, 14, 0, 12, 6, 123, 1, 1, 1, '2023-10-06 23:06:58', 1, 0, 181420, 6000, 200, 100, 9, 0, 1, 1, 1, 1, 0, 0, 5, '2023-12-30 20:49:37', 99603, 99603, 0, 0, '', '', '', 0, 63784512, 0, '2023-10-12 00:00:00', 4, 13, 53, 7800, 0, '2023-12-28 19:40:21', 'Entbannt von Mason_Subtarowa: aa', '', 0, ''),
	(15, 'Pasha_Milano', 467862860, 818527887596129785, -8867872254209875119, 698648069725487175, 1, 92, 93, 94, 0, 363, 18, 16, 0, 14, 6, 10, 0, 0, 0, '2023-10-07 18:16:29', 0, 0, 987500, 3600, 185, 0, 9, 0, 1, 0, 1, 1, 0, 0, 4, '2023-12-30 22:18:04', 99923, 99923, 0, 0, '', '', '', 0, 47298315, 0, '2023-10-12 00:00:00', 2, 1, 22, 1500, 0, '2023-12-27 21:16:25', 'Entbannt von Mason_Subtarowa: aa', '', 0, ''),
	(16, 'Vincenzo_Brando', 466149391, 3205107676164379291, 7229841564491373875, 516248944259497989, 1, 95, 96, 97, 0, 364, 19, 17, 0, 15, 0, 0, 0, 0, 0, '2023-10-07 22:22:05', 0, 0, 36600, 14250, 200, 0, 9, 0, 1, 0, 1, 1, 0, 0, 5, '2023-10-07 22:22:05', 99999, 99999, 0, 0, '', '', '', 0, 19364857, 0, '2023-10-12 00:00:00', 1, 1, 8, 100, 0, '2013-12-11 14:02:34', 'Cheating', '', 0, ''),
	(19, 'Ramzy_Garcia', 466135323, -3767572285378039173, 3591485953402951107, 738504625577132163, 1, 1755, 1756, 1757, 1758, 2627, 22, 32, 0, 0, 2, 9, 0, 0, 0, '2023-10-15 18:04:50', 1, 0, 41253, 36980, 200, 0, 0, 0, 1, 0, 1, 1, 0, 0, 4, '2023-12-23 20:41:58', 99834, 99834, 0, 0, 'Zivilist', '1234', '', 0, 78343185, 0, '0001-01-01 00:00:00', 3, 4, 15, 4650, 0, '2013-12-11 22:36:38', 'Cheating', '', 0, ''),
	(29, 'John_Allison', 536663272, 7834952655502705468, -9142259922713207734, 345206672265838592, 1, 2241, 2242, 2243, 2244, 3093, 42, 67, 0, 0, 1, 12, 1, 1, 1, '2023-12-14 13:32:23', 1, 0, 1882498, 102099, 200, 74, 320, 0, 1, 1, 1, 1, 0, 0, 7, '2023-12-27 20:18:14', 99849, 99849, 0, 0, 'schwarzarbeiter', '', '', 0, 70285340, 0, '0001-01-01 00:00:00', 2, 0, 36, 2500, 0, '0001-01-01 00:00:00', '', '', 0, ''),
	(30, 'Jannik_Samarita', 375904400, 6852136177450369869, -3544254962753108609, 350194795794399232, 1, 2247, 2248, 2249, 2250, 3098, 43, 68, 0, 0, 1, 12, 1, 1, 1, '2023-12-14 16:11:28', 1, 0, 938790, 18005342, 200, 100, 320, 0, 1, 1, 1, 1, 0, 0, 5, '2023-12-31 02:43:33', 745, 745, 0, 0, 'LSPD', 'LSPD', '', 0, 26334969, 0, '0001-01-01 00:00:00', 3, 10, 44, 6500, 0, '2000-12-19 23:01:24', 'Cheating', '', 0, ''),
	(31, 'Chris_Patrovski', 459616684, 1473356838716155232, 4999838053374084256, 530744442550747176, 1, 2251, 2252, 2253, 2254, 3112, 44, 71, 0, 0, 8, 11, 1, 1, 1, '2023-12-14 23:54:31', 0, 0, 112340, 1015520, 198, 0, 9, 0, 1, 1, 1, 1, 0, 0, 5, '2023-12-31 03:21:11', 81, 81, 0, 0, '', '', '', 0, 78456644, 0, '0001-01-01 00:00:00', 3, 9, 36, 8500, 0, '2023-12-31 03:19:59', 'Entbannt von Mason_Subtarowa: aa', '', 0, ''),
	(32, 'Rene_Benzo', 351726792, 5422454846575210905, -8753521426596989228, 444252660384661504, 1, 2344, 2345, 2346, 2347, 3606, 45, 76, 0, 0, 6, 0, 0, 0, 0, '2023-12-18 18:13:42', 1, 0, 80251, 120330, 200, 0, 9, 0, 1, 1, 1, 1, 0, 0, 5, '2023-12-30 19:26:18', 79, 79, 0, 0, '', '', '', 0, 13069570, 0, '0001-01-01 00:00:00', 4, 12, 47, 24750, 0, '2023-12-30 19:25:14', 'Entbannt von Mason_Subtarowa: aa', '', 0, ''),
	(33, 'Jordan_Lokomotiv', 349238698, -4707149385268155714, -2391584537581611954, 469483264550109186, 1, 2350, 2351, 2352, 2353, 3621, 46, 77, 0, 0, 1, 0, 0, 0, 0, '2023-12-19 19:40:35', 0, 0, 4777, 7100, 200, 0, 0, 0, 1, 1, 1, 1, 0, 0, 2, '2023-12-22 02:28:38', 75, 75, 0, 0, '', '', '', 0, 40965683, 0, '0001-01-01 00:00:00', 1, 1, 32, 150, 0, '2000-12-21 01:36:11', 'Cheating', '', 0, ''),
	(34, 'Clarie_Samarita', 432651665, -1935148993510363637, 3853554115164989505, 736344829738483803, 1, 2354, 2355, 2356, 2357, 3622, 47, 80, 0, 0, 1, 7, 0, 0, 0, '2023-12-19 23:21:50', 0, 0, 997500, 0, 173, 100, 9, 0, 1, 0, 1, 1, 0, 0, 4, '2023-12-27 21:30:35', 0, 0, 0, 0, '', '', '', 0, 50259723, 0, '0001-01-01 00:00:00', 2, 3, 50, 1650, 0, '0001-01-01 00:00:00', '', '', 0, ''),
	(35, 'Kalle_Solano', 0, 0, 0, 895043846294085662, 1, 2362, 2363, 2364, 2365, 3624, 48, 81, 0, 0, 1, 6, 0, 0, 0, '2023-12-20 13:37:37', 1, 0, 50, 45000, 200, 100, 312, 0, 1, 1, 1, 1, 0, 0, 3, '2023-12-20 13:58:57', 93, 93, 0, 0, '', '', '', 0, 95661106, 0, '0001-01-01 00:00:00', 1, 0, 41, 0, 0, '2013-12-20 13:53:57', 'Cheating', '', 0, ''),
	(36, 'Niklas_Sombrek', 358245326, 5986324904349006642, -3510082470144093309, 372485006691532800, 1, 2368, 2369, 2370, 2371, 3627, 49, 83, 0, 0, 2, 10, 1, 1, 1, '2023-12-20 17:27:56', 1, 0, 468421, 107780, 175, 77, 148, 0, 1, 1, 1, 1, 0, 0, 5, '2023-12-31 14:29:51', 980, 980, 0, 0, '', '', '', 0, 57104649, 0, '0001-01-01 00:00:00', 2, 4, 25, 3450, 0, '2023-12-27 20:09:03', 'Entbannt von Mason_Subtarowa: aa', '', 0, ''),
	(37, 'Luis_Benzo', 397775641, 4839071782674401897, -3542075030018909311, 532996080132947988, 1, 2375, 2376, 2377, 2378, 3629, 50, 84, 0, 0, 4, 0, 0, 0, 0, '2023-12-20 19:17:27', 1, 0, 3969830, 3164100, 172, 60, 9, 0, 1, 1, 1, 1, 0, 0, 5, '2023-12-30 21:41:37', 428, 428, 0, 0, '', '', '', 0, 43193392, 0, '0001-01-01 00:00:00', 3, 11, 6, 11250, 0, '2023-12-30 19:55:10', 'Entbannt von Deran_Milano: penis', '', 0, ''),
	(40, 'Sonny_White', 418413581, -1162559689208311477, 7896857180346477215, 335903876320591872, 1, 2387, 2388, 2389, 2390, 3633, 53, 88, 0, 0, 2, 10, 0, 0, 0, '2023-12-20 21:20:45', 1, 0, 497480, 49200, 200, 100, 164, 0, 1, 1, 1, 1, 0, 0, 3, '2023-12-22 22:03:59', 92, 92, 0, 0, '', '', '', 0, 34413914, 0, '0001-01-01 00:00:00', 1, 0, 51, 150, 0, '2000-12-20 22:26:41', 'Cheating', '', 0, ''),
	(41, 'Deran_Milano', 361729007, -2227143334366944178, 2034599188700327199, 559375153172185098, 1, 2391, 2392, 2393, 2394, 3634, 54, 89, 0, 0, 6, 12, 1, 1, 1, '2023-12-20 21:33:27', 0, 0, 9020269, 6380900, 134, 0, 9, 0, 1, 1, 1, 1, 0, 0, 4, '2023-12-31 00:42:24', 284, 284, 0, 0, '', '', '', 0, 89269161, 0, '0001-01-01 00:00:00', 4, 12, 50, 5400, 0, '2023-12-30 21:41:57', 'Entbannt von Luis_Benzo: 0', '', 0, ''),
	(42, 'Tony_Trovato', 436606731, 1869214470364561522, -7670988926235188473, 726262304575848488, 1, 2395, 2396, 2397, 2398, 3635, 55, 90, 0, 0, 0, 0, 0, 0, 0, '2023-12-20 21:54:03', 0, 0, 4900, 46200, 200, 0, 0, 0, 1, 0, 1, 1, 0, 0, 4, '2023-12-21 18:07:09', 100, 100, 0, 0, '', '', '', 0, 65005726, 0, '0001-01-01 00:00:00', 1, 0, 27, 150, 0, '0001-01-01 00:00:00', '', '', 0, ''),
	(43, 'Michael_Franklyn', 446348149, 3896110316107327823, 8207394327808370843, 572527208774631425, 0, 2407, 2408, 2409, 2410, 3734, 56, 94, 0, 16, 2, 12, 1, 1, 1, '2023-12-22 03:04:12', 1, 0, 100000, 61500, 155, 0, 309, 0, 1, 1, 1, 1, 0, 0, 3, '2023-12-22 03:19:12', 77, 77, 0, 0, '', '', '', 0, 89717385, 0, '2023-12-22 03:04:12', 1, 0, 56, 0, 0, '2022-12-22 03:04:12', '', '', 0, ''),
	(45, 'Jack_Kobayashi', 342397155, 3786214317825450796, 2410686011621069534, 337565151157026827, 1, 2419, 2420, 2421, 2422, 3882, 58, 96, 0, 18, 6, 0, 0, 0, 0, '2023-12-22 21:52:05', 0, 0, 59069, 914400, 196, 29, 9, 0, 1, 1, 1, 1, 0, 0, 4, '2023-12-31 00:45:29', 74, 74, 0, 0, '', '', '', 0, 99425549, 0, '2023-12-22 21:52:05', 2, 6, 42, 0, 0, '2023-12-31 00:43:05', 'Entbannt von Deran_Milano: fortnite', '', 0, ''),
	(46, 'Zane_Milano', 415619243, 3797956551149345598, -9053419324069893887, 483726298276167688, 1, 2423, 2424, 2425, 2426, 3883, 59, 97, 0, 19, 6, 0, 0, 0, 0, '2023-12-22 22:57:51', 0, 0, 9949999, 1002399, 200, 100, 9, 0, 1, 0, 1, 1, 0, 0, 4, '2023-12-28 19:50:34', 93, 93, 0, 0, '', '', '', 0, 48534576, 0, '2023-12-22 22:57:51', 1, 1, 43, 450, 0, '2022-12-22 22:57:51', '', '', 0, ''),
	(48, 'Steve_Brandon', 467883089, -2464126994466017218, -2368987072630710022, 820989230310096896, 0, 2449, 2450, 2451, 2452, 4278, 61, 101, 0, 21, 0, 0, 0, 0, 0, '2023-12-24 16:48:24', 0, 0, 5000, 47400, 200, 0, 0, 0, 1, 0, 0, 0, 0, 0, 4, '2023-12-26 17:37:29', 37, 37, 0, 0, '', '', '', 0, 77509039, 0, '2023-12-24 16:48:24', 1, 1, 59, 300, 0, '2022-12-24 16:48:24', '', '', 0, ''),
	(49, 'Frodu_Maya', 445112014, -1327763841008472342, -6583101892285807708, 769596573138288670, 0, 2781, 2782, 2783, 2784, 4556, 62, 108, 0, 22, 6, 0, 0, 0, 0, '2023-12-28 16:53:37', 0, 0, 47500, 45000, 200, 93, 0, 0, 1, 0, 1, 0, 0, 0, 0, '2023-12-28 19:47:07', 100, 100, 0, 0, '', '', '', 0, 93424315, 0, '2023-12-28 16:53:37', 1, 0, 0, 150, 0, '2022-12-28 16:53:37', '', '', 1, ''),
	(50, 'Eddy_Milano', 461064948, -7754000207608220319, -5256230472398055916, 389026772378714122, 0, 2785, 2786, 2787, 2788, 4557, 63, 109, 0, 23, 6, 0, 0, 0, 0, '2023-12-28 16:54:25', 0, 0, 2500, 45000, 197, 44, 0, 0, 1, 0, 1, 0, 0, 0, 0, '2023-12-28 19:56:56', 100, 100, 0, 0, '', '', '', 0, 58120333, 0, '2023-12-28 16:54:25', 1, 0, 0, 0, 0, '2022-12-28 16:54:25', '', '', 0, ''),
	(51, 'Achraf_Chocoloco', 295468913, 487595178963314108, 3509749958805908478, 929412928849985596, 0, 2789, 2790, 2791, 2792, 4558, 64, 110, 0, 24, 6, 0, 0, 0, 0, '2023-12-28 16:56:05', 0, 0, 2500, 45000, 200, 100, 0, 0, 1, 0, 0, 0, 0, 0, 0, '2023-12-28 20:51:31', 100, 100, 0, 0, '', '', '', 0, 87430263, 0, '2023-12-28 16:56:05', 1, 0, 0, 0, 0, '2022-12-28 16:56:05', '', '', 0, ''),
	(52, 'Kevin_Weiss', 367460603, 7930370305367982311, -7741042240147577639, 341579143181500416, 0, 2793, 2794, 2795, 2796, 4559, 65, 111, 0, 25, 0, 0, 0, 0, 0, '2023-12-28 18:20:52', 0, 0, 5000, 45000, 200, 0, 0, 0, 1, 0, 0, 0, 0, 0, 0, '2023-12-28 18:20:52', 100, 100, 0, 0, '', '', '', 0, 30939227, 0, '2023-12-28 18:20:52', 1, 0, 0, 0, 0, '2022-12-28 18:20:52', '', '', 0, ''),
	(53, 'Albert_Jutzz', 366263368, -2012343075836562, 1538014465026060284, 1068466963724120155, 0, 2797, 2798, 2799, 2800, 4560, 66, 112, 0, 26, 10, 0, 0, 0, 0, '2023-12-28 19:24:05', 0, 0, 0, 45000, 198, 100, 0, 0, 1, 0, 1, 0, 0, 0, 0, '2023-12-28 20:18:12', 100, 100, 0, 0, '', '', '', 0, 21249912, 0, '2023-12-28 19:24:05', 1, 0, 2, 0, 0, '2022-12-28 19:24:05', '', '', 0, ''),
	(54, 'Ekka_Litta', 415300716, -5111898110916472413, -1496655855540559553, 789088362048913430, 0, 2801, 2802, 2803, 2804, 4561, 67, 113, 0, 27, 7, 0, 0, 0, 0, '2023-12-28 19:25:41', 0, 0, 2500, 45000, 200, 100, 9, 0, 1, 0, 1, 0, 0, 0, 0, '2023-12-28 20:28:20', 100, 100, 0, 0, '', '', '', 0, 66705753, 0, '2023-12-28 19:25:41', 1, 0, 25, 0, 0, '2022-12-28 19:25:41', '', '', 0, ''),
	(55, 'Justin_Moreno', 349747327, 4188175831751486542, -7345909406584146946, 546759869206757396, 0, 2805, 2806, 2807, 2808, 4562, 68, 114, 0, 28, 7, 0, 0, 0, 0, '2023-12-28 19:27:10', 0, 0, 2500, 45000, 193, 100, 0, 0, 1, 0, 1, 0, 0, 0, 0, '2023-12-28 20:13:57', 100, 100, 0, 0, '', '', '', 0, 15425930, 0, '2023-12-28 19:27:10', 1, 0, 0, 0, 0, '2022-12-28 19:27:10', '', '', 0, ''),
	(56, 'Miran_Milano', 408306685, -448299953865013485, -3030835810610435626, 997262047723139083, 0, 2809, 2810, 2811, 2812, 4563, 69, 115, 0, 29, 6, 0, 0, 0, 0, '2023-12-28 19:28:07', 0, 0, 0, 45000, 200, 100, 0, 0, 1, 0, 1, 0, 0, 0, 0, '2023-12-28 19:55:39', 100, 100, 0, 0, '', '', '', 0, 66772799, 0, '2023-12-28 19:28:07', 1, 0, 0, 0, 0, '2022-12-28 19:28:07', '', '', 0, ''),
	(57, 'Milan_Moreno', 350994026, -2571316556712148911, 1582417656235695217, 489871279399239721, 0, 2813, 2814, 2815, 2816, 4564, 70, 116, 0, 30, 7, 0, 0, 0, 0, '2023-12-28 19:30:00', 0, 0, 2500, 45000, 200, 100, 9, 0, 1, 0, 1, 0, 0, 0, 0, '2023-12-28 20:17:24', 100, 100, 0, 0, '', '', '', 0, 42073558, 0, '2023-12-28 19:30:00', 1, 0, 36, 0, 0, '2022-12-28 19:30:00', '', '', 0, ''),
	(58, 'Manu_Back', 525474741, -8952244451878675680, -3432496876003828103, 1097898822715326615, 0, 2817, 2818, 2819, 2820, 4565, 71, 117, 0, 31, 6, 0, 0, 0, 0, '2023-12-28 19:30:48', 0, 0, 0, 45000, 200, 100, 0, 0, 1, 0, 1, 0, 0, 0, 0, '2023-12-28 19:50:16', 100, 100, 0, 0, '', '', '', 0, 36985393, 0, '2023-12-28 19:30:48', 1, 0, 0, 150, 0, '2022-12-28 19:30:48', '', '', 0, ''),
	(59, 'Can_Ernesto', 394572682, 6338941481482727504, 6501851845471315510, 293791705776259073, 0, 2821, 2822, 2823, 2824, 4566, 72, 118, 0, 32, 8, 3, 0, 0, 0, '2023-12-28 19:31:21', 0, 0, 5000, 45000, 200, 0, 0, 0, 1, 0, 0, 0, 0, 0, 0, '2023-12-28 19:31:21', 100, 100, 0, 0, '', '', '', 0, 59356566, 0, '2023-12-28 19:31:21', 1, 0, 0, 0, 0, '2022-12-28 19:31:21', '', '', 0, ''),
	(60, 'Zamudi_Kalasch', 468653264, -5944805266364096224, -2470685135593028680, 713845915739488428, 0, 2825, 2826, 2827, 2828, 4567, 73, 119, 0, 33, 6, 0, 0, 0, 0, '2023-12-28 19:31:33', 0, 0, 117500, 45000, 198, 88, 0, 0, 1, 0, 1, 0, 0, 0, 0, '2023-12-28 19:48:34', 100, 100, 0, 0, '', '', '', 0, 38864605, 0, '2023-12-28 19:31:33', 1, 0, 0, 150, 0, '2022-12-28 19:31:33', '', '', 0, ''),
	(61, 'Taylan_Milano', 338607827, 2823373216751722854, 747502944932545077, 486444945452826625, 0, 2829, 2830, 2831, 2832, 4568, 74, 120, 0, 34, 6, 11, 0, 0, 0, '2023-12-28 19:31:43', 0, 0, 50000, 45000, 195, 100, 9, 0, 1, 0, 1, 0, 0, 0, 0, '2023-12-28 20:09:44', 100, 100, 0, 0, '', '', '', 0, 68643742, 0, '2023-12-28 19:31:43', 1, 0, 11, 0, 0, '2022-12-28 19:31:43', '', '', 0, ''),
	(62, 'Misha_Milano', 519626729, 8031341597221184508, 1924710990053569085, 543742452792557569, 0, 2833, 2834, 2835, 2836, 4569, 75, 121, 0, 35, 6, 9, 0, 0, 0, '2023-12-28 19:37:41', 0, 0, 47500, 45000, 200, 100, 0, 0, 1, 0, 1, 0, 0, 0, 0, '2023-12-28 19:56:20', 100, 100, 0, 0, '', '', '', 0, 39959303, 0, '2023-12-28 19:37:41', 1, 0, 0, 0, 0, '2022-12-28 19:37:41', '', '', 0, ''),
	(64, 'Stalone_Saruh', 457279901, 7865600570326643416, 1373725196391839855, 706215914118316102, 0, 2841, 2842, 2843, 2844, 4571, 77, 123, 0, 37, 7, 0, 0, 0, 0, '2023-12-28 19:42:21', 0, 0, 2500, 45000, 200, 100, 9, 0, 1, 0, 1, 0, 0, 0, 0, '2023-12-28 19:55:06', 100, 100, 0, 0, '', '', '', 0, 98862579, 0, '2023-12-28 19:42:21', 1, 0, 6, 150, 0, '2022-12-28 19:42:21', '', '', 0, ''),
	(65, 'Marlon_Chocoloco', 435079241, -3946480930357730409, 8763077283015984716, 616264912406183936, 0, 2845, 2846, 2847, 2848, 4572, 78, 124, 0, 38, 8, 6, 0, 0, 0, '2023-12-28 19:42:47', 0, 0, 0, 45000, 200, 80, 0, 0, 1, 0, 1, 0, 0, 0, 0, '2023-12-28 20:23:49', 100, 100, 0, 0, '', '', '', 0, 31496204, 0, '2023-12-28 19:42:47', 1, 0, 26, 0, 0, '2022-12-28 19:42:47', '', '', 0, ''),
	(66, 'Alex_Pulsfort', 382263241, 7150646817565425564, -3280381264238906911, 943944610693124127, 0, 2849, 2850, 2851, 2852, 4573, 79, 125, 0, 39, 6, 0, 0, 0, 0, '2023-12-28 19:44:36', 0, 0, 62500, 45000, 199, 63, 9, 0, 1, 0, 1, 0, 0, 0, 0, '2023-12-28 20:23:56', 100, 100, 0, 0, '', '', '', 0, 90599633, 0, '2023-12-28 19:44:36', 1, 0, 9, 0, 0, '2022-12-28 19:44:36', '', '', 0, ''),
	(67, 'Emilio_Milano', 301921888, 4480577286973295430, -2179063129304639748, 0, 0, 2853, 2854, 2855, 2856, 4574, 80, 126, 0, 40, 6, 0, 0, 0, 0, '2023-12-28 19:45:33', 0, 0, 52500, 45000, 200, 100, 9, 0, 1, 0, 1, 0, 0, 0, 0, '2023-12-28 20:47:07', 100, 100, 0, 0, '', '', '', 0, 22525986, 0, '2023-12-28 19:45:33', 1, 0, 53, 150, 0, '2022-12-28 19:45:33', '', '', 0, ''),
	(68, 'Marco_Cuxxl', 367981926, 6396655868869957068, -6698409677550061886, 668074470443057154, 0, 2857, 2858, 2859, 2860, 4575, 81, 127, 0, 41, 7, 0, 0, 0, 0, '2023-12-28 19:46:24', 0, 0, 2500, 45000, 200, 99, 0, 0, 1, 0, 1, 0, 0, 0, 0, '2023-12-28 20:12:30', 100, 100, 0, 0, '', '', '', 0, 74614930, 0, '2023-12-28 19:46:24', 1, 0, 0, 0, 0, '2022-12-28 19:46:24', '', '', 0, ''),
	(69, 'Mika_Cuxxl', 299182242, -1312817313593417771, -2931092635914143049, 224255763042926593, 0, 2861, 2862, 2863, 2864, 4576, 82, 128, 0, 42, 7, 0, 0, 0, 0, '2023-12-28 19:46:48', 0, 0, 2500, 45000, 193, 0, 0, 0, 1, 0, 1, 0, 0, 0, 0, '2023-12-28 19:55:06', 100, 100, 0, 0, '', '', '', 0, 91648250, 0, '2023-12-28 19:46:48', 1, 0, 0, 0, 0, '2022-12-28 19:46:48', '', '', 0, ''),
	(70, 'Allesio_Milano', 345055833, -5771555776367405791, -2624544851420424718, 351508439777673216, 0, 2865, 2866, 2867, 2868, 4577, 83, 129, 0, 43, 6, 0, 0, 0, 0, '2023-12-28 19:47:35', 0, 0, 0, 45000, 199, 99, 0, 0, 1, 0, 1, 0, 0, 0, 0, '2023-12-28 20:01:00', 100, 100, 0, 0, '', '', '', 0, 40277086, 0, '2023-12-28 19:47:35', 1, 0, 0, 0, 0, '2022-12-28 19:47:35', '', '', 0, ''),
	(72, 'Soeren_Franklyn', 399526711, 2169185157984629196, 5211488888046856353, 269839288219205643, 0, 2873, 2874, 2875, 2876, 4579, 85, 131, 0, 45, 0, 0, 0, 0, 0, '2023-12-28 19:50:19', 0, 0, 2500, 45000, 200, 92, 9, 0, 1, 0, 1, 0, 0, 0, 0, '2023-12-28 20:17:55', 100, 100, 0, 0, '', '', '', 0, 54818885, 0, '2023-12-28 19:50:19', 1, 0, 4, 0, 0, '2022-12-28 19:50:19', '', '', 0, ''),
	(73, 'Miguel_Hennessy', 412888930, -5871018152452420340, -2662126380205329482, 324979086713683968, 0, 2877, 2878, 2879, 2880, 4580, 86, 132, 0, 46, 10, 0, 0, 0, 0, '2023-12-28 19:50:34', 0, 0, 0, 45000, 198, 97, 0, 0, 1, 0, 1, 0, 0, 0, 0, '2023-12-28 20:23:06', 100, 100, 0, 0, '', '', '', 0, 46078014, 0, '2023-12-28 19:50:34', 1, 0, 5, 0, 0, '2022-12-28 19:50:34', '', '', 0, ''),
	(74, 'Jay_Skanderbeg', 451181404, -4319630013246623721, -2059527566365143932, 646527294843781131, 0, 2881, 2882, 2883, 2884, 4581, 87, 133, 0, 47, 7, 0, 0, 0, 0, '2023-12-28 19:50:44', 0, 0, 2500, 45000, 200, 100, 0, 0, 1, 0, 1, 0, 0, 0, 0, '2023-12-28 20:25:11', 100, 100, 0, 0, '', '', '', 0, 40529788, 0, '2023-12-28 19:50:44', 1, 0, 0, 0, 0, '2022-12-28 19:50:44', '', '', 0, ''),
	(75, 'Niko_Hennessy', 417345606, 3206083493858703385, -6937225704952122009, 357916373067890689, 0, 2885, 2886, 2887, 2888, 4582, 88, 134, 0, 48, 10, 0, 0, 0, 0, '2023-12-28 19:51:45', 0, 0, 0, 45000, 200, 100, 0, 0, 1, 0, 1, 0, 0, 0, 0, '2023-12-28 20:00:27', 100, 100, 0, 0, '', '', '', 0, 71611629, 0, '2023-12-28 19:51:45', 1, 0, 0, 0, 0, '2022-12-28 19:51:45', '', '', 0, ''),
	(76, 'Diego_ElYarro', 357452658, -5898193896285743682, 4288243483400572110, 347656789564850176, 0, 2889, 2890, 2891, 2892, 4583, 89, 135, 0, 49, 0, 0, 0, 0, 0, '2023-12-28 19:51:45', 0, 0, 2500, 45000, 181, 0, 0, 0, 1, 0, 1, 0, 0, 0, 0, '2023-12-28 20:24:23', 100, 100, 0, 0, '', '', '', 0, 33121851, 0, '2023-12-28 19:51:45', 1, 0, 2, 0, 0, '2022-12-28 19:51:45', '', '', 0, ''),
	(77, 'Omar_ElYarro', 474352502, 6887536868705743920, 4775693931290200661, 1027919401799913472, 0, 2893, 2894, 2895, 2896, 4584, 90, 136, 0, 50, 0, 0, 0, 0, 0, '2023-12-28 19:51:54', 0, 0, 0, 0, 194, 2, 0, 0, 1, 0, 1, 0, 0, 0, 0, '2023-12-28 20:00:53', 100, 100, 0, 0, '', '', '', 0, 90656445, 0, '2023-12-28 19:51:54', 1, 0, 3, 0, 0, '2022-12-28 19:51:54', '', '', 0, ''),
	(78, 'Felix_Estrada', 349201561, -5312791687576171299, -9166763647144539514, 501665607381680131, 1, 2897, 2898, 2899, 2900, 4585, 91, 137, 0, 51, 0, 0, 0, 0, 0, '2023-12-28 19:52:27', 0, 0, 90018, 501500, 175, 28, 0, 0, 1, 0, 1, 0, 0, 0, 5, '2023-12-30 22:39:58', 91, 91, 0, 0, '', '', '', 0, 97936581, 0, '2023-12-28 19:52:27', 1, 0, 59, 150, 0, '2023-12-30 22:38:43', 'Entbannt von Deran_Milano: pimmel', '', 0, ''),
	(79, 'Jamal_Gotti', 451389361, 1209902386052921753, -8959469032735469262, 940600241751752704, 0, 2901, 2902, 2903, 2904, 4586, 92, 138, 0, 52, 7, 0, 0, 0, 0, '2023-12-28 19:53:03', 0, 0, 2500, 45000, 200, 0, 0, 0, 1, 0, 1, 0, 0, 0, 0, '2023-12-28 20:43:13', 100, 100, 0, 0, '', '', '', 0, 69346974, 0, '2023-12-28 19:53:03', 1, 0, 27, 0, 0, '2022-12-28 19:53:03', '', '', 0, ''),
	(80, 'Tristan_Valeska', 459571848, -280765708185792523, -7998950105328268446, 537334622204330005, 0, 2905, 2906, 2907, 2908, 4587, 93, 139, 0, 53, 10, 0, 0, 0, 0, '2023-12-28 19:53:07', 0, 0, 920, 40000, 200, 0, 0, 6, 0, 0, 1, 0, 0, 0, 0, '2023-12-28 19:55:41', 100, 100, 0, 0, '', '', '', 0, 98775712, 0, '2023-12-28 19:53:07', 1, 0, 0, 0, 0, '2022-12-28 19:53:07', '', '', 0, ''),
	(81, 'Jason_Weyz', 414957577, 968364141685159228, 317010061995533289, 704406062798733453, 0, 2909, 2910, 2911, 2912, 4588, 94, 140, 0, 54, 10, 0, 0, 0, 0, '2023-12-28 19:53:10', 0, 0, 0, 45000, 200, 78, 0, 0, 1, 0, 1, 0, 0, 0, 0, '2023-12-28 20:10:11', 100, 100, 0, 0, '', '', '', 0, 93966830, 0, '2023-12-28 19:53:10', 1, 0, 2, 0, 0, '2022-12-28 19:53:10', '', '', 0, ''),
	(82, 'Elias_Sierra', 532557579, 5805384170176373842, 5216723373601291884, 825279981973143566, 0, 2913, 2914, 2915, 2916, 4589, 95, 141, 0, 55, 10, 0, 0, 0, 0, '2023-12-28 19:53:12', 0, 0, 6340, 33000, 200, 100, 0, 0, 1, 0, 1, 0, 0, 0, 0, '2023-12-28 19:59:09', 100, 100, 0, 0, '', '', '', 0, 58831625, 0, '2023-12-28 19:53:12', 1, 0, 0, 0, 0, '2022-12-28 19:53:12', '', '', 0, ''),
	(83, 'Lukas_Valeska', 466395372, 706994568262843108, -5576912275009503756, 369051674045841421, 0, 2917, 2918, 2919, 2920, 4590, 96, 142, 0, 56, 10, 0, 0, 0, 0, '2023-12-28 19:53:22', 0, 0, 20, 43400, 198, 100, 9, 0, 1, 0, 1, 0, 0, 0, 0, '2023-12-28 20:14:57', 100, 100, 0, 0, '', '', '', 0, 75060269, 0, '2023-12-28 19:53:22', 1, 0, 14, 0, 0, '2022-12-28 19:53:22', '', '', 0, ''),
	(84, 'Jiggie_Carti', 364421498, 6583865551210368309, -3028821281156372751, 461958834043355136, 0, 2921, 2922, 2923, 2924, 4591, 97, 143, 0, 57, 10, 0, 0, 0, 0, '2023-12-28 19:54:52', 0, 0, 3420, 45000, 200, 90, 0, 0, 1, 0, 1, 0, 0, 0, 0, '2023-12-28 20:07:08', 100, 100, 0, 0, '', '', '', 0, 80019266, 0, '2023-12-28 19:54:52', 1, 0, 2, 0, 0, '2022-12-28 19:54:52', '', '', 0, ''),
	(85, 'Daniel_Carti', 366340067, 4725187904642752157, -2280623622573222480, 852931053320011826, 0, 2925, 2926, 2927, 2928, 4592, 98, 144, 0, 58, 10, 0, 0, 0, 0, '2023-12-28 19:55:00', 0, 0, 0, 45000, 200, 100, 0, 0, 1, 0, 1, 0, 0, 0, 0, '2023-12-28 19:59:22', 100, 100, 0, 0, '', '', '', 0, 11032377, 0, '2023-12-28 19:55:00', 1, 0, 0, 0, 0, '2022-12-28 19:55:00', '', '', 0, ''),
	(86, 'Ali_Tahlaon', 367189645, 8346638723689057918, 167664653361551158, 711746227837992981, 0, 2929, 2930, 2931, 2932, 4593, 99, 145, 0, 59, 10, 0, 0, 0, 0, '2023-12-28 19:55:19', 0, 0, 920, 45000, 200, 100, 9, 0, 1, 0, 1, 0, 0, 0, 0, '2023-12-28 20:09:26', 100, 100, 0, 0, '', '', '', 0, 79537733, 0, '2023-12-28 19:55:19', 1, 0, 5, 0, 0, '2022-12-28 19:55:19', '', '', 0, ''),
	(87, 'Diego_Sierra', 406329067, 4037487259557943565, 765969612382973281, 770007117695680523, 0, 2933, 2934, 2935, 2936, 4594, 100, 146, 0, 60, 10, 0, 0, 0, 0, '2023-12-28 19:55:26', 0, 0, 920, 45000, 200, 0, 0, 0, 1, 0, 1, 0, 0, 0, 0, '2023-12-28 20:00:54', 100, 100, 0, 0, '', '', '', 0, 40403030, 0, '2023-12-28 19:55:26', 1, 0, 0, 0, 0, '2022-12-28 19:55:26', '', '', 0, ''),
	(88, 'Illias_Seeker', 531195689, 5257450353317318027, -1550938231673011843, 1083287425197035580, 0, 2937, 2938, 2939, 2940, 4595, 101, 147, 0, 61, 0, 0, 0, 0, 0, '2023-12-28 19:56:40', 0, 0, 0, 45000, 200, 79, 9, 0, 1, 0, 1, 0, 0, 0, 0, '2023-12-28 20:07:30', 100, 100, 0, 0, '', '', '', 0, 57901902, 0, '2023-12-28 19:56:40', 1, 0, 47, 0, 0, '2022-12-28 19:56:40', '', '', 0, ''),
	(89, 'Sony_Gotti', 306510072, -8040892818119356805, 7095447274951445235, 1078428922330493049, 0, 2941, 2942, 2943, 2944, 4596, 102, 148, 0, 62, 10, 0, 0, 0, 0, '2023-12-28 19:57:00', 0, 0, 2500, 45000, 200, 100, 9, 0, 1, 0, 0, 0, 0, 0, 0, '2023-12-28 19:59:52', 100, 100, 0, 0, '', '', '', 0, 19613205, 0, '2023-12-28 19:57:00', 1, 0, 5, 0, 0, '2022-12-28 19:57:00', '', '', 0, ''),
	(90, 'Lamar_Chocoloco', 396561632, -6723659748922177614, -3209563254261518814, 1014181534787457125, 0, 2945, 2946, 2947, 2948, 4597, 103, 149, 0, 63, 6, 8, 0, 0, 0, '2023-12-28 19:57:02', 0, 0, 2500, 45000, 200, 100, 0, 0, 1, 0, 1, 0, 0, 0, 0, '2023-12-28 20:01:53', 100, 100, 0, 0, '', '', '', 0, 92034902, 0, '2023-12-28 19:57:02', 1, 0, 0, 0, 0, '2022-12-28 19:57:02', '', '', 0, ''),
	(91, 'Adalbert_Perez', 450090677, 366691514408465968, -4146172680158922038, 784546757690130443, 0, 2949, 2950, 2951, 2952, 4598, 104, 150, 0, 64, 10, 0, 0, 0, 0, '2023-12-28 19:57:10', 0, 0, 920, 40000, 200, 100, 9, 0, 1, 0, 1, 0, 0, 0, 0, '2023-12-28 20:46:29', 100, 100, 0, 0, '', '', '', 0, 96532650, 0, '2023-12-28 19:57:10', 1, 0, 38, 0, 0, '2022-12-28 19:57:10', '', '', 0, ''),
	(92, 'Deno_Braxton', 436208607, -7273102728600123932, 5087548218390779984, 630048889713459230, 0, 2953, 2954, 2955, 2956, 4599, 105, 151, 0, 65, 8, 3, 0, 0, 0, '2023-12-28 19:57:15', 0, 0, 0, 45000, 200, 100, 0, 0, 1, 0, 1, 0, 0, 0, 0, '2023-12-28 20:31:10', 100, 100, 0, 0, '', '', '', 0, 92256097, 0, '2023-12-28 19:57:15', 1, 0, 0, 0, 0, '2022-12-28 19:57:15', '', '', 0, ''),
	(93, 'Yazira_Yazira', 448194471, 5002607598784436547, 2308415989132575162, 391722541883850755, 1, 2957, 2958, 2959, 2960, 4600, 106, 152, 0, 66, 8, 3, 0, 0, 0, '2023-12-28 19:57:34', 0, 0, 7500, 0, 198, 70, 9, 0, 1, 0, 1, 0, 0, 0, 0, '2023-12-29 09:03:23', 97, 97, 0, 0, '', '', '', 0, 25713203, 0, '2023-12-28 19:57:34', 1, 0, 44, 0, 0, '2022-12-28 19:57:34', '', '', 0, ''),
	(94, 'Moussa_Carti', 304467546, -9014649651101237927, 3830596075900652904, 743455768979832942, 0, 2961, 2962, 2963, 2964, 4601, 107, 153, 0, 67, 7, 0, 0, 0, 0, '2023-12-28 19:58:18', 0, 0, 2500, 45000, 200, 100, 9, 0, 1, 0, 0, 0, 0, 0, 0, '2023-12-28 20:16:39', 100, 100, 0, 0, '', '', '', 0, 70402158, 0, '2023-12-28 19:58:18', 1, 0, 6, 0, 0, '2022-12-28 19:58:18', '', '', 0, ''),
	(95, 'Tyson_Regy-Aga', 323807229, 6957485279347470667, -8837092276977703062, 852641768595521591, 0, 2965, 2966, 2967, 2968, 4602, 108, 154, 0, 68, 7, 0, 0, 0, 0, '2023-12-28 19:58:51', 0, 0, 2500, 45000, 200, 93, 9, 0, 1, 0, 1, 0, 0, 0, 0, '2023-12-28 20:24:08', 100, 100, 0, 0, '', '', '', 0, 20592809, 0, '2023-12-28 19:58:51', 1, 0, 6, 0, 0, '2022-12-28 19:58:51', '', '', 0, ''),
	(96, 'Ziko_Rojas', 524007312, 700292695266172162, 6860967625057788051, 1127015851032322149, 0, 2969, 2970, 2971, 2972, 4603, 109, 155, 0, 69, 7, 0, 0, 0, 0, '2023-12-28 19:58:59', 0, 0, 2500, 45000, 200, 100, 0, 0, 1, 0, 1, 0, 0, 0, 0, '2023-12-28 20:06:04', 100, 100, 0, 0, '', '', '', 0, 93715947, 0, '2023-12-28 19:58:59', 1, 0, 0, 0, 0, '2022-12-28 19:58:59', '', '', 0, ''),
	(97, 'Vladi_Perez', 513377237, -5529659713740439052, 7859753009807621785, 496433472588611595, 0, 2973, 2974, 2975, 2976, 4604, 110, 156, 0, 70, 7, 0, 0, 0, 0, '2023-12-28 20:00:04', 0, 0, 7500, 45000, 200, 0, 0, 0, 1, 0, 1, 0, 0, 0, 0, '2023-12-28 20:24:43', 100, 100, 0, 0, '', '', '', 0, 26907778, 0, '2023-12-28 20:00:04', 1, 0, 19, 0, 0, '2022-12-28 20:00:04', '', '', 0, ''),
	(98, 'Itama_ElMonkey', 459586662, 856390876051807592, 3251359063761116610, 792187461857050624, 0, 2977, 2978, 2979, 2980, 4605, 111, 157, 0, 71, 10, 0, 0, 0, 0, '2023-12-28 20:00:08', 0, 0, 48420, 45000, 198, 100, 0, 0, 1, 0, 1, 0, 0, 0, 0, '2023-12-28 20:04:38', 100, 100, 0, 0, '', '', '', 0, 15091196, 0, '2023-12-28 20:00:08', 1, 0, 0, 0, 0, '2022-12-28 20:00:08', '', '', 0, ''),
	(99, 'Mikail_Skunk', 451169711, -5285166143875354003, 982363519519723831, 660606555724447746, 0, 2981, 2982, 2983, 2984, 4606, 112, 158, 0, 72, 0, 0, 0, 0, 0, '2023-12-28 20:01:44', 0, 0, 5000, 45000, 200, 0, 0, 0, 1, 0, 0, 0, 0, 0, 0, '2023-12-28 20:01:44', 100, 100, 0, 0, '', '', '', 0, 70374637, 0, '2023-12-28 20:01:44', 1, 0, 0, 0, 0, '2022-12-28 20:01:44', '', '', 0, ''),
	(100, 'Milo_Xal-Milano', 421085471, 6774073563409783629, 3277862589755313605, 872121423580266496, 0, 2985, 2986, 2987, 2988, 4607, 113, 159, 0, 73, 6, 0, 0, 0, 0, '2023-12-28 20:02:50', 0, 0, 0, 45000, 181, 0, 0, 0, 1, 0, 1, 0, 0, 0, 0, '2023-12-28 20:13:50', 100, 100, 0, 0, '', '', '', 0, 23563099, 0, '2023-12-28 20:02:50', 1, 0, 2, 0, 0, '2022-12-28 20:02:50', '', '', 0, ''),
	(101, 'Liam_ElYarro', 381714723, -8519038432888288125, -2461897172451926290, 417805259365416961, 0, 2989, 2990, 2991, 2992, 4608, 114, 160, 0, 74, 0, 0, 0, 0, 0, '2023-12-28 20:03:05', 0, 0, 0, 45000, 143, 100, 0, 0, 1, 0, 1, 0, 0, 0, 0, '2023-12-28 20:08:10', 100, 100, 0, 0, '', '', '', 0, 62252825, 0, '2023-12-28 20:03:05', 1, 0, 0, 0, 0, '2022-12-28 20:03:05', '', '', 0, ''),
	(102, 'Berhan_ElYarro', 517805823, 2130419817978564956, -5825181805352876117, 1020625719124037754, 0, 2993, 2994, 2995, 2996, 4609, 115, 161, 0, 75, 0, 0, 0, 0, 0, '2023-12-28 20:03:23', 0, 0, 32500, 45000, 200, 100, 9, 0, 1, 0, 1, 0, 0, 0, 0, '2023-12-28 20:33:19', 100, 100, 0, 0, '', '', '', 0, 47793487, 0, '2023-12-28 20:03:23', 1, 0, 18, 0, 0, '2022-12-28 20:03:23', '', '', 0, ''),
	(103, 'Louis_Kaya', 464690844, 3256779891793054434, -4479630460363366313, 612987845337939978, 0, 2997, 2998, 2999, 3000, 4610, 116, 162, 0, 76, 8, 3, 0, 0, 0, '2023-12-28 20:04:31', 0, 0, 2500, 45000, 199, 100, 9, 0, 1, 0, 1, 0, 0, 0, 0, '2023-12-28 20:35:40', 100, 100, 0, 0, '', '', '', 0, 56776455, 0, '2023-12-28 20:04:31', 1, 0, 14, 0, 0, '2022-12-28 20:04:31', '', '', 0, ''),
	(104, 'Mertens_Bycicle', 331562246, -4765271681570271110, -2260156401030991267, 285724950537568256, 0, 3001, 3002, 3003, 3004, 4611, 117, 163, 0, 77, 8, 3, 0, 0, 0, '2023-12-28 20:04:50', 0, 0, 0, 45000, 200, 0, 0, 0, 1, 0, 1, 0, 0, 0, 0, '2023-12-28 20:09:37', 100, 100, 0, 0, '', '', '', 0, 61727514, 0, '2023-12-28 20:04:50', 1, 0, 0, 0, 0, '2022-12-28 20:04:50', '', '', 1, ''),
	(105, 'Nelson_Leao', 355248772, 8762491134761918885, 339131975141230444, 605384324954456076, 0, 3005, 3006, 3007, 3008, 4612, 118, 164, 0, 78, 10, 0, 0, 0, 0, '2023-12-28 20:08:51', 0, 0, 0, 45000, 200, 100, 0, 0, 1, 0, 1, 0, 0, 0, 0, '2023-12-28 20:40:05', 100, 100, 0, 0, '', '', '', 0, 33687643, 0, '2023-12-28 20:08:51', 1, 0, 2, 0, 0, '2022-12-28 20:08:51', '', '', 0, ''),
	(106, 'Francesco_Hash', 442370695, 8527223281725009245, 2034599188700327199, 491244143629172737, 0, 3009, 3010, 3011, 3012, 4613, 119, 165, 0, 79, 0, 0, 0, 0, 0, '2023-12-28 20:10:54', 0, 0, 2500, 45000, 200, 98, 9, 0, 1, 0, 1, 0, 0, 0, 0, '2023-12-28 20:29:35', 100, 100, 0, 0, '', '', '', 0, 64839297, 0, '2023-12-28 20:10:54', 1, 0, 20, 0, 0, '2033-12-31 21:26:00', 'Cheating', '', 0, ''),
	(107, 'Lamar_Chambers', 439771178, 3493334382022584796, 8337558592560927184, 394241591696556032, 0, 3013, 3014, 3015, 3016, 4614, 120, 166, 0, 80, 8, 3, 0, 0, 0, '2023-12-28 20:17:21', 0, 0, 2500, 45000, 132, 0, 0, 0, 1, 0, 1, 0, 0, 0, 0, '2023-12-28 20:31:09', 100, 100, 0, 0, '', '', '', 0, 90321652, 0, '2023-12-28 20:17:21', 1, 0, 0, 0, 0, '2022-12-28 20:17:21', '', '', 0, ''),
	(108, 'Sumed_Tornavida', 357337177, -8594668473011565088, 6848689484046870122, 481799100027895811, 0, 3017, 3018, 3019, 3020, 4615, 121, 167, 0, 81, 10, 0, 0, 0, 0, '2023-12-28 20:19:40', 0, 0, 0, 45000, 200, 100, 9, 0, 1, 0, 1, 0, 0, 0, 0, '2023-12-28 20:41:26', 100, 100, 0, 0, '', '', '', 0, 69741819, 0, '2023-12-28 20:19:40', 1, 0, 6, 0, 0, '2022-12-28 20:19:40', '', '', 0, ''),
	(109, 'Dieter_Rosental', 432609421, 6318589585319865119, -2548575575652030590, 546293281823260672, 0, 3021, 3022, 3023, 3024, 4616, 122, 168, 0, 82, 0, 0, 0, 0, 0, '2023-12-28 20:40:49', 0, 0, 5000, 45000, 200, 0, 0, 0, 1, 0, 0, 0, 0, 0, 0, '2023-12-28 20:40:49', 100, 100, 0, 0, '', '', '', 0, 53004737, 0, '2023-12-28 20:40:49', 1, 0, 0, 0, 0, '2022-12-28 20:40:49', '', '', 0, '');

-- Dumping structure for table pgrp.server_account_admin_history
CREATE TABLE IF NOT EXISTS `server_account_admin_history` (
  `id` int NOT NULL AUTO_INCREMENT,
  `account_id` int NOT NULL DEFAULT '0',
  `reason` varchar(255) CHARACTER SET armscii8 COLLATE armscii8_bin NOT NULL DEFAULT '0',
  `admin_id` int NOT NULL DEFAULT '0',
  `admin_name` varchar(255) CHARACTER SET armscii8 COLLATE armscii8_bin NOT NULL DEFAULT '0',
  `date` datetime NOT NULL,
  `type` int NOT NULL DEFAULT '0',
  PRIMARY KEY (`id`)
) ENGINE=InnoDB AUTO_INCREMENT=91 DEFAULT CHARSET=armscii8 COLLATE=armscii8_bin;

-- Dumping data for table pgrp.server_account_admin_history: ~5 rows (approximately)
INSERT INTO `server_account_admin_history` (`id`, `account_id`, `reason`, `admin_id`, `admin_name`, `date`, `type`) VALUES
	(86, 35, 'test', 30, 'Jannik_Samarita', '2023-12-31 02:28:32', 4),
	(87, 3, 't', 30, 'Jannik_Samarita', '2023-12-31 02:28:51', 4),
	(88, 3, 't', 30, 'Jannik_Samarita', '2023-12-31 02:28:51', 4),
	(89, 3, 't', 30, 'Jannik_Samarita', '2023-12-31 02:28:51', 4),
	(90, 31, 'aa', 2, 'Mason_Subtarowa', '2023-12-31 03:19:59', 3);

-- Dumping structure for table pgrp.server_account_animation_favorites
CREATE TABLE IF NOT EXISTS `server_account_animation_favorites` (
  `id` int NOT NULL AUTO_INCREMENT,
  `account_id` int NOT NULL,
  `animation_id` int NOT NULL,
  `slot` int NOT NULL,
  PRIMARY KEY (`id`)
) ENGINE=InnoDB AUTO_INCREMENT=68 DEFAULT CHARSET=armscii8 COLLATE=armscii8_bin;

-- Dumping data for table pgrp.server_account_animation_favorites: ~66 rows (approximately)
INSERT INTO `server_account_animation_favorites` (`id`, `account_id`, `animation_id`, `slot`) VALUES
	(2, 3, 549, 0),
	(3, 2, 29, 0),
	(4, 7, 1, 0),
	(5, 8, 1, 0),
	(6, 9, 1, 0),
	(7, 14, 1, 0),
	(8, 11, 1, 0),
	(9, 17, 1, 0),
	(10, 12, 971, 0),
	(11, 4, 1, 0),
	(12, 4, 1, 9),
	(13, 2, 1, 1),
	(14, 2, 1, 2),
	(15, 2, 1, 3),
	(16, 2, 1, 4),
	(17, 2, 1, 6),
	(18, 2, 1, 7),
	(19, 2, 1, 8),
	(20, 2, 1, 9),
	(21, 12, 118, 1),
	(22, 12, 1, 2),
	(23, 12, 1, 3),
	(24, 12, 1, 9),
	(25, 12, 1, 8),
	(26, 12, 1, 7),
	(27, 12, 1, 6),
	(28, 12, 1, 5),
	(29, 12, 1, 4),
	(30, 30, 729, 0),
	(31, 13, 30, 0),
	(32, 19, 568, 0),
	(33, 19, 1, 1),
	(34, 19, 1, 2),
	(35, 32, 1, 0),
	(36, 33, 30, 0),
	(37, 33, 1, 9),
	(38, 15, 552, 0),
	(39, 37, 25, 0),
	(40, 38, 1, 0),
	(41, 40, 29, 0),
	(42, 41, 999, 1),
	(43, 41, 999, 9),
	(44, 31, 141, 0),
	(45, 31, 118, 1),
	(46, 36, 141, 0),
	(47, 36, 124, 9),
	(48, 36, 269, 1),
	(49, 36, 38, 2),
	(50, 36, 25, 3),
	(51, 46, 535, 0),
	(52, 46, 24, 1),
	(53, 45, 986, 0),
	(54, 37, 34, 1),
	(55, 41, 65, 0),
	(56, 49, 551, 0),
	(57, 83, 141, 0),
	(58, 98, 536, 0),
	(59, 96, 125, 0),
	(60, 96, 536, 1),
	(61, 96, 539, 2),
	(62, 96, 38, 3),
	(63, 103, 664, 0),
	(64, 15, 30, 1),
	(65, 15, 326, 2),
	(66, 15, 759, 3),
	(67, 15, 989, 4);

-- Dumping structure for table pgrp.server_account_clothes
CREATE TABLE IF NOT EXISTS `server_account_clothes` (
  `id` int NOT NULL AUTO_INCREMENT,
  `mask` int DEFAULT NULL,
  `mask_color` int DEFAULT NULL,
  `mask_dlc` int DEFAULT NULL,
  `top` int DEFAULT NULL,
  `top_color` int DEFAULT NULL,
  `top_dlc` int DEFAULT NULL,
  `body` int DEFAULT NULL,
  `body_color` int DEFAULT NULL,
  `body_dlc` int DEFAULT NULL,
  `undershirt` int DEFAULT NULL,
  `undershirt_color` int DEFAULT NULL,
  `undershirt_dlc` int DEFAULT NULL,
  `pants` int DEFAULT NULL,
  `pants_color` int DEFAULT NULL,
  `pants_dlc` int DEFAULT NULL,
  `shoes` int DEFAULT NULL,
  `shoes_color` int DEFAULT NULL,
  `shoes_dlc` int DEFAULT NULL,
  `accessories` int DEFAULT NULL,
  `accessories_color` int DEFAULT NULL,
  `accessories_dlc` int DEFAULT NULL,
  `armor` int DEFAULT NULL,
  `armor_color` int DEFAULT NULL,
  `armor_dlc` int DEFAULT NULL,
  `decals` int DEFAULT NULL,
  `decals_color` int DEFAULT NULL,
  `decals_dlc` int DEFAULT NULL,
  `hat` int DEFAULT NULL,
  `hat_color` int DEFAULT NULL,
  `hat_dlc` int DEFAULT NULL,
  `glasses` int DEFAULT NULL,
  `glasses_color` int DEFAULT NULL,
  `glasses_dlc` int DEFAULT NULL,
  `ears` int DEFAULT NULL,
  `ears_color` int DEFAULT NULL,
  `ears_dlc` int DEFAULT NULL,
  `watch` int DEFAULT NULL,
  `watch_color` int DEFAULT NULL,
  `watch_dlc` int DEFAULT NULL,
  `bracelet` int DEFAULT NULL,
  `bracelet_color` int DEFAULT NULL,
  `bracelet_dlc` int DEFAULT NULL,
  PRIMARY KEY (`id`)
) ENGINE=InnoDB AUTO_INCREMENT=176 DEFAULT CHARSET=armscii8 COLLATE=armscii8_bin;

-- Dumping data for table pgrp.server_account_clothes: ~172 rows (approximately)
INSERT INTO `server_account_clothes` (`id`, `mask`, `mask_color`, `mask_dlc`, `top`, `top_color`, `top_dlc`, `body`, `body_color`, `body_dlc`, `undershirt`, `undershirt_color`, `undershirt_dlc`, `pants`, `pants_color`, `pants_dlc`, `shoes`, `shoes_color`, `shoes_dlc`, `accessories`, `accessories_color`, `accessories_dlc`, `armor`, `armor_color`, `armor_dlc`, `decals`, `decals_color`, `decals_dlc`, `hat`, `hat_color`, `hat_dlc`, `glasses`, `glasses_color`, `glasses_dlc`, `ears`, `ears_color`, `ears_dlc`, `watch`, `watch_color`, `watch_dlc`, `bracelet`, `bracelet_color`, `bracelet_dlc`) VALUES
	(3, 54, 10, 0, 48, 0, 0, 1, 0, 0, 160, 0, 0, 32, 0, 0, 35, 0, 0, 0, 0, 0, 15, 2, 0, 0, 0, 0, -1, 0, 0, 35, 1, 0, -1, 0, 0, -1, 0, 0, -1, 0, 0),
	(4, 111, 17, 0, 305, 7, 0, 12, 0, 0, 15, 0, 0, 24, 0, 0, 36, 3, 0, 0, 0, 0, 0, 0, 0, 0, 0, 0, -1, 0, 0, 35, 1, 0, -1, 0, 0, -1, 0, 0, -1, 0, 0),
	(5, 111, 17, 0, 137, 1, 0, 7, 0, 0, 13, 6, 0, 133, 0, 0, 36, 3, 0, 0, 0, 0, 0, 0, 0, 0, 0, 0, -1, 0, 0, 35, 1, 0, -1, 0, 0, -1, 0, 0, -1, 0, 0),
	(6, 0, 0, 0, 0, 0, 0, 0, 0, 0, 0, 0, 0, 0, 0, 0, 0, 0, 0, 0, 0, 0, 0, 0, 0, 0, 0, 0, -1, 0, 0, -1, 0, 0, -1, 0, 0, -1, 0, 0, -1, 0, 0),
	(7, 121, 0, 0, 120, 11, 0, 4, 0, 0, 157, 0, 0, 24, 2, 0, 42, 2, 0, 8, 0, -692727486, 0, 0, 0, 0, 0, 0, -1, 0, 0, 8, 0, 0, -1, 0, 0, -1, 0, 0, -1, 0, 0),
	(8, 121, 0, 0, 295, 2, 0, 17, 0, 0, 31, 0, 0, 24, 5, 0, 10, 0, 0, 7, 1, -692727486, 0, 0, 0, 0, 0, 0, 61, 9, 0, 10, 7, 0, -1, 0, 0, -1, 0, 0, -1, 0, 0),
	(9, 0, 0, 0, 294, 4, 0, 1, 0, 0, 31, 10, 0, 118, 0, 0, 42, 2, 0, 0, 0, 0, 0, 0, 0, 0, 0, 0, -1, 0, 0, -1, 0, 0, -1, 0, 0, -1, 0, 0, -1, 0, 0),
	(10, 54, 1, 0, 293, 3, 0, 5, 0, 0, 15, 0, 0, 66, 7, 0, 0, 0, 0, 0, 0, 0, 0, 0, 0, 0, 0, 0, -1, 0, 0, -1, 0, 0, -1, 0, 0, -1, 0, 0, -1, 0, 0),
	(11, 0, 0, 0, 0, 0, 0, 0, 0, 0, 0, 0, 0, 0, 4, 0, 0, 0, 0, 0, 0, 0, 0, 0, 0, 0, 0, 0, -1, 0, 0, -1, 0, 0, -1, 0, 0, -1, 0, 0, -1, 0, 0),
	(12, 52, 0, 0, 1, 2, 68283543, 1, 0, 0, 15, 0, 0, 59, 9, 0, 24, 0, 0, 0, 0, 0, 0, 0, 0, 0, 0, 0, 116, 0, 0, -1, 0, 0, -1, 0, 0, -1, 0, 0, -1, 0, 0),
	(13, 111, 17, 0, 305, 7, 0, 12, 0, 0, 15, 0, 0, 24, 0, 0, 36, 3, 0, 0, 0, 0, 0, 0, 0, 0, 0, 0, -1, 0, 0, 35, 1, 0, -1, 0, 0, -1, 0, 0, -1, 0, 0),
	(14, 118, 19, 0, 305, 0, 0, 12, 0, 0, 15, 0, 0, 5, 3, 0, 42, 2, 0, 0, 0, 0, 15, 2, 0, 0, 0, 0, -1, 0, 0, 24, 2, 0, -1, 0, 0, -1, 0, 0, -1, 0, 0),
	(15, 0, 0, 0, 27, 0, 0, 4, 0, 0, 4, 0, 0, 24, 0, 0, 10, 0, 0, 1, 0, -692727486, 0, 0, 0, 0, 0, 0, 12, 0, 0, 5, 0, 0, -1, 0, 0, -1, 0, 0, -1, 0, 0),
	(16, 111, 17, 0, 305, 7, 0, 12, 0, 0, 15, 0, 0, 24, 0, 0, 36, 3, 0, 0, 0, 0, 0, 0, 0, 0, 0, 0, -1, 0, 0, 35, 1, 0, -1, 0, 0, -1, 0, 0, -1, 0, 0),
	(17, 0, 0, 0, 82, 1, 0, 0, 0, 0, 0, 0, 0, 5, 8, 0, 0, 0, 0, 0, 0, 0, 0, 0, 0, 0, 0, 0, -1, 0, 0, -1, 0, 0, -1, 0, 0, -1, 0, 0, -1, 0, 0),
	(18, 52, 0, 0, 0, 2, 0, 30, 0, 0, 130, 0, 0, 59, 9, 0, 10, 0, 0, 8, 0, -692727486, 1, 9, -692727486, 0, 0, 0, -1, 0, 0, -1, 0, 0, -1, 0, 0, -1, 0, 0, -1, 0, 0),
	(19, 0, 0, 0, 294, 7, 0, 0, 0, 0, 0, 0, 0, 24, 0, 0, 42, 2, 0, 0, 0, 0, 0, 0, 0, 0, 0, 0, -1, 0, 0, -1, 0, 0, -1, 0, 0, -1, 0, 0, -1, 0, 0),
	(20, 0, 0, 0, 294, 7, 0, 0, 0, 0, 0, 0, 0, 24, 0, 0, 42, 2, 0, 0, 0, 0, 0, 0, 0, 0, 0, 0, -1, 0, 0, -1, 0, 0, -1, 0, 0, -1, 0, 0, -1, 0, 0),
	(21, 54, 0, 0, 53, 0, 0, 30, 0, 0, 1, 0, -692727486, 59, 9, 0, 24, 0, 0, 8, 0, -692727486, 0, 0, 0, 0, 0, 0, 117, 0, 0, 12, 1, 0, -1, 0, 0, -1, 0, 0, -1, 0, 0),
	(22, 54, 0, 0, 0, 2, 0, 30, 0, 0, 1, 0, -692727486, 59, 9, 0, 24, 0, 0, 8, 0, -692727486, 0, 0, 0, 0, 0, 0, 117, 0, 0, 12, 1, 0, -1, 0, 0, -1, 0, 0, -1, 0, 0),
	(23, 52, 0, 0, 0, 2, 0, 30, 0, 0, 130, 0, 0, 59, 9, 0, 24, 0, 0, 8, 0, -692727486, 2, 19, -692727486, 0, 0, 0, -1, 0, 0, -1, 0, 0, -1, 0, 0, -1, 0, 0, -1, 0, 0),
	(24, 52, 0, 0, 0, 2, 0, 30, 0, 0, 15, 0, 0, 59, 9, 0, 24, 0, 0, 8, 0, -692727486, 2, 19, -692727486, 0, 0, 0, 117, 0, 0, -1, 0, 0, -1, 0, 0, -1, 0, 0, -1, 0, 0),
	(25, 54, 0, 0, 1, 2, 68283543, 0, 0, 0, 15, 0, 0, 59, 9, 0, 24, 0, 0, 0, 0, 68283543, 0, 0, 0, 0, 0, 0, 117, 0, 0, -1, 0, 0, -1, 0, 0, -1, 0, 0, -1, 0, 0),
	(26, 54, 0, 0, 53, 0, 0, 30, 0, 0, 15, 0, 0, 59, 9, 0, 24, 0, 0, 8, 0, -692727486, 0, 0, 0, 0, 0, 0, 117, 0, 0, -1, 0, 0, -1, 0, 0, -1, 0, 0, -1, 0, 0),
	(27, 54, 4, 0, 53, 1, 0, 30, 0, 0, 130, 0, 0, 59, 6, 0, 24, 0, 0, 8, 0, -692727486, 0, 0, 0, 0, 0, 0, -1, 0, 0, -1, 0, 0, -1, 0, 0, -1, 0, 0, -1, 0, 0),
	(28, 121, 0, 0, 348, 2, 0, 1, 0, 0, 15, 0, 0, 24, 0, 0, 10, 0, 0, 8, 0, -692727486, 2, 17, -692727486, 0, 0, 0, -1, 0, 0, -1, 0, 0, -1, 0, 0, -1, 0, 0, -1, 0, 0),
	(29, 121, 0, 0, 1, 2, 68283543, 1, 0, 0, 15, 0, 0, 24, 0, 0, 10, 0, 0, 0, 0, 68283543, 2, 8, -692727486, 0, 0, 0, -1, 0, 0, -1, 0, 0, -1, 0, 0, -1, 0, 0, -1, 0, 0),
	(30, 0, 0, 0, 0, 0, 0, 0, 0, 0, 0, 0, 0, 0, 0, 0, 0, 0, 0, 0, 0, 0, 0, 0, 0, 0, 0, 0, -1, 0, 0, -1, 0, 0, -1, 0, 0, -1, 0, 0, -1, 0, 0),
	(31, 0, 0, 0, 0, 0, 0, 0, 0, 0, 0, 0, 0, 0, 0, 0, 0, 0, 0, 0, 0, 0, 0, 0, 0, 0, 0, 0, -1, 0, 0, -1, 0, 0, -1, 0, 0, -1, 0, 0, -1, 0, 0),
	(32, 0, 0, 0, 70, 4, 0, 4, 0, 0, 72, 3, 0, 24, 0, 0, 10, 0, 0, 113, 0, 0, 0, 0, 0, 0, 0, 0, 64, 4, 0, 12, 0, 0, -1, 0, 0, -1, 0, 0, -1, 0, 0),
	(33, 0, 0, 0, 249, 0, 0, 0, 0, 0, 0, 0, 0, 0, 0, 0, 0, 0, 0, 0, 0, 0, 0, 0, 0, 0, 0, 0, -1, 0, 0, -1, 0, 0, -1, 0, 0, -1, 0, 0, -1, 0, 0),
	(34, 121, 0, 0, 32, 0, 0, 1, 0, 0, 31, 0, 0, 24, 0, 0, 10, 0, 0, 7, 1, -692727486, 0, 0, 0, 0, 0, 0, -1, 0, 0, 5, 0, 0, -1, 0, 0, -1, 0, 0, -1, 0, 0),
	(35, 0, 0, 0, 0, 0, 0, 0, 0, 0, 0, 0, 0, 0, 0, 0, 0, 0, 0, 0, 0, 0, 0, 0, 0, 0, 0, 0, -1, 0, 0, -1, 0, 0, -1, 0, 0, -1, 0, 0, -1, 0, 0),
	(36, 0, 0, 0, 0, 2, 0, 0, 0, 0, 1, 0, -692727486, 59, 9, 0, 24, 0, 0, 6, 1, -692727486, 2, 5, -692727486, 0, 0, 0, 117, 0, 0, -1, 0, 0, -1, 0, 0, -1, 0, 0, -1, 0, 0),
	(37, 0, 0, 0, 0, 0, 0, 0, 0, 0, 0, 0, 0, 0, 0, 0, 0, 0, 0, 0, 0, 0, 0, 0, 0, 0, 0, 0, -1, 0, 0, -1, 0, 0, -1, 0, 0, -1, 0, 0, -1, 0, 0),
	(38, 54, 0, 0, 1, 2, 68283543, 17, 0, 0, 15, 0, 0, 59, 9, 0, 24, 0, 0, 0, 0, 68283543, 2, 10, -692727486, 0, 0, 0, 117, 0, 0, -1, 0, 0, -1, 0, 0, -1, 0, 0, -1, 0, 0),
	(40, 54, 10, 0, 1, 1, 68283543, 17, 0, 0, 15, 0, 0, 31, 0, 0, 24, 0, 0, 0, 0, 0, 0, 0, 0, 0, 0, 0, -1, 0, 0, -1, 0, 0, -1, 0, 0, -1, 0, 0, -1, 0, 0),
	(41, 54, 0, 0, 1, 2, 68283543, 17, 0, 0, 1, 0, -692727486, 0, 0, 0, 24, 0, 0, 8, 0, -692727486, 0, 0, 0, 0, 0, 0, -1, 0, 0, -1, 0, 0, -1, 0, 0, -1, 0, 0, -1, 0, 0),
	(42, 54, 10, 0, 305, 0, 0, 77, 0, 0, 15, 0, 0, 24, 5, 0, 42, 2, 0, 0, 0, 0, 0, 0, 0, 0, 0, 0, -1, 0, 0, -1, 1, 0, -1, 0, 0, -1, 0, 0, -1, 0, 0),
	(43, 54, 0, 0, 1, 2, 68283543, 17, 0, 0, 1, 0, -692727486, 0, 0, 0, 24, 0, 0, 8, 0, -692727486, 0, 0, 0, 0, 0, 0, -1, 0, 0, -1, 0, 0, -1, 0, 0, -1, 0, 0, -1, 0, 0),
	(44, 52, 0, 0, 1, 0, 68283543, 17, 0, 0, 15, 0, 0, 31, 0, 0, 24, 0, 0, 0, 0, 0, 0, 0, 0, 0, 0, 0, 117, 0, 0, 25, 4, 0, -1, 0, 0, -1, 0, 0, -1, 0, 0),
	(45, 54, 10, 0, 1, 1, 68283543, 17, 0, 0, 15, 0, 0, 31, 0, 0, 24, 0, 0, 0, 0, 0, 0, 0, 0, 0, 0, 0, -1, 0, 0, -1, 0, 0, -1, 0, 0, -1, 0, 0, -1, 0, 0),
	(46, 0, 0, 0, 348, 0, 0, 1, 0, 0, 15, 0, 0, 24, 1, 0, 42, 2, 0, 0, 0, 0, 2, 0, -692727486, 0, 0, 0, -1, 0, 0, 8, 0, 0, -1, 0, 0, -1, 0, 0, -1, 0, 0),
	(47, 0, 0, 0, 348, 0, 0, 1, 0, 0, 154, 0, 0, 24, 1, 0, 42, 2, 0, 0, 0, 68283543, 0, 0, 0, 0, 0, 0, -1, 0, 0, 8, 0, 0, -1, 0, 0, -1, 0, 0, -1, 0, 0),
	(48, 0, 0, 0, 0, 0, 0, 0, 0, 0, 0, 0, 0, 0, 0, 0, 0, 0, 0, 0, 0, 0, 0, 0, 0, 0, 0, 0, -1, 0, 0, -1, 0, 0, -1, 0, 0, -1, 0, 0, -1, 0, 0),
	(49, 0, 0, 0, 0, 0, 0, 0, 0, 0, 0, 0, 0, 0, 0, 0, 0, 0, 0, 0, 0, 0, 0, 0, 0, 0, 0, 0, -1, 0, 0, -1, 0, 0, -1, 0, 0, -1, 0, 0, -1, 0, 0),
	(50, 0, 0, 0, 0, 0, 0, 0, 0, 0, 0, 0, 0, 0, 0, 0, 0, 0, 0, 0, 0, 0, 0, 0, 0, 0, 0, 0, -1, 0, 0, -1, 0, 0, -1, 0, 0, -1, 0, 0, -1, 0, 0),
	(51, 54, 10, 0, 0, 0, 0, 1, 0, 0, 0, 0, 0, 0, 0, 0, 0, 0, 0, 0, 0, 0, 2, 0, -692727486, 0, 0, 0, -1, 0, 0, -1, 0, 0, -1, 0, 0, -1, 0, 0, -1, 0, 0),
	(52, 0, 0, 0, 0, 0, 0, 0, 0, 0, 0, 0, 0, 0, 0, 0, 0, 0, 0, 0, 0, 0, 0, 0, 0, 0, 0, 0, -1, 0, 0, -1, 0, 0, -1, 0, 0, -1, 0, 0, -1, 0, 0),
	(53, 0, 0, 0, 0, 0, 0, 0, 0, 0, 0, 0, 0, 0, 0, 0, 0, 0, 0, 0, 0, 0, 0, 0, 0, 0, 0, 0, -1, 0, 0, -1, 0, 0, -1, 0, 0, -1, 0, 0, -1, 0, 0),
	(54, 0, 0, 0, 0, 0, 0, 0, 0, 0, 0, 0, 0, 0, 0, 0, 0, 0, 0, 0, 0, 0, 0, 0, 0, 0, 0, 0, -1, 0, 0, -1, 0, 0, -1, 0, 0, -1, 0, 0, -1, 0, 0),
	(55, 0, 0, 0, 0, 0, 0, 0, 0, 0, 0, 0, 0, 0, 0, 0, 0, 0, 0, 0, 0, 0, 0, 0, 0, 0, 0, 0, -1, 0, 0, -1, 0, 0, -1, 0, 0, -1, 0, 0, -1, 0, 0),
	(56, 0, 0, 0, 0, 0, 0, 0, 0, 0, 0, 0, 0, 0, 0, 0, 0, 0, 0, 0, 0, 0, 0, 0, 0, 0, 0, 0, -1, 0, 0, -1, 0, 0, -1, 0, 0, -1, 0, 0, -1, 0, 0),
	(57, 0, 0, 0, 0, 0, 0, 0, 0, 0, 0, 0, 0, 0, 0, 0, 0, 0, 0, 0, 0, 0, 0, 0, 0, 0, 0, 0, -1, 0, 0, -1, 0, 0, -1, 0, 0, -1, 0, 0, -1, 0, 0),
	(58, 0, 0, 0, 62, 0, 0, 1, 0, 0, 1, 1, 0, 75, 0, 0, 42, 2, 0, 113, 0, 0, 0, 0, 0, 0, 0, 0, -1, 0, 0, 5, 0, 0, -1, 0, 0, -1, 0, 0, -1, 0, 0),
	(59, 0, 0, 0, 0, 0, 0, 0, 0, 0, 0, 0, 0, 0, 0, 0, 0, 0, 0, 0, 0, 0, 0, 0, 0, 0, 0, 0, -1, 0, 0, -1, 0, 0, -1, 0, 0, -1, 0, 0, -1, 0, 0),
	(60, 0, 0, 0, 0, 0, 0, 0, 0, 0, 0, 0, 0, 0, 0, 0, 0, 0, 0, 0, 0, 0, 0, 0, 0, 0, 0, 0, -1, 0, 0, -1, 0, 0, -1, 0, 0, -1, 0, 0, -1, 0, 0),
	(61, 0, 0, 0, 0, 0, 0, 0, 0, 0, 0, 0, 0, 0, 0, 0, 0, 0, 0, 0, 0, 0, 0, 0, 0, 0, 0, 0, -1, 0, 0, -1, 0, 0, -1, 0, 0, -1, 0, 0, -1, 0, 0),
	(62, 0, 0, 0, 0, 0, 0, 0, 0, 0, 0, 0, 0, 0, 0, 0, 0, 0, 0, 0, 0, 0, 0, 0, 0, 0, 0, 0, -1, 0, 0, -1, 0, 0, -1, 0, 0, -1, 0, 0, -1, 0, 0),
	(63, 52, 0, 0, 1, 2, 68283543, 1, 0, 0, 15, 0, 0, 24, 0, 0, 10, 0, 0, 0, 0, 68283543, 2, 10, -692727486, 0, 0, 0, 117, 0, 0, 25, 6, 0, -1, 0, 0, -1, 0, 0, -1, 0, 0),
	(64, 0, 0, 0, 0, 0, 0, 0, 0, 0, 0, 0, 0, 0, 0, 0, 0, 0, 0, 0, 0, 0, 0, 0, 0, 0, 0, 0, -1, 0, 0, -1, 0, 0, -1, 0, 0, -1, 0, 0, -1, 0, 0),
	(65, 0, 0, 0, 57, 0, 0, 66, 0, 0, 59, 0, 0, 36, 0, 0, 54, 0, 0, 0, 0, 0, 0, 0, 0, 0, 0, 0, -1, 0, 0, -1, 0, 0, -1, 0, 0, -1, 0, 0, -1, 0, 0),
	(66, 0, 0, 0, 50, 0, 0, 75, 0, 0, 36, 0, 0, 35, 0, 0, 55, 0, 0, 0, 0, 0, 0, 0, 0, 0, 0, 0, -1, 0, 0, -1, 0, 0, -1, 0, 0, -1, 0, 0, -1, 0, 0),
	(67, 111, 17, 0, 305, 7, 0, 12, 0, 0, 15, 0, 0, 24, 0, 0, 36, 3, 0, 0, 0, 0, 0, 0, 0, 0, 0, 0, -1, 0, 0, 35, 1, 0, -1, 0, 0, -1, 0, 0, -1, 0, 0),
	(68, 0, 0, 0, 200, 25, 0, 17, 0, 0, 15, 0, 0, 24, 5, 0, 42, 1, 0, 0, 0, 68283543, 2, 2, -692727486, 0, 0, 0, 12, 1, 0, 8, 8, 0, -1, 0, 0, -1, 0, 0, -1, 0, 0),
	(69, 0, 0, 0, 348, 2, 0, 1, 0, 0, 58, 0, 0, 24, 0, 0, 42, 2, 0, 1, 0, -692727486, 0, 0, 0, 0, 0, 0, -1, 0, 0, 5, 0, 0, -1, 0, 0, -1, 0, 0, -1, 0, 0),
	(70, 54, 1, 0, 200, 25, 0, 17, 0, 0, 15, 0, 0, 24, 5, 0, 1, 14, 0, 0, 0, 68283543, 2, 2, -692727486, 0, 0, 0, 12, 1, 0, 8, 8, 0, -1, 0, 0, -1, 0, 0, -1, 0, 0),
	(71, 8, 0, 0, 382, 4, 0, 30, 0, 0, 15, 0, 0, 1, 12, 0, 42, 2, 0, 130, 0, 0, 0, 0, 0, 0, 0, 0, -1, 0, 0, 12, 4, 0, -1, 0, 0, -1, 0, 0, -1, 0, 0),
	(72, 0, 0, 0, 348, 9, 0, 17, 0, 0, 1, 0, -692727486, 24, 1, 0, 1, 14, 0, 1, 0, -692727486, 2, 1, -692727486, 0, 0, 0, 12, 2, 0, 8, 8, 0, -1, 0, 0, -1, 0, 0, -1, 0, 0),
	(73, 169, 0, 0, 316, 7, 0, 0, 0, 0, 130, 0, 0, 24, 0, 0, 10, 0, 0, 1, 0, -692727486, 1, 2, -692727486, 0, 0, 0, -1, 0, 0, -1, 0, 0, -1, 0, 0, -1, 0, 0, -1, 0, 0),
	(74, 0, 0, 0, 348, 9, 0, 17, 0, 0, 15, 0, 0, 24, 1, 0, 1, 14, 0, 0, 0, 68283543, 2, 1, -692727486, 0, 0, 0, 12, 2, 0, 8, 8, 0, -1, 0, 0, -1, 0, 0, -1, 0, 0),
	(75, 121, 0, 0, 0, 2, 0, 30, 0, 0, 130, 0, 0, 24, 0, 0, 10, 0, 0, 6, 1, -692727486, 2, 15, -692727486, 0, 0, 0, -1, 0, 0, -1, 0, 0, -1, 0, 0, -1, 0, 0, -1, 0, 0),
	(76, 111, 17, 0, 305, 7, 0, 12, 0, 0, 15, 0, 0, 24, 0, 0, 36, 3, 0, 0, 0, 0, 0, 0, 0, 0, 0, 0, -1, 0, 0, 35, 1, 0, -1, 0, 0, -1, 0, 0, -1, 0, 0),
	(77, 0, 0, 0, 0, 0, 0, 0, 0, 0, 0, 0, 0, 0, 0, 0, 0, 0, 0, 0, 0, 0, 0, 0, 0, 0, 0, 0, -1, 0, 0, -1, 0, 0, -1, 0, 0, -1, 0, 0, -1, 0, 0),
	(78, 0, 0, 0, 200, 25, 0, 17, 0, 0, 15, 0, 0, 24, 5, 0, 42, 1, 0, 0, 0, 68283543, 2, 2, -692727486, 0, 0, 0, 12, 1, 0, 8, 8, 0, -1, 0, 0, -1, 0, 0, -1, 0, 0),
	(79, 0, 0, 0, 349, 0, 0, 36, 0, 0, 15, 0, 0, 24, 1, 0, 10, 0, 0, 0, 0, 0, 0, 0, 0, 0, 0, 0, -1, 0, 0, 15, 0, 0, -1, 0, 0, -1, 0, 0, -1, 0, 0),
	(80, 118, 19, 0, 305, 0, 0, 12, 0, 0, 15, 0, 0, 5, 3, 0, 42, 2, 0, 0, 0, 0, 15, 2, 0, 0, 0, 0, -1, 0, 0, 35, 1, 0, -1, 0, 0, -1, 0, 0, -1, 0, 0),
	(81, 0, 0, 0, 0, 0, 0, 0, 0, 0, 0, 0, 0, 0, 0, 0, 0, 0, 0, 0, 0, 0, 2, 1, -692727486, 0, 0, 0, -1, 0, 0, -1, 0, 0, -1, 0, 0, -1, 0, 0, -1, 0, 0),
	(82, 0, 0, 0, 20, 2, 0, 12, 0, 0, 32, 0, 0, 24, 0, 0, 36, 3, 0, 0, 0, 0, 0, 0, 0, 0, 0, 0, 61, 8, 0, 35, 1, 0, -1, 0, 0, -1, 0, 0, -1, 0, 0),
	(83, 0, 0, 0, 29, 2, 0, 12, 0, 0, 31, 12, 0, 28, 13, 0, 42, 2, 0, 7, 0, -692727486, 0, 0, 0, 0, 0, 0, -1, 0, 0, 35, 1, 0, -1, 0, 0, -1, 0, 0, -1, 0, 0),
	(84, 111, 17, 0, 200, 2, 0, 12, 0, 0, 15, 0, 0, 5, 8, 0, 42, 2, 0, 0, 0, 0, 0, 0, 0, 0, 0, 0, -1, 0, 0, 35, 1, 0, -1, 0, 0, -1, 0, 0, -1, 0, 0),
	(85, 54, 4, 0, 1, 2, 68283543, 17, 0, 0, 15, 0, 0, 24, 5, 0, 42, 2, 0, 0, 0, 68283543, 0, 0, 0, 0, 0, 0, 117, 0, 0, -1, 0, 0, -1, 0, 0, -1, 0, 0, -1, 0, 0),
	(86, 0, 0, 0, 0, 0, 0, 0, 0, 0, 0, 0, 0, 0, 0, 0, 0, 0, 0, 0, 0, 0, 0, 0, 0, 0, 0, 0, -1, 0, 0, -1, 0, 0, -1, 0, 0, -1, 0, 0, -1, 0, 0),
	(87, 0, 0, 0, 0, 0, 0, 0, 0, 0, 0, 0, 0, 0, 0, 0, 0, 0, 0, 0, 0, 0, 0, 0, 0, 0, 0, 0, -1, 0, 0, -1, 0, 0, -1, 0, 0, -1, 0, 0, -1, 0, 0),
	(88, 121, 0, 0, 374, 2, 0, 4, 0, 0, 15, 0, 0, 1, 0, 0, 34, 0, 0, 6, 1, -692727486, 2, 10, -692727486, 0, 0, 0, -1, 0, 0, -1, 0, 0, -1, 0, 0, -1, 0, 0, -1, 0, 0),
	(89, 111, 17, 0, 348, 9, 0, 12, 0, 0, 15, 0, 0, 24, 1, 0, 42, 2, 0, 0, 0, 0, 0, 0, 0, 0, 0, 0, -1, 0, 0, 29, 11, 0, -1, 0, 0, -1, 0, 0, -1, 0, 0),
	(90, 0, 0, 0, 0, 0, 0, 0, 0, 0, 0, 0, 0, 0, 0, 0, 0, 0, 0, 0, 0, 0, 0, 0, 0, 0, 0, 0, -1, 0, 0, -1, 0, 0, -1, 0, 0, -1, 0, 0, -1, 0, 0),
	(91, 54, 10, 0, 0, 2, 68283543, 1, 0, 0, 130, 0, 0, 24, 2, 0, 42, 1, 0, 0, 0, 0, 0, 0, 0, 0, 0, 0, 46, 0, 0, -1, 0, 0, -1, 0, 0, -1, 0, 0, -1, 0, 0),
	(92, 0, 0, 0, 317, 1, 0, 4, 0, 0, 153, 0, 0, 25, 0, 0, 25, 0, 0, 0, 0, 0, 0, 0, 0, 71, 0, 0, 126, 0, 0, -1, 0, 0, -1, 0, 0, -1, 0, 0, -1, 0, 0),
	(93, 0, 0, 0, 328, 1, 0, 4, 0, 0, 189, 0, 0, 25, 0, 0, 25, 0, 0, 0, 0, 0, 0, 0, 0, 85, 0, 0, 125, 0, 0, -1, 0, 0, -1, 0, 0, -1, 0, 0, -1, 0, 0),
	(94, 54, 10, 0, 48, 0, 0, 0, 0, 0, 0, 0, 0, 0, 0, 0, 0, 0, 0, 0, 0, 0, 0, 0, 0, 0, 0, 0, -1, 0, 0, -1, 0, 0, -1, 0, 0, -1, 0, 0, -1, 0, 0),
	(95, 118, 19, 0, 305, 0, 0, 12, 0, 0, 15, 0, 0, 5, 3, 0, 42, 2, 0, 0, 0, 0, 15, 2, 0, 0, 0, 0, -1, 0, 0, 35, 1, 0, -1, 0, 0, -1, 0, 0, -1, 0, 0),
	(96, 111, 17, 0, 349, 11, 0, 12, 0, 0, 15, 0, 0, 116, 2, 0, 36, 3, 0, 0, 0, 0, 15, 2, 0, 0, 0, 0, -1, 0, 0, 35, 1, 0, -1, 0, 0, -1, 0, 0, -1, 0, 0),
	(97, 111, 17, 0, 305, 7, 0, 12, 0, 0, 15, 0, 0, 24, 0, 0, 36, 3, 0, 0, 0, 0, 15, 2, 0, 0, 0, 0, -1, 0, 0, 35, 1, 0, -1, 0, 0, -1, 0, 0, -1, 0, 0),
	(98, 0, 0, 0, 0, 0, 0, 0, 0, 0, 0, 0, 0, 0, 0, 0, 0, 0, 0, 0, 0, 0, 0, 0, 0, 0, 0, 0, -1, 0, 0, -1, 0, 0, -1, 0, 0, -1, 0, 0, -1, 0, 0),
	(99, 121, 0, 0, 0, 2, 0, 30, 0, 0, 130, 0, 0, 59, 9, 0, 24, 0, 0, 8, 0, -692727486, 2, 8, -692727486, 0, 0, 0, -1, 0, 0, 3, 4, 0, -1, 0, 0, -1, 0, 0, -1, 0, 0),
	(100, 54, 10, 0, 317, 8, 0, 1, 0, 0, 130, 0, 0, 24, 0, 0, 10, 0, 0, 0, 0, 0, 0, 0, 0, 0, 0, 0, 46, 0, 0, -1, 0, 0, -1, 0, 0, -1, 0, 0, -1, 0, 0),
	(101, 0, 0, 0, 15, 0, 0, 0, 0, 0, 0, 0, 0, 0, 0, 0, 0, 0, 0, 0, 0, 0, 0, 0, 0, 0, 0, 0, -1, 0, 0, -1, 0, 0, -1, 0, 0, -1, 0, 0, -1, 0, 0),
	(102, 118, 19, 0, 305, 0, 0, 12, 0, 0, 15, 0, 0, 5, 3, 0, 42, 2, 0, 0, 0, 0, 0, 0, 0, 0, 0, 0, -1, 0, 0, 35, 1, 0, -1, 0, 0, -1, 0, 0, -1, 0, 0),
	(103, 0, 0, 0, 305, 0, 0, 12, 0, 0, 15, 0, 0, 5, 3, 0, 42, 2, 0, 0, 0, 0, 0, 0, 0, 0, 0, 0, -1, 0, 0, 35, 1, 0, -1, 0, 0, -1, 0, 0, -1, 0, 0),
	(104, 111, 17, 0, 305, 7, 0, 12, 0, 0, 15, 0, 0, 24, 0, 0, 36, 3, 0, 0, 0, 0, 0, 0, 0, 0, 0, 0, -1, 0, 0, 35, 1, 0, -1, 0, 0, -1, 0, 0, -1, 0, 0),
	(105, 0, 0, 0, 305, 6, 0, 12, 0, 0, 15, 0, 0, 24, 1, 0, 42, 2, 0, 0, 0, 0, 0, 0, 0, 0, 0, 0, -1, 0, 0, 35, 1, 0, -1, 0, 0, -1, 0, 0, -1, 0, 0),
	(106, 0, 0, 0, 305, 3, 0, 12, 0, 0, 15, 0, 0, 24, 4, 0, 42, 2, 0, 0, 0, 0, 0, 0, 0, 0, 0, 0, -1, 0, 0, 35, 1, 0, -1, 0, 0, -1, 0, 0, -1, 0, 0),
	(107, 0, 0, 0, 305, 6, 0, 12, 0, 0, 15, 0, 0, 5, 0, 0, 42, 2, 0, 0, 0, 0, 0, 0, 0, 0, 0, 0, -1, 0, 0, 35, 1, 0, -1, 0, 0, -1, 0, 0, -1, 0, 0),
	(108, 111, 17, 0, 305, 7, 0, 12, 0, 0, 15, 0, 0, 24, 0, 0, 36, 3, 0, 0, 0, 0, 15, 2, 0, 0, 0, 0, -1, 0, 0, 35, 1, 0, -1, 0, 0, -1, 0, 0, -1, 0, 0),
	(109, 111, 17, 0, 305, 7, 0, 12, 0, 0, 15, 0, 0, 24, 0, 0, 36, 3, 0, 0, 0, 0, 15, 2, 0, 0, 0, 0, -1, 0, 0, 35, 1, 0, -1, 0, 0, -1, 0, 0, -1, 0, 0),
	(110, 111, 17, 0, 305, 7, 0, 12, 0, 0, 15, 0, 0, 24, 0, 0, 36, 3, 0, 0, 0, 0, 15, 2, 0, 0, 0, 0, -1, 0, 0, 35, 1, 0, -1, 0, 0, -1, 0, 0, -1, 0, 0),
	(111, 0, 0, 0, 0, 0, 0, 0, 0, 0, 0, 0, 0, 0, 0, 0, 0, 0, 0, 0, 0, 0, 0, 0, 0, 0, 0, 0, -1, 0, 0, -1, 0, 0, -1, 0, 0, -1, 0, 0, -1, 0, 0),
	(112, 0, 0, 0, 305, 6, 0, 12, 0, 0, 15, 0, 0, 5, 0, 0, 42, 2, 0, 0, 0, 0, 15, 2, 0, 0, 0, 0, -1, 0, 0, 35, 1, 0, -1, 0, 0, -1, 0, 0, -1, 0, 0),
	(113, 0, 0, 0, 305, 3, 0, 12, 0, 0, 15, 0, 0, 24, 4, 0, 42, 2, 0, 0, 0, 0, 15, 2, 0, 0, 0, 0, -1, 0, 0, 35, 1, 0, -1, 0, 0, -1, 0, 0, -1, 0, 0),
	(114, 0, 0, 0, 305, 3, 0, 12, 0, 0, 15, 0, 0, 24, 4, 0, 42, 2, 0, 0, 0, 0, 15, 2, 0, 0, 0, 0, -1, 0, 0, 35, 1, 0, -1, 0, 0, -1, 0, 0, -1, 0, 0),
	(115, 111, 17, 0, 305, 7, 0, 12, 0, 0, 15, 0, 0, 24, 0, 0, 36, 3, 0, 0, 0, 0, 15, 2, 0, 0, 0, 0, -1, 0, 0, 35, 1, 0, -1, 0, 0, -1, 0, 0, -1, 0, 0),
	(116, 0, 0, 0, 305, 3, 0, 12, 0, 0, 15, 0, 0, 24, 4, 0, 42, 2, 0, 0, 0, 0, 15, 2, 0, 0, 0, 0, -1, 0, 0, 35, 1, 0, -1, 0, 0, -1, 0, 0, -1, 0, 0),
	(117, 111, 17, 0, 305, 7, 0, 12, 0, 0, 15, 0, 0, 24, 0, 0, 36, 3, 0, 0, 0, 0, 0, 0, 0, 0, 0, 0, -1, 0, 0, 35, 1, 0, -1, 0, 0, -1, 0, 0, -1, 0, 0),
	(118, 118, 19, 0, 305, 0, 0, 12, 0, 0, 15, 0, 0, 5, 3, 0, 42, 2, 0, 0, 0, 0, 0, 0, 0, 0, 0, 0, -1, 0, 0, 35, 1, 0, -1, 0, 0, -1, 0, 0, -1, 0, 0),
	(119, 111, 17, 0, 305, 7, 0, 12, 0, 0, 15, 0, 0, 24, 0, 0, 36, 3, 0, 0, 0, 0, 0, 0, 0, 0, 0, 0, -1, 0, 0, 35, 1, 0, -1, 0, 0, -1, 0, 0, -1, 0, 0),
	(120, 111, 17, 0, 305, 7, 0, 12, 0, 0, 15, 0, 0, 24, 0, 0, 36, 3, 0, 0, 0, 0, 15, 2, 0, 0, 0, 0, -1, 0, 0, 35, 1, 0, -1, 0, 0, -1, 0, 0, -1, 0, 0),
	(121, 111, 17, 0, 305, 7, 0, 12, 0, 0, 15, 0, 0, 24, 0, 0, 36, 3, 0, 0, 0, 0, 15, 2, 0, 0, 0, 0, -1, 0, 0, 35, 1, 0, -1, 0, 0, -1, 0, 0, -1, 0, 0),
	(122, 118, 19, 0, 305, 0, 0, 12, 0, 0, 15, 0, 0, 5, 3, 0, 42, 2, 0, 0, 0, 0, 0, 0, 0, 0, 0, 0, -1, 0, 0, 35, 1, 0, -1, 0, 0, -1, 0, 0, -1, 0, 0),
	(123, 0, 0, 0, 305, 3, 0, 12, 0, 0, 15, 0, 0, 24, 4, 0, 42, 2, 0, 0, 0, 0, 15, 2, 0, 0, 0, 0, -1, 0, 0, 35, 1, 0, -1, 0, 0, -1, 0, 0, -1, 0, 0),
	(124, 118, 19, 0, 305, 0, 0, 12, 0, 0, 15, 0, 0, 5, 3, 0, 42, 2, 0, 0, 0, 0, 0, 0, 0, 0, 0, 0, -1, 0, 0, 35, 1, 0, -1, 0, 0, -1, 0, 0, -1, 0, 0),
	(125, 111, 17, 0, 305, 7, 0, 12, 0, 0, 15, 0, 0, 24, 0, 0, 36, 3, 0, 0, 0, 0, 15, 2, 0, 0, 0, 0, -1, 0, 0, 35, 1, 0, -1, 0, 0, -1, 0, 0, -1, 0, 0),
	(126, 111, 17, 0, 305, 7, 0, 12, 0, 0, 15, 0, 0, 24, 0, 0, 36, 3, 0, 0, 0, 0, 15, 2, 0, 0, 0, 0, -1, 0, 0, 35, 1, 0, -1, 0, 0, -1, 0, 0, -1, 0, 0),
	(127, 0, 0, 0, 305, 3, 0, 12, 0, 0, 15, 0, 0, 24, 4, 0, 42, 2, 0, 0, 0, 0, 15, 2, 0, 0, 0, 0, -1, 0, 0, 35, 1, 0, -1, 0, 0, -1, 0, 0, -1, 0, 0),
	(128, 0, 0, 0, 305, 3, 0, 12, 0, 0, 15, 0, 0, 24, 4, 0, 42, 2, 0, 0, 0, 0, 15, 2, 0, 0, 0, 0, -1, 0, 0, 35, 1, 0, -1, 0, 0, -1, 0, 0, -1, 0, 0),
	(129, 111, 17, 0, 305, 7, 0, 12, 0, 0, 15, 0, 0, 24, 0, 0, 36, 3, 0, 0, 0, 0, 15, 2, 0, 0, 0, 0, -1, 0, 0, 35, 1, 0, -1, 0, 0, -1, 0, 0, -1, 0, 0),
	(130, 118, 19, 0, 305, 0, 0, 12, 0, 0, 15, 0, 0, 5, 3, 0, 42, 2, 0, 0, 0, 0, 0, 0, 0, 0, 0, 0, -1, 0, 0, 35, 1, 0, -1, 0, 0, -1, 0, 0, -1, 0, 0),
	(131, 118, 19, 0, 305, 0, 0, 12, 0, 0, 15, 0, 0, 5, 3, 0, 42, 2, 0, 0, 0, 0, 15, 2, 0, 0, 0, 0, -1, 0, 0, 35, 1, 0, -1, 0, 0, -1, 0, 0, -1, 0, 0),
	(132, 0, 0, 0, 305, 6, 0, 12, 0, 0, 15, 0, 0, 5, 0, 0, 42, 2, 0, 0, 0, 0, 0, 0, 0, 0, 0, 0, -1, 0, 0, 35, 1, 0, -1, 0, 0, -1, 0, 0, -1, 0, 0),
	(133, 0, 0, 0, 305, 3, 0, 12, 0, 0, 15, 0, 0, 24, 4, 0, 42, 2, 0, 0, 0, 0, 15, 2, 0, 0, 0, 0, -1, 0, 0, 35, 1, 0, -1, 0, 0, -1, 0, 0, -1, 0, 0),
	(134, 0, 0, 0, 305, 6, 0, 12, 0, 0, 15, 0, 0, 5, 0, 0, 42, 2, 0, 0, 0, 0, 0, 0, 0, 0, 0, 0, -1, 0, 0, 35, 1, 0, -1, 0, 0, -1, 0, 0, -1, 0, 0),
	(135, 118, 19, 0, 305, 0, 0, 12, 0, 0, 15, 0, 0, 5, 3, 0, 42, 2, 0, 0, 0, 0, 15, 2, 0, 0, 0, 0, -1, 0, 0, 35, 1, 0, -1, 0, 0, -1, 0, 0, -1, 0, 0),
	(136, 118, 19, 0, 305, 0, 0, 12, 0, 0, 15, 0, 0, 5, 3, 0, 42, 2, 0, 0, 0, 0, 15, 2, 0, 0, 0, 0, -1, 0, 0, 35, 1, 0, -1, 0, 0, -1, 0, 0, -1, 0, 0),
	(137, 129, 12, 0, 296, 14, 0, 12, 0, 0, 15, 0, 0, 128, 25, 0, 42, 2, 0, 0, 0, 0, 0, 0, 0, 0, 0, 0, -1, 0, 0, 35, 1, 0, -1, 0, 0, -1, 0, 0, -1, 0, 0),
	(138, 0, 0, 0, 305, 3, 0, 12, 0, 0, 15, 0, 0, 24, 4, 0, 42, 2, 0, 0, 0, 0, 15, 2, 0, 0, 0, 0, -1, 0, 0, 35, 1, 0, -1, 0, 0, -1, 0, 0, -1, 0, 0),
	(139, 0, 0, 0, 305, 6, 0, 12, 0, 0, 15, 0, 0, 5, 0, 0, 42, 2, 0, 0, 0, 0, 15, 2, 0, 0, 0, 0, -1, 0, 0, 35, 1, 0, -1, 0, 0, -1, 0, 0, -1, 0, 0),
	(140, 0, 0, 0, 305, 6, 0, 12, 0, 0, 15, 0, 0, 5, 0, 0, 42, 2, 0, 0, 0, 0, 0, 0, 0, 0, 0, 0, -1, 0, 0, 35, 1, 0, -1, 0, 0, -1, 0, 0, -1, 0, 0),
	(141, 0, 0, 0, 305, 6, 0, 12, 0, 0, 15, 0, 0, 5, 0, 0, 42, 2, 0, 0, 0, 0, 15, 2, 0, 0, 0, 0, -1, 0, 0, 35, 1, 0, -1, 0, 0, -1, 0, 0, -1, 0, 0),
	(142, 0, 0, 0, 305, 6, 0, 12, 0, 0, 15, 0, 0, 5, 0, 0, 42, 2, 0, 0, 0, 0, 15, 2, 0, 0, 0, 0, -1, 0, 0, 35, 1, 0, -1, 0, 0, -1, 0, 0, -1, 0, 0),
	(143, 0, 0, 0, 305, 6, 0, 12, 0, 0, 15, 0, 0, 5, 0, 0, 42, 2, 0, 0, 0, 0, 15, 2, 0, 0, 0, 0, -1, 0, 0, 35, 1, 0, -1, 0, 0, -1, 0, 0, -1, 0, 0),
	(144, 0, 0, 0, 305, 6, 0, 12, 0, 0, 15, 0, 0, 5, 0, 0, 42, 2, 0, 0, 0, 0, 0, 0, 0, 0, 0, 0, -1, 0, 0, 35, 1, 0, -1, 0, 0, -1, 0, 0, -1, 0, 0),
	(145, 0, 0, 0, 305, 6, 0, 12, 0, 0, 15, 0, 0, 5, 0, 0, 42, 2, 0, 0, 0, 0, 0, 0, 0, 0, 0, 0, -1, 0, 0, 35, 1, 0, -1, 0, 0, -1, 0, 0, -1, 0, 0),
	(146, 0, 0, 0, 305, 6, 0, 12, 0, 0, 15, 0, 0, 5, 0, 0, 42, 2, 0, 0, 0, 0, 0, 0, 0, 0, 0, 0, -1, 0, 0, 35, 1, 0, -1, 0, 0, -1, 0, 0, -1, 0, 0),
	(147, 118, 19, 0, 305, 0, 0, 12, 0, 0, 15, 0, 0, 5, 3, 0, 42, 2, 0, 0, 0, 0, 15, 2, 0, 0, 0, 0, -1, 0, 0, 35, 1, 0, -1, 0, 0, -1, 0, 0, -1, 0, 0),
	(148, 0, 0, 0, 305, 6, 0, 12, 0, 0, 15, 0, 0, 5, 0, 0, 42, 2, 0, 0, 0, 0, 15, 2, 0, 0, 0, 0, -1, 0, 0, 35, 1, 0, -1, 0, 0, -1, 0, 0, -1, 0, 0),
	(149, 111, 17, 0, 305, 7, 0, 12, 0, 0, 15, 0, 0, 24, 0, 0, 36, 3, 0, 0, 0, 0, 15, 2, 0, 0, 0, 0, -1, 0, 0, 35, 1, 0, -1, 0, 0, -1, 0, 0, -1, 0, 0),
	(150, 0, 0, 0, 305, 6, 0, 12, 0, 0, 15, 0, 0, 5, 0, 0, 42, 2, 0, 0, 0, 0, 0, 0, 0, 0, 0, 0, -1, 0, 0, 35, 1, 0, -1, 0, 0, -1, 0, 0, -1, 0, 0),
	(151, 118, 19, 0, 305, 0, 0, 12, 0, 0, 15, 0, 0, 5, 3, 0, 42, 2, 0, 0, 0, 0, 15, 2, 0, 0, 0, 0, -1, 0, 0, 35, 1, 0, -1, 0, 0, -1, 0, 0, -1, 0, 0),
	(152, 118, 19, 0, 305, 0, 0, 12, 0, 0, 15, 0, 0, 5, 3, 0, 42, 2, 0, 0, 0, 0, 15, 2, 0, 0, 0, 0, -1, 0, 0, 35, 1, 0, -1, 0, 0, -1, 0, 0, -1, 0, 0),
	(153, 0, 0, 0, 305, 3, 0, 12, 0, 0, 15, 0, 0, 24, 4, 0, 42, 2, 0, 0, 0, 0, 15, 2, 0, 0, 0, 0, -1, 0, 0, 35, 1, 0, -1, 0, 0, -1, 0, 0, -1, 0, 0),
	(154, 0, 0, 0, 305, 3, 0, 12, 0, 0, 15, 0, 0, 24, 4, 0, 42, 2, 0, 0, 0, 0, 15, 2, 0, 0, 0, 0, -1, 0, 0, 35, 1, 0, -1, 0, 0, -1, 0, 0, -1, 0, 0),
	(155, 0, 0, 0, 305, 3, 0, 12, 0, 0, 15, 0, 0, 24, 4, 0, 42, 2, 0, 0, 0, 0, 15, 2, 0, 0, 0, 0, -1, 0, 0, 35, 1, 0, -1, 0, 0, -1, 0, 0, -1, 0, 0),
	(156, 0, 0, 0, 305, 3, 0, 12, 0, 0, 15, 0, 0, 24, 4, 0, 42, 2, 0, 0, 0, 0, 15, 2, 0, 0, 0, 0, -1, 0, 0, 35, 1, 0, -1, 0, 0, -1, 0, 0, -1, 0, 0),
	(157, 0, 0, 0, 305, 6, 0, 12, 0, 0, 15, 0, 0, 5, 0, 0, 42, 2, 0, 0, 0, 0, 0, 0, 0, 0, 0, 0, -1, 0, 0, 35, 1, 0, -1, 0, 0, -1, 0, 0, -1, 0, 0),
	(158, 0, 0, 0, 0, 0, 0, 0, 0, 0, 0, 0, 0, 0, 0, 0, 0, 0, 0, 0, 0, 0, 0, 0, 0, 0, 0, 0, -1, 0, 0, -1, 0, 0, -1, 0, 0, -1, 0, 0, -1, 0, 0),
	(159, 111, 17, 0, 305, 7, 0, 12, 0, 0, 15, 0, 0, 24, 0, 0, 36, 3, 0, 0, 0, 0, 0, 0, 0, 0, 0, 0, -1, 0, 0, 35, 1, 0, -1, 0, 0, -1, 0, 0, -1, 0, 0),
	(160, 118, 19, 0, 305, 0, 0, 12, 0, 0, 15, 0, 0, 5, 3, 0, 42, 2, 0, 0, 0, 0, 15, 2, 0, 0, 0, 0, -1, 0, 0, 35, 1, 0, -1, 0, 0, -1, 0, 0, -1, 0, 0),
	(161, 118, 19, 0, 305, 0, 0, 12, 0, 0, 15, 0, 0, 5, 3, 0, 42, 2, 0, 0, 0, 0, 15, 2, 0, 0, 0, 0, -1, 0, 0, 35, 1, 0, -1, 0, 0, -1, 0, 0, -1, 0, 0),
	(162, 118, 19, 0, 305, 0, 0, 12, 0, 0, 15, 0, 0, 5, 3, 0, 42, 2, 0, 0, 0, 0, 0, 0, 0, 0, 0, 0, -1, 0, 0, 35, 1, 0, -1, 0, 0, -1, 0, 0, -1, 0, 0),
	(163, 118, 19, 0, 305, 0, 0, 12, 0, 0, 15, 0, 0, 5, 3, 0, 42, 2, 0, 0, 0, 0, 0, 0, 0, 0, 0, 0, -1, 0, 0, 35, 1, 0, -1, 0, 0, -1, 0, 0, -1, 0, 0),
	(164, 0, 0, 0, 305, 6, 0, 12, 0, 0, 15, 0, 0, 5, 0, 0, 42, 2, 0, 0, 0, 0, 15, 2, 0, 0, 0, 0, -1, 0, 0, 35, 1, 0, -1, 0, 0, -1, 0, 0, -1, 0, 0),
	(165, 118, 19, 0, 305, 0, 0, 12, 0, 0, 15, 0, 0, 5, 3, 0, 42, 2, 0, 0, 0, 0, 15, 2, 0, 0, 0, 0, -1, 0, 0, 35, 1, 0, -1, 0, 0, -1, 0, 0, -1, 0, 0),
	(166, 118, 19, 0, 305, 0, 0, 12, 0, 0, 15, 0, 0, 5, 3, 0, 42, 2, 0, 0, 0, 0, 0, 0, 0, 0, 0, 0, -1, 0, 0, 35, 1, 0, -1, 0, 0, -1, 0, 0, -1, 0, 0),
	(167, 0, 0, 0, 305, 6, 0, 12, 0, 0, 15, 0, 0, 5, 0, 0, 42, 2, 0, 0, 0, 0, 15, 2, 0, 0, 0, 0, -1, 0, 0, 35, 1, 0, -1, 0, 0, -1, 0, 0, -1, 0, 0),
	(168, 0, 0, 0, 0, 0, 0, 0, 0, 0, 0, 0, 0, 0, 0, 0, 0, 0, 0, 0, 0, 0, 0, 0, 0, 0, 0, 0, -1, 0, 0, -1, 0, 0, -1, 0, 0, -1, 0, 0, -1, 0, 0),
	(169, 0, 0, 0, 305, 1, 0, 12, 0, 0, 15, 0, 0, 24, 4, 0, 42, 2, 0, 0, 0, 0, 0, 0, 0, 0, 0, 0, 61, 9, 0, 8, 6, 0, -1, 0, 0, -1, 0, 0, -1, 0, 0),
	(170, 0, 0, 0, 305, 0, 0, 12, 0, 0, 15, 0, 0, 28, 7, 0, 42, 2, 0, 0, 0, 68283543, 2, 8, -692727486, 0, 0, 0, 61, 6, 0, 35, 1, 0, -1, 0, 0, -1, 0, 0, -1, 0, 0),
	(171, 111, 17, 0, 348, 9, 0, 12, 0, 0, 15, 0, 0, 24, 1, 0, 42, 2, 0, 0, 0, 0, 15, 2, 0, 0, 0, 0, -1, 0, 0, 29, 11, 0, -1, 0, 0, -1, 0, 0, -1, 0, 0),
	(172, 111, 17, 0, 348, 3, 0, 12, 0, 0, 15, 0, 0, 24, 0, 0, 42, 2, 0, 0, 0, 0, 15, 2, 0, 0, 0, 0, -1, 0, 0, 29, 11, 0, -1, 0, 0, -1, 0, 0, -1, 0, 0),
	(173, 111, 17, 0, 348, 0, 0, 12, 0, 0, 15, 0, 0, 24, 5, 0, 42, 2, 0, 0, 0, 0, 15, 2, 0, 0, 0, 0, -1, 0, 0, 29, 11, 0, -1, 0, 0, -1, 0, 0, -1, 0, 0),
	(174, 0, 0, 0, 305, 0, 0, 12, 0, 0, 15, 0, 0, 1, 12, 0, 42, 2, 0, 130, 0, 0, 15, 2, 0, 0, 0, 0, -1, 0, 0, 12, 4, 0, -1, 0, 0, -1, 0, 0, -1, 0, 0),
	(175, 0, 0, 0, 29, 2, 0, 12, 0, 0, 31, 12, 0, 28, 13, 0, 42, 2, 0, 7, 0, -692727486, 0, 0, 0, 0, 0, 0, -1, 0, 0, 35, 1, 0, -1, 0, 0, -1, 0, 0, -1, 0, 0);

-- Dumping structure for table pgrp.server_account_crimes
CREATE TABLE IF NOT EXISTS `server_account_crimes` (
  `id` int NOT NULL AUTO_INCREMENT,
  `account_id` int NOT NULL,
  `crime_id` int NOT NULL,
  `created` varchar(255) CHARACTER SET armscii8 COLLATE armscii8_bin NOT NULL DEFAULT '',
  `officer` varchar(255) CHARACTER SET armscii8 COLLATE armscii8_bin NOT NULL DEFAULT '',
  PRIMARY KEY (`id`)
) ENGINE=InnoDB AUTO_INCREMENT=479 DEFAULT CHARSET=armscii8 COLLATE=armscii8_bin;

-- Dumping data for table pgrp.server_account_crimes: ~22 rows (approximately)
INSERT INTO `server_account_crimes` (`id`, `account_id`, `crime_id`, `created`, `officer`) VALUES
	(214, 11, 1, '22:51 12.10.2023', 'Paco_Penis'),
	(215, 11, 1, '22:51 12.10.2023', 'Paco_Penis'),
	(216, 11, 1, '22:51 12.10.2023', 'Paco_Penis'),
	(217, 11, 1, '22:51 12.10.2023', 'Paco_Penis'),
	(218, 11, 1, '22:51 12.10.2023', 'Paco_Penis'),
	(385, 4, 76, '13:47 11.11.2023', 'Mason_Velasquez'),
	(407, 3, 65, '21:44 09.12.2023', 'Herbert_Hartnuss'),
	(410, 3, 121, '19:16 14.12.2023', 'Jannik_Samarita'),
	(419, 19, 33, '22:10 14.12.2023', 'Niklas_Sombrek'),
	(420, 19, 34, '22:10 14.12.2023', 'Niklas_Sombrek'),
	(421, 19, 32, '22:10 14.12.2023', 'Niklas_Sombrek'),
	(422, 3, 5, '22:29 14.12.2023', 'Jannik_Samarita'),
	(424, 24, 121, '12:58 15.12.2023', 'Jannik_Samarita'),
	(425, 24, 120, '12:58 15.12.2023', 'Jannik_Samarita'),
	(433, 8, 65, '14:54 18.12.2023', 'Mats_Subtarowa'),
	(434, 3, 79, '15:50 18.12.2023', 'Milan_Modlino'),
	(435, 3, 80, '15:50 18.12.2023', 'Milan_Modlino'),
	(436, 3, 81, '15:50 18.12.2023', 'Milan_Modlino'),
	(437, 3, 82, '15:50 18.12.2023', 'Milan_Modlino'),
	(438, 3, 83, '15:50 18.12.2023', 'Milan_Modlino'),
	(439, 3, 84, '15:50 18.12.2023', 'Milan_Modlino'),
	(447, 4, 119, '20:00 19.12.2023', 'Jannik_Samarita');

-- Dumping structure for table pgrp.server_account_customizations
CREATE TABLE IF NOT EXISTS `server_account_customizations` (
  `id` int NOT NULL AUTO_INCREMENT,
  `gender` tinyint(1) DEFAULT NULL,
  `mother` int DEFAULT NULL,
  `father` int DEFAULT NULL,
  `shape_similarity` float DEFAULT NULL,
  `skin_similarity` float DEFAULT NULL,
  `nose_width` float DEFAULT NULL,
  `nose_height` float DEFAULT NULL,
  `nose_length` float DEFAULT NULL,
  `nose_bridge` float DEFAULT NULL,
  `nose_peak` float DEFAULT NULL,
  `nose_movement` float DEFAULT NULL,
  `eye_height` float DEFAULT NULL,
  `eye_width` float DEFAULT NULL,
  `eye` float DEFAULT NULL,
  `eye_color` int DEFAULT NULL,
  `eyebrow` int DEFAULT NULL,
  `eyebrow_color` int DEFAULT NULL,
  `hair` int DEFAULT NULL,
  `hair_color` int DEFAULT NULL,
  `hair_highlight_color` int DEFAULT NULL,
  `hair_dlc` int unsigned DEFAULT '0',
  `beard` int DEFAULT NULL,
  `beard_color` int DEFAULT NULL,
  `beard_opacity` float DEFAULT NULL,
  `neck_width` float DEFAULT NULL,
  `lip_width` float DEFAULT NULL,
  `age` int DEFAULT NULL,
  `makeup` int DEFAULT NULL,
  `makeup_color` int DEFAULT NULL,
  `makeup_opacity` float DEFAULT NULL,
  `blush` int DEFAULT NULL,
  `blush_color` int DEFAULT NULL,
  `blush_opacity` float DEFAULT NULL,
  `lipstick` int DEFAULT NULL,
  `lipstick_color` int DEFAULT NULL,
  `lipstick_opacity` float DEFAULT NULL,
  `finished` tinyint(1) DEFAULT NULL,
  PRIMARY KEY (`id`)
) ENGINE=InnoDB AUTO_INCREMENT=123 DEFAULT CHARSET=armscii8 COLLATE=armscii8_bin;

-- Dumping data for table pgrp.server_account_customizations: ~118 rows (approximately)
INSERT INTO `server_account_customizations` (`id`, `gender`, `mother`, `father`, `shape_similarity`, `skin_similarity`, `nose_width`, `nose_height`, `nose_length`, `nose_bridge`, `nose_peak`, `nose_movement`, `eye_height`, `eye_width`, `eye`, `eye_color`, `eyebrow`, `eyebrow_color`, `hair`, `hair_color`, `hair_highlight_color`, `hair_dlc`, `beard`, `beard_color`, `beard_opacity`, `neck_width`, `lip_width`, `age`, `makeup`, `makeup_color`, `makeup_opacity`, `blush`, `blush_color`, `blush_opacity`, `lipstick`, `lipstick_color`, `lipstick_opacity`, `finished`) VALUES
	(5, 1, 21, 15, 0, 1, -1, -1, -1, 1, 0, 1, 0.9, -1, -0.8, 31, 12, 0, 36, 0, 0, 0, 1, 1, 1, 0, 1, 0, 0, 0, 0, 0, 0, 0, 0, 0, 0, 1),
	(6, 1, 36, 23, 0, 0, 1, 0, 0, 0, 1, 0, 0, 0, 0, 3, 30, 0, 3, 3, 0, 0, 10, 1, 1, 0, 0, 0, 0, 0, 0, 0, 0, 0, 0, 0, 0, 1),
	(7, 0, 31, 0, 0, 0, 0, 0, 0, 0, 0, 0, 0, 0, 0, 0, 0, 0, 11, 0, 0, 0, 0, 0, 0, 0, 0, 0, 14, 0, 1, 0, 0, 0, 5, 22, 0.7, 1),
	(8, 1, 0, 0, 0, 0, 0, 0, 0, 0, 0, 0, 0, 0, 0, 0, 0, 0, 0, 0, 0, 0, 0, 0, 0, 0, 0, 0, 0, 0, 0, 0, 0, 0, 0, 0, 0, 0),
	(9, 1, 40, 11, 0, 0, 0, 0, 0, 0, 0, 0, 0, 0, 0, 0, 0, 0, 19, 2, 2, 0, 0, 0, 0, 0, 0, 0, 0, 0, 0, 0, 0, 0, 0, 0, 0, 1),
	(10, 1, 26, 12, 0, 0.18, -1, -0.2, -1, -0.55, 0.15, 0.25, 0.05, 0, 0, 5, 12, 0, 74, 3, 9, 0, 10, 0, 1, 0, 0, 0, 0, 0, 0, 0, 0, 0, 0, 0, 0, 1),
	(11, 1, 31, 0, 0, 0, 0, 0, 0, 0, 0, 0, 0, 0, 0, 0, 0, 0, 0, 0, 0, 0, 0, 0, 0, 0, 0, 0, 0, 0, 0, 0, 0, 0, 0, 0, 0, 1),
	(12, 0, 0, 0, 0, 0, 0, 0, 0, 0, 0, 0, 0, 0, 0, 0, 0, 0, 6, 3, 9, 0, 0, 0, 0, 0, 0, 0, 0, 0, 0, 0, 0, 0, 0, 0, 0, 1),
	(13, 0, 34, 15, 0, 0, 0, 0, 0, 0, 0, 0, 0, 0, 0, 0, 0, 0, 0, 0, 0, 0, 0, 0, 0, 0, 0, 0, 0, 0, 0, 0, 0, 0, 0, 0, 0, 1),
	(14, 1, 0, 0, 0, 0, 0, 0, 0, 0, 0, 0, 0, 0, 0, 0, 0, 0, 0, 0, 0, 0, 0, 0, 0, 0, 0, 0, 0, 0, 0, 0, 0, 0, 0, 0, 0, 1),
	(15, 1, 36, 13, 0, 0, 0, 0.1, 0, 0, 0, 0, 0, 0, 0, 1, 0, 0, 0, 2, 0, 0, 0, 0, 0, 0, 0, 0, 0, 0, 0, 0, 0, 0, 0, 0, 0, 1),
	(16, 1, 23, 4, 0, 0, 0, 1, 1, 1, 1, 1, 1, 1, 1, 1, 1, 1, 6, 10, 0, 0, 8, 0, 1, 0, 1, 14, 22, 0, 1, 18, 0, 1, 8, 40, 1, 1),
	(17, 1, 36, 4, 0, 0, 0, 0, 0, 0, 0, 0, 0, 0, 0, 0, 1, 0, 74, 10, 10, 0, 9, 0, 1, 1, 0, 2, 0, 0, 0, 0, 0, 0, 0, 0, 0, 1),
	(18, 1, 23, 0, 0, 0, 0, 1, 0.85, 0, 0.15, 0.7, 0, 0, 1, 1, 0, 0, 1, 9, 0, 0, 8, 0, 1, 0, 0.9, 10, 0, 0, 0, 0, 0, 0, 0, 0, 0, 1),
	(19, 1, 0, 19, 0, 0, 0, 0, 0, 0, 0, 0, 0, 0, 0, 0, 0, 0, 1, 0, 0, 0, 0, 0, 0, 0, 0, 0, 0, 0, 0, 0, 0, 0, 0, 0, 0, 1),
	(20, 1, 40, 11, 0, 0, 0, 0, 0, 0, 0, 0, 0, 0, 0, 0, 0, 0, 7, 0, 0, 0, 10, 0, 1, 0, 0, 0, 0, 0, 0, 0, 0, 0, 0, 0, 0, 1),
	(21, 0, 0, 0, 0, 0, 0, 0, 0, 0, 0, 0, 0, 0, 0, 0, 0, 0, 0, 0, 0, 0, 0, 0, 0, 0, 0, 0, 0, 0, 0, 0, 0, 0, 0, 0, 0, 0),
	(22, 1, 33, 23, 0, 0, 0.15, 0, 0, 0, 0.2, 0, 0, 0, 0, 1, 1, 1, 1, 1, 0, 0, 10, 0, 1, 1, 0, 0, 0, 0, 0, 0, 0, 0, 0, 0, 0, 1),
	(23, 1, 23, 2, 0, 0, 0, 0, 0, 0, 0, 0, 0, 0, 0, 0, 0, 0, 1, 0, 0, 0, 0, 0, 0, 0, 0, 0, 0, 0, 0, 0, 0, 0, 0, 0, 0, 1),
	(24, 0, 23, 0, 0, 0, 0, 0, 0, 0, 0, 0, 0, 0, 0, 0, 0, 0, 0, 0, 0, 0, 0, 0, 0, 0, 0, 0, 0, 0, 0, 0, 0, 0, 0, 0, 0, 1),
	(25, 1, 37, 10, 0, 0, 0, 0, 0, 0, 0, 0, 0, 0, 0, 0, 0, 0, 2, 6, 0, 0, 10, 0, 0.2, 0, 0, 0, 0, 0, 0, 0, 0, 0, 0, 0, 0, 1),
	(26, 0, 0, 0, 0, 0, 0, 0, 0, 0, 0, 0, 0, 0, 0, 0, 0, 0, 0, 0, 0, 0, 0, 0, 0, 0, 0, 0, 0, 0, 0, 0, 0, 0, 0, 0, 0, 0),
	(27, 0, 0, 0, 0, 0, 0, 0, 0, 0, 0, 0, 0, 0, 0, 0, 0, 0, 0, 0, 0, 0, 0, 0, 0, 0, 0, 0, 0, 0, 0, 0, 0, 0, 0, 0, 0, 0),
	(28, 0, 0, 0, 0, 0, 0, 0, 0, 0, 0, 0, 0, 0, 0, 0, 0, 0, 0, 0, 0, 0, 0, 0, 0, 0, 0, 0, 0, 0, 0, 0, 0, 0, 0, 0, 0, 0),
	(29, 0, 0, 0, 0, 0, 0, 0, 0, 0, 0, 0, 0, 0, 0, 0, 0, 0, 0, 0, 0, 0, 0, 0, 0, 0, 0, 0, 0, 0, 0, 0, 0, 0, 0, 0, 0, 0),
	(30, 0, 40, 11, 0, 0, 0, 0, 0, 0, 0, 0, 0, 0, 0, 12, 2, 0, 0, 0, 0, 0, 3, 0, 0.8, 0, 0, 0, 0, 0, 0, 0, 0, 0, 0, 0, 0, 1),
	(31, 0, 0, 0, 0, 0, 0, 0, 0, 0, 0, 0, 0, 0, 0, 0, 0, 0, 0, 0, 0, 0, 0, 0, 0, 0, 0, 0, 0, 0, 0, 0, 0, 0, 0, 0, 0, 0),
	(32, 0, 0, 0, 0, 0, 0, 0, 0, 0, 0, 0, 0, 0, 0, 0, 0, 0, 0, 0, 0, 0, 0, 0, 0, 0, 0, 0, 0, 0, 0, 0, 0, 0, 0, 0, 0, 0),
	(33, 0, 0, 0, 0, 0, 0, 0, 0, 0, 0, 0, 0, 0, 0, 0, 0, 0, 0, 0, 0, 0, 0, 0, 0, 0, 0, 0, 0, 0, 0, 0, 0, 0, 0, 0, 0, 0),
	(34, 0, 0, 0, 0, 0, 0, 0, 0, 0, 0, 0, 0, 0, 0, 0, 0, 0, 0, 0, 0, 0, 0, 0, 0, 0, 0, 0, 0, 0, 0, 0, 0, 0, 0, 0, 0, 0),
	(35, 0, 0, 0, 0, 0, 0, 0, 0, 0, 0, 0, 0, 0, 0, 0, 0, 0, 0, 0, 0, 0, 0, 0, 0, 0, 0, 0, 0, 0, 0, 0, 0, 0, 0, 0, 0, 0),
	(36, 0, 0, 0, 0, 0, 0, 0, 0, 0, 0, 0, 0, 0, 0, 0, 0, 0, 0, 0, 0, 0, 0, 0, 0, 0, 0, 0, 0, 0, 0, 0, 0, 0, 0, 0, 0, 0),
	(37, 0, 0, 0, 0, 0, 0, 0, 0, 0, 0, 0, 0, 0, 0, 0, 0, 0, 0, 0, 0, 0, 0, 0, 0, 0, 0, 0, 0, 0, 0, 0, 0, 0, 0, 0, 0, 0),
	(38, 0, 0, 0, 0, 0, 0, 0, 0, 0, 0, 0, 0, 0, 0, 0, 0, 0, 0, 0, 0, 0, 0, 0, 0, 0, 0, 0, 0, 0, 0, 0, 0, 0, 0, 0, 0, 0),
	(39, 0, 0, 0, 0, 0, 0, 0, 0, 0, 0, 0, 0, 0, 0, 0, 0, 0, 0, 0, 0, 0, 0, 0, 0, 0, 0, 0, 0, 0, 0, 0, 0, 0, 0, 0, 0, 1),
	(40, 0, 0, 0, 0, 0, 0, 0, 0, 0, 0, 0, 0, 0, 0, 0, 0, 0, 0, 0, 0, 0, 0, 0, 0, 0, 0, 0, 0, 0, 0, 0, 0, 0, 0, 0, 0, 0),
	(41, 1, 0, 0, 0, 0, 0, 0, 0, 0, 0, 0, 0, 0, 0, 0, 0, 0, 0, 0, 0, 0, 0, 0, 0, 0, 0, 0, 0, 0, 0, 0, 0, 0, 0, 0, 0, 1),
	(42, 1, 40, 20, 0.5, 1, 0, 0, 0, 0, 0, 0, 0, 0, 0, 0, 0, 0, 39, 4, 0, 0, 7, 0, 1, 0, 0, 0, 0, 0, 0, 0, 0, 0, 0, 0, 0, 1),
	(43, 1, 31, 12, 0, 0, 0, 0, 0, 0, 0, 0, 0, 0, 0, 21, 0, 0, 15, 0, 2, 0, 10, 0, 0.8, 0, 0, 0, 0, 0, 0, 0, 0, 0, 0, 0, 0, 1),
	(44, 1, 21, 0, 0, 0, 0, 0, 0, 0, 0, 0, -1, 0, 0, 0, 0, 0, 54, 0, 0, 0, 7, 0, 1, 0, 0, 14, 0, 0, 0, 0, 0, 0, 0, 0, 0, 1),
	(45, 1, 25, 19, 0, 0, 0, -0.05, -0.35, 1, 0.55, 0, 0, 0, 0, 26, 0, 0, 15, 2, 0, 0, 0, 0, 0, 0, 0, 0, 0, 0, 0, 0, 0, 0, 0, 0, 0, 1),
	(46, 1, 23, 23, 1, 0, 0, 0, 0, 0, 0, 0, 0, 0, 0, 0, 0, 0, 70, 0, 0, 0, 2, 10, 1, 1, 0, 0, 45, 10, 1, 24, 36, 1, 3, 40, 1, 1),
	(47, 1, 31, 0, 0, 0, 0, 0, 0, 0, 0, 0, 0, 0, 0, 22, 0, 0, 36, 10, 0, 0, 0, 0, 0, 0, 0, 0, 32, 7, 1, 0, 0, 0, 3, 21, 1, 1),
	(48, 1, 31, 15, 0, 0, 0, 0, 0, 1, 0, 0, 0, 0, 0, 0, 0, 0, 0, 0, 0, 0, 0, 0, 0, 0, 0, 0, 0, 0, 0, 24, 5, 1, 0, 0, 0, 1),
	(49, 1, 30, 0, 0, 0, 0.55, 0, 0, 0, 0, 0, 0.1, 0, 0, 11, 0, 0, 0, 0, 0, 0, 0, 0, 0, 1, 0, 0, 0, 0, 0, 0, 0, 0, 0, 0, 0, 1),
	(50, 1, 31, 0, 0, 0, 0, 0, 0, 0, 0, 0, 0, 0, 0, 4, 1, 0, 35, 0, 10, 0, 0, 0, 0, 0, 0, 0, 0, 0, 0, 0, 0, 0, 0, 0, 0, 1),
	(51, 1, 24, 0, 0, 0, 0, 0, 0, 0, 0, 0, 0, 0, 0, 0, 0, 0, 0, 0, 0, 0, 0, 0, 0, 0, 0, 0, 0, 0, 0, 0, 0, 0, 0, 0, 0, 1),
	(52, 0, 0, 0, 0, 0, 0, 0, 0, 0, 0, 0, 0, 0, 0, 0, 0, 0, 0, 0, 0, 0, 0, 0, 0, 0, 0, 0, 0, 0, 0, 0, 0, 0, 0, 0, 0, 0),
	(53, 1, 31, 23, 0, 0, 0, 0, 0, 0, 0, 0, 0, 0, 0.5, 30, 0, 0, 7, 1, 0, 0, 3, 0, 1, 0, 0, 0, 0, 0, 0, 0, 0, 0, 0, 0, 0, 1),
	(54, 1, 21, 10, 0, 1, 0, 0, 0, 0, 0, 0, 0, 0, 0, 0, 0, 0, 3, 4, 10, 0, 3, 0, 1, 0, 0, 0, 0, 0, 0, 0, 0, 0, 0, 0, 0, 1),
	(55, 0, 34, 7, 0, 0, 0.65, 0, 0, 0, 0, 0, -0.3, 0, 0, 0, 0, 0, 0, 0, 0, 0, 0, 0, 0, 0, 0, 0, 0, 0, 0, 0, 0, 0, 0, 0, 0, 1),
	(56, 0, 0, 0, 0, 0, 0, 0, 0, 0, 0, 0, 0, 0, 0, 0, 0, 0, 0, 0, 0, 0, 0, 0, 0, 0, 0, 0, 0, 0, 0, 0, 0, 0, 0, 0, 0, 1),
	(57, 1, 0, 0, 0, 0, 0, 0, 0, 0, 0, 0, 0, 0, 0, 0, 0, 0, 0, 0, 0, 0, 0, 0, 0, 0, 0, 0, 0, 0, 0, 0, 0, 0, 0, 0, 0, 1),
	(58, 1, 29, 13, 0, 0, 0, 0, 0, 0, 0, 0, -1, -1, -1, 0, -1, 0, 66, 0, 0, 0, 0, 0, 0, 1, 1, 14, 74, 10, 0.2, 0, 0, 0, 0, 30, 0, 1),
	(59, 1, 0, 0, 0, 0, -1, -1, -1, -1, 0, -1, 1, 1, 1, 28, 0, 0, 0, 0, 0, 0, 0, 0, 0, 0, 0, 0, 0, 0, 0, 0, 0, 0, 0, 0, 0, 1),
	(60, 1, 29, 14, 0.45, 0.57, 0, 0, 0, 0, 0, 0, 0, 0, 0, 0, 0, 0, 34, 10, 0, 0, 10, 4, 1, 0, 0, 0, 0, 0, 0, 0, 0, 0, 0, 0, 0, 1),
	(61, 0, 34, 5, 0.61, 0.75, 0.4, 0, 0, 0, 0, 0, 0, 0, 0, 0, 0, 0, 0, 0, 0, 0, 0, 0, 0, 0, 0, 0, 0, 0, 0, 0, 0, 0, 0, 0, 0, 1),
	(62, 1, 0, 0, 0, 0, 0, 0, 0, 0, 0, 0, 0, 0, 0, 0, 0, 0, 0, 0, 0, 0, 0, 0, 0, 0, 0, 0, 0, 0, 0, 0, 0, 0, 0, 0, 0, 1),
	(63, 1, 23, 9, 0.09, 0, 0.8, 0, 0, 0, 0, 0, 0, 0, 0, 12, 0, 0, 73, 0, 0, 0, 3, 0, 1, 0, 0, 0, 0, 0, 0, 0, 0, 0, 0, 0, 0, 1),
	(64, 1, 29, 17, 0, 0, -1, -1, 0, 0, 0, 0, 0, 0, 0, 0, 0, 0, 12, 0, 0, 0, 3, 0, 1, 0, 0, 0, 0, 0, 0, 0, 0, 0, 0, 0, 0, 1),
	(65, 0, 0, 0, 0, 0, 0, 0, 0, 0, 0, 0, 0, 0, 0, 0, 0, 0, 0, 0, 0, 0, 0, 0, 0, 0, 0, 0, 0, 0, 0, 0, 0, 0, 0, 0, 0, 0),
	(66, 1, 29, 8, 0, 0, 0.25, 1, 1, 0, 1, -1, 1, 0.25, 0.3, 26, 1, 0, 70, 0, 0, 0, 3, 0, 1, 0, 0, 0, 0, 0, 0, 0, 0, 0, 0, 0, 0, 1),
	(67, 1, 28, 0, 0, 0, 0, 0, 0, 0, 0, 0, 0, 0, 0, 0, 0, 0, 21, 0, 0, 0, 4, 0, 1, 0, 0, 0, 0, 0, 0, 0, 0, 0, 0, 0, 0, 1),
	(68, 1, 22, 3, 0.07, 0.26, 0, 0, 0, 0, 0, 0, 0, 0, 0, 0, 0, 0, 15, 3, 0, 0, 3, 2, 0.4, 0, 0, 0, 0, 0, 0, 0, 0, 0, 0, 0, 0, 1),
	(69, 1, 23, 3, 0, 0.09, 0, 0, 0, 0, 0, 0, 0, 0, 0, 26, 0, 0, 0, 0, 0, 0, 0, 0, 0, 0, 0, 0, 0, 0, 0, 0, 0, 0, 0, 0, 0, 1),
	(70, 1, 23, 0, 0, 0, 0, 0, 0, 0, 0, 0, 0, 0, 0, 5, 0, 0, 51, 0, 0, 0, 1, 0, 1, 0, 0, 0, 0, 0, 0, 0, 0, 0, 0, 0, 0, 1),
	(71, 1, 24, 10, 0.91, 0.09, 0, 0, 0, 0, 0, 0, 0, 0, 0, 0, 0, 0, 35, 0, 0, 0, 0, 0, 0, 0, 0, 0, 0, 0, 0, 0, 0, 0, 0, 0, 0, 1),
	(72, 0, 0, 0, 0, 0, 0, 0, 0, 0, 0, 0, 0, 0, 0, 0, 0, 0, 0, 0, 0, 0, 0, 0, 0, 0, 0, 0, 0, 0, 0, 0, 0, 0, 0, 0, 0, 0),
	(73, 1, 0, 0, 0, 0, 0, 0, 0, 0, 0, 0, 0, 0, 0, 0, 0, 0, 0, 0, 0, 0, 0, 0, 0, 0, 0, 0, 0, 0, 0, 0, 0, 0, 0, 0, 0, 1),
	(74, 1, 35, 0, 0, 0, 0, 0, 0, 0, 0, 0, 1, 1, 0, 0, 0, 0, 76, 10, 0, 0, 0, 0, 0, 0, 0, 0, 0, 0, 0, 0, 0, 0, 0, 0, 0, 1),
	(75, 1, 23, 20, 0.51, 0.46, -1, 0, -0.35, -0.3, 0, -0.2, 1, 0, -0.1, 26, 4, 0, 48, 0, 0, 0, 3, 0, 1, 0, 0, 0, 0, 0, 0, 0, 0, 0, 0, 0, 0, 1),
	(76, 1, 23, 0, 0.29, 0, 0, 0, 0, 0, 0, 0, 0, 0, 0, 0, 0, 0, 51, 0, 0, 0, 0, 0, 0, 0, 0, 0, 0, 0, 0, 0, 0, 0, 0, 0, 0, 1),
	(77, 1, 21, 23, 0, 1, 0, 0, 0, 0, 0, 0, 0, 0, 0, 0, 0, 0, 35, 0, 0, 0, 3, 0, 1, 0, 0, 0, 0, 0, 0, 0, 0, 0, 0, 0, 0, 1),
	(78, 1, 40, 21, 1, 0, 0, 0, 0, 0, 0, 0, 0, 0, 0, 31, 0, 0, 52, 0, 0, 0, 3, 0, 1, 0, 0, 0, 0, 0, 0, 0, 0, 0, 0, 0, 0, 1),
	(79, 1, 0, 0, 0, 0, 0, 0, 0, 0, 0, 0, 0, 0, 0, 0, 0, 0, 0, 0, 0, 0, 0, 0, 0, 0, 0, 0, 0, 0, 0, 0, 0, 0, 0, 0, 0, 1),
	(80, 1, 31, 15, 0, 0, 0, 0, 0, 0, 0, 0, 0, 0, 0, 26, 0, 0, 65, 0, 0, 0, 0, 0, 0, 0, 0, 0, 0, 0, 0, 0, 0, 0, 0, 0, 0, 1),
	(81, 1, 36, 15, 0, 0, 0, 0, 0, 0, 0, 0, 0, 0, 0, 0, 0, 0, 15, 0, 0, 0, 8, 0, 1, 0, 0, 0, 0, 0, 0, 0, 0, 0, 0, 0, 0, 1),
	(82, 1, 31, 8, 0.76, 1, 0, 0, 0, 0, 0, 0, 0, 0, 0, 12, 29, 1, 43, 0, 0, 0, 8, 0, 1, 0, 0, 0, 0, 0, 0, 0, 0, 0, 0, 0, 0, 1),
	(83, 1, 0, 0, 0, 0, 0, 0, 0, 0, 0, 0, 0, 0, 0, 0, 0, 0, 0, 0, 0, 0, 0, 0, 0, 0, 0, 0, 0, 0, 0, 0, 0, 0, 0, 0, 0, 1),
	(84, 1, 35, 4, 0, 0, 0, 0, 0, 0, 0, 0, 0, 0, 0, 0, 0, 0, 53, 9, 0, 0, 3, 0, 1, 0, 0, 0, 0, 0, 0, 0, 0, 0, 0, 0, 0, 1),
	(85, 1, 29, 0, 0, 0, 0, 0, 0, 0, 0, 0, 0, 0, 0, 26, 0, 0, 52, 0, 0, 0, 3, 1, 1, 0, 0, 0, 0, 0, 0, 0, 0, 0, 0, 0, 0, 1),
	(86, 1, 21, 0, 0, 0, 1, 0, 0, 0, 0, 0, 0, 0, 0, 0, 0, 0, 23, 0, 0, 0, 0, 0, 0, 0, 0, 0, 0, 0, 0, 0, 0, 0, 0, 0, 0, 1),
	(87, 1, 0, 0, 0, 0, 0, 0, 0, 0, 0, 0, 0, 0, 0, 0, 0, 0, 0, 0, 0, 0, 0, 0, 0, 0, 0, 0, 0, 0, 0, 0, 0, 0, 0, 0, 0, 1),
	(88, 1, 0, 0, 0, 0, 0, 0, 0, 0, 0, 0, 0, 0, 0, 0, 0, 0, 7, 10, 0, 0, 3, 0, 1, 0, 0, 0, 0, 0, 0, 0, 0, 0, 0, 0, 0, 1),
	(89, 1, 24, 2, 0.16, 0, 0, 0, 0, 0, 0, 0, 0, 0, 0, 0, 0, 0, 0, 0, 0, 0, 0, 0, 0, 0, 0, 0, 0, 0, 0, 0, 0, 0, 0, 0, 0, 1),
	(90, 1, 24, 0, 1, 0.15, 1, 1, 1, 1, 1, 1, 1, 1, 1, 31, 30, 63, 34, 10, 0, 0, 2, 0, 1, 0, 0, 0, 0, 0, 0, 0, 0, 0, 0, 0, 0, 1),
	(91, 1, 30, 18, 0.51, 0, 0, 0, 0, 0, 0, 0, 0, 0, 0, 0, 0, 0, 15, 0, 0, 0, 0, 0, 0, 0.3, 0, 0, 0, 0, 0, 0, 0, 0, 0, 0, 0, 1),
	(92, 1, 33, 0, 0, 0, 0, 0, 0, 0, 0, 0, 0, 0, 0, 26, 23, 0, 21, 3, 0, 0, 3, 0, 1, 0, 0, 0, 0, 0, 0, 0, 0, 0, 0, 0, 0, 1),
	(93, 1, 23, 2, 0, 0, -1, 0, 0, 0, 0, 0, 0, 0, 0, 26, 0, 0, 12, 10, 0, 0, 3, 0, 1, 0, 0, 0, 0, 0, 0, 0, 0, 0, 0, 0, 0, 1),
	(94, 1, 21, 2, 1, 0.55, 1, 0, 0, 0, 0, 0, 0, 0, 0, 26, 0, 0, 48, 0, 0, 0, 3, 0, 1, 0, 0, 0, 0, 0, 0, 0, 0, 0, 0, 0, 0, 1),
	(95, 1, 35, 18, 1, 1, -1, -1, -1, -1, 0, -1, -1, -1, -1, 0, 22, 0, 69, 0, 0, 0, 9, 0, 1, 1, 1, 14, 33, 0, 0, 0, 0, 0, 0, 0, 0, 1),
	(96, 1, 33, 0, 0, 0, 0, 0, 0, 0, 0, 0, 0, 0, 0, 31, 0, 0, 35, 0, 0, 0, 3, 0, 1, 0, 0, 0, 0, 0, 0, 0, 0, 0, 0, 0, 0, 1),
	(97, 1, 23, 23, 0, 0, 0, 0, 0, 0, 0, 0, 0, 0, 0, 0, 0, 0, 0, 0, 0, 0, 4, 0, 1, 0, 0, 0, 50, 10, 1, 0, 0, 0, 0, 0, 0, 1),
	(98, 1, 0, 0, 0, 0, 0, 0, 0, 0, 0, 0, -1, 0, 0, 26, 0, 0, 15, 8, 0, 0, 0, 0, 0, 0, 0, 0, 0, 0, 0, 0, 0, 0, 0, 0, 0, 1),
	(99, 1, 24, 14, 1, 0, 1, 1, 1, 1, 1, 1, 0, 0, 0, 0, 2, 0, 0, 0, 0, 0, 0, 0, 0, 0, 0, 0, 0, 0, 0, 18, 9, 1, 0, 0, 0, 1),
	(100, 1, 21, 0, 1, 1, -1, -1, -1, -1, 0, -1, -1, -1, -1, 0, 0, 0, 0, 0, 0, 0, 8, 0, 1, 0, 0, 0, 0, 0, 0, 0, 0, 0, 0, 0, 0, 1),
	(101, 1, 34, 23, 0, 0, 1, 1, 1, 1, 1, 1, 1, 0, 1, 31, 30, 63, 34, 0, 0, 0, 9, 0, 1, 1, 0, 0, 0, 0, 0, 32, 0, 0, 0, 0, 0, 1),
	(102, 1, 0, 0, 0, 0, 0, 0, 0, 0, 0, 0, 0, 0, 0, 0, 0, 0, 0, 0, 0, 0, 0, 0, 0, 0, 0, 0, 0, 0, 0, 0, 0, 0, 0, 0, 0, 1),
	(103, 1, 29, 15, 0, 1, -1, -1, -1, -1, 1, 0, -1, 0, 0, 0, 0, 0, 20, 10, 0, 0, 6, 3, 1, 0, 0, 0, 0, 0, 0, 0, 0, 0, 0, 0, 0, 1),
	(104, 1, 23, 14, 0, 0.1, 0, 0, 0, 0, 0, 0, 0, 0, 0, 31, 0, 0, 7, 0, 0, 0, 0, 0, 0, 0, 0, 0, 0, 0, 0, 0, 0, 0, 0, 0, 0, 1),
	(105, 1, 0, 0, 0, 0, 0, 0, 0, 0, 0, 0, 0, 0, 0, 0, 0, 0, 0, 0, 0, 0, 0, 0, 0, 0, 0, 0, 0, 0, 0, 0, 0, 0, 0, 0, 0, 1),
	(106, 1, 35, 16, 0.49, 0.49, 0, 0, 0, 0, 0.25, 0, 0, 0, 0, 22, 15, 0, 24, 3, 0, 0, 2, 5, 0.9, 0, 0, 0, 0, 0, 0, 0, 0, 0, 0, 0, 0, 1),
	(107, 1, 29, 12, 1, 0, 0, 0, 0, 0, 0, 0, 0, 0, 0, 9, 0, 0, 16, 0, 0, 0, 0, 0, 0, 0, 0, 0, 43, 0, 0, 0, 0, 0, 0, 0, 0, 1),
	(108, 1, 30, 0, 0, 0, -1, -1, -1, -1, 0, -1, 0, 0, 0, 0, 0, 0, 0, 0, 0, 0, 0, 0, 0, 0, 0, 0, 0, 0, 0, 0, 0, 0, 0, 0, 0, 1),
	(109, 1, 33, 23, 0, 1, 0, 0, 0, 0, 0, 0, 0, 0, 0, 0, 0, 0, 3, 0, 0, 0, 3, 0, 1, 0, 0, 0, 0, 0, 0, 0, 0, 0, 0, 0, 0, 1),
	(110, 1, 0, 0, 0, 0, 0, 0, 0, 0, 0, 0, 0, 0, 0, 0, 0, 0, 0, 0, 0, 0, 0, 0, 0, 0, 0, 0, 0, 0, 0, 0, 0, 0, 0, 0, 0, 1),
	(111, 1, 39, 14, 0, 1, 0, 0, 0, 0, 0, 0, 0, 0, -1, 31, 0, 0, 69, 4, 0, 0, 8, 5, 1, 0, 0, 0, 0, 0, 0, 0, 0, 0, 0, 0, 0, 1),
	(112, 0, 0, 0, 0, 0, 0, 0, 0, 0, 0, 0, 0, 0, 0, 0, 0, 0, 0, 0, 0, 0, 0, 0, 0, 0, 0, 0, 0, 0, 0, 0, 0, 0, 0, 0, 0, 0),
	(113, 1, 37, 5, 0, 0, 0, 0, 0, 0, 0, 0, 0, 0, 0, 0, 0, 0, 52, 0, 0, 0, 0, 0, 0, 0, 0, 0, 0, 0, 0, 0, 0, 0, 0, 0, 0, 1),
	(114, 1, 26, 19, 0, 1, 0, 0, 0, 0, 0, 0, 0, 0, 0, 31, 0, 0, 16, 0, 0, 0, 8, 10, 1, 0, 0, 0, 0, 0, 0, 0, 0, 0, 0, 0, 0, 1),
	(115, 1, 35, 0, 0, 0, 0, 0, 0, 0, 0, 0, 0, 0, 0, 0, 0, 0, 53, 10, 0, 0, 3, 0, 1, 0, 0, 0, 0, 0, 0, 0, 0, 0, 0, 0, 0, 1),
	(116, 1, 23, 15, 0.38, 0.14, -0.55, -0.95, 0, 1, 0, -0.1, -1, 0.3, -0.35, 21, 12, 0, 1, 1, 0, 0, 4, 0, 1, 0, 0, 0, 0, 0, 0, 0, 0, 0, 0, 0, 0, 1),
	(117, 1, 25, 11, 0.41, 0.41, -0.6, -0.6, -0.45, -0.85, 0.25, 0, -0.45, -0.45, -0.6, 13, 0, 0, 36, 3, 0, 0, 0, 0, 0, 0, 0, 0, 0, 0, 0, 0, 0, 0, 0, 0, 0, 1),
	(118, 1, 24, 0, 0.1, 0, 0, 0, 0, 0, 0, 0, 0, 0, 0, 0, 0, 0, 51, 5, 0, 0, 0, 0, 0, 0, 0, 0, 0, 0, 0, 0, 0, 0, 0, 0, 0, 1),
	(119, 1, 0, 0, 0, 0, 0, 0, 0, 0, 0, 0, 0, 0, 0, 0, 0, 0, 0, 0, 0, 0, 0, 0, 0, 0, 0, 0, 0, 0, 0, 0, 0, 0, 0, 0, 0, 1),
	(120, 1, 0, 0, 0, 0, 0, 0, 0, 0, 0, 0, 0, 0, 0, 0, 0, 0, 0, 0, 0, 0, 0, 0, 0, 0, 0, 0, 0, 0, 0, 0, 0, 0, 0, 0, 0, 1),
	(121, 1, 29, 23, 0, 0, 0, 0, 0, 0, 0, 0, 0, 0, 0, 0, 0, 0, 0, 0, 0, 0, 0, 0, 0, 0, 0, 0, 0, 0, 0, 0, 0, 0, 0, 0, 0, 1),
	(122, 0, 0, 0, 0, 0, 0, 0, 0, 0, 0, 0, 0, 0, 0, 0, 0, 0, 0, 0, 0, 0, 0, 0, 0, 0, 0, 0, 0, 0, 0, 0, 0, 0, 0, 0, 0, 0);

-- Dumping structure for table pgrp.server_account_licenses
CREATE TABLE IF NOT EXISTS `server_account_licenses` (
  `id` int NOT NULL AUTO_INCREMENT,
  `car` tinyint(1) NOT NULL DEFAULT '0',
  `car_revoked` datetime NOT NULL DEFAULT (curdate()),
  `truck` tinyint(1) NOT NULL DEFAULT '0',
  `truck_revoked` datetime NOT NULL DEFAULT (curdate()),
  `heli` tinyint(1) NOT NULL DEFAULT '0',
  `heli_revoked` datetime NOT NULL DEFAULT (curdate()),
  `plane` tinyint(1) NOT NULL DEFAULT '0',
  `plane_revoked` datetime NOT NULL DEFAULT (curdate()),
  `boat` tinyint(1) NOT NULL DEFAULT '0',
  `boat_revoked` datetime NOT NULL DEFAULT (curdate()),
  `taxi` tinyint(1) NOT NULL DEFAULT '0',
  `taxi_revoked` datetime NOT NULL DEFAULT (curdate()),
  `lawyer` tinyint(1) NOT NULL DEFAULT '0',
  `lawyer_revoked` datetime NOT NULL DEFAULT (curdate()),
  `gun` tinyint(1) NOT NULL DEFAULT '0',
  `gun_revoked` datetime NOT NULL DEFAULT (curdate()),
  PRIMARY KEY (`id`)
) ENGINE=InnoDB AUTO_INCREMENT=83 DEFAULT CHARSET=armscii8 COLLATE=armscii8_bin;

-- Dumping data for table pgrp.server_account_licenses: ~82 rows (approximately)
INSERT INTO `server_account_licenses` (`id`, `car`, `car_revoked`, `truck`, `truck_revoked`, `heli`, `heli_revoked`, `plane`, `plane_revoked`, `boat`, `boat_revoked`, `taxi`, `taxi_revoked`, `lawyer`, `lawyer_revoked`, `gun`, `gun_revoked`) VALUES
	(1, 0, '2023-10-13 00:00:00', 0, '2023-10-13 00:00:00', 0, '2023-10-13 00:00:00', 0, '2023-10-13 00:00:00', 0, '2023-10-13 00:00:00', 0, '2023-10-13 00:00:00', 0, '2023-10-13 00:00:00', 0, '2023-10-13 00:00:00'),
	(2, 0, '2023-10-13 00:00:00', 0, '2023-10-13 00:00:00', 0, '2023-10-13 00:00:00', 0, '2023-10-13 00:00:00', 0, '2023-10-13 00:00:00', 0, '2023-10-13 00:00:00', 0, '2023-10-13 00:00:00', 0, '2023-10-13 00:00:00'),
	(3, 0, '2023-10-13 00:00:00', 0, '2023-10-13 00:00:00', 0, '2023-10-13 00:00:00', 0, '2023-10-13 00:00:00', 0, '2023-10-13 00:00:00', 0, '2023-10-13 00:00:00', 0, '2023-10-13 00:00:00', 0, '2023-10-13 00:00:00'),
	(4, 0, '2023-10-13 00:00:00', 0, '2023-10-13 00:00:00', 0, '2023-10-13 00:00:00', 0, '2023-10-13 00:00:00', 0, '2023-10-13 00:00:00', 0, '2023-10-13 00:00:00', 0, '2023-10-13 00:00:00', 0, '2023-10-13 00:00:00'),
	(5, 0, '2023-11-13 20:51:37', 0, '2023-10-13 00:00:00', 0, '2023-10-13 00:00:00', 0, '2023-10-13 00:00:00', 0, '2023-10-13 00:00:00', 0, '2023-10-13 00:00:00', 0, '2023-10-13 00:00:00', 0, '2023-10-15 17:31:41'),
	(6, 0, '2023-10-13 00:00:00', 0, '2023-10-13 00:00:00', 0, '2023-10-13 00:00:00', 0, '2023-10-13 00:00:00', 0, '2023-10-13 00:00:00', 0, '2023-10-13 00:00:00', 0, '2023-10-13 00:00:00', 0, '2023-10-13 00:00:00'),
	(7, 0, '2023-10-13 00:00:00', 0, '2023-10-13 00:00:00', 0, '2023-10-13 00:00:00', 0, '2023-10-13 00:00:00', 0, '2023-10-13 00:00:00', 0, '2023-10-13 00:00:00', 0, '2023-10-13 00:00:00', 0, '2023-10-13 00:00:00'),
	(8, 0, '2023-10-13 00:00:00', 0, '2023-10-13 00:00:00', 0, '2023-10-13 00:00:00', 0, '2023-10-13 00:00:00', 0, '2023-10-13 00:00:00', 0, '2023-10-13 00:00:00', 0, '2023-10-13 00:00:00', 0, '2023-10-13 00:00:00'),
	(9, 0, '2023-10-13 00:00:00', 0, '2023-10-13 00:00:00', 0, '2023-10-13 00:00:00', 0, '2023-10-13 00:00:00', 0, '2023-10-13 00:00:00', 0, '2023-10-13 00:00:00', 0, '2023-10-13 00:00:00', 0, '2023-10-13 00:00:00'),
	(10, 0, '2023-10-13 00:00:00', 0, '2023-10-13 00:00:00', 0, '2023-10-13 00:00:00', 0, '2023-10-13 00:00:00', 0, '2023-10-13 00:00:00', 0, '2023-10-13 00:00:00', 0, '2023-10-13 00:00:00', 0, '2023-10-13 00:00:00'),
	(11, 0, '2023-10-15 17:31:14', 0, '2023-10-13 00:00:00', 0, '2023-10-13 00:00:00', 0, '2023-10-13 00:00:00', 0, '2023-10-13 00:00:00', 0, '2023-10-13 00:00:00', 0, '2023-10-13 00:00:00', 0, '2023-10-13 00:00:00'),
	(12, 0, '2023-10-13 00:00:00', 0, '2023-10-13 00:00:00', 0, '2023-10-13 00:00:00', 0, '2023-10-13 00:00:00', 0, '2023-10-13 00:00:00', 0, '2023-10-13 00:00:00', 0, '2023-10-13 00:00:00', 0, '2023-10-13 00:00:00'),
	(13, 0, '2023-11-12 01:50:31', 0, '2023-11-12 01:50:44', 0, '2023-10-13 00:00:00', 0, '2023-10-13 00:00:00', 0, '2023-10-13 00:00:00', 0, '2023-10-13 00:00:00', 0, '2023-10-13 00:00:00', 0, '2023-10-13 00:00:00'),
	(14, 0, '2023-10-13 00:00:00', 0, '2023-10-13 00:00:00', 0, '2023-10-13 00:00:00', 0, '2023-10-13 00:00:00', 0, '2023-10-13 00:00:00', 0, '2023-10-13 00:00:00', 0, '2023-10-13 00:00:00', 0, '2023-10-13 00:00:00'),
	(15, 0, '2023-10-13 00:00:00', 0, '2023-10-13 00:00:00', 0, '2023-10-13 00:00:00', 0, '2023-10-13 00:00:00', 0, '2023-10-13 00:00:00', 0, '2023-10-13 00:00:00', 0, '2023-10-13 00:00:00', 0, '2023-10-13 00:00:00'),
	(16, 0, '0001-01-01 00:00:00', 0, '0001-01-01 00:00:00', 0, '0001-01-01 00:00:00', 0, '0001-01-01 00:00:00', 0, '0001-01-01 00:00:00', 0, '0001-01-01 00:00:00', 0, '0001-01-01 00:00:00', 0, '0001-01-01 00:00:00'),
	(17, 0, '0001-01-01 00:00:00', 0, '0001-01-01 00:00:00', 0, '0001-01-01 00:00:00', 0, '0001-01-01 00:00:00', 0, '0001-01-01 00:00:00', 0, '0001-01-01 00:00:00', 0, '0001-01-01 00:00:00', 0, '0001-01-01 00:00:00'),
	(18, 0, '0001-01-01 00:00:00', 0, '0001-01-01 00:00:00', 0, '0001-01-01 00:00:00', 0, '0001-01-01 00:00:00', 0, '0001-01-01 00:00:00', 0, '0001-01-01 00:00:00', 0, '0001-01-01 00:00:00', 0, '0001-01-01 00:00:00'),
	(19, 0, '0001-01-01 00:00:00', 0, '0001-01-01 00:00:00', 0, '0001-01-01 00:00:00', 0, '0001-01-01 00:00:00', 0, '0001-01-01 00:00:00', 0, '0001-01-01 00:00:00', 0, '0001-01-01 00:00:00', 0, '0001-01-01 00:00:00'),
	(20, 0, '0001-01-01 00:00:00', 0, '0001-01-01 00:00:00', 0, '0001-01-01 00:00:00', 0, '0001-01-01 00:00:00', 0, '0001-01-01 00:00:00', 0, '0001-01-01 00:00:00', 0, '0001-01-01 00:00:00', 0, '0001-01-01 00:00:00'),
	(21, 0, '0001-01-01 00:00:00', 0, '0001-01-01 00:00:00', 0, '0001-01-01 00:00:00', 0, '0001-01-01 00:00:00', 0, '0001-01-01 00:00:00', 0, '0001-01-01 00:00:00', 0, '0001-01-01 00:00:00', 0, '0001-01-01 00:00:00'),
	(22, 0, '0001-01-01 00:00:00', 0, '0001-01-01 00:00:00', 0, '0001-01-01 00:00:00', 0, '0001-01-01 00:00:00', 0, '0001-01-01 00:00:00', 0, '0001-01-01 00:00:00', 0, '0001-01-01 00:00:00', 0, '0001-01-01 00:00:00'),
	(23, 0, '0001-01-01 00:00:00', 0, '0001-01-01 00:00:00', 0, '0001-01-01 00:00:00', 0, '0001-01-01 00:00:00', 0, '0001-01-01 00:00:00', 0, '0001-01-01 00:00:00', 0, '0001-01-01 00:00:00', 0, '0001-01-01 00:00:00'),
	(24, 0, '0001-01-01 00:00:00', 0, '0001-01-01 00:00:00', 0, '0001-01-01 00:00:00', 0, '0001-01-01 00:00:00', 0, '0001-01-01 00:00:00', 0, '0001-01-01 00:00:00', 0, '0001-01-01 00:00:00', 0, '0001-01-01 00:00:00'),
	(25, 0, '0001-01-01 00:00:00', 0, '0001-01-01 00:00:00', 0, '0001-01-01 00:00:00', 0, '0001-01-01 00:00:00', 0, '0001-01-01 00:00:00', 0, '0001-01-01 00:00:00', 0, '0001-01-01 00:00:00', 0, '0001-01-01 00:00:00'),
	(26, 0, '0001-01-01 00:00:00', 0, '0001-01-01 00:00:00', 0, '0001-01-01 00:00:00', 0, '0001-01-01 00:00:00', 0, '0001-01-01 00:00:00', 0, '0001-01-01 00:00:00', 0, '0001-01-01 00:00:00', 0, '0001-01-01 00:00:00'),
	(27, 0, '0001-01-01 00:00:00', 0, '0001-01-01 00:00:00', 0, '0001-01-01 00:00:00', 0, '0001-01-01 00:00:00', 0, '0001-01-01 00:00:00', 0, '0001-01-01 00:00:00', 0, '0001-01-01 00:00:00', 0, '0001-01-01 00:00:00'),
	(28, 0, '0001-01-01 00:00:00', 0, '0001-01-01 00:00:00', 0, '0001-01-01 00:00:00', 0, '0001-01-01 00:00:00', 0, '0001-01-01 00:00:00', 0, '0001-01-01 00:00:00', 0, '0001-01-01 00:00:00', 0, '0001-01-01 00:00:00'),
	(29, 0, '0001-01-01 00:00:00', 0, '0001-01-01 00:00:00', 0, '0001-01-01 00:00:00', 0, '0001-01-01 00:00:00', 0, '0001-01-01 00:00:00', 0, '0001-01-01 00:00:00', 0, '0001-01-01 00:00:00', 0, '0001-01-01 00:00:00'),
	(30, 0, '0001-01-01 00:00:00', 0, '0001-01-01 00:00:00', 0, '0001-01-01 00:00:00', 0, '0001-01-01 00:00:00', 0, '0001-01-01 00:00:00', 0, '0001-01-01 00:00:00', 0, '0001-01-01 00:00:00', 0, '0001-01-01 00:00:00'),
	(31, 0, '0001-01-01 00:00:00', 0, '0001-01-01 00:00:00', 0, '0001-01-01 00:00:00', 0, '0001-01-01 00:00:00', 0, '0001-01-01 00:00:00', 0, '0001-01-01 00:00:00', 0, '0001-01-01 00:00:00', 0, '0001-01-01 00:00:00'),
	(32, 0, '0001-01-01 00:00:00', 0, '0001-01-01 00:00:00', 0, '0001-01-01 00:00:00', 0, '0001-01-01 00:00:00', 0, '0001-01-01 00:00:00', 0, '0001-01-01 00:00:00', 0, '0001-01-01 00:00:00', 0, '0001-01-01 00:00:00'),
	(33, 0, '0001-01-01 00:00:00', 0, '0001-01-01 00:00:00', 0, '0001-01-01 00:00:00', 0, '0001-01-01 00:00:00', 0, '0001-01-01 00:00:00', 0, '0001-01-01 00:00:00', 0, '0001-01-01 00:00:00', 0, '0001-01-01 00:00:00'),
	(34, 0, '0001-01-01 00:00:00', 0, '0001-01-01 00:00:00', 0, '0001-01-01 00:00:00', 0, '0001-01-01 00:00:00', 0, '0001-01-01 00:00:00', 0, '0001-01-01 00:00:00', 0, '0001-01-01 00:00:00', 0, '0001-01-01 00:00:00'),
	(35, 0, '0001-01-01 00:00:00', 0, '0001-01-01 00:00:00', 0, '0001-01-01 00:00:00', 0, '0001-01-01 00:00:00', 0, '0001-01-01 00:00:00', 0, '0001-01-01 00:00:00', 0, '0001-01-01 00:00:00', 0, '0001-01-01 00:00:00'),
	(36, 0, '0001-01-01 00:00:00', 0, '0001-01-01 00:00:00', 0, '0001-01-01 00:00:00', 0, '0001-01-01 00:00:00', 0, '0001-01-01 00:00:00', 0, '0001-01-01 00:00:00', 0, '0001-01-01 00:00:00', 0, '0001-01-01 00:00:00'),
	(37, 0, '0001-01-01 00:00:00', 0, '0001-01-01 00:00:00', 0, '0001-01-01 00:00:00', 0, '0001-01-01 00:00:00', 0, '0001-01-01 00:00:00', 0, '0001-01-01 00:00:00', 0, '0001-01-01 00:00:00', 0, '0001-01-01 00:00:00'),
	(38, 0, '0001-01-01 00:00:00', 0, '0001-01-01 00:00:00', 0, '0001-01-01 00:00:00', 0, '0001-01-01 00:00:00', 0, '0001-01-01 00:00:00', 0, '0001-01-01 00:00:00', 0, '0001-01-01 00:00:00', 0, '0001-01-01 00:00:00'),
	(39, 0, '0001-01-01 00:00:00', 0, '0001-01-01 00:00:00', 0, '0001-01-01 00:00:00', 0, '0001-01-01 00:00:00', 0, '0001-01-01 00:00:00', 0, '0001-01-01 00:00:00', 0, '0001-01-01 00:00:00', 0, '0001-01-01 00:00:00'),
	(40, 0, '0001-01-01 00:00:00', 0, '0001-01-01 00:00:00', 0, '0001-01-01 00:00:00', 0, '0001-01-01 00:00:00', 0, '0001-01-01 00:00:00', 0, '0001-01-01 00:00:00', 0, '0001-01-01 00:00:00', 0, '0001-01-01 00:00:00'),
	(41, 0, '0001-01-01 00:00:00', 0, '0001-01-01 00:00:00', 0, '0001-01-01 00:00:00', 0, '0001-01-01 00:00:00', 0, '0001-01-01 00:00:00', 0, '0001-01-01 00:00:00', 0, '0001-01-01 00:00:00', 0, '0001-01-01 00:00:00'),
	(42, 0, '0001-01-01 00:00:00', 0, '0001-01-01 00:00:00', 0, '0001-01-01 00:00:00', 0, '0001-01-01 00:00:00', 0, '0001-01-01 00:00:00', 0, '0001-01-01 00:00:00', 0, '0001-01-01 00:00:00', 0, '0001-01-01 00:00:00'),
	(43, 0, '0001-01-01 00:00:00', 0, '0001-01-01 00:00:00', 0, '0001-01-01 00:00:00', 0, '0001-01-01 00:00:00', 0, '0001-01-01 00:00:00', 0, '0001-01-01 00:00:00', 0, '0001-01-01 00:00:00', 0, '0001-01-01 00:00:00'),
	(44, 0, '0001-01-01 00:00:00', 0, '0001-01-01 00:00:00', 0, '0001-01-01 00:00:00', 0, '0001-01-01 00:00:00', 0, '0001-01-01 00:00:00', 0, '0001-01-01 00:00:00', 0, '0001-01-01 00:00:00', 0, '0001-01-01 00:00:00'),
	(45, 0, '0001-01-01 00:00:00', 0, '0001-01-01 00:00:00', 0, '0001-01-01 00:00:00', 0, '0001-01-01 00:00:00', 0, '0001-01-01 00:00:00', 0, '0001-01-01 00:00:00', 0, '0001-01-01 00:00:00', 0, '0001-01-01 00:00:00'),
	(46, 0, '0001-01-01 00:00:00', 0, '0001-01-01 00:00:00', 0, '0001-01-01 00:00:00', 0, '0001-01-01 00:00:00', 0, '0001-01-01 00:00:00', 0, '0001-01-01 00:00:00', 0, '0001-01-01 00:00:00', 0, '0001-01-01 00:00:00'),
	(47, 0, '0001-01-01 00:00:00', 0, '0001-01-01 00:00:00', 0, '0001-01-01 00:00:00', 0, '0001-01-01 00:00:00', 0, '0001-01-01 00:00:00', 0, '0001-01-01 00:00:00', 0, '0001-01-01 00:00:00', 0, '0001-01-01 00:00:00'),
	(48, 0, '0001-01-01 00:00:00', 0, '0001-01-01 00:00:00', 0, '0001-01-01 00:00:00', 0, '0001-01-01 00:00:00', 0, '0001-01-01 00:00:00', 0, '0001-01-01 00:00:00', 0, '0001-01-01 00:00:00', 0, '0001-01-01 00:00:00'),
	(49, 0, '0001-01-01 00:00:00', 0, '0001-01-01 00:00:00', 0, '0001-01-01 00:00:00', 0, '0001-01-01 00:00:00', 0, '0001-01-01 00:00:00', 0, '0001-01-01 00:00:00', 0, '0001-01-01 00:00:00', 0, '0001-01-01 00:00:00'),
	(50, 0, '0001-01-01 00:00:00', 0, '0001-01-01 00:00:00', 0, '0001-01-01 00:00:00', 0, '0001-01-01 00:00:00', 0, '0001-01-01 00:00:00', 0, '0001-01-01 00:00:00', 0, '0001-01-01 00:00:00', 0, '0001-01-01 00:00:00'),
	(51, 0, '0001-01-01 00:00:00', 0, '0001-01-01 00:00:00', 0, '0001-01-01 00:00:00', 0, '0001-01-01 00:00:00', 0, '0001-01-01 00:00:00', 0, '0001-01-01 00:00:00', 0, '0001-01-01 00:00:00', 0, '0001-01-01 00:00:00'),
	(52, 0, '0001-01-01 00:00:00', 0, '0001-01-01 00:00:00', 0, '0001-01-01 00:00:00', 0, '0001-01-01 00:00:00', 0, '0001-01-01 00:00:00', 0, '0001-01-01 00:00:00', 0, '0001-01-01 00:00:00', 0, '0001-01-01 00:00:00'),
	(53, 0, '0001-01-01 00:00:00', 0, '0001-01-01 00:00:00', 0, '0001-01-01 00:00:00', 0, '0001-01-01 00:00:00', 0, '0001-01-01 00:00:00', 0, '0001-01-01 00:00:00', 0, '0001-01-01 00:00:00', 0, '0001-01-01 00:00:00'),
	(54, 0, '0001-01-01 00:00:00', 0, '0001-01-01 00:00:00', 0, '0001-01-01 00:00:00', 0, '0001-01-01 00:00:00', 0, '0001-01-01 00:00:00', 0, '0001-01-01 00:00:00', 0, '0001-01-01 00:00:00', 0, '0001-01-01 00:00:00'),
	(55, 0, '0001-01-01 00:00:00', 0, '0001-01-01 00:00:00', 0, '0001-01-01 00:00:00', 0, '0001-01-01 00:00:00', 0, '0001-01-01 00:00:00', 0, '0001-01-01 00:00:00', 0, '0001-01-01 00:00:00', 0, '0001-01-01 00:00:00'),
	(56, 0, '0001-01-01 00:00:00', 0, '0001-01-01 00:00:00', 0, '0001-01-01 00:00:00', 0, '0001-01-01 00:00:00', 0, '0001-01-01 00:00:00', 0, '0001-01-01 00:00:00', 0, '0001-01-01 00:00:00', 0, '0001-01-01 00:00:00'),
	(57, 0, '0001-01-01 00:00:00', 0, '0001-01-01 00:00:00', 0, '0001-01-01 00:00:00', 0, '0001-01-01 00:00:00', 0, '0001-01-01 00:00:00', 0, '0001-01-01 00:00:00', 0, '0001-01-01 00:00:00', 0, '0001-01-01 00:00:00'),
	(58, 0, '0001-01-01 00:00:00', 0, '0001-01-01 00:00:00', 0, '0001-01-01 00:00:00', 0, '0001-01-01 00:00:00', 0, '0001-01-01 00:00:00', 0, '0001-01-01 00:00:00', 0, '0001-01-01 00:00:00', 0, '0001-01-01 00:00:00'),
	(59, 0, '0001-01-01 00:00:00', 0, '0001-01-01 00:00:00', 0, '0001-01-01 00:00:00', 0, '0001-01-01 00:00:00', 0, '0001-01-01 00:00:00', 0, '0001-01-01 00:00:00', 0, '0001-01-01 00:00:00', 0, '0001-01-01 00:00:00'),
	(60, 0, '0001-01-01 00:00:00', 0, '0001-01-01 00:00:00', 0, '0001-01-01 00:00:00', 0, '0001-01-01 00:00:00', 0, '0001-01-01 00:00:00', 0, '0001-01-01 00:00:00', 0, '0001-01-01 00:00:00', 0, '0001-01-01 00:00:00'),
	(61, 0, '0001-01-01 00:00:00', 0, '0001-01-01 00:00:00', 0, '0001-01-01 00:00:00', 0, '0001-01-01 00:00:00', 0, '0001-01-01 00:00:00', 0, '0001-01-01 00:00:00', 0, '0001-01-01 00:00:00', 0, '0001-01-01 00:00:00'),
	(62, 0, '0001-01-01 00:00:00', 0, '0001-01-01 00:00:00', 0, '0001-01-01 00:00:00', 0, '0001-01-01 00:00:00', 0, '0001-01-01 00:00:00', 0, '0001-01-01 00:00:00', 0, '0001-01-01 00:00:00', 0, '0001-01-01 00:00:00'),
	(63, 0, '0001-01-01 00:00:00', 0, '0001-01-01 00:00:00', 0, '0001-01-01 00:00:00', 0, '0001-01-01 00:00:00', 0, '0001-01-01 00:00:00', 0, '0001-01-01 00:00:00', 0, '0001-01-01 00:00:00', 0, '0001-01-01 00:00:00'),
	(64, 0, '0001-01-01 00:00:00', 0, '0001-01-01 00:00:00', 0, '0001-01-01 00:00:00', 0, '0001-01-01 00:00:00', 0, '0001-01-01 00:00:00', 0, '0001-01-01 00:00:00', 0, '0001-01-01 00:00:00', 0, '0001-01-01 00:00:00'),
	(65, 0, '0001-01-01 00:00:00', 0, '0001-01-01 00:00:00', 0, '0001-01-01 00:00:00', 0, '0001-01-01 00:00:00', 0, '0001-01-01 00:00:00', 0, '0001-01-01 00:00:00', 0, '0001-01-01 00:00:00', 0, '0001-01-01 00:00:00'),
	(66, 0, '0001-01-01 00:00:00', 0, '0001-01-01 00:00:00', 0, '0001-01-01 00:00:00', 0, '0001-01-01 00:00:00', 0, '0001-01-01 00:00:00', 0, '0001-01-01 00:00:00', 0, '0001-01-01 00:00:00', 0, '0001-01-01 00:00:00'),
	(67, 0, '0001-01-01 00:00:00', 0, '0001-01-01 00:00:00', 0, '0001-01-01 00:00:00', 0, '0001-01-01 00:00:00', 0, '0001-01-01 00:00:00', 0, '0001-01-01 00:00:00', 0, '0001-01-01 00:00:00', 0, '0001-01-01 00:00:00'),
	(68, 0, '0001-01-01 00:00:00', 0, '0001-01-01 00:00:00', 0, '0001-01-01 00:00:00', 0, '0001-01-01 00:00:00', 0, '0001-01-01 00:00:00', 0, '0001-01-01 00:00:00', 0, '0001-01-01 00:00:00', 0, '0001-01-01 00:00:00'),
	(69, 0, '0001-01-01 00:00:00', 0, '0001-01-01 00:00:00', 0, '0001-01-01 00:00:00', 0, '0001-01-01 00:00:00', 0, '0001-01-01 00:00:00', 0, '0001-01-01 00:00:00', 0, '0001-01-01 00:00:00', 0, '0001-01-01 00:00:00'),
	(70, 0, '0001-01-01 00:00:00', 0, '0001-01-01 00:00:00', 0, '0001-01-01 00:00:00', 0, '0001-01-01 00:00:00', 0, '0001-01-01 00:00:00', 0, '0001-01-01 00:00:00', 0, '0001-01-01 00:00:00', 0, '0001-01-01 00:00:00'),
	(71, 0, '0001-01-01 00:00:00', 0, '0001-01-01 00:00:00', 0, '0001-01-01 00:00:00', 0, '0001-01-01 00:00:00', 0, '0001-01-01 00:00:00', 0, '0001-01-01 00:00:00', 0, '0001-01-01 00:00:00', 0, '0001-01-01 00:00:00'),
	(72, 0, '0001-01-01 00:00:00', 0, '0001-01-01 00:00:00', 0, '0001-01-01 00:00:00', 0, '0001-01-01 00:00:00', 0, '0001-01-01 00:00:00', 0, '0001-01-01 00:00:00', 0, '0001-01-01 00:00:00', 0, '0001-01-01 00:00:00'),
	(73, 0, '0001-01-01 00:00:00', 0, '0001-01-01 00:00:00', 0, '0001-01-01 00:00:00', 0, '0001-01-01 00:00:00', 0, '0001-01-01 00:00:00', 0, '0001-01-01 00:00:00', 0, '0001-01-01 00:00:00', 0, '0001-01-01 00:00:00'),
	(74, 0, '0001-01-01 00:00:00', 0, '0001-01-01 00:00:00', 0, '0001-01-01 00:00:00', 0, '0001-01-01 00:00:00', 0, '0001-01-01 00:00:00', 0, '0001-01-01 00:00:00', 0, '0001-01-01 00:00:00', 0, '0001-01-01 00:00:00'),
	(75, 0, '0001-01-01 00:00:00', 0, '0001-01-01 00:00:00', 0, '0001-01-01 00:00:00', 0, '0001-01-01 00:00:00', 0, '0001-01-01 00:00:00', 0, '0001-01-01 00:00:00', 0, '0001-01-01 00:00:00', 0, '0001-01-01 00:00:00'),
	(76, 0, '0001-01-01 00:00:00', 0, '0001-01-01 00:00:00', 0, '0001-01-01 00:00:00', 0, '0001-01-01 00:00:00', 0, '0001-01-01 00:00:00', 0, '0001-01-01 00:00:00', 0, '0001-01-01 00:00:00', 0, '0001-01-01 00:00:00'),
	(77, 0, '0001-01-01 00:00:00', 0, '0001-01-01 00:00:00', 0, '0001-01-01 00:00:00', 0, '0001-01-01 00:00:00', 0, '0001-01-01 00:00:00', 0, '0001-01-01 00:00:00', 0, '0001-01-01 00:00:00', 0, '0001-01-01 00:00:00'),
	(78, 0, '0001-01-01 00:00:00', 0, '0001-01-01 00:00:00', 0, '0001-01-01 00:00:00', 0, '0001-01-01 00:00:00', 0, '0001-01-01 00:00:00', 0, '0001-01-01 00:00:00', 0, '0001-01-01 00:00:00', 0, '0001-01-01 00:00:00'),
	(79, 0, '0001-01-01 00:00:00', 0, '0001-01-01 00:00:00', 0, '0001-01-01 00:00:00', 0, '0001-01-01 00:00:00', 0, '0001-01-01 00:00:00', 0, '0001-01-01 00:00:00', 0, '0001-01-01 00:00:00', 0, '0001-01-01 00:00:00'),
	(80, 0, '0001-01-01 00:00:00', 0, '0001-01-01 00:00:00', 0, '0001-01-01 00:00:00', 0, '0001-01-01 00:00:00', 0, '0001-01-01 00:00:00', 0, '0001-01-01 00:00:00', 0, '0001-01-01 00:00:00', 0, '0001-01-01 00:00:00'),
	(81, 0, '0001-01-01 00:00:00', 0, '0001-01-01 00:00:00', 0, '0001-01-01 00:00:00', 0, '0001-01-01 00:00:00', 0, '0001-01-01 00:00:00', 0, '0001-01-01 00:00:00', 0, '0001-01-01 00:00:00', 0, '0001-01-01 00:00:00'),
	(82, 0, '0001-01-01 00:00:00', 0, '0001-01-01 00:00:00', 0, '0001-01-01 00:00:00', 0, '0001-01-01 00:00:00', 0, '0001-01-01 00:00:00', 0, '0001-01-01 00:00:00', 0, '0001-01-01 00:00:00', 0, '0001-01-01 00:00:00');

-- Dumping structure for table pgrp.server_account_loadouts
CREATE TABLE IF NOT EXISTS `server_account_loadouts` (
  `id` int NOT NULL AUTO_INCREMENT,
  `account_id` int DEFAULT NULL,
  `hash` int unsigned DEFAULT NULL,
  `ammo` int DEFAULT NULL,
  `tint_index` int DEFAULT '0',
  `type` int DEFAULT '0',
  PRIMARY KEY (`id`)
) ENGINE=InnoDB AUTO_INCREMENT=1852 DEFAULT CHARSET=armscii8 COLLATE=armscii8_bin;

-- Dumping data for table pgrp.server_account_loadouts: ~11 rows (approximately)
INSERT INTO `server_account_loadouts` (`id`, `account_id`, `hash`, `ammo`, `tint_index`, `type`) VALUES
	(1811, 2, 1233104067, 24, 0, 1),
	(1831, 31, 3231910285, 599, 0, 0),
	(1838, 2, 2132975508, 391, 0, 0),
	(1839, 36, 2210333304, 248, 0, 1),
	(1840, 31, 3219281620, 422, 0, 0),
	(1841, 45, 3219281620, 408, 0, 0),
	(1842, 41, 3219281620, 402, 0, 0),
	(1848, 30, 3219281620, 500, 0, 1),
	(1849, 30, 911657153, 0, 0, 1),
	(1850, 30, 1233104067, 25, 0, 1),
	(1851, 30, 3231910285, 1455, 0, 1);

-- Dumping structure for table pgrp.server_account_loadout_attatchments
CREATE TABLE IF NOT EXISTS `server_account_loadout_attatchments` (
  `id` int NOT NULL AUTO_INCREMENT,
  `loadout_id` int DEFAULT NULL,
  `hash` int unsigned DEFAULT NULL,
  PRIMARY KEY (`id`)
) ENGINE=InnoDB AUTO_INCREMENT=22 DEFAULT CHARSET=armscii8 COLLATE=armscii8_bin;

-- Dumping data for table pgrp.server_account_loadout_attatchments: ~0 rows (approximately)

-- Dumping structure for table pgrp.server_account_phone_chats
CREATE TABLE IF NOT EXISTS `server_account_phone_chats` (
  `id` int NOT NULL AUTO_INCREMENT,
  `account_1` int NOT NULL,
  `account_2` int NOT NULL,
  `last_chat_id` int NOT NULL,
  PRIMARY KEY (`id`)
) ENGINE=InnoDB AUTO_INCREMENT=8 DEFAULT CHARSET=armscii8 COLLATE=armscii8_bin;

-- Dumping data for table pgrp.server_account_phone_chats: ~2 rows (approximately)
INSERT INTO `server_account_phone_chats` (`id`, `account_1`, `account_2`, `last_chat_id`) VALUES
	(5, 53477681, 0, 49),
	(6, 95661106, 1337, 50);

-- Dumping structure for table pgrp.server_account_phone_chat_messages
CREATE TABLE IF NOT EXISTS `server_account_phone_chat_messages` (
  `id` int NOT NULL AUTO_INCREMENT,
  `chat_id` int NOT NULL,
  `sender` int NOT NULL,
  `message` longtext CHARACTER SET armscii8 COLLATE armscii8_bin NOT NULL,
  `date` datetime NOT NULL,
  PRIMARY KEY (`id`)
) ENGINE=InnoDB AUTO_INCREMENT=554 DEFAULT CHARSET=armscii8 COLLATE=armscii8_bin;

-- Dumping data for table pgrp.server_account_phone_chat_messages: ~553 rows (approximately)
INSERT INTO `server_account_phone_chat_messages` (`id`, `chat_id`, `sender`, `message`, `date`) VALUES
	(1, 1, 54891732, 'NEGA', '2023-10-10 19:22:02'),
	(2, 1, 29384756, 'hallo mason', '2023-10-10 19:22:54'),
	(3, 1, 54891732, 'penis', '2023-10-10 19:24:57'),
	(4, 1, 29384756, 'pants', '2023-10-10 19:26:10'),
	(5, 1, 29384756, 'r', '2023-10-10 19:26:14'),
	(6, 1, 54891732, 'niggo', '2023-10-10 19:26:15'),
	(7, 1, 29384756, 'halloo', '2023-10-10 19:26:45'),
	(8, 1, 29384756, 'fesf', '2023-10-10 19:26:51'),
	(9, 1, 29384756, 'fgesf', '2023-10-10 19:27:01'),
	(10, 1, 29384756, 'fes', '2023-10-10 19:27:02'),
	(11, 1, 29384756, 'f', '2023-10-10 19:27:03'),
	(12, 1, 29384756, 'esf', '2023-10-10 19:27:03'),
	(13, 1, 29384756, 'es', '2023-10-10 19:27:03'),
	(14, 1, 29384756, 'fes', '2023-10-10 19:27:04'),
	(15, 1, 29384756, 'fes', '2023-10-10 19:27:04'),
	(16, 1, 29384756, 'f', '2023-10-10 19:27:04'),
	(17, 1, 29384756, 'es', '2023-10-10 19:27:04'),
	(18, 1, 29384756, 'fes', '2023-10-10 19:27:04'),
	(19, 1, 29384756, 'fs', '2023-10-10 19:27:04'),
	(20, 2, 54891732, 'Penis Pele', '2023-10-10 19:37:06'),
	(21, 2, 54891732, 'negerschwein penis aaaaaaaaa', '2023-10-10 19:37:17'),
	(22, 2, 54891732, 'aaaaaaaaaaaaa', '2023-10-10 19:37:39'),
	(23, 2, 29384756, 'g4eghrtfjuhrt', '2023-10-10 19:38:00'),
	(24, 2, 54891732, 'PAIYAI', '2023-10-10 19:38:05'),
	(25, 2, 54891732, 'PAIYAI', '2023-10-10 19:38:05'),
	(26, 2, 54891732, 'PAIYAI', '2023-10-10 19:38:05'),
	(27, 2, 54891732, 'PAIYAI', '2023-10-10 19:38:06'),
	(28, 2, 54891732, 'PAIYAI', '2023-10-10 19:38:06'),
	(29, 2, 54891732, 'PAIYAI', '2023-10-10 19:38:06'),
	(30, 2, 54891732, 'PAIYAI', '2023-10-10 19:38:06'),
	(31, 2, 54891732, 'PAIYAI', '2023-10-10 19:38:06'),
	(32, 2, 54891732, 'PAIYAI', '2023-10-10 19:38:06'),
	(33, 2, 54891732, 'PAIYAI', '2023-10-10 19:38:06'),
	(34, 2, 54891732, 'PAIYAI', '2023-10-10 19:38:06'),
	(35, 2, 54891732, 'PAIYAI', '2023-10-10 19:38:07'),
	(36, 2, 54891732, 'PAIYAI', '2023-10-10 19:38:07'),
	(37, 2, 54891732, 'PAIYAI', '2023-10-10 19:38:07'),
	(38, 3, 54891732, 'NEGA', '2023-10-12 17:17:24'),
	(39, 3, 41578293, 'was los', '2023-10-12 17:17:31'),
	(40, 3, 41578293, ' penis ', '2023-10-12 17:17:33'),
	(41, 3, 54891732, 'NIGGAS ', '2023-10-12 17:17:46'),
	(42, 3, 41578293, 'https://cdn.discordapp.com/attachments/850445265882316800/1162041949386178580/image.png?ex=653a7ee6&is=652809e6&hm=4205e8dbecb65c6ea8e3a46cc93eee76f806053b811aa17af0f2a0b577253240&', '2023-10-12 17:18:02'),
	(43, 3, 54891732, 'AAAAAAAAAAAAAAAAAAAAAAAAAAAAAAAAAAAAAAAAAAAAAAAAAAAAAAAAAAAAAAAA', '2023-10-12 17:18:17'),
	(44, 4, 12893475, 'amk', '2023-10-12 18:04:07'),
	(45, 4, 12893475, '-13 mio auf konto', '2023-10-12 18:05:25'),
	(46, 4, 54891732, 'hab das minus weg gemacht', '2023-10-12 18:05:53'),
	(47, 4, 12893475, 'man danke le mason', '2023-10-12 18:08:28'),
	(48, 4, 12893475, 'nigga', '2023-10-12 20:53:36'),
	(49, 5, 53477681, 'Hakllo', '2023-10-17 16:10:19'),
	(50, 6, 95661106, 'NEGGA', '2023-12-20 13:53:25'),
	(51, 7, 22513047, 'a', '2023-12-23 04:15:46'),
	(52, 7, 78456644, 'hey', '2023-12-23 04:15:53'),
	(53, 7, 22513047, 't', '2023-12-23 04:16:26'),
	(54, 7, 22513047, 't', '2023-12-23 04:16:26'),
	(55, 7, 22513047, 't', '2023-12-23 04:16:26'),
	(56, 7, 22513047, 't', '2023-12-23 04:16:27'),
	(57, 7, 22513047, 't', '2023-12-23 04:16:27'),
	(58, 7, 22513047, 't', '2023-12-23 04:16:27'),
	(59, 7, 22513047, 't', '2023-12-23 04:16:27'),
	(60, 7, 22513047, 't', '2023-12-23 04:16:27'),
	(61, 7, 22513047, 't', '2023-12-23 04:16:27'),
	(62, 7, 22513047, 't', '2023-12-23 04:16:27'),
	(63, 7, 22513047, 't', '2023-12-23 04:16:27'),
	(64, 7, 22513047, 't', '2023-12-23 04:16:28'),
	(65, 7, 22513047, 't', '2023-12-23 04:16:28'),
	(66, 7, 22513047, 't', '2023-12-23 04:16:28'),
	(67, 7, 22513047, 't', '2023-12-23 04:16:28'),
	(68, 7, 22513047, 't', '2023-12-23 04:16:28'),
	(69, 7, 22513047, 't', '2023-12-23 04:16:28'),
	(70, 7, 22513047, 't', '2023-12-23 04:16:28'),
	(71, 7, 22513047, 't', '2023-12-23 04:16:28'),
	(72, 7, 22513047, 't', '2023-12-23 04:16:28'),
	(73, 7, 22513047, 't', '2023-12-23 04:16:29'),
	(74, 7, 22513047, 't', '2023-12-23 04:16:29'),
	(75, 7, 22513047, 't', '2023-12-23 04:16:29'),
	(76, 7, 22513047, 't', '2023-12-23 04:16:29'),
	(77, 7, 22513047, 't', '2023-12-23 04:16:29'),
	(78, 7, 22513047, 't', '2023-12-23 04:16:29'),
	(79, 7, 22513047, 't', '2023-12-23 04:16:29'),
	(80, 7, 22513047, 't', '2023-12-23 04:16:29'),
	(81, 7, 22513047, 't', '2023-12-23 04:16:30'),
	(82, 7, 22513047, 't', '2023-12-23 04:16:30'),
	(83, 7, 22513047, 't', '2023-12-23 04:16:30'),
	(84, 7, 22513047, 't', '2023-12-23 04:16:30'),
	(85, 7, 22513047, 't', '2023-12-23 04:16:30'),
	(86, 7, 22513047, 't', '2023-12-23 04:16:30'),
	(87, 7, 22513047, 't', '2023-12-23 04:16:30'),
	(88, 7, 22513047, 't', '2023-12-23 04:16:30'),
	(89, 7, 22513047, 't', '2023-12-23 04:16:31'),
	(90, 7, 22513047, 't', '2023-12-23 04:16:31'),
	(91, 7, 22513047, 't', '2023-12-23 04:16:31'),
	(92, 7, 22513047, 't', '2023-12-23 04:16:31'),
	(93, 7, 22513047, 't', '2023-12-23 04:16:31'),
	(94, 7, 22513047, 't', '2023-12-23 04:16:31'),
	(95, 7, 22513047, 't', '2023-12-23 04:16:31'),
	(96, 7, 22513047, 't', '2023-12-23 04:16:31'),
	(97, 7, 22513047, 't', '2023-12-23 04:16:32'),
	(98, 7, 22513047, 't', '2023-12-23 04:16:32'),
	(99, 7, 22513047, 't', '2023-12-23 04:16:32'),
	(100, 7, 22513047, 't', '2023-12-23 04:16:32'),
	(101, 7, 22513047, 't', '2023-12-23 04:16:32'),
	(102, 7, 22513047, 't', '2023-12-23 04:16:32'),
	(103, 7, 22513047, 't', '2023-12-23 04:16:32'),
	(104, 7, 22513047, 't', '2023-12-23 04:16:32'),
	(105, 7, 22513047, 't', '2023-12-23 04:16:33'),
	(106, 7, 22513047, 't', '2023-12-23 04:16:33'),
	(107, 7, 22513047, 't', '2023-12-23 04:16:33'),
	(108, 7, 22513047, '###', '2023-12-23 04:16:34'),
	(109, 7, 22513047, '#', '2023-12-23 04:16:34'),
	(110, 7, 22513047, '#', '2023-12-23 04:16:34'),
	(111, 7, 22513047, '#', '2023-12-23 04:16:34'),
	(112, 7, 22513047, '#', '2023-12-23 04:16:34'),
	(113, 7, 22513047, '#', '2023-12-23 04:16:34'),
	(114, 7, 22513047, '#', '2023-12-23 04:16:34'),
	(115, 7, 22513047, '#', '2023-12-23 04:16:34'),
	(116, 7, 22513047, '#', '2023-12-23 04:16:34'),
	(117, 7, 22513047, '#', '2023-12-23 04:16:34'),
	(118, 7, 22513047, '#', '2023-12-23 04:16:35'),
	(119, 7, 22513047, '#', '2023-12-23 04:16:35'),
	(120, 7, 22513047, '#', '2023-12-23 04:16:35'),
	(121, 7, 22513047, '#', '2023-12-23 04:16:35'),
	(122, 7, 22513047, '#', '2023-12-23 04:16:35'),
	(123, 7, 22513047, '#', '2023-12-23 04:16:35'),
	(124, 7, 22513047, '#', '2023-12-23 04:16:35'),
	(125, 7, 22513047, '#', '2023-12-23 04:16:35'),
	(126, 7, 22513047, '#', '2023-12-23 04:16:35'),
	(127, 7, 22513047, '#', '2023-12-23 04:16:35'),
	(128, 7, 22513047, '#', '2023-12-23 04:16:35'),
	(129, 7, 22513047, '#', '2023-12-23 04:16:36'),
	(130, 7, 22513047, '#', '2023-12-23 04:16:36'),
	(131, 7, 22513047, '#', '2023-12-23 04:16:36'),
	(132, 7, 22513047, '#', '2023-12-23 04:16:36'),
	(133, 7, 22513047, '#', '2023-12-23 04:16:36'),
	(134, 7, 22513047, '#', '2023-12-23 04:16:36'),
	(135, 7, 22513047, '#', '2023-12-23 04:16:36'),
	(136, 7, 22513047, '#', '2023-12-23 04:16:36'),
	(137, 7, 22513047, '#', '2023-12-23 04:16:36'),
	(138, 7, 22513047, '#', '2023-12-23 04:16:36'),
	(139, 7, 22513047, '#', '2023-12-23 04:16:36'),
	(140, 7, 22513047, '#', '2023-12-23 04:16:36'),
	(141, 7, 22513047, '#', '2023-12-23 04:16:36'),
	(142, 7, 22513047, '#', '2023-12-23 04:16:36'),
	(143, 7, 22513047, '#', '2023-12-23 04:16:36'),
	(144, 7, 22513047, '#', '2023-12-23 04:16:36'),
	(145, 7, 22513047, '#', '2023-12-23 04:16:37'),
	(146, 7, 22513047, '#', '2023-12-23 04:16:37'),
	(147, 7, 22513047, '#', '2023-12-23 04:16:37'),
	(148, 7, 22513047, '#', '2023-12-23 04:16:37'),
	(149, 7, 22513047, '#', '2023-12-23 04:16:37'),
	(150, 7, 22513047, '#', '2023-12-23 04:16:37'),
	(151, 7, 22513047, '#', '2023-12-23 04:16:37'),
	(152, 7, 22513047, '#', '2023-12-23 04:16:37'),
	(153, 7, 22513047, '#', '2023-12-23 04:16:37'),
	(154, 7, 22513047, '#', '2023-12-23 04:16:37'),
	(155, 7, 22513047, '#', '2023-12-23 04:16:37'),
	(156, 7, 22513047, '#', '2023-12-23 04:16:37'),
	(157, 7, 22513047, '#', '2023-12-23 04:16:37'),
	(158, 7, 22513047, '#', '2023-12-23 04:16:37'),
	(159, 7, 22513047, '#', '2023-12-23 04:16:37'),
	(160, 7, 22513047, '#', '2023-12-23 04:16:37'),
	(161, 7, 22513047, '#', '2023-12-23 04:16:37'),
	(162, 7, 22513047, '#', '2023-12-23 04:16:37'),
	(163, 7, 22513047, '#', '2023-12-23 04:16:37'),
	(164, 7, 22513047, '#', '2023-12-23 04:16:37'),
	(165, 7, 22513047, '#', '2023-12-23 04:16:37'),
	(166, 7, 22513047, '#', '2023-12-23 04:16:37'),
	(167, 7, 22513047, '#', '2023-12-23 04:16:37'),
	(168, 7, 22513047, '#', '2023-12-23 04:16:37'),
	(169, 7, 22513047, '#', '2023-12-23 04:16:37'),
	(170, 7, 22513047, '#', '2023-12-23 04:16:37'),
	(171, 7, 22513047, '#', '2023-12-23 04:16:37'),
	(172, 7, 22513047, '#', '2023-12-23 04:16:37'),
	(173, 7, 22513047, '#', '2023-12-23 04:16:37'),
	(174, 7, 22513047, '#', '2023-12-23 04:16:37'),
	(175, 7, 22513047, '#', '2023-12-23 04:16:38'),
	(176, 7, 22513047, '#', '2023-12-23 04:16:38'),
	(177, 7, 22513047, '#', '2023-12-23 04:16:38'),
	(178, 7, 22513047, '#', '2023-12-23 04:16:38'),
	(179, 7, 22513047, '#', '2023-12-23 04:16:38'),
	(180, 7, 22513047, '#', '2023-12-23 04:16:38'),
	(181, 7, 22513047, '#', '2023-12-23 04:16:38'),
	(182, 7, 22513047, '#', '2023-12-23 04:16:38'),
	(183, 7, 22513047, '#', '2023-12-23 04:16:38'),
	(184, 7, 22513047, '#', '2023-12-23 04:16:38'),
	(185, 7, 22513047, '#', '2023-12-23 04:16:38'),
	(186, 7, 22513047, '#', '2023-12-23 04:16:38'),
	(187, 7, 22513047, '#', '2023-12-23 04:16:38'),
	(188, 7, 22513047, '#', '2023-12-23 04:16:38'),
	(189, 7, 22513047, '#', '2023-12-23 04:16:38'),
	(190, 7, 22513047, '#', '2023-12-23 04:16:38'),
	(191, 7, 22513047, '#', '2023-12-23 04:16:38'),
	(192, 7, 22513047, '#', '2023-12-23 04:16:38'),
	(193, 7, 22513047, '#', '2023-12-23 04:16:38'),
	(194, 7, 22513047, '#', '2023-12-23 04:16:38'),
	(195, 7, 22513047, '#', '2023-12-23 04:16:38'),
	(196, 7, 22513047, '#', '2023-12-23 04:16:38'),
	(197, 7, 22513047, '#', '2023-12-23 04:16:38'),
	(198, 7, 22513047, '#', '2023-12-23 04:16:38'),
	(199, 7, 22513047, '#', '2023-12-23 04:16:38'),
	(200, 7, 22513047, '#', '2023-12-23 04:16:38'),
	(201, 7, 22513047, '#', '2023-12-23 04:16:38'),
	(202, 7, 22513047, '#', '2023-12-23 04:16:38'),
	(203, 7, 22513047, '#', '2023-12-23 04:16:38'),
	(204, 7, 22513047, '#', '2023-12-23 04:16:38'),
	(205, 7, 22513047, '#', '2023-12-23 04:16:38'),
	(206, 7, 22513047, '#', '2023-12-23 04:16:39'),
	(207, 7, 22513047, '#', '2023-12-23 04:16:39'),
	(208, 7, 22513047, '#', '2023-12-23 04:16:39'),
	(209, 7, 22513047, '#', '2023-12-23 04:16:39'),
	(210, 7, 22513047, '#', '2023-12-23 04:16:39'),
	(211, 7, 22513047, '#', '2023-12-23 04:16:39'),
	(212, 7, 22513047, '#', '2023-12-23 04:16:39'),
	(213, 7, 22513047, '#', '2023-12-23 04:16:39'),
	(214, 7, 22513047, '#', '2023-12-23 04:16:39'),
	(215, 7, 22513047, '#', '2023-12-23 04:16:39'),
	(216, 7, 22513047, '#', '2023-12-23 04:16:39'),
	(217, 7, 22513047, '#', '2023-12-23 04:16:39'),
	(218, 7, 22513047, '#', '2023-12-23 04:16:39'),
	(219, 7, 22513047, '#', '2023-12-23 04:16:39'),
	(220, 7, 22513047, '#', '2023-12-23 04:16:39'),
	(221, 7, 22513047, '#', '2023-12-23 04:16:39'),
	(222, 7, 22513047, '#', '2023-12-23 04:16:39'),
	(223, 7, 22513047, '#', '2023-12-23 04:16:39'),
	(224, 7, 22513047, '#', '2023-12-23 04:16:39'),
	(225, 7, 22513047, '#', '2023-12-23 04:16:39'),
	(226, 7, 22513047, '#', '2023-12-23 04:16:39'),
	(227, 7, 22513047, '#', '2023-12-23 04:16:39'),
	(228, 7, 22513047, '#', '2023-12-23 04:16:39'),
	(229, 7, 22513047, '#', '2023-12-23 04:16:39'),
	(230, 7, 22513047, '#', '2023-12-23 04:16:39'),
	(231, 7, 22513047, '#', '2023-12-23 04:16:39'),
	(232, 7, 22513047, '#', '2023-12-23 04:16:39'),
	(233, 7, 22513047, '#', '2023-12-23 04:16:39'),
	(234, 7, 22513047, '#', '2023-12-23 04:16:39'),
	(235, 7, 22513047, '#', '2023-12-23 04:16:39'),
	(236, 7, 22513047, '#', '2023-12-23 04:16:40'),
	(237, 7, 22513047, '#', '2023-12-23 04:16:40'),
	(238, 7, 22513047, '#', '2023-12-23 04:16:40'),
	(239, 7, 22513047, '#', '2023-12-23 04:16:40'),
	(240, 7, 22513047, '#', '2023-12-23 04:16:40'),
	(241, 7, 22513047, '#', '2023-12-23 04:16:40'),
	(242, 7, 22513047, '#', '2023-12-23 04:16:40'),
	(243, 7, 22513047, '#', '2023-12-23 04:16:40'),
	(244, 7, 22513047, '#', '2023-12-23 04:16:40'),
	(245, 7, 22513047, '#', '2023-12-23 04:16:40'),
	(246, 7, 22513047, '#', '2023-12-23 04:16:40'),
	(247, 7, 22513047, '#', '2023-12-23 04:16:40'),
	(248, 7, 22513047, '#', '2023-12-23 04:16:40'),
	(249, 7, 22513047, '#', '2023-12-23 04:16:40'),
	(250, 7, 22513047, '#', '2023-12-23 04:16:40'),
	(251, 7, 22513047, '#', '2023-12-23 04:16:40'),
	(252, 7, 22513047, '#', '2023-12-23 04:16:40'),
	(253, 7, 22513047, '#', '2023-12-23 04:16:40'),
	(254, 7, 22513047, '#', '2023-12-23 04:16:40'),
	(255, 7, 22513047, '#', '2023-12-23 04:16:40'),
	(256, 7, 22513047, '#', '2023-12-23 04:16:40'),
	(257, 7, 22513047, '#', '2023-12-23 04:16:40'),
	(258, 7, 22513047, '#', '2023-12-23 04:16:40'),
	(259, 7, 22513047, '#', '2023-12-23 04:16:40'),
	(260, 7, 22513047, '#', '2023-12-23 04:16:40'),
	(261, 7, 22513047, '#', '2023-12-23 04:16:40'),
	(262, 7, 22513047, '#', '2023-12-23 04:16:40'),
	(263, 7, 22513047, '#', '2023-12-23 04:16:40'),
	(264, 7, 22513047, '#', '2023-12-23 04:16:40'),
	(265, 7, 22513047, '#', '2023-12-23 04:16:40'),
	(266, 7, 22513047, '#', '2023-12-23 04:16:41'),
	(267, 7, 22513047, '#', '2023-12-23 04:16:41'),
	(268, 7, 22513047, '#', '2023-12-23 04:16:41'),
	(269, 7, 22513047, '#', '2023-12-23 04:16:41'),
	(270, 7, 22513047, '#', '2023-12-23 04:16:41'),
	(271, 7, 22513047, '#', '2023-12-23 04:16:41'),
	(272, 7, 22513047, '#', '2023-12-23 04:16:41'),
	(273, 7, 22513047, '#', '2023-12-23 04:16:41'),
	(274, 7, 22513047, '#', '2023-12-23 04:16:41'),
	(275, 7, 22513047, '#', '2023-12-23 04:16:41'),
	(276, 7, 22513047, '#', '2023-12-23 04:16:41'),
	(277, 7, 22513047, '#', '2023-12-23 04:16:41'),
	(278, 7, 22513047, '#', '2023-12-23 04:16:41'),
	(279, 7, 22513047, '#', '2023-12-23 04:16:41'),
	(280, 7, 22513047, '#', '2023-12-23 04:16:41'),
	(281, 7, 22513047, '#', '2023-12-23 04:16:41'),
	(282, 7, 22513047, '#', '2023-12-23 04:16:41'),
	(283, 7, 22513047, '#', '2023-12-23 04:16:41'),
	(284, 7, 22513047, '#', '2023-12-23 04:16:41'),
	(285, 7, 22513047, '#', '2023-12-23 04:16:41'),
	(286, 7, 22513047, '#', '2023-12-23 04:16:41'),
	(287, 7, 22513047, '#', '2023-12-23 04:16:41'),
	(288, 7, 22513047, '#', '2023-12-23 04:16:41'),
	(289, 7, 22513047, '#', '2023-12-23 04:16:41'),
	(290, 7, 22513047, '#', '2023-12-23 04:16:41'),
	(291, 7, 22513047, '#', '2023-12-23 04:16:41'),
	(292, 7, 22513047, '#', '2023-12-23 04:16:41'),
	(293, 7, 22513047, '#', '2023-12-23 04:16:41'),
	(294, 7, 22513047, '#', '2023-12-23 04:16:41'),
	(295, 7, 22513047, '#', '2023-12-23 04:16:41'),
	(296, 7, 22513047, '#', '2023-12-23 04:16:41'),
	(297, 7, 22513047, '#', '2023-12-23 04:16:42'),
	(298, 7, 22513047, '#', '2023-12-23 04:16:42'),
	(299, 7, 22513047, '#', '2023-12-23 04:16:42'),
	(300, 7, 22513047, '#', '2023-12-23 04:16:42'),
	(301, 7, 22513047, '#', '2023-12-23 04:16:42'),
	(302, 7, 22513047, '#', '2023-12-23 04:16:42'),
	(303, 7, 22513047, '#', '2023-12-23 04:16:42'),
	(304, 7, 22513047, '#', '2023-12-23 04:16:42'),
	(305, 7, 22513047, '#', '2023-12-23 04:16:42'),
	(306, 7, 22513047, '#', '2023-12-23 04:16:42'),
	(307, 7, 22513047, '#', '2023-12-23 04:16:42'),
	(308, 7, 22513047, '#', '2023-12-23 04:16:42'),
	(309, 7, 22513047, '#', '2023-12-23 04:16:42'),
	(310, 7, 22513047, '#', '2023-12-23 04:16:42'),
	(311, 7, 22513047, '#', '2023-12-23 04:16:42'),
	(312, 7, 22513047, '#', '2023-12-23 04:16:42'),
	(313, 7, 22513047, '#', '2023-12-23 04:16:42'),
	(314, 7, 22513047, '#', '2023-12-23 04:16:42'),
	(315, 7, 22513047, '#', '2023-12-23 04:16:42'),
	(316, 7, 22513047, '#', '2023-12-23 04:16:42'),
	(317, 7, 22513047, '#', '2023-12-23 04:16:42'),
	(318, 7, 22513047, '#', '2023-12-23 04:16:42'),
	(319, 7, 22513047, '#', '2023-12-23 04:16:42'),
	(320, 7, 22513047, '#', '2023-12-23 04:16:42'),
	(321, 7, 22513047, '#', '2023-12-23 04:16:42'),
	(322, 7, 22513047, '#', '2023-12-23 04:16:42'),
	(323, 7, 22513047, '#', '2023-12-23 04:16:42'),
	(324, 7, 22513047, '#', '2023-12-23 04:16:42'),
	(325, 7, 22513047, '#', '2023-12-23 04:16:42'),
	(326, 7, 22513047, '#', '2023-12-23 04:16:42'),
	(327, 7, 22513047, '#', '2023-12-23 04:16:43'),
	(328, 7, 22513047, '#', '2023-12-23 04:16:43'),
	(329, 7, 22513047, '#', '2023-12-23 04:16:43'),
	(330, 7, 22513047, '#', '2023-12-23 04:16:43'),
	(331, 7, 22513047, '#', '2023-12-23 04:16:43'),
	(332, 7, 22513047, '#', '2023-12-23 04:16:43'),
	(333, 7, 22513047, '#', '2023-12-23 04:16:43'),
	(334, 7, 22513047, '#', '2023-12-23 04:16:43'),
	(335, 7, 22513047, '#', '2023-12-23 04:16:43'),
	(336, 7, 22513047, '#', '2023-12-23 04:16:43'),
	(337, 7, 22513047, '#', '2023-12-23 04:16:43'),
	(338, 7, 22513047, '#', '2023-12-23 04:16:43'),
	(339, 7, 22513047, '#', '2023-12-23 04:16:43'),
	(340, 7, 22513047, '#', '2023-12-23 04:16:43'),
	(341, 7, 22513047, '#', '2023-12-23 04:16:43'),
	(342, 7, 22513047, '#', '2023-12-23 04:16:43'),
	(343, 7, 22513047, '#', '2023-12-23 04:16:43'),
	(344, 7, 22513047, '#', '2023-12-23 04:16:43'),
	(345, 7, 22513047, '#', '2023-12-23 04:16:43'),
	(346, 7, 22513047, '#', '2023-12-23 04:16:43'),
	(347, 7, 22513047, '#', '2023-12-23 04:16:43'),
	(348, 7, 22513047, '#', '2023-12-23 04:16:43'),
	(349, 7, 22513047, '#', '2023-12-23 04:16:43'),
	(350, 7, 22513047, '#', '2023-12-23 04:16:43'),
	(351, 7, 22513047, '#', '2023-12-23 04:16:43'),
	(352, 7, 22513047, '#', '2023-12-23 04:16:43'),
	(353, 7, 22513047, '#', '2023-12-23 04:16:43'),
	(354, 7, 22513047, '#', '2023-12-23 04:16:43'),
	(355, 7, 22513047, '#', '2023-12-23 04:16:43'),
	(356, 7, 22513047, '#', '2023-12-23 04:16:43'),
	(357, 7, 22513047, '#', '2023-12-23 04:16:44'),
	(358, 7, 22513047, '#', '2023-12-23 04:16:44'),
	(359, 7, 22513047, '#', '2023-12-23 04:16:44'),
	(360, 7, 22513047, '#', '2023-12-23 04:16:44'),
	(361, 7, 22513047, '#', '2023-12-23 04:16:44'),
	(362, 7, 22513047, '#', '2023-12-23 04:16:44'),
	(363, 7, 22513047, '#', '2023-12-23 04:16:44'),
	(364, 7, 22513047, '#', '2023-12-23 04:16:44'),
	(365, 7, 22513047, '#', '2023-12-23 04:16:44'),
	(366, 7, 22513047, '#', '2023-12-23 04:16:44'),
	(367, 7, 22513047, '#', '2023-12-23 04:16:44'),
	(368, 7, 22513047, '#', '2023-12-23 04:16:44'),
	(369, 7, 22513047, '#', '2023-12-23 04:16:44'),
	(370, 7, 22513047, '#', '2023-12-23 04:16:44'),
	(371, 7, 22513047, '#', '2023-12-23 04:16:44'),
	(372, 7, 22513047, '#', '2023-12-23 04:16:44'),
	(373, 7, 22513047, '#', '2023-12-23 04:16:44'),
	(374, 7, 22513047, '#', '2023-12-23 04:16:44'),
	(375, 7, 22513047, '#', '2023-12-23 04:16:44'),
	(376, 7, 22513047, '#', '2023-12-23 04:16:44'),
	(377, 7, 22513047, '#', '2023-12-23 04:16:44'),
	(378, 7, 22513047, '#', '2023-12-23 04:16:44'),
	(379, 7, 22513047, '#', '2023-12-23 04:16:44'),
	(380, 7, 22513047, '#', '2023-12-23 04:16:44'),
	(381, 7, 22513047, '#', '2023-12-23 04:16:44'),
	(382, 7, 22513047, '#', '2023-12-23 04:16:44'),
	(383, 7, 22513047, '#', '2023-12-23 04:16:44'),
	(384, 7, 22513047, '#', '2023-12-23 04:16:44'),
	(385, 7, 22513047, '#', '2023-12-23 04:16:44'),
	(386, 7, 22513047, '#', '2023-12-23 04:16:44'),
	(387, 7, 22513047, '#', '2023-12-23 04:16:45'),
	(388, 7, 22513047, '#', '2023-12-23 04:16:45'),
	(389, 7, 22513047, '#', '2023-12-23 04:16:45'),
	(390, 7, 22513047, '#', '2023-12-23 04:16:45'),
	(391, 7, 22513047, '#', '2023-12-23 04:16:45'),
	(392, 7, 22513047, '#', '2023-12-23 04:16:45'),
	(393, 7, 22513047, '#', '2023-12-23 04:16:45'),
	(394, 7, 22513047, '#', '2023-12-23 04:16:45'),
	(395, 7, 22513047, '#', '2023-12-23 04:16:45'),
	(396, 7, 22513047, '#', '2023-12-23 04:16:45'),
	(397, 7, 22513047, '#', '2023-12-23 04:16:45'),
	(398, 7, 22513047, '#', '2023-12-23 04:16:45'),
	(399, 7, 22513047, '#', '2023-12-23 04:16:45'),
	(400, 7, 22513047, '#', '2023-12-23 04:16:45'),
	(401, 7, 22513047, '#', '2023-12-23 04:16:45'),
	(402, 7, 22513047, '#', '2023-12-23 04:16:45'),
	(403, 7, 22513047, '#', '2023-12-23 04:16:45'),
	(404, 7, 22513047, '#', '2023-12-23 04:16:45'),
	(405, 7, 22513047, '#', '2023-12-23 04:16:45'),
	(406, 7, 22513047, '#', '2023-12-23 04:16:45'),
	(407, 7, 22513047, '#', '2023-12-23 04:16:45'),
	(408, 7, 22513047, '#', '2023-12-23 04:16:45'),
	(409, 7, 22513047, '#', '2023-12-23 04:16:45'),
	(410, 7, 22513047, '#', '2023-12-23 04:16:45'),
	(411, 7, 22513047, '#', '2023-12-23 04:16:45'),
	(412, 7, 22513047, '#', '2023-12-23 04:16:45'),
	(413, 7, 22513047, '#', '2023-12-23 04:16:45'),
	(414, 7, 22513047, '#', '2023-12-23 04:16:45'),
	(415, 7, 22513047, '#', '2023-12-23 04:16:45'),
	(416, 7, 22513047, '#', '2023-12-23 04:16:45'),
	(417, 7, 22513047, '#', '2023-12-23 04:16:45'),
	(418, 7, 22513047, '#', '2023-12-23 04:16:46'),
	(419, 7, 22513047, '#', '2023-12-23 04:16:46'),
	(420, 7, 22513047, '#', '2023-12-23 04:16:46'),
	(421, 7, 22513047, '#', '2023-12-23 04:16:46'),
	(422, 7, 22513047, '#', '2023-12-23 04:16:46'),
	(423, 7, 22513047, '#', '2023-12-23 04:16:46'),
	(424, 7, 22513047, '#', '2023-12-23 04:16:46'),
	(425, 7, 22513047, '#', '2023-12-23 04:16:46'),
	(426, 7, 22513047, '#', '2023-12-23 04:16:46'),
	(427, 7, 22513047, '#', '2023-12-23 04:16:46'),
	(428, 7, 22513047, '#', '2023-12-23 04:16:46'),
	(429, 7, 22513047, '#', '2023-12-23 04:16:46'),
	(430, 7, 22513047, '#', '2023-12-23 04:16:46'),
	(431, 7, 22513047, '#', '2023-12-23 04:16:46'),
	(432, 7, 22513047, '#', '2023-12-23 04:16:46'),
	(433, 7, 22513047, '#', '2023-12-23 04:16:46'),
	(434, 7, 22513047, '#', '2023-12-23 04:16:46'),
	(435, 7, 22513047, '#', '2023-12-23 04:16:46'),
	(436, 7, 22513047, '#', '2023-12-23 04:16:46'),
	(437, 7, 22513047, '#', '2023-12-23 04:16:46'),
	(438, 7, 22513047, '#', '2023-12-23 04:16:46'),
	(439, 7, 22513047, '#', '2023-12-23 04:16:46'),
	(440, 7, 22513047, '#', '2023-12-23 04:16:46'),
	(441, 7, 22513047, '#', '2023-12-23 04:16:46'),
	(442, 7, 22513047, '#', '2023-12-23 04:16:46'),
	(443, 7, 22513047, '#', '2023-12-23 04:16:46'),
	(444, 7, 22513047, '#', '2023-12-23 04:16:46'),
	(445, 7, 22513047, '#', '2023-12-23 04:16:46'),
	(446, 7, 22513047, '#', '2023-12-23 04:16:46'),
	(447, 7, 22513047, '#', '2023-12-23 04:16:46'),
	(448, 7, 22513047, '#', '2023-12-23 04:16:47'),
	(449, 7, 22513047, '#', '2023-12-23 04:16:47'),
	(450, 7, 22513047, '#', '2023-12-23 04:16:47'),
	(451, 7, 22513047, '#', '2023-12-23 04:16:47'),
	(452, 7, 22513047, '#', '2023-12-23 04:16:47'),
	(453, 7, 22513047, '#', '2023-12-23 04:16:47'),
	(454, 7, 22513047, '#', '2023-12-23 04:16:47'),
	(455, 7, 22513047, '#', '2023-12-23 04:16:47'),
	(456, 7, 22513047, '#', '2023-12-23 04:16:47'),
	(457, 7, 22513047, '#', '2023-12-23 04:16:47'),
	(458, 7, 22513047, '#', '2023-12-23 04:16:47'),
	(459, 7, 22513047, '#', '2023-12-23 04:16:47'),
	(460, 7, 22513047, '#', '2023-12-23 04:16:47'),
	(461, 7, 22513047, '#', '2023-12-23 04:16:47'),
	(462, 7, 22513047, '#', '2023-12-23 04:16:47'),
	(463, 7, 22513047, '#', '2023-12-23 04:16:47'),
	(464, 7, 22513047, '#', '2023-12-23 04:16:47'),
	(465, 7, 22513047, '#', '2023-12-23 04:16:47'),
	(466, 7, 22513047, '#', '2023-12-23 04:16:47'),
	(467, 7, 22513047, '#', '2023-12-23 04:16:47'),
	(468, 7, 22513047, '#', '2023-12-23 04:16:47'),
	(469, 7, 22513047, '#', '2023-12-23 04:16:47'),
	(470, 7, 22513047, '#', '2023-12-23 04:16:47'),
	(471, 7, 22513047, '#', '2023-12-23 04:16:47'),
	(472, 7, 22513047, '#', '2023-12-23 04:16:47'),
	(473, 7, 22513047, '#', '2023-12-23 04:16:47'),
	(474, 7, 22513047, '#', '2023-12-23 04:16:47'),
	(475, 7, 22513047, '#', '2023-12-23 04:16:47'),
	(476, 7, 22513047, '#', '2023-12-23 04:16:47'),
	(477, 7, 22513047, '#', '2023-12-23 04:16:47'),
	(478, 7, 22513047, '#', '2023-12-23 04:16:48'),
	(479, 7, 22513047, '#', '2023-12-23 04:16:48'),
	(480, 7, 22513047, '#', '2023-12-23 04:16:48'),
	(481, 7, 22513047, '#', '2023-12-23 04:16:48'),
	(482, 7, 22513047, '#', '2023-12-23 04:16:48'),
	(483, 7, 22513047, '#', '2023-12-23 04:16:48'),
	(484, 7, 22513047, '#', '2023-12-23 04:16:48'),
	(485, 7, 22513047, '#', '2023-12-23 04:16:48'),
	(486, 7, 22513047, '#', '2023-12-23 04:16:48'),
	(487, 7, 22513047, '#', '2023-12-23 04:16:48'),
	(488, 7, 22513047, '#', '2023-12-23 04:16:48'),
	(489, 7, 22513047, '#', '2023-12-23 04:16:48'),
	(490, 7, 22513047, '#', '2023-12-23 04:16:48'),
	(491, 7, 22513047, '#', '2023-12-23 04:16:48'),
	(492, 7, 22513047, '#', '2023-12-23 04:16:48'),
	(493, 7, 22513047, '#', '2023-12-23 04:16:48'),
	(494, 7, 22513047, '#', '2023-12-23 04:16:48'),
	(495, 7, 22513047, '#', '2023-12-23 04:16:48'),
	(496, 7, 22513047, '#', '2023-12-23 04:16:48'),
	(497, 7, 22513047, '#', '2023-12-23 04:16:48'),
	(498, 7, 22513047, '#', '2023-12-23 04:16:48'),
	(499, 7, 22513047, '#', '2023-12-23 04:16:48'),
	(500, 7, 22513047, '#', '2023-12-23 04:16:48'),
	(501, 7, 22513047, '#', '2023-12-23 04:16:48'),
	(502, 7, 22513047, '#', '2023-12-23 04:16:48'),
	(503, 7, 22513047, '#', '2023-12-23 04:16:48'),
	(504, 7, 22513047, '#', '2023-12-23 04:16:48'),
	(505, 7, 22513047, '#', '2023-12-23 04:16:48'),
	(506, 7, 22513047, '#', '2023-12-23 04:16:48'),
	(507, 7, 22513047, '#', '2023-12-23 04:16:48'),
	(508, 7, 22513047, '#', '2023-12-23 04:16:49'),
	(509, 7, 22513047, '#', '2023-12-23 04:16:49'),
	(510, 7, 22513047, '#', '2023-12-23 04:16:49'),
	(511, 7, 22513047, '#', '2023-12-23 04:16:49'),
	(512, 7, 22513047, '#', '2023-12-23 04:16:49'),
	(513, 7, 22513047, '#', '2023-12-23 04:16:49'),
	(514, 7, 22513047, '#', '2023-12-23 04:16:49'),
	(515, 7, 22513047, '#', '2023-12-23 04:16:49'),
	(516, 7, 22513047, '#', '2023-12-23 04:16:49'),
	(517, 7, 22513047, '#', '2023-12-23 04:16:49'),
	(518, 7, 22513047, '#', '2023-12-23 04:16:49'),
	(519, 7, 22513047, '#', '2023-12-23 04:16:49'),
	(520, 7, 22513047, '#', '2023-12-23 04:16:49'),
	(521, 7, 22513047, '#', '2023-12-23 04:16:49'),
	(522, 7, 22513047, '#', '2023-12-23 04:16:49'),
	(523, 7, 22513047, '#', '2023-12-23 04:16:49'),
	(524, 7, 22513047, '#', '2023-12-23 04:16:49'),
	(525, 7, 22513047, '#', '2023-12-23 04:16:49'),
	(526, 7, 22513047, '#', '2023-12-23 04:16:49'),
	(527, 7, 22513047, '#', '2023-12-23 04:16:49'),
	(528, 7, 22513047, '#', '2023-12-23 04:16:49'),
	(529, 7, 22513047, '#', '2023-12-23 04:16:49'),
	(530, 7, 22513047, '#', '2023-12-23 04:16:49'),
	(531, 7, 22513047, '#', '2023-12-23 04:16:49'),
	(532, 7, 22513047, '#', '2023-12-23 04:16:49'),
	(533, 7, 22513047, '#', '2023-12-23 04:16:49'),
	(534, 7, 22513047, '#', '2023-12-23 04:16:49'),
	(535, 7, 22513047, '#', '2023-12-23 04:16:49'),
	(536, 7, 22513047, '#', '2023-12-23 04:16:49'),
	(537, 7, 22513047, '#', '2023-12-23 04:16:50'),
	(538, 7, 22513047, '#', '2023-12-23 04:16:50'),
	(539, 7, 22513047, '#', '2023-12-23 04:16:50'),
	(540, 7, 22513047, '#', '2023-12-23 04:16:50'),
	(541, 7, 22513047, '#', '2023-12-23 04:16:50'),
	(542, 7, 22513047, '#', '2023-12-23 04:16:50'),
	(543, 7, 22513047, '#', '2023-12-23 04:16:50'),
	(544, 7, 22513047, '#', '2023-12-23 04:16:50'),
	(545, 7, 22513047, '#', '2023-12-23 04:16:50'),
	(546, 7, 22513047, '#', '2023-12-23 04:16:50'),
	(547, 7, 22513047, '#', '2023-12-23 04:16:50'),
	(548, 7, 22513047, '#', '2023-12-23 04:16:50'),
	(549, 7, 22513047, '#', '2023-12-23 04:16:50'),
	(550, 7, 22513047, '#', '2023-12-23 04:16:50'),
	(551, 7, 22513047, '#', '2023-12-23 04:16:50'),
	(552, 7, 22513047, '#', '2023-12-23 04:16:50'),
	(553, 7, 22513047, '#', '2023-12-23 04:16:50');

-- Dumping structure for table pgrp.server_account_phone_contacts
CREATE TABLE IF NOT EXISTS `server_account_phone_contacts` (
  `id` int NOT NULL AUTO_INCREMENT,
  `account_id` int NOT NULL,
  `name` varchar(255) CHARACTER SET armscii8 COLLATE armscii8_bin NOT NULL,
  `number` int NOT NULL,
  `favorite` tinyint(1) NOT NULL,
  PRIMARY KEY (`id`)
) ENGINE=InnoDB AUTO_INCREMENT=15 DEFAULT CHARSET=armscii8 COLLATE=armscii8_bin;

-- Dumping data for table pgrp.server_account_phone_contacts: ~12 rows (approximately)
INSERT INTO `server_account_phone_contacts` (`id`, `account_id`, `name`, `number`, `favorite`) VALUES
	(1, 2, 'Mats', 71625483, 0),
	(2, 2, 'Dean', 12893475, 0),
	(3, 7, 'Mason', 54891732, 1),
	(4, 2, 'Jonny', 29384756, 0),
	(5, 12, 'test', 2332, 0),
	(6, 2, 'Paco', 41578293, 0),
	(7, 6, 'Leroy Matata', -2147483648, 0),
	(8, 14, 'Herbert_Hartnuss', 68423719, 1),
	(10, 35, 'Rene', 1337, 0),
	(11, 47, '78456644', 78456644, 0),
	(13, 2, 'panda', 70285340, 0),
	(14, 2, 'moldino', 97391691, 0);

-- Dumping structure for table pgrp.server_account_reports
CREATE TABLE IF NOT EXISTS `server_account_reports` (
  `id` int NOT NULL AUTO_INCREMENT,
  `account_id` int NOT NULL DEFAULT '0',
  `last_attacker_id` int NOT NULL DEFAULT '0',
  `date` datetime NOT NULL,
  PRIMARY KEY (`id`)
) ENGINE=InnoDB DEFAULT CHARSET=armscii8 COLLATE=armscii8_bin;

-- Dumping data for table pgrp.server_account_reports: ~0 rows (approximately)

-- Dumping structure for table pgrp.server_account_tattoos
CREATE TABLE IF NOT EXISTS `server_account_tattoos` (
  `id` int NOT NULL AUTO_INCREMENT,
  `account_id` int NOT NULL DEFAULT '0',
  `collection` int NOT NULL DEFAULT '0',
  `overlay` int NOT NULL DEFAULT '0',
  PRIMARY KEY (`id`)
) ENGINE=InnoDB AUTO_INCREMENT=28 DEFAULT CHARSET=armscii8 COLLATE=armscii8_bin;

-- Dumping data for table pgrp.server_account_tattoos: ~27 rows (approximately)
INSERT INTO `server_account_tattoos` (`id`, `account_id`, `collection`, `overlay`) VALUES
	(1, 12, 1616273011, 291473683),
	(2, 12, 0, 193320466),
	(3, 12, 1185637852, 1605199232),
	(4, 12, 598190139, -1362677538),
	(5, 3, 598190139, -954202463),
	(6, 12, 987639353, 1923683210),
	(7, 12, 598190139, 1171508689),
	(8, 12, -975527441, 962023066),
	(9, 12, -2086773, 193320466),
	(10, 12, 1616273011, 1404205290),
	(11, 2, 1099237437, 406171399),
	(12, 2, -363871405, -1462570018),
	(13, 12, 598190139, -1128139527),
	(14, 44, 598190139, 1708846359),
	(15, 31, 598190139, 1103130600),
	(16, 44, -1857341013, 575469485),
	(17, 31, 598190139, 420418200),
	(18, 44, 987639353, 1768083405),
	(19, 31, 1616273011, 1832021545),
	(20, 44, -363871405, -770265298),
	(21, 31, 1926256505, 1745422723),
	(22, 44, 1529191571, 718674880),
	(23, 41, 1616273011, -1119221482),
	(24, 41, -363871405, -1873628095),
	(25, 41, -2086773, -1953737187),
	(26, 41, -363871405, -880824798),
	(27, 41, -1719270477, -754981437);

-- Dumping structure for table pgrp.server_account_warns
CREATE TABLE IF NOT EXISTS `server_account_warns` (
  `id` int NOT NULL AUTO_INCREMENT,
  `account_id` int NOT NULL DEFAULT '0',
  `reason` varchar(255) CHARACTER SET armscii8 COLLATE armscii8_bin NOT NULL DEFAULT '0',
  `admin_id` int NOT NULL DEFAULT '0',
  `date` datetime NOT NULL,
  PRIMARY KEY (`id`)
) ENGINE=InnoDB AUTO_INCREMENT=11 DEFAULT CHARSET=armscii8 COLLATE=armscii8_bin;

-- Dumping data for table pgrp.server_account_warns: ~1 rows (approximately)
INSERT INTO `server_account_warns` (`id`, `account_id`, `reason`, `admin_id`, `date`) VALUES
	(10, 37, 'w', 37, '2023-12-27 21:52:00');

-- Dumping structure for table pgrp.server_animations
CREATE TABLE IF NOT EXISTS `server_animations` (
  `id` int NOT NULL AUTO_INCREMENT,
  `label` varchar(255) CHARACTER SET armscii8 COLLATE armscii8_bin NOT NULL,
  `category_id` int NOT NULL,
  `dict` varchar(255) CHARACTER SET armscii8 COLLATE armscii8_bin NOT NULL,
  `name` varchar(255) CHARACTER SET armscii8 COLLATE armscii8_bin NOT NULL,
  `flags` int NOT NULL,
  PRIMARY KEY (`id`)
) ENGINE=InnoDB AUTO_INCREMENT=1000 DEFAULT CHARSET=armscii8 COLLATE=armscii8_bin;

-- Dumping data for table pgrp.server_animations: ~197 rows (approximately)
INSERT INTO `server_animations` (`id`, `label`, `category_id`, `dict`, `name`, `flags`) VALUES
	(24, 'Bauch halten 1', 1, 'amb@code_human_in_car_mp_actions@tit_squeeze@bodhi@rps@base', 'enter', 50),
	(25, 'Bauch halten 2', 1, 'amb@code_human_in_car_mp_actions@tit_squeeze@low@ps@base', 'enter', 50),
	(29, 'Peace 1', 1, 'amb@code_human_in_car_mp_actions@v_sign@bodhi@rds@base', 'enter', 62),
	(30, 'Peace 2', 1, 'amb@code_human_in_car_mp_actions@v_sign@bodhi@rps@base', 'idle_a', 62),
	(31, 'Peace 3', 1, 'amb@code_human_in_car_mp_actions@v_sign@low@ds@base', 'enter', 50),
	(32, 'Peace 4', 1, 'amb@code_human_in_car_mp_actions@v_sign@low@ps@base', 'enter', 50),
	(33, 'Peace 5', 1, 'amb@code_human_in_car_mp_actions@v_sign@std@ds@base', 'enter', 50),
	(34, 'Peace 6', 1, 'amb@code_human_in_car_mp_actions@v_sign@std@ps@base', 'enter', 50),
	(38, 'Wuerfeln 1', 8, 'amb@code_human_in_car_mp_actions@wank@bodhi@rps@', 'idle_a', 55),
	(40, 'Festhalten 1', 1, 'amb@code_human_in_car_mp_actions@wank@low@ds@base', 'enter', 50),
	(42, 'Festhalten 2', 1, 'amb@code_human_in_car_mp_actions@wank@low@ps@base', 'enter', 50),
	(64, 'Gehen laessig', 7, 'amb@code_human_police_crowd_control@base', 'base', 53),
	(65, 'Stehen unschuldig', 2, 'amb@code_human_police_crowd_control@idle_a', 'idle_a', 40),
	(66, 'Stehen beruhigend', 2, 'amb@code_human_police_crowd_control@idle_a', 'idle_b', 48),
	(67, 'Stehen klaerend', 2, 'amb@code_human_police_crowd_control@idle_b', 'idle_d', 40),
	(69, 'Stehen Cop 1', 2, 'amb@code_human_police_investigate@base', 'base', 46),
	(70, 'Stehen Cop 2', 2, 'amb@code_human_police_investigate@idle_a', 'idle_a', 34),
	(71, 'Stehen Cop 3', 2, 'amb@code_human_police_investigate@idle_b', 'idle_d', 38),
	(72, 'Stehen Cop 4', 2, 'amb@code_human_police_investigate@idle_b', 'idle_f', 38),
	(73, 'Stehen Cop 5', 2, 'amb@code_human_police_investigate@idle_intro', 'idle_intro', 46),
	(76, 'Stehen Klemmbrett', 2, 'amb@code_human_wander_clipboard@male@base', 'static', 50),
	(77, 'Gehen Klemmbrett', 7, 'amb@code_human_wander_clipboard@male@idle_a', 'idle_b', 32),
	(78, 'Stehen Glas halten', 2, 'amb@code_human_wander_drinking@beer@female@base', 'static', 43),
	(79, 'Gehen Glas halten/trinken weiblich', 7, 'amb@code_human_wander_drinking@beer@female@idle_a', 'idle_a', 49),
	(80, 'Gehen trinken weiblich', 7, 'amb@code_human_wander_drinking@beer@female@idle_a', 'idle_c', 36),
	(81, 'Stehen Glas halten', 2, 'amb@code_human_wander_drinking@beer@male@base', 'static', 47),
	(82, 'Gehen Glas halten/trinken maennlich', 7, 'amb@code_human_wander_drinking@beer@male@idle_a', 'idle_a', 32),
	(83, 'Gehen trinken maennlich', 7, 'amb@code_human_wander_drinking@beer@male@idle_a', 'idle_c', 51),
	(96, 'Stehen essen halten weiblich', 2, 'amb@code_human_wander_eating_donut@female@base', 'static', 43),
	(97, 'Gehen essen weiblich', 7, 'amb@code_human_wander_eating_donut@female@idle_a', 'idle_b', 32),
	(98, 'Stehen essen halten maennlich', 2, 'amb@code_human_wander_eating_donut@male@base', 'static', 47),
	(99, 'Gehen essen maennlich', 7, 'amb@code_human_wander_eating_donut@male@idle_a', 'idle_c', 44),
	(105, 'Laubblaeser', 8, 'amb@code_human_wander_gardener_leaf_blower@base', 'static', 57),
	(107, 'Gehen umsehen', 7, 'amb@code_human_wander_idles@female@idle_a', 'idle_c_lookaround', 51),
	(108, 'Gehen stolpern', 7, 'amb@code_human_wander_idles@female@idle_b', 'idle_d_trip', 45),
	(109, 'Gehen Uhrzeit beachten', 7, 'amb@code_human_wander_idles@female@idle_b', 'idle_f_checkwatch', 63),
	(110, 'Gehen anstrengend', 7, 'amb@code_human_wander_idles@male@idle_a', 'idle_b_rubnose', 53),
	(111, 'Gehen kratzen', 7, 'amb@code_human_wander_idles@male@idle_b', 'idle_d_eyerub', 49),
	(114, 'Stehen Huefte halten', 2, 'amb@code_human_wander_idles_cop@female@static', 'static', 58),
	(115, 'Gehen gechillt', 7, 'amb@code_human_wander_idles_cop@male@base', 'base', 63),
	(117, 'Gehen Guertel halten', 7, 'amb@code_human_wander_idles_cop@male@idle_a', 'idle_c', 33),
	(118, 'Stehen Guertel halten', 2, 'amb@code_human_wander_idles_cop@male@static', 'static', 51),
	(119, 'Gehen Kopf kratzen', 7, 'amb@code_human_wander_idles_fat@female@idle_a', 'idle_a_hairtouch', 49),
	(121, 'Stehen regungslos weiblich', 2, 'amb@code_human_wander_idles_fat@female@static', 'static', 38),
	(124, 'Stehen regungslos maennlich', 2, 'amb@code_human_wander_idles_fat@male@static', 'static', 38),
	(125, 'Stehen telefonieren weiblich', 2, 'amb@code_human_wander_mobile@female@base', 'static', 41),
	(127, 'Gehen telefonieren veraergert', 7, 'amb@code_human_wander_mobile@female@exit', 'exit', 32),
	(128, 'Gehen telefonieren gechillt', 7, 'amb@code_human_wander_mobile@female@idle_a', 'idle_a', 32),
	(129, 'Telefonieren 1', 8, 'amb@code_human_wander_mobile@male@base', 'static', 58),
	(137, 'Telefonieren 2', 8, 'amb@code_human_wander_mobile_fat@male@base', 'static', 58),
	(141, 'Zur Musik viben', 9, 'amb@code_human_wander_music_listen@female@base', 'static', 41),
	(147, 'Stehen beschaemt 1', 2, 'amb@code_human_wander_rain@female@base', 'static', 33),
	(151, 'Stehen traurig', 2, 'amb@code_human_wander_rain@male_a@base', 'static', 51),
	(152, 'Stehen beschaemt 2', 2, 'amb@code_human_wander_rain@male_a@idle_a', 'idle_a', 58),
	(156, 'Stehen rauchen 1', 2, 'amb@code_human_wander_smoking@female@base', 'static', 35),
	(158, 'Stehen rauchen 2', 2, 'amb@code_human_wander_smoking@male@base', 'static', 35),
	(160, 'Stehen rauchen 3', 2, 'amb@code_human_wander_smoking_fat@female@base', 'static', 62),
	(161, 'Gehen rauchen 1', 7, 'amb@code_human_wander_smoking_fat@female@idle_a', 'idle_c', 53),
	(164, 'Gehen handy tippen 1', 7, 'amb@code_human_wander_texting@female@base', 'static', 59),
	(169, 'Gehen handy tippen 2', 7, 'amb@code_human_wander_texting@male@base', 'static', 59),
	(209, 'Stehen security 1', 2, 'amb@incar@male@security@idle_b', 'idle_d', 54),
	(237, 'Untersuchen 1', 8, 'amb@medic@standing@kneel@enter', 'enter', 48),
	(240, 'Knien 1', 5, 'amb@medic@standing@tendtodead@base', 'base', 46),
	(243, 'Abtasten 1', 8, 'amb@medic@standing@tendtodead@idle_a', 'idle_a', 55),
	(244, 'Notieren 1', 8, 'amb@medic@standing@timeofdeath@base', 'base', 62),
	(245, 'Notieren 2', 8, 'amb@medic@standing@timeofdeath@enter', 'enter', 34),
	(246, 'Notieren 3', 8, 'amb@medic@standing@timeofdeath@exit', 'exit', 60),
	(248, 'Notieren 4', 8, 'amb@medic@standing@timeofdeath@idle_a', 'idle_a', 60),
	(249, 'Notieren 5', 8, 'amb@medic@standing@timeofdeath@idle_a', 'idle_b', 60),
	(263, 'Abtasten 2', 8, 'amb@prop_human_bum_bin@base', 'base', 53),
	(264, 'Abtasten 3', 8, 'amb@prop_human_bum_bin@enter', 'enter', 62),
	(269, 'Anlehnen Gelaender1', 3, 'amb@prop_human_bum_shopping_cart@male@base', 'base', 46),
	(271, 'Anlehnen Gelaender 2', 3, 'amb@prop_human_bum_shopping_cart@male@idle_a', 'idle_a', 42),
	(272, 'Schrauben ueberkopf', 8, 'amb@prop_human_movie_bulb@base', 'base', 63),
	(282, 'Untersuchen 2', 8, 'amb@prop_human_parking_meter@female@base', 'base_female', 49),
	(290, 'Anlehnen Bar 1', 3, 'amb@prop_human_seat_bar@female@elbows_on_bar@base', 'base', 54),
	(301, 'Anlehnen Bar 2', 3, 'amb@prop_human_seat_bar@female@left_elbow_on_bar@base', 'base', 54),
	(307, 'Anlehnen Bar 3', 3, 'amb@prop_human_seat_bar@male@elbows_on_bar@base', 'base', 54),
	(310, 'Anlehnen Bar 4', 3, 'amb@prop_human_seat_bar@male@elbows_on_bar@react_aggressive', 'exit_left_back', 54),
	(326, 'Arme verschraenkt 1', 1, 'amb@prop_human_seat_chair@female@arms_folded@base', 'base', 51),
	(344, 'Stehen inspiriert', 2, 'amb@prop_human_seat_chair@female@proper@base', 'base', 53),
	(530, 'Fernglas', 8, 'amb@world_human_binoculars@male@exit', 'exit', 60),
	(535, 'Schild halten', 8, 'amb@world_human_bum_freeway@male@idle_b', 'idle_d', 54),
	(536, 'Liegen seitlich 2', 6, 'amb@world_human_bum_slumped@male@laying_on_left_side@base', 'base', 39),
	(538, 'Liegen seitlich kratzen', 6, 'amb@world_human_bum_slumped@male@laying_on_left_side@idle_a', 'idle_b', 45),
	(539, 'Liegen seitlich 3', 6, 'amb@world_human_bum_slumped@male@laying_on_right_side@base', 'base', 41),
	(549, 'Haende waschen', 8, 'amb@world_human_bum_wash@male@high@base', 'base', 48),
	(550, 'Haende waschen 2', 8, 'amb@world_human_bum_wash@male@high@idle_a', 'idle_a', 35),
	(551, 'Knien TETET', 5, 'amb@world_human_bum_wash@male@low@base', 'base', 45),
	(552, 'Knien 2', 5, 'amb@world_human_bum_wash@male@low@idle_a', 'idle_a', 41),
	(553, 'Durchwinken 1', 8, 'amb@world_human_car_park_attendant@male@base', 'base', 51),
	(554, 'Durchwinken 2', 8, 'amb@world_human_car_park_attendant@male@idle_a', 'idle_a', 39),
	(555, 'Jubel 1', 8, 'amb@world_human_cheering@female_a', 'base', 53),
	(557, 'Jubel 2', 8, 'amb@world_human_cheering@female_c', 'base', 49),
	(558, 'Klatschen 1', 8, 'amb@world_human_cheering@female_d', 'base', 49),
	(559, 'Klatschen 2', 8, 'amb@world_human_cheering@male_a', 'base', 57),
	(560, 'Jubel 3', 8, 'amb@world_human_cheering@male_b', 'base', 61),
	(561, 'Klatschen 3', 8, 'amb@world_human_cheering@male_d', 'base', 57),
	(563, 'Klemmbrett halten', 8, 'amb@world_human_clipboard@male@base', 'base', 49),
	(564, 'Klemmbrett halten 2', 8, 'amb@world_human_clipboard@male@idle_a', 'idle_c', 49),
	(565, 'Klemmbrett halten 3', 8, 'amb@world_human_clipboard@male@idle_b', 'idle_d', 49),
	(566, 'Presslufthammer 1', 8, 'amb@world_human_const_drill@male@drill@base', 'base', 37),
	(568, 'Guertel halten', 1, 'amb@world_human_cop_idles@female@base', 'base', 58),
	(569, 'Guertel halten 2', 1, 'amb@world_human_cop_idles@female@idle_a', 'idle_b', 59),
	(570, 'Arrogant stehen', 2, 'amb@world_human_cop_idles@female@idle_b', 'idle_e', 57),
	(572, 'Guertel halten 3', 1, 'amb@world_human_cop_idles@male@base', 'base', 49),
	(576, 'Glas halten weiblich', 8, 'amb@world_human_drinking@beer@female@base', 'base', 41),
	(577, 'Glas halten angetrunken', 8, 'amb@world_human_drinking@beer@female@enter', 'enter', 57),
	(579, 'Glas halten aufregen', 8, 'amb@world_human_drinking@beer@female@idle_a', 'idle_f', 49),
	(580, 'Glas halten laessig', 8, 'amb@world_human_drinking@beer@male@base', 'base', 55),
	(583, 'Glas trinken', 8, 'amb@world_human_drinking@beer@male@idle_a', 'idle_a', 61),
	(600, 'Stehen laessig', 2, 'amb@world_human_drug_dealer_hard@male@base', 'base', 57),
	(603, 'Stehen unterhalten', 2, 'amb@world_human_drug_dealer_hard@male@idle_a', 'idle_a', 41),
	(607, 'Ausgraben', 8, 'amb@world_human_gardener_plant@female@base', 'base_female', 35),
	(611, 'Ausgraben 2', 8, 'amb@world_human_gardener_plant@male@base', 'base', 35),
	(616, 'Crossarms Security', 2, 'amb@world_human_golf_player@male@base', 'base', 33),
	(617, 'Crossarms Security 2', 2, 'amb@world_human_golf_player@male@idle_a', 'idle_a', 33),
	(622, 'Gehen umschauen', 7, 'amb@world_human_guard_patrol@male@idle_a', 'idle_a', 57),
	(623, 'Untersuchen', 8, 'amb@world_human_guard_patrol@male@idle_b', 'idle_e', 37),
	(624, 'Hammer', 8, 'amb@world_human_hammering@male@base', 'base', 49),
	(625, 'Hammer umschauen', 8, 'amb@world_human_hammering@male@idle_a', 'idle_a', 41),
	(626, 'Stehen schuechtern', 2, 'amb@world_human_hang_out_street@female_arm_side@base', 'base', 61),
	(629, 'Unterhalten laessig', 8, 'amb@world_human_hang_out_street@female_arm_side@idle_a', 'idle_a', 59),
	(630, 'Arme gekreutzt', 1, 'amb@world_human_hang_out_street@female_arms_crossed@base', 'base', 53),
	(631, 'Arme gekreutzt weiblich', 1, 'amb@world_human_hang_out_street@female_arms_crossed@enter', 'enter', 38),
	(633, 'Arme gekreutzt weiblich 2', 1, 'amb@world_human_hang_out_street@female_arms_crossed@idle_a', 'idle_a', 45),
	(634, 'Stehen schuechtern weiblich', 2, 'amb@world_human_hang_out_street@female_hold_arm@base', 'base', 45),
	(641, 'Unterhalten', 8, 'amb@world_human_hang_out_street@male_a@idle_a', 'idle_a', 45),
	(647, 'Arme verschraenkt', 1, 'amb@world_human_hang_out_street@male_c@base', 'base', 61),
	(650, 'Unterhalten 2', 8, 'amb@world_human_hang_out_street@male_c@idle_a', 'idle_a', 59),
	(652, 'Haende Rucksack', 1, 'amb@world_human_hiker_standing@female@base', 'base', 51),
	(656, 'Besen halten', 8, 'amb@world_human_janitor@male@base', 'base', 61),
	(658, 'Joggen', 8, 'amb@world_human_jog@female@base', 'base', 53),
	(659, 'Joggen 2', 8, 'amb@world_human_jog@female@idle_a', 'idle_a', 61),
	(664, 'Tippeln', 9, 'amb@world_human_jog_standing@female@idle_a', 'idle_a', 43),
	(672, 'Angelehnt trinken', 3, 'amb@world_human_leaning@female@coffee@idle_a', 'idle_a', 47),
	(673, 'Rauchen ', 8, 'amb@world_human_leaning@female@smoke@base', 'base', 62),
	(675, 'Rauchen 2', 8, 'amb@world_human_leaning@female@smoke@idle_a', 'idle_a', 53),
	(676, 'Angelehnt Rauchen', 3, 'amb@world_human_leaning@female@wall@back@hand_up@base', 'base', 46),
	(688, 'Anlehnen laessig', 3, 'amb@world_human_leaning@female@wall@back@holding_elbow@idle_b', 'idle_e', 37),
	(692, 'Anlehnen telefonieren', 3, 'amb@world_human_leaning@female@wall@back@mobile@base', 'base', 46),
	(694, 'Telefonieren', 8, 'amb@world_human_leaning@female@wall@back@mobile@idle_a', 'idle_a', 59),
	(695, 'Anlehnen Tablet', 3, 'amb@world_human_leaning@female@wall@back@texting@base', 'base', 41),
	(697, 'Telefonieren 2', 8, 'amb@world_human_leaning@female@wall@back@texting@exit', 'text_to_call_transition', 50),
	(698, 'Anlehnen Tablet 2', 3, 'amb@world_human_leaning@female@wall@back@texting@idle_a', 'idle_a', 46),
	(699, 'Anlehnen Glas halten', 3, 'amb@world_human_leaning@male@coffee@base', 'base', 45),
	(701, 'Anlehnen trinken', 3, 'amb@world_human_leaning@male@coffee@idle_a', 'idle_a', 39),
	(704, 'Anlehnen trinken 2', 3, 'amb@world_human_leaning@male@wall@back@beer@idle_a', 'idle_b', 37),
	(707, 'Anlehnen laessig 2', 3, 'amb@world_human_leaning@male@wall@back@foot_up@base', 'base', 41),
	(713, 'Vorbeugen Haende kopf', 1, 'amb@world_human_leaning@male@wall@back@foot_up@flee', 'flee_react_front', 62),
	(715, 'Anlehnen laessig 3', 3, 'amb@world_human_leaning@male@wall@back@foot_up@idle_b', 'idle_d', 59),
	(727, 'Crossarms Security 3', 2, 'amb@world_human_leaning@male@wall@back@hands_together@idle_b', 'idle_e', 58),
	(729, 'Anlehnen laessig 4', 3, 'amb@world_human_leaning@male@wall@back@legs_crossed@base', 'base', 46),
	(733, 'Anlehnen laessig 5', 3, 'amb@world_human_leaning@male@wall@back@legs_crossed@idle_b', 'idle_d', 43),
	(740, 'Anlehnen Telefonieren 2', 3, 'amb@world_human_leaning@male@wall@back@mobile@base', 'base', 45),
	(743, 'Anlehnen Telefonieren 3', 3, 'amb@world_human_leaning@male@wall@back@mobile@idle_a', 'idle_a', 33),
	(752, 'Putzen', 8, 'amb@world_human_maid_clean@base', 'base', 43),
	(753, 'Putzen 2', 8, 'amb@world_human_maid_clean@idle_a', 'idle_a', 53),
	(759, 'Handy filmen', 8, 'amb@world_human_mobile_film_shocking@male@base', 'base', 41),
	(763, 'Muskeln zeigen', 1, 'amb@world_human_muscle_flex@arms_at_side@base', 'base', 61),
	(764, 'Dehnen', 8, 'amb@world_human_muscle_flex@arms_at_side@idle_a', 'idle_a', 36),
	(767, 'Langhanteltraining', 8, 'amb@world_human_muscle_free_weights@male@barbell@base', 'base', 37),
	(769, 'Bongos spielen', 8, 'amb@world_human_musician@bongos@male@base', 'base', 51),
	(770, 'Bongos spielen 2', 8, 'amb@world_human_musician@bongos@male@idle_a', 'idle_b', 41),
	(771, 'Gitarre spielen', 8, 'amb@world_human_musician@guitar@male@base', 'base', 43),
	(772, 'Gitarre spielen 2', 8, 'amb@world_human_musician@guitar@male@idle_a', 'idle_a', 37),
	(773, 'Paparazzi', 8, 'amb@world_human_paparazzi@male@base', 'base', 46),
	(776, 'Paparazzi 2', 8, 'amb@world_human_paparazzi@male@idle_a', 'idle_a', 33),
	(777, 'Viben weiblich', 9, 'amb@world_human_partying@female@partying_beer@base', 'base', 33),
	(782, 'An der Theke viben', 9, 'amb@world_human_partying@male@partying_beer@base', 'base', 53),
	(784, 'Modeln weiblich', 1, 'amb@world_human_picnic@female@base', 'base', 37),
	(792, 'Joggen 3', 8, 'amb@world_human_power_walker@female@base', 'base', 61),
	(794, 'Tippeln 2', 9, 'amb@world_human_power_walker@female@static', 'static', 35),
	(795, 'Stehen schuechtern 2', 2, 'amb@world_human_prostitute@cokehead@base', 'base', 45),
	(799, 'Gehen angetrunken', 7, 'amb@world_human_prostitute@crackhooker@base', 'base', 63),
	(803, 'Rauchen 3', 8, 'amb@world_human_prostitute@french@base', 'base', 61),
	(807, 'Arrogant stehen', 2, 'amb@world_human_prostitute@hooker@base', 'base', 37),
	(810, 'Arrogant stehen 2', 2, 'amb@world_human_prostitute@hooker@idle_a', 'idle_a', 35),
	(811, 'Liegestuetze', 8, 'amb@world_human_push_ups@male@base', 'base', 37),
	(923, 'Trommeln', 8, 'amb@code_human_in_car_mp_actions@dance@bodhi@rds@base', 'idle_b', 63),
	(924, 'Trommeln 2', 8, 'amb@code_human_in_car_mp_actions@dance@bodhi@rds@base', 'idle_c', 59),
	(927, 'Trommeln 3', 8, 'amb@code_human_in_car_mp_actions@dance@low@ps@base', 'enter', 45),
	(957, 'Mittelfinger zeigen', 1, 'amb@code_human_in_car_mp_actions@finger@std@ps@base', 'idle_a', 46),
	(960, 'Gangsign 1', 10, 'amb@code_human_in_car_mp_actions@first_person@smoke@std@ds@base', 'enter', 34),
	(962, 'Gangsign 2', 10, 'amb@code_human_in_car_mp_actions@first_person@smoke@std@rds@base', 'enter', 54),
	(966, 'Aergern', 1, 'amb@code_human_in_car_mp_actions@fist_pump@low@base', 'idle_a', 47),
	(975, 'Gangsign 3', 10, 'amb@code_human_in_car_mp_actions@gang_sign_a@bodhi@rds@base', 'idle_a', 50),
	(977, 'Gangsign 4', 10, 'amb@code_human_in_car_mp_actions@gang_sign_a@low@ds@base', 'enter', 58),
	(978, 'Gangsign 5', 10, 'amb@code_human_in_car_mp_actions@gang_sign_a@low@ps@base', 'idle_a', 50),
	(980, 'Gangsign 6', 10, 'amb@code_human_in_car_mp_actions@gang_sign_a@std@ps@base', 'idle_a', 50),
	(983, 'Gangsign 7', 10, 'amb@code_human_in_car_mp_actions@gang_sign_b@low@ds@base', 'enter', 54),
	(984, 'Gangsign 8', 10, 'amb@code_human_in_car_mp_actions@gang_sign_b@low@ps@base', 'idle_a', 61),
	(985, 'Gangsign 9', 10, 'amb@code_human_in_car_mp_actions@gang_sign_b@std@ds@base', 'idle_a', 61),
	(986, 'Gangsign 10', 10, 'amb@code_human_in_car_mp_actions@gang_sign_b@std@ps@base', 'enter', 54),
	(989, 'Hand am Guertel', 1, 'amb@code_human_in_car_mp_actions@grab_crotch@bodhi@rds@base', 'enter', 50),
	(995, 'Grab Crotch', 1, 'amb@code_human_in_car_mp_actions@grab_crotch@low@ps@base', 'enter', 50),
	(996, 'Sack kratzen', 1, 'amb@code_human_in_car_mp_actions@grab_crotch@std@ds@base', 'idle_a', 49);

-- Dumping structure for table pgrp.server_animation_categories
CREATE TABLE IF NOT EXISTS `server_animation_categories` (
  `id` int NOT NULL AUTO_INCREMENT,
  `label` varchar(255) CHARACTER SET armscii8 COLLATE armscii8_bin NOT NULL,
  PRIMARY KEY (`id`)
) ENGINE=InnoDB AUTO_INCREMENT=41 DEFAULT CHARSET=armscii8 COLLATE=armscii8_bin;

-- Dumping data for table pgrp.server_animation_categories: ~11 rows (approximately)
INSERT INTO `server_animation_categories` (`id`, `label`) VALUES
	(1, 'Gesten'),
	(2, 'Stehen'),
	(3, 'Anlehnen'),
	(4, 'Sitzen'),
	(5, 'Knien'),
	(6, 'Liegen'),
	(7, 'Gehen'),
	(8, 'Aktivitaeten'),
	(9, 'Taenze'),
	(10, 'Gangsigns'),
	(11, 'Festhalten');

-- Dumping structure for table pgrp.server_banks
CREATE TABLE IF NOT EXISTS `server_banks` (
  `id` int NOT NULL AUTO_INCREMENT,
  `name` varchar(255) CHARACTER SET armscii8 COLLATE armscii8_bin NOT NULL DEFAULT '0',
  `position_id` int NOT NULL DEFAULT '0',
  `type` int NOT NULL DEFAULT '0',
  PRIMARY KEY (`id`)
) ENGINE=InnoDB AUTO_INCREMENT=119 DEFAULT CHARSET=armscii8 COLLATE=armscii8_bin;

-- Dumping data for table pgrp.server_banks: ~117 rows (approximately)
INSERT INTO `server_banks` (`id`, `name`, `position_id`, `type`) VALUES
	(1, 'Staatsbank', 484, 1),
	(2, 'Pillbox Fleeca Bank', 485, 1),
	(3, 'Rockford Fleeca Bank', 486, 1),
	(4, 'Burton Fleeca Bank', 487, 1),
	(5, 'West Highway Fleeca Bank', 488, 1),
	(6, 'Sandy Shores Fleeca Bank', 489, 1),
	(7, 'Paleto Bay Fleeca Bank', 490, 1),
	(8, 'Vinewood Fleeca Bank', 491, 1),
	(10, 'ATM', 1010, 0),
	(11, 'ATM', 1012, 0),
	(12, 'ATM', 1014, 0),
	(13, 'ATM', 1019, 0),
	(14, 'ATM', 1020, 0),
	(15, 'ATM', 2537, 0),
	(16, 'ATM', 2538, 0),
	(17, 'ATM', 2539, 0),
	(18, 'ATM', 2540, 0),
	(19, 'ATM', 2541, 0),
	(20, 'ATM', 2542, 0),
	(21, 'ATM', 2543, 0),
	(22, 'ATM', 2544, 0),
	(23, 'ATM', 2545, 0),
	(24, 'ATM', 2546, 0),
	(25, 'ATM', 2547, 0),
	(26, 'ATM', 2548, 0),
	(27, 'ATM', 2549, 0),
	(28, 'ATM', 2550, 0),
	(29, 'ATM', 2551, 0),
	(30, 'ATM', 2552, 0),
	(31, 'ATM', 2553, 0),
	(32, 'ATM', 2554, 0),
	(33, 'ATM', 2555, 0),
	(34, 'ATM', 2556, 0),
	(35, 'ATM', 2557, 0),
	(36, 'ATM', 2558, 0),
	(37, 'ATM', 2559, 0),
	(38, 'ATM', 2560, 0),
	(39, 'ATM', 2561, 0),
	(40, 'ATM', 2562, 0),
	(41, 'ATM', 2563, 0),
	(42, 'ATM', 2564, 0),
	(43, 'ATM', 2565, 0),
	(44, 'ATM', 2566, 0),
	(45, 'ATM', 2567, 0),
	(46, 'ATM', 2568, 0),
	(47, 'ATM', 2569, 0),
	(48, 'ATM', 2570, 0),
	(49, 'ATM', 2571, 0),
	(50, 'ATM', 2572, 0),
	(51, 'ATM', 2573, 0),
	(52, 'ATM', 2574, 0),
	(53, 'ATM', 2575, 0),
	(54, 'ATM', 2576, 0),
	(55, 'ATM', 2577, 0),
	(56, 'ATM', 2578, 0),
	(57, 'ATM', 2579, 0),
	(58, 'ATM', 2580, 0),
	(59, 'ATM', 2581, 0),
	(60, 'ATM', 2582, 0),
	(61, 'ATM', 2583, 0),
	(62, 'ATM', 2584, 0),
	(63, 'ATM', 2585, 0),
	(64, 'ATM', 2586, 0),
	(65, 'ATM', 2587, 0),
	(66, 'ATM', 2588, 0),
	(67, 'ATM', 2589, 0),
	(68, 'ATM', 2590, 0),
	(69, 'ATM', 2591, 0),
	(70, 'ATM', 2592, 0),
	(71, 'ATM', 2593, 0),
	(72, 'ATM', 2594, 0),
	(73, 'ATM', 2595, 0),
	(74, 'ATM', 2596, 0),
	(75, 'ATM', 2597, 0),
	(76, 'ATM', 2599, 0),
	(77, 'ATM', 2600, 0),
	(78, 'ATM', 2601, 0),
	(79, 'ATM', 2602, 0),
	(80, 'ATM', 2603, 0),
	(81, 'ATM', 2604, 0),
	(82, 'ATM', 2605, 0),
	(83, 'ATM', 2606, 0),
	(84, 'ATM', 2607, 0),
	(85, 'ATM', 2608, 0),
	(86, 'ATM', 2609, 0),
	(87, 'ATM', 2610, 0),
	(88, 'ATM', 2611, 0),
	(89, 'ATM', 2612, 0),
	(90, 'ATM', 2613, 0),
	(91, 'ATM', 2614, 0),
	(92, 'ATM', 2615, 0),
	(93, 'ATM', 2616, 0),
	(94, 'ATM', 2617, 0),
	(95, 'ATM', 2618, 0),
	(96, 'ATM', 2619, 0),
	(97, 'ATM', 2620, 0),
	(98, 'ATM', 2622, 0),
	(99, 'ATM', 2623, 0),
	(100, 'ATM', 2624, 0),
	(101, 'ATM', 2625, 0),
	(102, 'ATM', 3099, 0),
	(103, 'ATM', 3100, 0),
	(104, 'ATM', 3111, 0),
	(105, 'ATM', 3113, 0),
	(106, 'ATM', 3114, 0),
	(107, 'ATM', 3115, 0),
	(108, 'ATM', 3307, 0),
	(109, 'ATM', 3636, 0),
	(110, 'ATM', 3637, 0),
	(111, 'ATM', 3638, 0),
	(112, 'ATM', 3639, 0),
	(113, 'ATM', 3640, 0),
	(114, 'ATM', 3641, 0),
	(115, 'ATM', 3642, 0),
	(116, 'ATM', 3643, 0),
	(117, 'ATM', 3646, 0),
	(118, 'ATM', 3647, 0);

-- Dumping structure for table pgrp.server_bank_history
CREATE TABLE IF NOT EXISTS `server_bank_history` (
  `id` int NOT NULL AUTO_INCREMENT,
  `account_id` int NOT NULL,
  `name` varchar(255) CHARACTER SET armscii8 COLLATE armscii8_bin NOT NULL,
  `bank_name` varchar(255) CHARACTER SET armscii8 COLLATE armscii8_bin NOT NULL,
  `type` int NOT NULL,
  `withdraw` tinyint(1) NOT NULL,
  `amount` int NOT NULL,
  `date` datetime NOT NULL,
  PRIMARY KEY (`id`)
) ENGINE=InnoDB AUTO_INCREMENT=835 DEFAULT CHARSET=armscii8 COLLATE=armscii8_bin;

-- Dumping data for table pgrp.server_bank_history: ~1 rows (approximately)
INSERT INTO `server_bank_history` (`id`, `account_id`, `name`, `bank_name`, `type`, `withdraw`, `amount`, `date`) VALUES
	(834, 12, 'Jonny_Benzo', 'Gehalt', 0, 0, 5060, '2023-12-31 02:34:03');

-- Dumping structure for table pgrp.server_barbers
CREATE TABLE IF NOT EXISTS `server_barbers` (
  `id` int NOT NULL AUTO_INCREMENT,
  `position_id` int DEFAULT '0',
  PRIMARY KEY (`id`)
) ENGINE=InnoDB AUTO_INCREMENT=8 DEFAULT CHARSET=armscii8 COLLATE=armscii8_bin;

-- Dumping data for table pgrp.server_barbers: ~7 rows (approximately)
INSERT INTO `server_barbers` (`id`, `position_id`) VALUES
	(1, 2681),
	(2, 2682),
	(3, 2683),
	(4, 2684),
	(5, 2685),
	(6, 2686),
	(7, 2687);

-- Dumping structure for table pgrp.server_barber_beards
CREATE TABLE IF NOT EXISTS `server_barber_beards` (
  `id` int NOT NULL AUTO_INCREMENT,
  `barber_id` int NOT NULL DEFAULT '0',
  `label` varchar(255) CHARACTER SET armscii8 COLLATE armscii8_bin NOT NULL DEFAULT '0',
  `value` int NOT NULL DEFAULT '0',
  `price` int NOT NULL DEFAULT '0',
  `gender` int NOT NULL DEFAULT '0',
  PRIMARY KEY (`id`)
) ENGINE=InnoDB AUTO_INCREMENT=2 DEFAULT CHARSET=armscii8 COLLATE=armscii8_bin;

-- Dumping data for table pgrp.server_barber_beards: ~1 rows (approximately)
INSERT INTO `server_barber_beards` (`id`, `barber_id`, `label`, `value`, `price`, `gender`) VALUES
	(1, 0, 'Test', 1, 100, 1);

-- Dumping structure for table pgrp.server_barber_colors
CREATE TABLE IF NOT EXISTS `server_barber_colors` (
  `id` int NOT NULL AUTO_INCREMENT,
  `hex_color` varchar(255) CHARACTER SET armscii8 COLLATE armscii8_bin NOT NULL DEFAULT '0',
  `value` int NOT NULL DEFAULT (0),
  `price` int NOT NULL DEFAULT (0),
  PRIMARY KEY (`id`)
) ENGINE=InnoDB AUTO_INCREMENT=12 DEFAULT CHARSET=armscii8 COLLATE=armscii8_bin;

-- Dumping data for table pgrp.server_barber_colors: ~11 rows (approximately)
INSERT INTO `server_barber_colors` (`id`, `hex_color`, `value`, `price`) VALUES
	(1, '#1c1f21', 0, 50),
	(2, '#272a2c', 1, 50),
	(3, '#312e2c', 2, 50),
	(4, '#35261c', 3, 50),
	(5, '#4b321f	', 4, 50),
	(6, '#5c3b24', 5, 50),
	(7, '#6d4c35', 6, 50),
	(8, '#6b503b', 7, 50),
	(9, '#765c45', 8, 50),
	(10, '#7f684e', 9, 50),
	(11, '#99815d', 10, 50);

-- Dumping structure for table pgrp.server_barber_styles
CREATE TABLE IF NOT EXISTS `server_barber_styles` (
  `id` int NOT NULL AUTO_INCREMENT,
  `barber_id` int NOT NULL DEFAULT (0),
  `label` varchar(255) CHARACTER SET armscii8 COLLATE armscii8_bin NOT NULL DEFAULT '0',
  `value` int NOT NULL DEFAULT (0),
  `dlc` int unsigned NOT NULL DEFAULT '0',
  `price` int NOT NULL DEFAULT (0),
  `gender` int NOT NULL DEFAULT '0',
  PRIMARY KEY (`id`)
) ENGINE=InnoDB AUTO_INCREMENT=91 DEFAULT CHARSET=armscii8 COLLATE=armscii8_bin;

-- Dumping data for table pgrp.server_barber_styles: ~90 rows (approximately)
INSERT INTO `server_barber_styles` (`id`, `barber_id`, `label`, `value`, `dlc`, `price`, `gender`) VALUES
	(1, 1, 'Eins', 1, 0, 100, 1),
	(2, 1, 'Zwei', 2, 0, 100, 1),
	(3, 1, 'Drei', 3, 0, 100, 1),
	(4, 1, 'Glatze', 0, 0, 450, 1),
	(5, 2, 'Buzzcut', 1, 0, 450, 1),
	(6, 3, 'Hochgegelt', 2, 0, 450, 1),
	(7, 4, 'Seiten_Null', 3, 0, 450, 1),
	(8, 1, 'Hohe_Stirn', 4, 0, 450, 1),
	(9, 6, 'Geheimratsecken', 5, 0, 450, 1),
	(10, 6, 'Punkfrisur', 6, 0, 450, 1),
	(11, 2, 'Zopf', 7, 0, 450, 1),
	(12, 5, 'Dreadlocks_1', 8, 0, 450, 1),
	(13, 2, 'Normal', 10, 0, 450, 1),
	(14, 4, 'Hochgegelt_2', 11, 0, 450, 1),
	(15, 1, 'Frenchcrop', 12, 0, 450, 1),
	(16, 4, 'Lange_Dreadlocks', 14, 0, 450, 1),
	(17, 1, 'Mittelscheitel', 15, 0, 450, 1),
	(18, 6, 'Lockenkopf', 16, 0, 450, 1),
	(19, 2, 'Langhaar_Gekemmt', 17, 0, 450, 1),
	(20, 1, 'Seitenscheitel', 18, 0, 450, 1),
	(21, 2, 'Business', 19, 0, 450, 1),
	(22, 5, 'Lang_Seitenscheitel', 20, 0, 450, 1),
	(23, 4, 'Seiten_Null_Hochgegelt', 21, 0, 450, 1),
	(24, 6, 'Vokuhila', 22, 0, 450, 1),
	(25, 7, 'Dreadlocks_3', 24, 0, 450, 1),
	(26, 7, 'Dreadlocks_4', 25, 0, 450, 1),
	(27, 7, 'Dreadlocks_5', 26, 0, 450, 1),
	(28, 7, 'Dreadlocks_6', 27, 0, 450, 1),
	(29, 7, 'Dreadlocks_7', 28, 0, 450, 1),
	(30, 7, 'Dreadlocks_8', 29, 0, 450, 1),
	(31, 4, 'Topfschnitt', 30, 0, 450, 1),
	(32, 3, 'Italienisch', 31, 0, 450, 1),
	(33, 5, 'Seiten_Null_Nach_Hinten', 32, 0, 450, 1),
	(34, 6, 'Irokesenschnitt', 34, 0, 450, 1),
	(35, 7, 'Ungepflegt', 35, 0, 450, 1),
	(36, 2, 'Mittelscheitel_Lang', 36, 0, 450, 1),
	(37, 4, 'Mittelscheitel_Lang', 36, 0, 450, 1),
	(38, 2, 'Elvis', 74, 0, 450, 1),
	(39, 2, 'Glatze', 0, 0, 450, 0),
	(40, 2, 'Seitenscheitel', 1, 0, 450, 0),
	(41, 2, 'Seitenscheitel_2', 2, 0, 450, 0),
	(42, 2, 'Zoepfe', 3, 0, 450, 0),
	(43, 2, 'Pony', 4, 0, 450, 0),
	(44, 2, 'Undercut', 5, 0, 450, 0),
	(45, 2, 'Glatze', 1, 0, 450, 0),
	(46, 1, 'Glatze', 0, 0, 450, 0),
	(47, 1, 'Dreadlocks', 6, 0, 450, 0),
	(48, 1, 'Kurzhaar_Seitlich', 1, 0, 450, 0),
	(49, 1, 'Kurzhaar_Seitlich_Glatt', 2, 0, 450, 0),
	(50, 1, 'Gepflochten_Vorne', 3, 0, 450, 0),
	(51, 1, 'Zopf_mit_Pony', 4, 0, 450, 0),
	(52, 2, 'Kurzhaar_Gelockt', 5, 0, 450, 0),
	(53, 1, 'Dreads_Zopf', 6, 0, 450, 0),
	(54, 1, 'Kurzhaar_Pony', 7, 0, 450, 0),
	(55, 1, 'Side_Cut_Oben', 8, 0, 450, 0),
	(56, 1, 'Hochsteckfrisur_Glatt', 9, 0, 450, 0),
	(57, 1, 'Bob_Glatt', 10, 0, 450, 0),
	(58, 1, 'Dutt_Tief', 11, 0, 450, 0),
	(59, 1, 'Sidecut_Glatt', 12, 0, 450, 0),
	(60, 1, 'Kurze_Seiten_Oben_Lang', 13, 0, 450, 0),
	(61, 1, 'Dutt_Hoch', 14, 0, 450, 0),
	(62, 1, 'Bob', 15, 0, 450, 0),
	(63, 1, 'Hochsteck_Wellig', 16, 0, 450, 0),
	(64, 1, 'Dutt_Oben_Pony', 17, 0, 450, 0),
	(65, 1, 'Bob_Pony_Feder', 18, 0, 450, 0),
	(66, 1, 'Afro', 20, 0, 450, 0),
	(67, 1, 'Bob_Lockig', 21, 0, 450, 0),
	(68, 1, 'Dreads_Dutt', 22, 0, 450, 0),
	(69, 1, 'Vokuhila', 23, 0, 450, 0),
	(70, 1, 'Braids_Einfach', 25, 0, 450, 0),
	(71, 1, 'Braids_Muster', 27, 0, 450, 0),
	(72, 1, 'Braids_Hochsteck', 29, 0, 450, 0),
	(73, 1, 'Braids_Oben', 30, 0, 450, 0),
	(74, 1, 'Zopf_Welle_Oben', 31, 0, 450, 0),
	(75, 1, 'Irokese_Seitlich', 34, 0, 450, 0),
	(76, 1, 'Irokese', 35, 0, 450, 0),
	(77, 1, 'Gepflochten_Vorne_Stirnband', 36, 0, 450, 0),
	(78, 1, 'Vone_Lang_Hinten_Kurz', 37, 0, 450, 0),
	(79, 1, 'Vorne_Lang_Hinten_Kurz', 37, 0, 450, 0),
	(80, 1, 'Kurzhaar_Mittelscheitel', 38, 0, 450, 0),
	(81, 1, 'Kurzhaar_Seitenscheitel', 39, 0, 450, 0),
	(82, 1, 'Kurzhaar_Rechtsscheitel', 40, 0, 450, 0),
	(83, 1, 'Zopf_Seitenscheitel', 42, 0, 450, 0),
	(84, 1, 'Seitliche_Braids_Oben_Lang', 43, 0, 450, 0),
	(85, 1, 'Braids_Zopf_Seitlich', 44, 0, 450, 0),
	(86, 1, 'Kurzer_Bob_Pony', 45, 0, 450, 0),
	(87, 1, 'Tiefer_Dutt_Glatt', 76, 0, 450, 0),
	(88, 1, 'Haarrolle_Oben', 78, 0, 450, 0),
	(89, 1, 'Afro_Rund', 79, 0, 450, 0),
	(90, 1, 'Kurzhaar_Locken', 80, 0, 450, 0);

-- Dumping structure for table pgrp.server_blips
CREATE TABLE IF NOT EXISTS `server_blips` (
  `id` int NOT NULL AUTO_INCREMENT,
  `name` varchar(255) CHARACTER SET armscii8 COLLATE armscii8_bin NOT NULL,
  `position_id` int NOT NULL,
  `sprite` int NOT NULL,
  `color` int NOT NULL,
  `short_range` tinyint(1) NOT NULL,
  PRIMARY KEY (`id`)
) ENGINE=InnoDB AUTO_INCREMENT=8 DEFAULT CHARSET=armscii8 COLLATE=armscii8_bin;

-- Dumping data for table pgrp.server_blips: ~7 rows (approximately)
INSERT INTO `server_blips` (`id`, `name`, `position_id`, `sprite`, `color`, `short_range`) VALUES
	(1, 'Los Santos Polce Department', 353, 60, 38, 1),
	(2, 'Aramidfeld', 3439, 164, 16, 1),
	(3, 'Kevlarverarbeiter', 3440, 164, 16, 1),
	(4, 'Westenworkbench', 3441, 164, 16, 1),
	(5, 'Erdbeerfeld', 3442, 164, 1, 1),
	(6, 'Marmeladenverarbeiter', 3443, 164, 1, 1),
	(7, 'Schoenheitsklinik', 3843, 279, 1, 1);

-- Dumping structure for table pgrp.server_case_loot
CREATE TABLE IF NOT EXISTS `server_case_loot` (
  `id` int NOT NULL AUTO_INCREMENT,
  `case_id` int NOT NULL DEFAULT '0',
  `item_id` int NOT NULL DEFAULT '0',
  `item_amount` int NOT NULL DEFAULT '0',
  `probability` float NOT NULL DEFAULT (0),
  PRIMARY KEY (`id`)
) ENGINE=InnoDB DEFAULT CHARSET=armscii8 COLLATE=armscii8_bin;

-- Dumping data for table pgrp.server_case_loot: ~0 rows (approximately)

-- Dumping structure for table pgrp.server_clothesshops
CREATE TABLE IF NOT EXISTS `server_clothesshops` (
  `id` int NOT NULL AUTO_INCREMENT,
  `name` varchar(255) CHARACTER SET armscii8 COLLATE armscii8_bin NOT NULL,
  `position_id` int NOT NULL,
  `type` int NOT NULL,
  PRIMARY KEY (`id`)
) ENGINE=InnoDB AUTO_INCREMENT=17 DEFAULT CHARSET=armscii8 COLLATE=armscii8_bin;

-- Dumping data for table pgrp.server_clothesshops: ~16 rows (approximately)
INSERT INTO `server_clothesshops` (`id`, `name`, `position_id`, `type`) VALUES
	(1, 'Davis Shop', 327, 0),
	(2, 'Harmony Shop', 335, 0),
	(3, 'Route68 Shop', 336, 0),
	(4, 'Paleto Bay Shop', 337, 0),
	(5, 'Grapeseed Shop', 338, 0),
	(6, 'Westhighway Shop', 339, 0),
	(7, 'Vespucci Shop', 340, 0),
	(8, 'Rockford Plaza Shop', 341, 0),
	(9, 'Vinewood Shop', 342, 0),
	(10, 'Schneweiss Kleidungsladen', 344, 0),
	(11, 'PD Shop', 346, 0),
	(12, 'Rockford Shop', 347, 0),
	(13, 'Del Perro Shop', 348, 0),
	(14, 'Hut Laden Mission Row', 360, 1),
	(15, 'Masken Laden', 362, 2),
	(16, 'Juwelier', 438, 0);

-- Dumping structure for table pgrp.server_clothesshop_items
CREATE TABLE IF NOT EXISTS `server_clothesshop_items` (
  `id` int NOT NULL AUTO_INCREMENT,
  `label` varchar(255) CHARACTER SET armscii8 COLLATE armscii8_bin NOT NULL,
  `component` int NOT NULL,
  `drawable` int NOT NULL,
  `texture` int NOT NULL,
  `dlc` int NOT NULL DEFAULT '0',
  `prop` tinyint(1) NOT NULL DEFAULT '0',
  `shop_id` int NOT NULL,
  `price` int NOT NULL,
  `gender` int NOT NULL,
  PRIMARY KEY (`id`)
) ENGINE=InnoDB AUTO_INCREMENT=6248 DEFAULT CHARSET=armscii8 COLLATE=armscii8_bin;

-- Dumping data for table pgrp.server_clothesshop_items: ~0 rows (approximately)

-- Dumping structure for table pgrp.server_crimes
CREATE TABLE IF NOT EXISTS `server_crimes` (
  `id` int NOT NULL AUTO_INCREMENT,
  `label` varchar(255) CHARACTER SET armscii8 COLLATE armscii8_bin NOT NULL,
  `group_id` int NOT NULL,
  `jailtime` int NOT NULL,
  `fine` int NOT NULL,
  PRIMARY KEY (`id`)
) ENGINE=InnoDB AUTO_INCREMENT=126 DEFAULT CHARSET=armscii8 COLLATE=armscii8_bin;

-- Dumping data for table pgrp.server_crimes: ~124 rows (approximately)
INSERT INTO `server_crimes` (`id`, `label`, `group_id`, `jailtime`, `fine`) VALUES
	(1, '1.1 Geschwindigkeitsueberschreitung 1 - 20km/h', 1, 0, 1000),
	(2, '1.2 Geschwindigkeitsueberschreitung 21-50km/h', 1, 0, 1500),
	(3, '1.3 Geschwindigkeitsueberschreitung 51-100km/h', 1, 0, 2000),
	(4, '1.4 Geschwindigkeitsueberschreitung 100km/h+', 1, 0, 2500),
	(5, '2.1 Fuehren eines Kraftfahrzeugs ohne Lizenz', 2, 0, 3000),
	(6, '2.2 Fuehren eines Wasserfahrzeugs ohne Lizenz', 2, 0, 3000),
	(7, '2.3 Fuehren eines Luftfahrzeugs ohne Lizenz', 2, 0, 3000),
	(8, '2.4 Besitz einer gefaelschten Lizenz', 2, 10, 3500),
	(9, '2.5 Besitz mehrerer gefaelschten Lizenzen', 2, 15, 4000),
	(10, '3.1 Gefaehrlicher Eingriff in den Strassenverkehr', 4, 20, 5000),
	(11, '3.2 Falschparken', 4, 0, 1000),
	(12, '3.3 Allgemeine Verkehrsbehinderung', 4, 0, 1500),
	(13, '3.4 Fahren entgegen der Fahrtrichtung', 4, 0, 2500),
	(14, '3.5 Fahren abseits der Strasse', 4, 0, 2500),
	(15, '3.6 Fahren unter Alkohol- oder Drogeneinfluss', 4, 15, 5000),
	(16, '3.7 Nichtbeachten von Sondersignalen/Rettungsfahrzeugen', 4, 0, 3500),
	(17, '3.8 Fahrlaessiges verursachen eines Unfalls', 4, 0, 5000),
	(18, '3.9 Fahrerflucht', 4, 0, 5000),
	(19, '3.10 Handynutzung waehrend der Fahrt', 4, 0, 1500),
	(20, '3.11 Missachtung der Vorfahrtsregeln', 4, 0, 2000),
	(21, '3.12 Betreibung eines fahruntuechtigen Fahrzeugs', 4, 0, 2000),
	(22, '3.13 Mitfuehrpflicht fuer Verbandskasten und Reparaturkit missachtet', 4, 0, 3500),
	(23, '3.14 Rechtsfahrgebot missachtet', 4, 0, 1500),
	(24, '3.15 Fahren ohne Beleuchtungseinrichtung', 4, 0, 1000),
	(25, '3.16 Fahren ohne Zulassung', 4, 0, 1500),
	(26, '3.17 Fahren mit gefaelschtem Kennzeichen', 4, 0, 4000),
	(27, '3.18 Fahren ohne gueltige Erste-Hilfe Lizenz', 4, 0, 2500),
	(28, '3.19 Kostenpflichtige Entfernung der Parkkralle', 4, 0, 3500),
	(29, '3.20 Fahren mit nicht gueltigem Kennzeichen', 4, 0, 2500),
	(30, '4.1 Landen auf nicht genehmigten Flaechen', 5, 0, 3000),
	(31, '4.2 Nichteinhalten der Mindestflughoehe', 5, 0, 2500),
	(32, '4.3 Fallschirmspringen ueber einer Stadt ohne Genehmigung', 5, 0, 2500),
	(33, '4.4 Betreibung eines fluguntuechtigen Luftfahrzeugs', 5, 0, 3500),
	(34, '4.5 Gefaehrlicher Eingriff in den Flugverkehr', 5, 35, 5000),
	(35, '1.1 Drogenbesitz an der Person', 6, 20, 3000),
	(36, '1.2 Drogenbesitz KFZ/Flugfahrzeug/Wasserfahrzeug', 6, 20, 3500),
	(37, '1.3 Drogenbesitz im Haus', 6, 20, 3000),
	(38, '1.4 Drogenbesitz groessere Menge', 6, 35, 4500),
	(39, '1.5 Drogenhandel', 6, 35, 3500),
	(40, '1.6 Anbau und/oder Herstellung von Drogen', 6, 35, 4500),
	(41, '1.7 Drogenkonsum', 6, 10, 3000),
	(42, '1.1 Betreiben eines nicht registrierten Gewerbe', 7, 15, 15000),
	(43, '1.2 Straffaellig als Gewerbetreiber', 7, 15, 14500),
	(44, '1.3 Gefaelschte Buchhaltung', 7, 20, 14500),
	(45, '1.4 Steuerhinterziehung', 7, 20, 15000),
	(46, '1.1 Diebstahl', 8, 10, 6000),
	(47, '1.2 Raub', 8, 15, 6000),
	(48, '1.3 Schwerer Raub', 8, 25, 8000),
	(49, '1.4 Betrug', 8, 10, 4500),
	(50, '1.5 Schwerer Betrug', 8, 25, 4000),
	(51, '1.6 Bestechung von Staatsbeamten', 8, 20, 3000),
	(52, '1.7 Erpressung', 8, 25, 4000),
	(53, '1.8 Errichten einer Illegalen Strassenblockade', 8, 15, 3500),
	(54, '1.9 Besitz von Staatseigentum', 8, 35, 8000),
	(55, '1.10 Besitz Illegaler Gegenstaende', 8, 15, 4500),
	(56, '1.11 Besitz Illegaler Gegenstaende (groessere Menge)', 8, 25, 5000),
	(57, '1.12 Handel mit Illegalen Gegenstaenden ', 8, 20, 5500),
	(58, '1.13 Handel mit gefaelschten Lizenzen', 8, 20, 6000),
	(59, '1.14 Erschleichen von Leistungen', 8, 15, 6500),
	(60, '1.15 Raubueberfall Shop', 8, 25, 5750),
	(61, '1.16 Bewaffneter Raubueberfall Shop', 8, 30, 6000),
	(62, '1.17 Schwerer Bewaffneter Raubueberfall Shop', 8, 50, 7000),
	(63, '1.18 Raubueberfall Juwe/Asservk/Human Labs/Staatsbank/Waffenkonvoi', 8, 40, 9000),
	(64, '1.19 Bewaffneter Raubueberfall Juwe/Asservk/Human Labs/Staatsbank/Waffenkonvoi', 8, 50, 10000),
	(65, '1.20 Schwerer Bewaffneter Raubueberfall Juwe/Asservk/Human Labs/Staatsbank/Waffenkonvoi', 8, 65, 12000),
	(66, '1.21 Durchfuehrung Illegaler Gluecksspiele', 8, 0, 5500),
	(67, '1.22 Werben fuer Illegales Gluecksspiel', 8, 0, 5500),
	(68, '1.23 Besitz/Handel von nicht offiziellen Geldmitteln', 8, 25, 6000),
	(69, '2.1 Fuehren einer Waffe ohne gueltige Lizenz', 9, 15, 3500),
	(70, '2.2 Mit gezogener Waffe durch die Oeffentlichkeit laufen', 9, 10, 3500),
	(71, '2.3 Besitz einer Illegalen Waffe und/oder Munition', 9, 15, 3500),
	(72, '2.4 Unberechtigter Schusswaffengebrauch', 9, 15, 4000),
	(73, '2.5 Waffenhandel', 9, 30, 3500),
	(74, '2.6 Waffenherstellung', 9, 30, 3000),
	(75, '2.7 Besitz einer gefaelschten Waffenlizenz', 9, 15, 7500),
	(76, '3.1 Prostitution', 10, 0, 1500),
	(77, '3.2 Belaestigung/Noetigung', 10, 0, 3000),
	(78, '3.3 Schwere Belaestigung/Noetigung', 10, 10, 5000),
	(79, '3.4. Freiheitsberaubung', 10, 20, 5000),
	(80, '3.5 Geiselnahme ', 10, 25, 6500),
	(81, '3.6 Beleidigung/Rufmord', 10, 0, 2500),
	(82, '3.7 Schwere Beleidigung/Schwerer Rufmord', 10, 15, 2000),
	(83, '3.8 Drohung', 10, 0, 2000),
	(84, '3.9 Schwere Drohung', 10, 15, 3000),
	(85, '3.10 Unterlassene Hilfeleistung', 10, 0, 1500),
	(86, '3.11 Koerperverletzung', 10, 10, 4000),
	(87, '3.12 Vorsaetzliche Koerperverletzung', 10, 20, 4500),
	(89, '3.13 Totschlag', 10, 25, 5000),
	(90, '3.14 Totschlag in mehreren Faellen', 10, 45, 7000),
	(91, '3.15 Mord', 10, 30, 5000),
	(92, '3.16 Mord in mehreren Faellen 2+', 10, 40, 6000),
	(93, '3.17 Mord in mehreren Faellen 5+', 10, 45, 7000),
	(94, '4.1 Umgehung Polizeilicher Massnahmen', 11, 0, 3000),
	(95, '4.2 Widerstand gegen Vollstreckungsbeamte', 11, 15, 2000),
	(96, '4.3 Behinderung eines Beamten', 11, 0, 2500),
	(97, '4.4 Missachtung Polizeilicher Anweisungen', 11, 10, 5500),
	(98, '4.5 Behinderung eines Beamten bei einem Einsatz', 11, 15, 3000),
	(99, '4.6 Vertuschung von Beweismaterial ', 11, 25, 4000),
	(100, '5.1 Unerlaubtes betreten von Sperrzonen/Nichteinhalten eines Platzverweises', 12, 10, 2500),
	(101, '5.2 Durchbrechen von Absperrungen', 12, 15, 4500),
	(102, '5.3 Vermummungsverbot', 12, 0, 5000),
	(103, '5.4 Unangemeldete Versammlung', 12, 0, 1500),
	(104, '5.5 Amtsanmassung', 12, 20, 6500),
	(105, '5.6 Missbrauch des Notrufs', 12, 0, 5000),
	(106, '5.7 Sachbeschaedigung', 12, 0, 3000),
	(107, '5.8 Umweltverschmutzung ', 12, 0, 1000),
	(108, '5.9 Aufforderung zu Straftaten ', 12, 20, 3000),
	(109, '5.10 Angabe falscher Informationen', 12, 0, 6500),
	(110, '5.11 Erregung oeffentlichen Aergernisses', 12, 0, 1000),
	(111, '5.12 Hausfriedensbruch', 12, 0, 5750),
	(112, '5.13 Falsche Aussage vor Gericht', 12, 30, 13500),
	(113, '5.14 Schwere Amtsanmassung', 12, 35, 10000),
	(114, '5.15 Korruption', 12, 90, 17000),
	(115, '5.16 Schweres Dienstvergehen ', 12, 120, 14000),
	(116, '6.1 Gefangenenbefreiung - Fluechtiger', 13, 45, 4000),
	(117, '6.2 Gefangenenbefreiung - Beihilfe', 13, 25, 14000),
	(118, '7.1 Angriff auf staatliche Einrichtungen', 14, 100, 15000),
	(119, '7.2 Hochverrat ', 14, 70, 12000),
	(120, '7.3 Verschwoerung ', 14, 65, 10000),
	(121, '7.4 Terroristischer Akt ', 14, 120, 11000),
	(122, '7.5 Einbruch in staatliche Behoerde ', 14, 30, 10000),
	(123, '1.1 Wilderei', 15, 20, 6500),
	(124, '1.2 Artenschutzverstoss', 15, 30, 8500),
	(125, '1.3 Verstoss gegen den Verhaltenskodex', 15, 0, 5000);

-- Dumping structure for table pgrp.server_crime_groups
CREATE TABLE IF NOT EXISTS `server_crime_groups` (
  `id` int NOT NULL AUTO_INCREMENT,
  `name` varchar(255) CHARACTER SET armscii8 COLLATE armscii8_bin NOT NULL,
  PRIMARY KEY (`id`)
) ENGINE=InnoDB AUTO_INCREMENT=16 DEFAULT CHARSET=armscii8 COLLATE=armscii8_bin;

-- Dumping data for table pgrp.server_crime_groups: ~14 rows (approximately)
INSERT INTO `server_crime_groups` (`id`, `name`) VALUES
	(1, '1 StVO - Geschwindigkeitsueberschreitungen'),
	(2, '2 StVO - Fahren ohne Fahrerlaubnis'),
	(4, '3 StVO - Normaler Strassenverkehr'),
	(5, '4 StVO - Luftverkehr'),
	(6, '1 BtMG - Drogenbesitz'),
	(7, '1 GeSt - Gewerbe- und Steuerrecht'),
	(8, '1 StGB - Wirtschaftskriminalitaet'),
	(9, '2 StGB - Waffendelikte'),
	(10, '3 StGB - Koerperliche Integritaet'),
	(11, '4 StGB - Umgang mit Beamten'),
	(12, '5 StGB - Sonstige Delikte'),
	(13, '6 StGB - Gefangenenbefreiung'),
	(14, '7 StGB - Umgang mit Staatlichen Behoerden'),
	(15, '1 JFG - Jagd und Fischerei');

-- Dumping structure for table pgrp.server_dealer
CREATE TABLE IF NOT EXISTS `server_dealer` (
  `id` int NOT NULL AUTO_INCREMENT,
  `position_id` int NOT NULL DEFAULT '0',
  `active` tinyint(1) NOT NULL DEFAULT (0),
  PRIMARY KEY (`id`)
) ENGINE=InnoDB AUTO_INCREMENT=156 DEFAULT CHARSET=armscii8 COLLATE=armscii8_bin;

-- Dumping data for table pgrp.server_dealer: ~153 rows (approximately)
INSERT INTO `server_dealer` (`id`, `position_id`, `active`) VALUES
	(1, 3444, 0),
	(2, 3445, 0),
	(3, 3446, 0),
	(4, 3447, 0),
	(5, 3448, 0),
	(6, 3449, 0),
	(7, 3450, 0),
	(8, 3451, 1),
	(9, 3452, 0),
	(10, 3453, 0),
	(11, 3454, 0),
	(12, 3455, 0),
	(13, 3456, 0),
	(14, 3457, 0),
	(15, 3458, 0),
	(16, 3459, 0),
	(17, 3460, 0),
	(18, 3461, 1),
	(19, 3462, 0),
	(20, 3463, 0),
	(21, 3464, 0),
	(22, 3465, 0),
	(23, 3466, 0),
	(24, 3467, 0),
	(25, 3468, 0),
	(26, 3469, 0),
	(28, 3471, 0),
	(29, 3472, 0),
	(30, 3473, 0),
	(31, 3474, 0),
	(32, 3475, 0),
	(33, 3476, 0),
	(34, 3477, 0),
	(35, 3478, 0),
	(36, 3479, 0),
	(37, 3480, 1),
	(38, 3481, 0),
	(39, 3482, 0),
	(40, 3483, 0),
	(41, 3484, 1),
	(42, 3485, 0),
	(43, 3486, 0),
	(44, 3487, 0),
	(45, 3488, 0),
	(46, 3489, 0),
	(47, 3490, 0),
	(48, 3491, 0),
	(49, 3492, 0),
	(50, 3493, 0),
	(51, 3494, 0),
	(52, 3495, 0),
	(53, 3496, 0),
	(54, 3497, 0),
	(55, 3498, 0),
	(56, 3499, 1),
	(57, 3500, 0),
	(58, 3501, 1),
	(59, 3502, 0),
	(60, 3503, 0),
	(61, 3504, 0),
	(62, 3505, 0),
	(63, 3506, 0),
	(64, 3507, 0),
	(65, 3508, 1),
	(66, 3509, 0),
	(67, 3510, 0),
	(68, 3511, 0),
	(69, 3512, 0),
	(70, 3513, 0),
	(71, 3514, 0),
	(72, 3515, 0),
	(73, 3516, 0),
	(74, 3517, 1),
	(75, 3518, 0),
	(76, 3519, 0),
	(77, 3520, 0),
	(78, 3521, 0),
	(79, 3522, 0),
	(80, 3523, 0),
	(81, 3524, 0),
	(82, 3525, 0),
	(83, 3526, 0),
	(84, 3527, 0),
	(85, 3528, 0),
	(86, 3529, 0),
	(87, 3530, 0),
	(88, 3531, 0),
	(89, 3532, 0),
	(90, 3533, 0),
	(91, 3534, 0),
	(92, 3535, 0),
	(93, 3536, 0),
	(94, 3537, 0),
	(95, 3538, 0),
	(96, 3539, 0),
	(97, 3540, 0),
	(98, 3541, 0),
	(99, 3542, 0),
	(100, 3543, 0),
	(101, 3544, 0),
	(102, 3545, 0),
	(103, 3546, 0),
	(104, 3547, 0),
	(105, 3548, 0),
	(106, 3549, 1),
	(107, 3550, 0),
	(108, 3551, 0),
	(109, 3552, 0),
	(110, 3553, 0),
	(111, 3554, 0),
	(112, 3555, 1),
	(113, 3556, 0),
	(114, 3557, 0),
	(115, 3558, 0),
	(116, 3560, 0),
	(117, 3561, 0),
	(118, 3562, 0),
	(119, 3563, 1),
	(120, 3564, 0),
	(121, 3565, 0),
	(122, 3566, 0),
	(123, 3567, 0),
	(124, 3568, 0),
	(125, 3569, 0),
	(126, 3570, 0),
	(127, 3571, 0),
	(128, 3572, 0),
	(129, 3573, 0),
	(130, 3574, 0),
	(131, 3575, 0),
	(132, 3576, 1),
	(134, 3578, 0),
	(135, 3579, 0),
	(136, 3580, 0),
	(137, 3581, 0),
	(138, 3582, 1),
	(139, 3583, 0),
	(140, 3584, 0),
	(141, 3585, 0),
	(142, 3586, 0),
	(143, 3587, 0),
	(144, 3588, 0),
	(145, 3589, 0),
	(146, 3590, 0),
	(147, 3592, 0),
	(148, 3593, 1),
	(149, 3594, 0),
	(150, 3595, 1),
	(151, 3596, 0),
	(152, 3597, 0),
	(153, 3598, 0),
	(154, 3600, 0),
	(155, 3601, 0);

-- Dumping structure for table pgrp.server_dealer_items
CREATE TABLE IF NOT EXISTS `server_dealer_items` (
  `id` int NOT NULL AUTO_INCREMENT,
  `item_id` int NOT NULL DEFAULT '0',
  `price` int NOT NULL DEFAULT '0',
  `min_price` int DEFAULT NULL,
  `max_price` int DEFAULT NULL,
  PRIMARY KEY (`id`)
) ENGINE=InnoDB AUTO_INCREMENT=3 DEFAULT CHARSET=armscii8 COLLATE=armscii8_bin;

-- Dumping data for table pgrp.server_dealer_items: ~2 rows (approximately)
INSERT INTO `server_dealer_items` (`id`, `item_id`, `price`, `min_price`, `max_price`) VALUES
	(1, 3, 5067, 4620, 5220),
	(2, 276, 5030, 4620, 5220);

-- Dumping structure for table pgrp.server_doors
CREATE TABLE IF NOT EXISTS `server_doors` (
  `id` int NOT NULL AUTO_INCREMENT,
  `position_id` int NOT NULL DEFAULT '0',
  `locked` tinyint(1) NOT NULL DEFAULT (0),
  `radius` float NOT NULL DEFAULT (0),
  PRIMARY KEY (`id`)
) ENGINE=InnoDB AUTO_INCREMENT=114 DEFAULT CHARSET=armscii8 COLLATE=armscii8_bin;

-- Dumping data for table pgrp.server_doors: ~103 rows (approximately)
INSERT INTO `server_doors` (`id`, `position_id`, `locked`, `radius`) VALUES
	(2, 3891, 1, 10),
	(4, 3900, 1, 7),
	(5, 3904, 1, 7),
	(7, 3909, 1, 10),
	(9, 3914, 1, 5),
	(10, 3916, 1, 10),
	(12, 3922, 1, 10),
	(15, 3932, 1, 10),
	(16, 3934, 0, 5),
	(17, 3936, 1, 5),
	(18, 3941, 1, 10),
	(21, 3948, 1, 10),
	(22, 3949, 1, 5),
	(23, 3953, 1, 10),
	(24, 3957, 1, 5),
	(25, 3958, 1, 10),
	(26, 3965, 1, 10),
	(27, 3966, 1, 5),
	(28, 3976, 1, 5),
	(29, 3979, 1, 5),
	(30, 3983, 1, 5),
	(31, 3984, 1, 1),
	(32, 3989, 1, 5),
	(33, 3995, 1, 5),
	(34, 3996, 1, 1),
	(35, 4001, 1, 1),
	(36, 4002, 1, 5),
	(37, 4009, 1, 1),
	(38, 4013, 1, 1),
	(39, 4015, 1, 1),
	(40, 4017, 1, 5),
	(41, 4020, 1, 1),
	(42, 4022, 1, 1),
	(43, 4025, 1, 5),
	(44, 4029, 1, 1),
	(45, 4031, 1, 1),
	(46, 4033, 1, 5),
	(47, 4034, 1, 1),
	(48, 4039, 1, 1),
	(49, 4042, 1, 5),
	(50, 4045, 1, 1),
	(51, 4047, 1, 1),
	(52, 4052, 1, 1),
	(53, 4054, 1, 1),
	(54, 4058, 1, 1),
	(55, 4060, 1, 1),
	(56, 4062, 1, 1),
	(57, 4065, 1, 1),
	(58, 4069, 1, 5),
	(59, 4074, 1, 5),
	(60, 4077, 0, 5),
	(61, 4079, 1, 3),
	(62, 4081, 1, 3),
	(63, 4083, 0, 3),
	(64, 4085, 1, 3),
	(65, 4087, 1, 3),
	(66, 4090, 0, 3),
	(67, 4092, 1, 3),
	(68, 4095, 1, 5),
	(69, 4100, 1, 5),
	(70, 4104, 1, 5),
	(71, 4106, 1, 5),
	(72, 4108, 1, 5),
	(73, 4112, 1, 5),
	(74, 4116, 1, 10),
	(75, 4118, 1, 5),
	(76, 4121, 1, 10),
	(77, 4127, 1, 15),
	(78, 4130, 1, 7),
	(79, 4134, 1, 5),
	(81, 4138, 1, 5),
	(82, 4140, 1, 5),
	(83, 4143, 1, 3),
	(84, 4146, 1, 5),
	(85, 4150, 1, 5),
	(86, 4152, 1, 5),
	(87, 4163, 1, 5),
	(88, 4166, 1, 5),
	(89, 4169, 1, 5),
	(90, 4172, 1, 5),
	(91, 4175, 1, 8),
	(92, 4177, 1, 8),
	(93, 4179, 1, 4),
	(94, 4181, 1, 10),
	(95, 4183, 1, 2),
	(96, 4186, 1, 2),
	(97, 4189, 1, 2),
	(98, 4192, 1, 2),
	(99, 4193, 1, 5),
	(100, 4197, 1, 2),
	(101, 4199, 1, 5),
	(102, 4202, 1, 2),
	(103, 4206, 1, 2),
	(104, 4209, 1, 2),
	(105, 4212, 1, 1),
	(106, 4214, 0, 1),
	(107, 4216, 1, 2),
	(108, 4219, 1, 2),
	(109, 4222, 1, 2),
	(110, 4226, 1, 1),
	(111, 4228, 1, 1),
	(112, 4230, 1, 1),
	(113, 4232, 1, 1);

-- Dumping structure for table pgrp.server_door_access
CREATE TABLE IF NOT EXISTS `server_door_access` (
  `id` int NOT NULL AUTO_INCREMENT,
  `door_id` int NOT NULL DEFAULT '0',
  `owner_id` int NOT NULL DEFAULT '0',
  `owner_type` int NOT NULL DEFAULT '0',
  PRIMARY KEY (`id`)
) ENGINE=InnoDB AUTO_INCREMENT=177 DEFAULT CHARSET=armscii8 COLLATE=armscii8_bin;

-- Dumping data for table pgrp.server_door_access: ~167 rows (approximately)
INSERT INTO `server_door_access` (`id`, `door_id`, `owner_id`, `owner_type`) VALUES
	(3, 2, 2, 1),
	(4, 4, 1, 1),
	(5, 4, 2, 1),
	(6, 2, 1, 1),
	(12, 5, 1, 1),
	(13, 5, 2, 1),
	(14, 7, 1, 1),
	(15, 7, 2, 1),
	(16, 9, 1, 1),
	(17, 9, 2, 1),
	(18, 10, 1, 1),
	(19, 10, 2, 1),
	(20, 12, 1, 1),
	(21, 12, 2, 1),
	(24, 15, 1, 1),
	(25, 15, 2, 1),
	(26, 16, 1, 1),
	(27, 16, 2, 1),
	(28, 17, 1, 1),
	(29, 17, 2, 1),
	(30, 18, 1, 1),
	(31, 18, 2, 1),
	(32, 21, 2, 1),
	(33, 21, 1, 1),
	(34, 22, 1, 1),
	(35, 22, 2, 1),
	(36, 23, 1, 1),
	(37, 23, 2, 1),
	(38, 24, 1, 1),
	(39, 24, 2, 1),
	(40, 25, 1, 1),
	(41, 25, 2, 1),
	(42, 26, 1, 1),
	(43, 26, 2, 1),
	(44, 27, 1, 1),
	(45, 27, 2, 1),
	(46, 28, 1, 1),
	(47, 28, 2, 1),
	(48, 29, 1, 1),
	(49, 29, 2, 1),
	(50, 30, 1, 1),
	(51, 30, 2, 1),
	(52, 31, 1, 1),
	(53, 31, 2, 1),
	(54, 32, 1, 1),
	(55, 32, 2, 1),
	(56, 33, 1, 1),
	(57, 33, 2, 1),
	(58, 34, 1, 1),
	(59, 34, 2, 1),
	(60, 35, 1, 1),
	(61, 35, 2, 1),
	(62, 36, 1, 1),
	(63, 36, 2, 1),
	(64, 37, 1, 1),
	(65, 37, 2, 1),
	(66, 38, 1, 1),
	(67, 38, 2, 1),
	(68, 39, 1, 1),
	(69, 39, 2, 1),
	(70, 40, 1, 1),
	(71, 40, 2, 1),
	(72, 41, 1, 1),
	(73, 41, 2, 1),
	(74, 42, 2, 1),
	(75, 42, 1, 1),
	(76, 43, 2, 1),
	(77, 43, 1, 1),
	(78, 44, 2, 1),
	(79, 44, 1, 1),
	(80, 45, 2, 1),
	(81, 45, 1, 1),
	(82, 46, 2, 1),
	(83, 46, 1, 1),
	(84, 47, 2, 1),
	(85, 47, 1, 1),
	(86, 48, 2, 1),
	(87, 48, 1, 1),
	(88, 49, 2, 1),
	(89, 49, 1, 1),
	(90, 50, 2, 1),
	(91, 50, 1, 1),
	(92, 51, 2, 1),
	(93, 51, 1, 1),
	(94, 52, 2, 1),
	(95, 52, 1, 1),
	(96, 53, 2, 1),
	(97, 53, 1, 1),
	(98, 54, 2, 1),
	(99, 54, 1, 1),
	(100, 55, 2, 1),
	(101, 55, 1, 1),
	(102, 56, 2, 1),
	(103, 56, 1, 1),
	(104, 57, 2, 1),
	(105, 57, 1, 1),
	(106, 58, 2, 1),
	(107, 58, 1, 1),
	(108, 59, 2, 1),
	(109, 59, 1, 1),
	(110, 60, 2, 1),
	(111, 60, 1, 1),
	(112, 61, 2, 1),
	(113, 61, 1, 1),
	(114, 62, 2, 1),
	(115, 62, 1, 1),
	(116, 63, 2, 1),
	(117, 63, 1, 1),
	(118, 64, 2, 1),
	(119, 64, 1, 1),
	(120, 65, 2, 1),
	(121, 65, 1, 1),
	(122, 66, 2, 1),
	(123, 66, 1, 1),
	(124, 67, 2, 1),
	(125, 67, 1, 1),
	(126, 68, 2, 1),
	(127, 68, 1, 1),
	(128, 69, 2, 1),
	(129, 69, 1, 1),
	(130, 70, 2, 1),
	(131, 70, 1, 1),
	(132, 71, 2, 1),
	(133, 71, 1, 1),
	(134, 72, 2, 1),
	(135, 72, 1, 1),
	(136, 73, 2, 1),
	(137, 73, 1, 1),
	(138, 74, 2, 1),
	(139, 74, 1, 1),
	(140, 75, 2, 1),
	(141, 75, 1, 1),
	(142, 91, 4, 1),
	(143, 92, 4, 1),
	(144, 93, 4, 1),
	(145, 94, 4, 1),
	(146, 95, 3, 1),
	(147, 96, 3, 1),
	(148, 97, 3, 1),
	(149, 98, 3, 1),
	(150, 100, 3, 1),
	(151, 102, 3, 1),
	(152, 103, 3, 1),
	(153, 104, 3, 1),
	(154, 105, 3, 1),
	(155, 106, 3, 1),
	(156, 107, 3, 1),
	(157, 108, 3, 1),
	(158, 109, 3, 1),
	(159, 110, 3, 1),
	(160, 111, 3, 1),
	(161, 112, 3, 1),
	(162, 113, 3, 1),
	(163, 76, 1, 1),
	(164, 76, 2, 1),
	(165, 79, 3, 1),
	(166, 81, 3, 1),
	(167, 82, 3, 1),
	(168, 83, 3, 1),
	(169, 84, 3, 1),
	(170, 85, 3, 1),
	(171, 86, 3, 1),
	(172, 87, 3, 1),
	(173, 88, 3, 1),
	(174, 89, 3, 1),
	(175, 90, 3, 1),
	(176, 99, 3, 1);

-- Dumping structure for table pgrp.server_door_entities
CREATE TABLE IF NOT EXISTS `server_door_entities` (
  `id` int NOT NULL AUTO_INCREMENT,
  `door_id` int NOT NULL DEFAULT '0',
  `model` int unsigned NOT NULL DEFAULT '0',
  `position_id` int NOT NULL DEFAULT '0',
  PRIMARY KEY (`id`)
) ENGINE=InnoDB AUTO_INCREMENT=157 DEFAULT CHARSET=armscii8 COLLATE=armscii8_bin;

-- Dumping data for table pgrp.server_door_entities: ~145 rows (approximately)
INSERT INTO `server_door_entities` (`id`, `door_id`, `model`, `position_id`) VALUES
	(1, 2, 741314661, 3892),
	(4, 3, 246549176, 3899),
	(5, 4, 741314661, 3901),
	(6, 5, 741314661, 3905),
	(7, 7, 741314661, 3912),
	(8, 7, 741314661, 3913),
	(10, 10, 741314661, 3919),
	(11, 10, 741314661, 3920),
	(12, 12, 741314661, 3926),
	(14, 12, 741314661, 3928),
	(16, 16, 3944785592, 3935),
	(17, 15, 741314661, 3937),
	(18, 15, 741314661, 3938),
	(19, 16, 3944785592, 3939),
	(20, 18, 741314661, 3943),
	(22, 18, 741314661, 3945),
	(24, 21, 741314661, 3950),
	(25, 21, 741314661, 3951),
	(27, 23, 741314661, 3954),
	(28, 23, 741314661, 3955),
	(29, 24, 3944785592, 3959),
	(30, 25, 741314661, 3960),
	(31, 25, 741314661, 3961),
	(32, 24, 3944785592, 3962),
	(33, 26, 741314661, 3967),
	(34, 26, 741314661, 3968),
	(35, 9, 3944785592, 3969),
	(36, 9, 3944785592, 3970),
	(37, 27, 3944785592, 3971),
	(38, 27, 3944785592, 3972),
	(41, 28, 3944785592, 3977),
	(42, 28, 3944785592, 3978),
	(43, 29, 3944785592, 3980),
	(44, 29, 3944785592, 3981),
	(45, 30, 4147642074, 3988),
	(46, 31, 3261965677, 3990),
	(47, 32, 3039598858, 3992),
	(48, 32, 3039598858, 3993),
	(49, 35, 3261965677, 3997),
	(50, 33, 3039598858, 3998),
	(51, 33, 3039598858, 3999),
	(52, 36, 3039598858, 4003),
	(53, 36, 3039598858, 4004),
	(54, 35, 3261965677, 4005),
	(55, 37, 3261965677, 4010),
	(56, 38, 3261965677, 4014),
	(57, 40, 3039598858, 4018),
	(58, 40, 3039598858, 4019),
	(59, 41, 3261965677, 4021),
	(60, 42, 3261965677, 4023),
	(61, 43, 4147641866, 4028),
	(62, 44, 3261965677, 4030),
	(63, 45, 3261965677, 4032),
	(64, 47, 3261965677, 4035),
	(65, 46, 3944785592, 4037),
	(66, 46, 3944785592, 4038),
	(67, 48, 3261965677, 4041),
	(68, 50, 3261965677, 4046),
	(69, 51, 3261965677, 4048),
	(71, 52, 3261965677, 4053),
	(72, 53, 3261965677, 4055),
	(73, 49, 2271212864, 4057),
	(74, 54, 3261965677, 4059),
	(75, 55, 3261965677, 4061),
	(76, 56, 3261965677, 4063),
	(77, 57, 3261965677, 4066),
	(78, 58, 2271212864, 4071),
	(79, 58, 2271212864, 4072),
	(80, 59, 631614199, 4075),
	(81, 60, 631614199, 4078),
	(82, 61, 631614199, 4080),
	(83, 62, 631614199, 4082),
	(84, 62, 631614199, 4084),
	(85, 64, 631614199, 4086),
	(86, 65, 631614199, 4088),
	(87, 66, 631614199, 4091),
	(88, 67, 631614199, 4093),
	(89, 68, 2271212864, 4097),
	(90, 68, 2271212864, 4098),
	(91, 69, 2271212864, 4101),
	(92, 70, 2271212864, 4105),
	(93, 71, 2271212864, 4107),
	(94, 72, 2271212864, 4109),
	(95, 73, 2271212864, 4113),
	(96, 73, 2271212864, 4114),
	(97, 74, 1828187002, 4117),
	(98, 75, 2271212864, 4120),
	(99, 76, 569833973, 4122),
	(100, 76, 3639498743, 4125),
	(101, 77, 1286535678, 4128),
	(102, 78, 1828187002, 4132),
	(103, 79, 2553606048, 4136),
	(104, 80, 2135655372, 4137),
	(105, 81, 2553606048, 4139),
	(106, 82, 2553606048, 4141),
	(107, 82, 2553606048, 4142),
	(108, 83, 2000998394, 4144),
	(109, 83, 2000998394, 4145),
	(110, 84, 3751469904, 4148),
	(111, 84, 3751469904, 4149),
	(112, 85, 3751469904, 4151),
	(113, 86, 2413141389, 4153),
	(114, 87, 3807058540, 4164),
	(115, 87, 3807058540, 4165),
	(116, 88, 2594055320, 4167),
	(117, 88, 2594055320, 4168),
	(118, 89, 2594055320, 4170),
	(119, 89, 2594055320, 4171),
	(120, 90, 3860183810, 4173),
	(121, 90, 3860183810, 4174),
	(122, 91, 2811495845, 4176),
	(123, 92, 2811495845, 4178),
	(124, 93, 3138946425, 4180),
	(125, 94, 1286535678, 4182),
	(126, 95, 1624860328, 4184),
	(127, 95, 1624860328, 4185),
	(128, 96, 1624860328, 4187),
	(129, 96, 1624860328, 4188),
	(130, 97, 1624860328, 4190),
	(131, 97, 1624860328, 4191),
	(132, 98, 1624860328, 4194),
	(133, 99, 854291622, 4195),
	(134, 98, 1624860328, 4196),
	(135, 100, 1624860328, 4198),
	(136, 100, 1624860328, 4200),
	(137, 101, 178136216, 4201),
	(138, 102, 1624860328, 4203),
	(139, 102, 1624860328, 4204),
	(140, 101, 3860183810, 4205),
	(141, 103, 1624860328, 4207),
	(142, 103, 1624860328, 4208),
	(143, 104, 1624860328, 4210),
	(144, 104, 1624860328, 4211),
	(145, 105, 493136920, 4213),
	(146, 106, 493136920, 4215),
	(147, 107, 665455406, 4217),
	(148, 107, 665455406, 4218),
	(149, 108, 665455406, 4220),
	(150, 108, 665455406, 4221),
	(151, 109, 873979204, 4224),
	(152, 109, 873979204, 4225),
	(153, 110, 493136920, 4227),
	(154, 111, 493136920, 4229),
	(155, 112, 493136920, 4231),
	(156, 113, 493136920, 4233);

-- Dumping structure for table pgrp.server_export_dealer_items
CREATE TABLE IF NOT EXISTS `server_export_dealer_items` (
  `id` int NOT NULL AUTO_INCREMENT,
  `item_id` int DEFAULT NULL,
  `price` int DEFAULT NULL,
  PRIMARY KEY (`id`)
) ENGINE=InnoDB AUTO_INCREMENT=2 DEFAULT CHARSET=armscii8 COLLATE=armscii8_bin;

-- Dumping data for table pgrp.server_export_dealer_items: ~1 rows (approximately)
INSERT INTO `server_export_dealer_items` (`id`, `item_id`, `price`) VALUES
	(1, 369, 30);

-- Dumping structure for table pgrp.server_farmings
CREATE TABLE IF NOT EXISTS `server_farmings` (
  `id` int NOT NULL AUTO_INCREMENT,
  `object_hash` int DEFAULT NULL,
  `needed_item` int DEFAULT NULL,
  `gain_item` int DEFAULT NULL,
  `min_gain` int DEFAULT NULL,
  `max_gain` int DEFAULT NULL,
  `anim_dict` varchar(255) CHARACTER SET armscii8 COLLATE armscii8_bin DEFAULT NULL,
  `anim_name` varchar(255) CHARACTER SET armscii8 COLLATE armscii8_bin DEFAULT NULL,
  PRIMARY KEY (`id`)
) ENGINE=InnoDB AUTO_INCREMENT=7 DEFAULT CHARSET=armscii8 COLLATE=armscii8_bin;

-- Dumping data for table pgrp.server_farmings: ~5 rows (approximately)
INSERT INTO `server_farmings` (`id`, `object_hash`, `needed_item`, `gain_item`, `min_gain`, `max_gain`, `anim_dict`, `anim_name`) VALUES
	(1, -1814952641, 286, 364, 1, 11, 'amb@world_human_const_drill@male@drill@base', 'base'),
	(2, 1198835546, 0, 365, 5, 15, 'anim@mp_snowball', 'pickup_snowball'),
	(3, -305885281, 0, 274, 1, 11, 'amb@world_human_gardener_plant@female@base', 'base_female'),
	(4, -2117134971, 0, 4, 1, 11, 'amb@world_human_gardener_plant@female@base', 'base_female'),
	(5, 337603415, 0, 368, 1, 11, 'anim@mp_snowball', 'pickup_snowball');

-- Dumping structure for table pgrp.server_farming_spots
CREATE TABLE IF NOT EXISTS `server_farming_spots` (
  `id` int NOT NULL AUTO_INCREMENT,
  `farming_id` int DEFAULT '0',
  `position_id` int DEFAULT '0',
  PRIMARY KEY (`id`)
) ENGINE=InnoDB AUTO_INCREMENT=222 DEFAULT CHARSET=armscii8 COLLATE=armscii8_bin;

-- Dumping data for table pgrp.server_farming_spots: ~179 rows (approximately)
INSERT INTO `server_farming_spots` (`id`, `farming_id`, `position_id`) VALUES
	(1, 1, 2628),
	(2, 1, 2629),
	(3, 1, 2630),
	(4, 1, 2631),
	(5, 1, 2632),
	(6, 1, 2633),
	(7, 1, 2634),
	(8, 1, 2635),
	(9, 1, 2636),
	(10, 1, 2637),
	(11, 1, 2638),
	(12, 1, 2639),
	(13, 1, 2640),
	(14, 1, 2641),
	(15, 1, 2642),
	(16, 1, 2643),
	(17, 1, 2644),
	(18, 1, 2645),
	(19, 1, 2646),
	(20, 1, 2647),
	(21, 1, 2648),
	(22, 1, 2649),
	(23, 1, 2650),
	(24, 1, 2651),
	(25, 1, 2652),
	(26, 1, 2653),
	(27, 1, 2654),
	(28, 1, 2655),
	(29, 1, 2656),
	(30, 1, 2657),
	(31, 1, 2658),
	(32, 1, 2659),
	(33, 1, 2660),
	(34, 1, 2661),
	(35, 1, 2662),
	(36, 1, 2663),
	(37, 1, 2664),
	(56, 2, 3134),
	(57, 2, 3135),
	(58, 2, 3136),
	(59, 2, 3137),
	(60, 2, 3138),
	(61, 2, 3139),
	(62, 2, 3140),
	(63, 2, 3141),
	(64, 2, 3142),
	(65, 2, 3143),
	(66, 2, 3144),
	(67, 2, 3145),
	(68, 2, 3146),
	(69, 2, 3147),
	(70, 2, 3148),
	(71, 2, 3149),
	(72, 2, 3150),
	(73, 2, 3151),
	(74, 2, 3152),
	(75, 2, 3153),
	(76, 2, 3154),
	(77, 2, 3155),
	(78, 2, 3156),
	(79, 2, 3157),
	(80, 2, 3158),
	(81, 2, 3159),
	(82, 2, 3160),
	(83, 2, 3161),
	(84, 2, 3162),
	(85, 2, 3163),
	(86, 2, 3164),
	(87, 2, 3165),
	(88, 2, 3166),
	(89, 2, 3167),
	(90, 2, 3168),
	(91, 2, 3169),
	(92, 2, 3170),
	(93, 2, 3171),
	(94, 2, 3172),
	(95, 2, 3173),
	(96, 2, 3174),
	(97, 2, 3175),
	(98, 2, 3176),
	(99, 2, 3177),
	(100, 2, 3178),
	(101, 2, 3179),
	(102, 2, 3180),
	(103, 2, 3181),
	(104, 2, 3182),
	(105, 2, 3183),
	(106, 2, 3184),
	(107, 2, 3185),
	(108, 3, 3186),
	(109, 3, 3187),
	(110, 3, 3188),
	(111, 3, 3189),
	(112, 3, 3190),
	(113, 3, 3191),
	(114, 3, 3192),
	(115, 3, 3193),
	(116, 3, 3194),
	(117, 3, 3195),
	(118, 3, 3196),
	(119, 3, 3197),
	(120, 3, 3198),
	(121, 3, 3199),
	(122, 3, 3200),
	(123, 3, 3201),
	(124, 3, 3202),
	(125, 3, 3203),
	(126, 3, 3204),
	(127, 3, 3205),
	(128, 3, 3206),
	(129, 3, 3207),
	(130, 3, 3208),
	(131, 3, 3209),
	(132, 3, 3210),
	(133, 3, 3211),
	(134, 3, 3212),
	(135, 3, 3213),
	(159, 4, 3237),
	(160, 4, 3238),
	(161, 4, 3239),
	(162, 4, 3240),
	(163, 4, 3241),
	(164, 4, 3242),
	(165, 4, 3243),
	(166, 4, 3244),
	(167, 4, 3245),
	(168, 4, 3246),
	(169, 4, 3247),
	(170, 4, 3248),
	(171, 4, 3249),
	(172, 4, 3250),
	(173, 4, 3251),
	(174, 4, 3252),
	(175, 4, 3253),
	(176, 4, 3254),
	(177, 4, 3255),
	(178, 4, 3256),
	(179, 4, 3257),
	(180, 4, 3258),
	(181, 5, 3263),
	(182, 5, 3264),
	(183, 5, 3265),
	(184, 5, 3266),
	(185, 5, 3267),
	(186, 5, 3268),
	(187, 5, 3269),
	(188, 5, 3270),
	(189, 5, 3271),
	(190, 5, 3272),
	(191, 5, 3273),
	(192, 5, 3274),
	(193, 5, 3275),
	(194, 5, 3276),
	(195, 5, 3277),
	(196, 5, 3278),
	(197, 5, 3279),
	(198, 5, 3280),
	(199, 5, 3281),
	(200, 5, 3282),
	(201, 5, 3283),
	(202, 5, 3284),
	(203, 5, 3285),
	(204, 5, 3286),
	(205, 5, 3287),
	(206, 5, 3288),
	(207, 5, 3289),
	(208, 5, 3290),
	(209, 5, 3291),
	(210, 5, 3292),
	(211, 5, 3293),
	(212, 5, 3294),
	(213, 5, 3295),
	(214, 5, 3296),
	(215, 5, 3297),
	(216, 5, 3298),
	(217, 5, 3299),
	(218, 5, 3300),
	(219, 5, 3301),
	(220, 5, 3302);

-- Dumping structure for table pgrp.server_ffas
CREATE TABLE IF NOT EXISTS `server_ffas` (
  `id` int NOT NULL AUTO_INCREMENT,
  `name` varchar(255) CHARACTER SET armscii8 COLLATE armscii8_bin NOT NULL DEFAULT '0',
  `max_players` int NOT NULL DEFAULT '0',
  PRIMARY KEY (`id`)
) ENGINE=InnoDB AUTO_INCREMENT=9 DEFAULT CHARSET=armscii8 COLLATE=armscii8_bin;

-- Dumping data for table pgrp.server_ffas: ~7 rows (approximately)
INSERT INTO `server_ffas` (`id`, `name`, `max_players`) VALUES
	(2, 'Wuerfelpark', 12),
	(3, 'LS Supply', 10),
	(4, 'Rancho', 14),
	(5, 'Sozialblock', 5),
	(6, 'LCN Friedhof', 12),
	(7, 'Weinberge', 8),
	(8, 'Harmony Fabrik', 8);

-- Dumping structure for table pgrp.server_ffa_spawns
CREATE TABLE IF NOT EXISTS `server_ffa_spawns` (
  `id` int NOT NULL AUTO_INCREMENT,
  `ffa_id` int NOT NULL DEFAULT '0',
  `position_id` int NOT NULL DEFAULT '0',
  PRIMARY KEY (`id`)
) ENGINE=InnoDB AUTO_INCREMENT=71 DEFAULT CHARSET=armscii8 COLLATE=armscii8_bin;

-- Dumping data for table pgrp.server_ffa_spawns: ~70 rows (approximately)
INSERT INTO `server_ffa_spawns` (`id`, `ffa_id`, `position_id`) VALUES
	(1, 1, 2708),
	(2, 2, 3736),
	(3, 2, 3737),
	(4, 2, 3738),
	(5, 2, 3739),
	(6, 2, 3740),
	(7, 2, 3741),
	(8, 2, 3742),
	(9, 2, 3743),
	(10, 2, 3744),
	(11, 2, 3745),
	(12, 2, 3746),
	(13, 2, 3747),
	(14, 3, 3748),
	(15, 3, 3749),
	(16, 3, 3750),
	(17, 3, 3751),
	(18, 3, 3752),
	(19, 3, 3753),
	(20, 3, 3754),
	(21, 3, 3755),
	(22, 3, 3756),
	(23, 3, 3757),
	(24, 4, 3758),
	(25, 4, 3759),
	(26, 4, 3760),
	(27, 4, 3761),
	(28, 4, 3762),
	(29, 4, 3763),
	(30, 4, 3764),
	(31, 4, 3765),
	(32, 4, 3766),
	(33, 4, 3767),
	(34, 4, 3768),
	(35, 4, 3769),
	(36, 4, 3770),
	(37, 4, 3771),
	(38, 5, 3772),
	(39, 5, 3773),
	(40, 5, 3774),
	(41, 5, 3775),
	(42, 5, 3776),
	(43, 6, 3777),
	(44, 6, 3778),
	(45, 6, 3779),
	(46, 6, 3780),
	(47, 6, 3781),
	(48, 6, 3782),
	(49, 6, 3783),
	(50, 6, 3784),
	(51, 6, 3785),
	(52, 6, 3786),
	(53, 6, 3787),
	(54, 6, 3788),
	(55, 7, 3789),
	(56, 7, 3790),
	(57, 7, 3791),
	(58, 7, 3792),
	(59, 7, 3793),
	(60, 7, 3794),
	(61, 7, 3795),
	(62, 7, 3796),
	(63, 8, 3797),
	(64, 8, 3798),
	(65, 8, 3799),
	(66, 8, 3800),
	(67, 8, 3801),
	(68, 8, 3802),
	(69, 8, 3803),
	(70, 8, 3804);

-- Dumping structure for table pgrp.server_ffa_weapons
CREATE TABLE IF NOT EXISTS `server_ffa_weapons` (
  `id` int NOT NULL AUTO_INCREMENT,
  `ffa_id` int NOT NULL DEFAULT '0',
  `weapon_hash` int unsigned NOT NULL DEFAULT '0',
  PRIMARY KEY (`id`)
) ENGINE=InnoDB AUTO_INCREMENT=34 DEFAULT CHARSET=armscii8 COLLATE=armscii8_bin;

-- Dumping data for table pgrp.server_ffa_weapons: ~32 rows (approximately)
INSERT INTO `server_ffa_weapons` (`id`, `ffa_id`, `weapon_hash`) VALUES
	(2, 1, 1627465347),
	(3, 2, 2937143193),
	(4, 2, 2132975508),
	(5, 2, 1627465347),
	(6, 2, 3219281620),
	(7, 2, 2508868239),
	(8, 3, 3219281620),
	(9, 3, 2508868239),
	(10, 3, 3231910285),
	(11, 3, 3347935668),
	(12, 4, 3219281620),
	(13, 4, 2508868239),
	(14, 4, 2526821735),
	(15, 4, 2228681469),
	(16, 5, 3219281620),
	(17, 5, 2508868239),
	(18, 5, 2937143193),
	(19, 5, 2132975508),
	(20, 6, 3219281620),
	(21, 6, 2508868239),
	(22, 6, 2937143193),
	(23, 6, 2132975508),
	(24, 6, 3231910285),
	(25, 7, 3219281620),
	(26, 7, 2508868239),
	(27, 7, 2937143193),
	(28, 7, 2132975508),
	(29, 7, 3231910285),
	(30, 8, 3249783761),
	(31, 8, 2508868239),
	(32, 8, 2526821735),
	(33, 8, 2228681469);

-- Dumping structure for table pgrp.server_gangwars
CREATE TABLE IF NOT EXISTS `server_gangwars` (
  `id` int NOT NULL AUTO_INCREMENT,
  `name` varchar(255) CHARACTER SET armscii8 COLLATE armscii8_bin NOT NULL,
  `position_id` int NOT NULL,
  `owner_id` int NOT NULL,
  `last_attack` datetime DEFAULT NULL,
  `attacker_spawn_position_id` int NOT NULL,
  `defender_spawn_position_id` int NOT NULL,
  PRIMARY KEY (`id`)
) ENGINE=InnoDB AUTO_INCREMENT=20 DEFAULT CHARSET=armscii8 COLLATE=armscii8_bin;

-- Dumping data for table pgrp.server_gangwars: ~8 rows (approximately)
INSERT INTO `server_gangwars` (`id`, `name`, `position_id`, `owner_id`, `last_attack`, `attacker_spawn_position_id`, `defender_spawn_position_id`) VALUES
	(7, 'Morningwood', 3806, 9, '2023-12-22 22:40:33', 3669, 3671),
	(9, 'Skaterpark', 3807, 9, '2023-12-27 15:23:31', 3711, 3714),
	(10, 'Vinewood', 3675, 9, '2023-12-30 22:25:00', 3691, 3688),
	(11, 'Vespucci', 3676, 9, '2023-12-22 22:21:45', 3704, 3701),
	(12, 'Sandy', 3677, 9, '2023-12-22 22:51:30', 3718, 3715),
	(13, 'Bergkette', 3678, 9, '2023-12-22 22:56:29', 3725, 3722),
	(15, 'Harmony', 3680, 9, '2023-12-22 22:47:38', 3684, 3681),
	(19, 'Davis', 4154, 9, '2023-12-26 03:06:09', 4158, 4155);

-- Dumping structure for table pgrp.server_gangwar_flags
CREATE TABLE IF NOT EXISTS `server_gangwar_flags` (
  `id` int NOT NULL AUTO_INCREMENT,
  `gangwar_id` int NOT NULL,
  `position_id` int NOT NULL,
  PRIMARY KEY (`id`)
) ENGINE=InnoDB AUTO_INCREMENT=40 DEFAULT CHARSET=armscii8 COLLATE=armscii8_bin;

-- Dumping data for table pgrp.server_gangwar_flags: ~30 rows (approximately)
INSERT INTO `server_gangwar_flags` (`id`, `gangwar_id`, `position_id`) VALUES
	(10, 6, 3656),
	(11, 6, 3657),
	(12, 6, 3658),
	(13, 7, 3666),
	(14, 7, 3667),
	(15, 7, 3668),
	(16, 15, 3685),
	(17, 15, 3686),
	(18, 15, 3687),
	(19, 10, 3692),
	(20, 10, 3693),
	(21, 10, 3694),
	(22, 8, 3698),
	(23, 8, 3699),
	(24, 8, 3700),
	(25, 11, 3705),
	(26, 11, 3706),
	(27, 11, 3707),
	(28, 9, 3708),
	(29, 9, 3709),
	(30, 9, 3710),
	(31, 12, 3719),
	(32, 12, 3720),
	(33, 12, 3721),
	(34, 13, 3727),
	(35, 13, 3728),
	(36, 13, 3729),
	(37, 19, 4159),
	(38, 19, 4160),
	(39, 19, 4161);

-- Dumping structure for table pgrp.server_gangwar_spawns
CREATE TABLE IF NOT EXISTS `server_gangwar_spawns` (
  `id` int NOT NULL AUTO_INCREMENT,
  `gangwar_id` int NOT NULL,
  `position_id` int NOT NULL,
  `team` tinyint(1) NOT NULL DEFAULT (0),
  PRIMARY KEY (`id`)
) ENGINE=InnoDB AUTO_INCREMENT=53 DEFAULT CHARSET=armscii8 COLLATE=armscii8_bin;

-- Dumping data for table pgrp.server_gangwar_spawns: ~20 rows (approximately)
INSERT INTO `server_gangwar_spawns` (`id`, `gangwar_id`, `position_id`, `team`) VALUES
	(33, 6, 3660, 1),
	(34, 6, 3662, 0),
	(35, 7, 3670, 0),
	(36, 7, 3672, 1),
	(37, 15, 3682, 1),
	(38, 15, 3683, 0),
	(39, 10, 3689, 1),
	(40, 10, 3690, 0),
	(41, 8, 3696, 0),
	(42, 11, 3702, 1),
	(43, 11, 3703, 0),
	(44, 9, 3712, 0),
	(45, 9, 3713, 1),
	(46, 12, 3716, 1),
	(47, 12, 3717, 0),
	(48, 13, 3723, 0),
	(49, 13, 3724, 0),
	(50, 13, 3726, 1),
	(51, 19, 4156, 1),
	(52, 19, 4157, 0);

-- Dumping structure for table pgrp.server_garages
CREATE TABLE IF NOT EXISTS `server_garages` (
  `id` int NOT NULL AUTO_INCREMENT,
  `name` varchar(255) CHARACTER SET armscii8 COLLATE armscii8_bin NOT NULL,
  `position_id` int NOT NULL,
  `ped_position_id` int NOT NULL,
  `type` int NOT NULL,
  `owner` int NOT NULL,
  `owner_type` int NOT NULL,
  PRIMARY KEY (`id`)
) ENGINE=InnoDB AUTO_INCREMENT=65 DEFAULT CHARSET=armscii8 COLLATE=armscii8_bin;

-- Dumping data for table pgrp.server_garages: ~56 rows (approximately)
INSERT INTO `server_garages` (`id`, `name`, `position_id`, `ped_position_id`, `type`, `owner`, `owner_type`) VALUES
	(2, 'Maze Bank Arena Garage', 44, 3315, 0, 0, 0),
	(3, 'Vespucci Garage', 62, 3318, 0, 0, 0),
	(4, 'Uni Garage', 73, 3328, 0, 0, 0),
	(5, 'Vinewood West Garage', 83, 3329, 0, 0, 0),
	(6, 'Vinewood East Garage', 91, 3331, 0, 0, 0),
	(7, 'Harmony Garage', 101, 3338, 0, 0, 0),
	(8, 'Casino Garage', 109, 3336, 0, 0, 0),
	(9, 'Sandy Shores Garage', 112, 3341, 0, 0, 0),
	(10, 'Grapeseed Garage', 127, 3342, 0, 0, 0),
	(11, 'Paleto Bay Garage', 135, 3343, 0, 0, 0),
	(12, 'Cypress PKW Garage', 136, 3309, 0, 0, 0),
	(13, 'Mirrorpark Garage', 150, 3332, 0, 0, 0),
	(14, 'Chumash Garage', 154, 3334, 0, 0, 0),
	(15, 'Gaertner Garage', 170, 3327, 0, 0, 0),
	(16, 'Pillbox Garage', 176, 3313, 0, 0, 0),
	(17, 'Strawberry Garage', 185, 3312, 0, 0, 0),
	(18, 'Del Pierro Pier Garage', 203, 3319, 0, 0, 0),
	(20, 'Fahrschulgarage', 233, 3317, 0, 0, 0),
	(21, 'Rockford Hills PKW Garage', 242, 3324, 0, 0, 0),
	(22, 'Rockford Hills LKW Garage', 247, 3325, 1, 0, 0),
	(23, 'Route 68 Garage', 251, 3346, 0, 0, 0),
	(24, 'Staatsgefaengnis Garage', 258, 3340, 0, 0, 0),
	(25, 'Vinewood Theater Garage', 268, 3333, 0, 0, 0),
	(26, 'Harmony LKW Garage', 279, 3339, 1, 0, 0),
	(27, 'La Mesa LKW Garage', 284, 3310, 1, 0, 0),
	(31, 'FIB Helikopter', 494, 495, 2, 2, 1),
	(32, 'LSMD Helikopter', 2703, 2706, 2, 3, 1),
	(34, 'LSPD Helikopter', 3083, 3083, 2, 1, 1),
	(35, 'FIB Unten', 2727, 2728, 0, 2, 1),
	(36, 'FIB LKW', 2736, 2737, 1, 2, 1),
	(38, 'SWAT Garage', 3078, 3078, 0, 1, 2),
	(39, 'SWAT Helikopter Garage', 2724, 2724, 2, 1, 2),
	(40, 'LSPD', 2712, 2712, 0, 1, 1),
	(41, 'LSPD LKW', 3108, 3109, 1, 1, 1),
	(43, 'LSMD Rockford Tiefgarage', 3608, 3609, 0, 3, 1),
	(44, 'LCN PKW', 4283, 4284, 0, 6, 1),
	(45, 'LCN LKW', 4289, 4291, 1, 6, 1),
	(46, 'LCN Heli', 4292, 4293, 2, 6, 1),
	(47, '893 PKW', 4322, 4330, 0, 7, 1),
	(48, '893 Heli', 4323, 4324, 2, 7, 1),
	(49, '893 LKW', 4331, 4332, 1, 7, 1),
	(50, 'MG13 LKW', 4357, 4360, 1, 8, 1),
	(51, 'MG13 PKW', 4366, 4371, 0, 8, 1),
	(52, 'MG13 Heli', 4373, 4377, 2, 8, 1),
	(53, 'Brigada PKW', 4398, 4405, 0, 9, 1),
	(54, 'Brigada LKW', 4428, 4429, 1, 9, 1),
	(55, 'Brigada Heli', 4432, 4433, 2, 9, 1),
	(56, 'MNC PKW', 4440, 4441, 0, 10, 1),
	(57, 'MNC LKW', 4446, 4447, 1, 10, 1),
	(58, 'MNC Heli', 4470, 4471, 2, 10, 1),
	(59, 'Triaden PKW', 4476, 4477, 0, 11, 1),
	(60, 'Triaden Heli', 4485, 4486, 2, 11, 1),
	(61, 'Triaden LKW', 4508, 4509, 1, 11, 1),
	(62, 'Hxxver PKW', 4521, 4526, 0, 13, 1),
	(63, 'Hxxver Heli', 4548, 4550, 2, 13, 1),
	(64, 'Hxxver LKW', 4551, 4552, 1, 13, 1);

-- Dumping structure for table pgrp.server_garage_spawns
CREATE TABLE IF NOT EXISTS `server_garage_spawns` (
  `id` int NOT NULL AUTO_INCREMENT,
  `garage_id` int NOT NULL,
  `position_id` int NOT NULL,
  PRIMARY KEY (`id`)
) ENGINE=InnoDB AUTO_INCREMENT=286 DEFAULT CHARSET=armscii8 COLLATE=armscii8_bin;

-- Dumping data for table pgrp.server_garage_spawns: ~272 rows (approximately)
INSERT INTO `server_garage_spawns` (`id`, `garage_id`, `position_id`) VALUES
	(2, 2, 45),
	(3, 2, 46),
	(4, 2, 47),
	(5, 2, 48),
	(6, 2, 49),
	(7, 2, 50),
	(8, 2, 51),
	(9, 2, 52),
	(10, 3, 63),
	(11, 3, 64),
	(12, 3, 65),
	(13, 3, 66),
	(14, 3, 67),
	(15, 3, 68),
	(16, 3, 69),
	(17, 3, 70),
	(18, 4, 75),
	(19, 4, 76),
	(20, 4, 77),
	(21, 4, 78),
	(22, 4, 79),
	(23, 4, 80),
	(24, 4, 81),
	(25, 4, 82),
	(26, 5, 85),
	(27, 5, 86),
	(28, 5, 87),
	(29, 5, 88),
	(30, 5, 89),
	(31, 5, 90),
	(32, 6, 93),
	(33, 6, 94),
	(34, 6, 95),
	(35, 6, 96),
	(36, 6, 97),
	(40, 7, 103),
	(41, 7, 104),
	(42, 7, 105),
	(43, 7, 106),
	(44, 7, 107),
	(45, 7, 108),
	(46, 8, 111),
	(47, 8, 113),
	(48, 8, 115),
	(49, 9, 116),
	(50, 9, 117),
	(51, 9, 118),
	(52, 8, 119),
	(53, 9, 120),
	(54, 9, 121),
	(55, 8, 122),
	(56, 8, 123),
	(57, 8, 124),
	(58, 8, 125),
	(59, 8, 126),
	(60, 10, 129),
	(61, 10, 130),
	(62, 10, 131),
	(63, 10, 132),
	(64, 10, 133),
	(65, 10, 134),
	(66, 12, 139),
	(67, 11, 140),
	(68, 11, 141),
	(69, 12, 142),
	(70, 11, 143),
	(71, 11, 144),
	(72, 12, 145),
	(73, 11, 146),
	(74, 11, 147),
	(75, 11, 148),
	(76, 11, 149),
	(77, 13, 152),
	(78, 13, 153),
	(79, 13, 155),
	(80, 13, 156),
	(81, 13, 158),
	(82, 14, 159),
	(83, 13, 160),
	(84, 14, 161),
	(85, 14, 162),
	(86, 13, 163),
	(87, 14, 164),
	(88, 13, 165),
	(89, 14, 166),
	(90, 14, 167),
	(91, 14, 168),
	(92, 13, 169),
	(93, 15, 172),
	(94, 15, 173),
	(95, 15, 174),
	(96, 15, 175),
	(97, 16, 178),
	(98, 16, 179),
	(99, 16, 180),
	(100, 16, 181),
	(101, 16, 182),
	(102, 16, 183),
	(103, 16, 184),
	(104, 17, 187),
	(105, 17, 188),
	(106, 17, 189),
	(107, 17, 190),
	(108, 17, 191),
	(109, 17, 192),
	(110, 17, 193),
	(111, 17, 194),
	(112, 17, 195),
	(113, 17, 196),
	(114, 17, 197),
	(115, 17, 198),
	(116, 17, 199),
	(117, 17, 200),
	(118, 17, 201),
	(119, 17, 202),
	(120, 18, 205),
	(121, 18, 206),
	(122, 18, 207),
	(123, 18, 208),
	(124, 18, 209),
	(125, 18, 210),
	(126, 18, 211),
	(127, 18, 212),
	(128, 18, 213),
	(129, 19, 216),
	(130, 19, 217),
	(131, 19, 218),
	(132, 19, 219),
	(133, 19, 220),
	(134, 19, 221),
	(135, 19, 222),
	(136, 19, 223),
	(137, 19, 224),
	(138, 19, 225),
	(139, 19, 226),
	(140, 19, 227),
	(141, 19, 228),
	(142, 19, 229),
	(143, 19, 230),
	(144, 19, 231),
	(145, 19, 232),
	(146, 20, 236),
	(147, 20, 237),
	(148, 20, 238),
	(149, 20, 239),
	(150, 20, 240),
	(151, 20, 241),
	(152, 21, 244),
	(153, 21, 245),
	(154, 21, 246),
	(155, 22, 249),
	(156, 22, 250),
	(157, 23, 253),
	(158, 23, 254),
	(159, 23, 255),
	(160, 23, 256),
	(161, 23, 257),
	(162, 24, 260),
	(163, 24, 261),
	(164, 24, 262),
	(165, 24, 263),
	(166, 24, 264),
	(167, 24, 265),
	(168, 24, 266),
	(169, 24, 267),
	(170, 25, 270),
	(171, 25, 271),
	(172, 25, 272),
	(173, 25, 273),
	(174, 25, 274),
	(175, 25, 275),
	(176, 25, 276),
	(177, 25, 277),
	(178, 25, 278),
	(179, 26, 281),
	(180, 26, 282),
	(181, 26, 283),
	(182, 27, 286),
	(183, 27, 287),
	(184, 27, 288),
	(185, 27, 289),
	(186, 28, 291),
	(187, 28, 294),
	(188, 28, 295),
	(189, 29, 299),
	(190, 29, 300),
	(191, 30, 331),
	(192, 30, 332),
	(193, 30, 333),
	(194, 30, 334),
	(195, 31, 496),
	(197, 32, 2705),
	(198, 33, 2714),
	(199, 33, 2715),
	(200, 33, 2716),
	(201, 33, 2717),
	(202, 33, 2718),
	(203, 33, 2719),
	(204, 33, 2720),
	(205, 33, 2721),
	(206, 33, 2722),
	(207, 33, 2723),
	(209, 35, 2729),
	(210, 35, 2730),
	(211, 35, 2731),
	(212, 35, 2732),
	(213, 35, 2733),
	(214, 35, 2734),
	(215, 35, 2735),
	(216, 36, 2738),
	(222, 40, 3102),
	(223, 40, 3103),
	(224, 40, 3104),
	(225, 40, 3105),
	(226, 34, 3106),
	(228, 41, 3110),
	(230, 38, 3407),
	(231, 38, 3408),
	(232, 39, 3411),
	(233, 42, 3602),
	(234, 42, 3603),
	(235, 42, 3604),
	(236, 42, 3605),
	(237, 43, 3610),
	(238, 43, 3611),
	(239, 43, 3612),
	(240, 43, 3613),
	(241, 43, 3614),
	(242, 43, 3615),
	(243, 43, 3616),
	(244, 44, 4285),
	(245, 44, 4286),
	(246, 44, 4287),
	(247, 44, 4288),
	(248, 45, 4290),
	(249, 46, 4294),
	(250, 48, 4325),
	(251, 47, 4326),
	(252, 47, 4327),
	(253, 47, 4328),
	(254, 47, 4329),
	(255, 49, 4334),
	(256, 50, 4358),
	(257, 51, 4367),
	(258, 51, 4368),
	(259, 51, 4369),
	(260, 51, 4370),
	(261, 52, 4375),
	(262, 53, 4400),
	(263, 53, 4401),
	(264, 53, 4403),
	(265, 53, 4404),
	(266, 54, 4430),
	(267, 55, 4435),
	(268, 56, 4442),
	(269, 56, 4443),
	(270, 56, 4444),
	(271, 56, 4445),
	(272, 57, 4450),
	(273, 58, 4472),
	(274, 59, 4479),
	(275, 59, 4480),
	(276, 59, 4482),
	(277, 59, 4483),
	(278, 60, 4487),
	(279, 61, 4511),
	(280, 62, 4522),
	(281, 62, 4523),
	(282, 62, 4524),
	(283, 62, 4525),
	(284, 63, 4549),
	(285, 64, 4553);

-- Dumping structure for table pgrp.server_garbage_job
CREATE TABLE IF NOT EXISTS `server_garbage_job` (
  `id` int NOT NULL AUTO_INCREMENT,
  `position_id` int NOT NULL DEFAULT '0',
  `spawn_position_id` int NOT NULL DEFAULT '0',
  `return_position_id` int NOT NULL DEFAULT '0',
  `price` int NOT NULL DEFAULT '0',
  PRIMARY KEY (`id`)
) ENGINE=InnoDB AUTO_INCREMENT=2 DEFAULT CHARSET=armscii8 COLLATE=armscii8_bin;

-- Dumping data for table pgrp.server_garbage_job: ~1 rows (approximately)
INSERT INTO `server_garbage_job` (`id`, `position_id`, `spawn_position_id`, `return_position_id`, `price`) VALUES
	(1, 3095, 3097, 3096, 15);

-- Dumping structure for table pgrp.server_gardener_jobs
CREATE TABLE IF NOT EXISTS `server_gardener_jobs` (
  `id` int NOT NULL AUTO_INCREMENT,
  `position_id` int DEFAULT NULL,
  `vehicle_spawn_position_id` int DEFAULT NULL,
  PRIMARY KEY (`id`)
) ENGINE=InnoDB AUTO_INCREMENT=2 DEFAULT CHARSET=armscii8 COLLATE=armscii8_bin;

-- Dumping data for table pgrp.server_gardener_jobs: ~1 rows (approximately)
INSERT INTO `server_gardener_jobs` (`id`, `position_id`, `vehicle_spawn_position_id`) VALUES
	(1, 4512, 4513);

-- Dumping structure for table pgrp.server_gas_stations
CREATE TABLE IF NOT EXISTS `server_gas_stations` (
  `id` int NOT NULL AUTO_INCREMENT,
  `name` varchar(255) CHARACTER SET armscii8 COLLATE armscii8_bin NOT NULL,
  `position_id` int NOT NULL,
  `price` int NOT NULL,
  `min_price` int NOT NULL,
  `max_price` int NOT NULL,
  PRIMARY KEY (`id`)
) ENGINE=InnoDB AUTO_INCREMENT=24 DEFAULT CHARSET=armscii8 COLLATE=armscii8_bin;

-- Dumping data for table pgrp.server_gas_stations: ~23 rows (approximately)
INSERT INTO `server_gas_stations` (`id`, `name`, `position_id`, `price`, `min_price`, `max_price`) VALUES
	(1, 'Pacific Bluffs', 416, 32, 15, 50),
	(2, 'Schneeweiss', 417, 43, 15, 50),
	(3, 'Little Seoul', 418, 49, 15, 50),
	(4, 'Davis', 419, 45, 15, 50),
	(5, 'Davis', 420, 39, 15, 50),
	(6, 'La Puerta', 421, 47, 15, 50),
	(7, 'Mirror Park', 422, 28, 15, 50),
	(8, 'El Burro Heights', 423, 18, 15, 50),
	(9, 'East Highway', 424, 16, 15, 50),
	(10, 'Sandy Shores Sued', 425, 37, 15, 50),
	(11, 'Sandy Shores', 426, 33, 15, 50),
	(12, 'Grapeseed', 427, 48, 15, 50),
	(13, 'Paleto Bay Ost', 428, 26, 15, 50),
	(14, 'Paleto Bay', 429, 39, 15, 50),
	(15, 'Naturschutz Gebiet', 430, 29, 15, 50),
	(16, 'Richman', 431, 16, 15, 50),
	(17, 'Harmony', 432, 19, 15, 50),
	(18, 'Harmony West', 433, 30, 15, 50),
	(19, 'Strawberry', 434, 37, 15, 50),
	(20, 'La Mesa', 435, 48, 15, 50),
	(21, 'Helikopter', 2809, 20, 10, 50),
	(22, 'Grand Senora Tankstelle', 4264, 39, 15, 50),
	(23, 'Vinewood Tankstelle', 4265, 41, 15, 50);

-- Dumping structure for table pgrp.server_hospitals
CREATE TABLE IF NOT EXISTS `server_hospitals` (
  `id` int NOT NULL AUTO_INCREMENT,
  `position_id` int NOT NULL DEFAULT '0',
  PRIMARY KEY (`id`)
) ENGINE=InnoDB AUTO_INCREMENT=3 DEFAULT CHARSET=armscii8 COLLATE=armscii8_bin;

-- Dumping data for table pgrp.server_hospitals: ~2 rows (approximately)
INSERT INTO `server_hospitals` (`id`, `position_id`) VALUES
	(1, 2697),
	(2, 4630);

-- Dumping structure for table pgrp.server_hospital_beds
CREATE TABLE IF NOT EXISTS `server_hospital_beds` (
  `id` int NOT NULL AUTO_INCREMENT,
  `hospital_id` int NOT NULL DEFAULT '0',
  `position_id` int NOT NULL DEFAULT '0',
  PRIMARY KEY (`id`)
) ENGINE=InnoDB AUTO_INCREMENT=15 DEFAULT CHARSET=armscii8 COLLATE=armscii8_bin;

-- Dumping data for table pgrp.server_hospital_beds: ~14 rows (approximately)
INSERT INTO `server_hospital_beds` (`id`, `hospital_id`, `position_id`) VALUES
	(1, 1, 2698),
	(2, 2, 4631),
	(3, 2, 4632),
	(4, 2, 4633),
	(5, 2, 4634),
	(6, 2, 4635),
	(7, 2, 4636),
	(8, 2, 4637),
	(9, 2, 4638),
	(10, 2, 4639),
	(11, 2, 4640),
	(12, 2, 4641),
	(13, 1, 4642),
	(14, 1, 4643);

-- Dumping structure for table pgrp.server_houses
CREATE TABLE IF NOT EXISTS `server_houses` (
  `id` int NOT NULL AUTO_INCREMENT,
  `position_id` int NOT NULL,
  `type` int NOT NULL,
  `owner_id` int NOT NULL,
  `inventory_id` int NOT NULL,
  `key_holder_id` int NOT NULL,
  `jumppoint_id` int NOT NULL,
  `wardrobe_id` int NOT NULL,
  PRIMARY KEY (`id`)
) ENGINE=InnoDB AUTO_INCREMENT=1608 DEFAULT CHARSET=armscii8 COLLATE=armscii8_bin;

-- Dumping data for table pgrp.server_houses: ~1.607 rows (approximately)
INSERT INTO `server_houses` (`id`, `position_id`, `type`, `owner_id`, `inventory_id`, `key_holder_id`, `jumppoint_id`, `wardrobe_id`) VALUES
	(1, 457, 4, 2, 103, 7, 18, 1),
	(2, 809, 0, 0, 143, 0, 0, 16),
	(3, 810, 0, 0, 144, 0, 0, 17),
	(4, 811, 0, 0, 145, 0, 0, 18),
	(5, 812, 0, 0, 146, 0, 0, 19),
	(6, 813, 0, 0, 147, 0, 0, 20),
	(7, 814, 0, 0, 148, 0, 0, 21),
	(8, 815, 0, 0, 149, 0, 0, 22),
	(9, 816, 0, 0, 150, 0, 0, 23),
	(10, 817, 0, 0, 151, 0, 0, 24),
	(11, 818, 0, 0, 152, 0, 0, 25),
	(12, 820, 0, 0, 153, 0, 0, 26),
	(13, 822, 0, 0, 154, 0, 0, 27),
	(14, 825, 0, 0, 155, 0, 0, 28),
	(15, 832, 0, 0, 156, 0, 0, 29),
	(16, 833, 0, 0, 157, 0, 0, 30),
	(17, 834, 0, 0, 158, 0, 0, 31),
	(18, 835, 0, 0, 159, 0, 0, 32),
	(19, 836, 0, 0, 160, 0, 0, 33),
	(20, 837, 0, 0, 161, 0, 0, 34),
	(21, 839, 0, 0, 162, 0, 0, 35),
	(22, 840, 0, 0, 163, 0, 0, 36),
	(23, 841, 0, 0, 164, 0, 0, 37),
	(24, 842, 0, 0, 165, 0, 0, 38),
	(25, 843, 0, 0, 166, 0, 0, 39),
	(26, 844, 0, 0, 167, 0, 0, 40),
	(27, 846, 0, 0, 168, 0, 0, 41),
	(28, 849, 0, 0, 169, 0, 0, 42),
	(29, 857, 0, 0, 170, 0, 0, 43),
	(30, 860, 0, 0, 171, 0, 0, 44),
	(31, 862, 0, 0, 172, 0, 0, 45),
	(32, 864, 0, 0, 173, 0, 0, 46),
	(33, 866, 0, 0, 174, 0, 0, 47),
	(34, 873, 0, 0, 175, 0, 0, 48),
	(35, 876, 0, 0, 176, 0, 0, 49),
	(36, 877, 0, 0, 177, 0, 0, 50),
	(37, 878, 0, 0, 178, 0, 0, 51),
	(38, 879, 0, 0, 179, 0, 0, 52),
	(39, 881, 0, 0, 180, 0, 0, 53),
	(40, 884, 0, 0, 181, 0, 0, 54),
	(41, 886, 0, 0, 182, 0, 0, 55),
	(42, 887, 0, 0, 183, 0, 0, 56),
	(43, 893, 0, 0, 184, 0, 0, 57),
	(44, 894, 0, 0, 185, 0, 0, 58),
	(45, 896, 0, 0, 186, 0, 0, 59),
	(46, 898, 0, 0, 187, 0, 0, 60),
	(47, 899, 0, 0, 188, 0, 0, 61),
	(48, 900, 0, 0, 189, 0, 0, 62),
	(49, 901, 0, 0, 190, 0, 0, 63),
	(50, 902, 0, 0, 191, 0, 0, 64),
	(51, 903, 0, 0, 192, 0, 0, 65),
	(52, 911, 0, 0, 193, 0, 0, 66),
	(53, 931, 0, 0, 194, 0, 0, 67),
	(54, 932, 0, 0, 195, 0, 0, 68),
	(55, 933, 0, 0, 196, 0, 0, 69),
	(56, 936, 0, 0, 197, 0, 0, 70),
	(57, 939, 0, 0, 198, 0, 0, 71),
	(58, 940, 0, 0, 199, 0, 0, 72),
	(59, 942, 0, 0, 200, 0, 0, 73),
	(60, 944, 0, 0, 201, 0, 0, 74),
	(61, 947, 0, 0, 202, 0, 0, 75),
	(62, 951, 0, 0, 203, 0, 0, 76),
	(63, 954, 0, 0, 204, 0, 0, 77),
	(64, 956, 0, 0, 205, 0, 0, 78),
	(65, 962, 0, 0, 206, 0, 0, 79),
	(66, 966, 0, 0, 207, 0, 0, 80),
	(67, 968, 0, 0, 208, 0, 0, 81),
	(68, 969, 0, 0, 209, 0, 0, 82),
	(69, 971, 0, 0, 210, 0, 0, 83),
	(70, 977, 0, 0, 211, 0, 0, 84),
	(71, 979, 0, 0, 212, 0, 0, 85),
	(72, 981, 0, 0, 213, 0, 0, 86),
	(73, 982, 0, 0, 214, 0, 0, 87),
	(74, 983, 0, 0, 215, 0, 0, 88),
	(75, 984, 0, 0, 216, 0, 0, 89),
	(76, 985, 0, 0, 217, 0, 0, 90),
	(77, 986, 0, 0, 218, 0, 0, 91),
	(78, 987, 0, 0, 219, 0, 0, 92),
	(79, 988, 0, 0, 220, 0, 0, 93),
	(80, 989, 0, 0, 221, 0, 0, 94),
	(81, 990, 0, 0, 222, 0, 0, 95),
	(82, 991, 0, 0, 223, 0, 0, 96),
	(83, 992, 0, 0, 224, 0, 0, 97),
	(84, 993, 0, 0, 225, 0, 0, 98),
	(85, 994, 0, 0, 226, 0, 0, 99),
	(86, 995, 0, 0, 227, 0, 0, 100),
	(87, 996, 0, 0, 228, 0, 0, 101),
	(88, 997, 0, 0, 229, 0, 0, 102),
	(89, 998, 0, 0, 230, 0, 0, 103),
	(90, 999, 0, 0, 231, 0, 0, 104),
	(91, 1000, 0, 0, 232, 0, 0, 105),
	(92, 1002, 0, 0, 233, 0, 0, 106),
	(93, 1003, 0, 0, 234, 0, 0, 107),
	(94, 1004, 0, 0, 235, 0, 0, 108),
	(95, 1005, 0, 0, 236, 0, 0, 109),
	(96, 1006, 0, 0, 237, 0, 0, 110),
	(97, 1007, 0, 0, 238, 0, 0, 111),
	(98, 1008, 0, 0, 239, 0, 0, 112),
	(99, 1009, 0, 0, 240, 0, 0, 113),
	(100, 1011, 0, 0, 241, 0, 0, 114),
	(101, 1013, 0, 0, 242, 0, 0, 115),
	(102, 1015, 0, 0, 243, 0, 0, 116),
	(103, 1016, 0, 0, 244, 0, 0, 117),
	(104, 1017, 0, 0, 245, 0, 0, 118),
	(105, 1018, 0, 0, 246, 0, 0, 119),
	(106, 1021, 0, 0, 247, 0, 0, 120),
	(107, 1022, 0, 0, 248, 0, 0, 121),
	(108, 1023, 0, 0, 249, 0, 0, 122),
	(109, 1024, 0, 0, 250, 0, 0, 123),
	(110, 1025, 0, 0, 251, 0, 0, 124),
	(111, 1026, 0, 0, 252, 0, 0, 125),
	(112, 1027, 0, 0, 253, 0, 0, 126),
	(113, 1028, 0, 0, 254, 0, 0, 127),
	(114, 1029, 0, 0, 255, 0, 0, 128),
	(115, 1030, 0, 0, 256, 0, 0, 129),
	(116, 1031, 0, 0, 257, 0, 0, 130),
	(117, 1032, 0, 0, 258, 0, 0, 131),
	(118, 1033, 0, 0, 259, 0, 0, 132),
	(119, 1034, 0, 0, 260, 0, 0, 133),
	(120, 1035, 0, 0, 261, 0, 0, 134),
	(121, 1036, 0, 0, 262, 0, 0, 135),
	(122, 1037, 0, 0, 263, 0, 0, 136),
	(123, 1038, 0, 0, 264, 0, 0, 137),
	(124, 1039, 0, 0, 265, 0, 0, 138),
	(125, 1040, 1, 0, 266, 0, 0, 139),
	(126, 1041, 1, 0, 267, 0, 0, 140),
	(127, 1042, 1, 0, 268, 0, 0, 141),
	(128, 1043, 1, 0, 269, 0, 0, 142),
	(129, 1046, 3, 0, 270, 0, 0, 143),
	(130, 1049, 1, 0, 273, 0, 0, 144),
	(132, 1051, 1, 0, 275, 0, 0, 146),
	(133, 1052, 4, 30, 276, 0, 45, 147),
	(134, 1053, 1, 0, 277, 0, 0, 148),
	(135, 1054, 4, 0, 278, 0, 0, 149),
	(136, 1055, 1, 0, 279, 0, 0, 150),
	(137, 1056, 1, 0, 280, 0, 0, 151),
	(138, 1057, 1, 0, 281, 0, 0, 152),
	(139, 1058, 1, 0, 282, 0, 0, 153),
	(140, 1059, 1, 0, 283, 0, 0, 154),
	(141, 1060, 1, 0, 284, 0, 0, 155),
	(142, 1061, 1, 0, 285, 0, 0, 156),
	(143, 1062, 1, 0, 286, 0, 0, 157),
	(144, 1063, 1, 0, 287, 0, 0, 158),
	(145, 1064, 1, 0, 288, 0, 0, 159),
	(146, 1065, 1, 0, 289, 0, 0, 160),
	(147, 1066, 1, 0, 290, 0, 0, 161),
	(148, 1067, 1, 0, 291, 0, 0, 162),
	(149, 1068, 1, 0, 292, 0, 0, 163),
	(150, 1069, 1, 0, 293, 0, 0, 164),
	(151, 1070, 1, 0, 294, 0, 0, 165),
	(152, 1071, 1, 0, 295, 0, 0, 166),
	(153, 1072, 1, 0, 296, 0, 0, 167),
	(154, 1073, 1, 0, 297, 0, 0, 168),
	(155, 1074, 1, 0, 298, 0, 0, 169),
	(156, 1075, 1, 0, 299, 0, 0, 170),
	(157, 1076, 1, 0, 300, 0, 0, 171),
	(158, 1077, 1, 0, 301, 0, 0, 172),
	(159, 1078, 1, 0, 302, 0, 0, 173),
	(160, 1079, 1, 0, 303, 0, 0, 174),
	(161, 1080, 1, 0, 304, 0, 0, 175),
	(162, 1081, 1, 0, 305, 0, 0, 176),
	(163, 1082, 1, 0, 306, 0, 0, 177),
	(164, 1083, 1, 0, 307, 0, 0, 178),
	(165, 1084, 1, 0, 308, 0, 0, 179),
	(166, 1085, 1, 0, 309, 0, 0, 180),
	(167, 1086, 1, 0, 310, 0, 0, 181),
	(168, 1087, 1, 0, 311, 0, 0, 182),
	(169, 1088, 1, 0, 312, 0, 0, 183),
	(170, 1089, 1, 0, 313, 0, 0, 184),
	(171, 1090, 0, 0, 314, 0, 0, 185),
	(172, 1092, 1, 0, 315, 0, 0, 186),
	(173, 1093, 0, 0, 316, 0, 0, 187),
	(174, 1094, 0, 0, 317, 0, 0, 188),
	(175, 1095, 1, 0, 318, 0, 0, 189),
	(176, 1096, 0, 0, 319, 0, 0, 190),
	(177, 1097, 0, 0, 320, 0, 0, 191),
	(178, 1098, 0, 0, 321, 0, 0, 192),
	(179, 1099, 1, 0, 322, 0, 0, 193),
	(180, 1100, 0, 0, 323, 0, 0, 194),
	(181, 1101, 0, 0, 324, 0, 0, 195),
	(182, 1102, 0, 0, 325, 0, 0, 196),
	(183, 1103, 0, 0, 326, 0, 0, 197),
	(184, 1104, 0, 0, 327, 0, 0, 198),
	(185, 1105, 0, 0, 328, 0, 0, 199),
	(186, 1106, 1, 0, 329, 0, 0, 200),
	(187, 1107, 0, 0, 330, 0, 0, 201),
	(188, 1108, 0, 0, 331, 0, 0, 202),
	(189, 1109, 1, 0, 332, 0, 0, 203),
	(190, 1110, 0, 0, 333, 0, 0, 204),
	(191, 1111, 1, 0, 334, 0, 0, 205),
	(192, 1112, 1, 0, 335, 0, 0, 206),
	(193, 1113, 1, 0, 336, 0, 0, 207),
	(194, 1114, 0, 0, 337, 0, 0, 208),
	(195, 1115, 0, 0, 338, 0, 0, 209),
	(196, 1116, 0, 0, 339, 0, 0, 210),
	(197, 1117, 0, 0, 340, 0, 0, 211),
	(198, 1118, 1, 0, 341, 0, 0, 212),
	(199, 1119, 0, 0, 342, 0, 0, 213),
	(200, 1120, 0, 0, 343, 0, 0, 214),
	(201, 1121, 0, 0, 344, 0, 0, 215),
	(202, 1123, 1, 0, 345, 0, 0, 216),
	(203, 1124, 0, 0, 346, 0, 0, 217),
	(204, 1125, 0, 0, 347, 0, 0, 218),
	(205, 1126, 1, 0, 348, 0, 0, 219),
	(206, 1127, 0, 0, 349, 0, 0, 220),
	(207, 1128, 0, 0, 350, 0, 0, 221),
	(208, 1129, 0, 0, 351, 0, 0, 222),
	(209, 1130, 0, 0, 352, 0, 0, 223),
	(210, 1131, 1, 0, 353, 0, 0, 224),
	(211, 1132, 0, 0, 354, 0, 0, 225),
	(212, 1133, 1, 0, 355, 0, 0, 226),
	(213, 1134, 1, 0, 356, 0, 0, 227),
	(214, 1135, 0, 0, 357, 0, 0, 228),
	(215, 1136, 1, 0, 358, 0, 0, 229),
	(216, 1137, 1, 0, 359, 0, 0, 230),
	(217, 1138, 0, 0, 360, 0, 0, 231),
	(218, 1139, 1, 0, 361, 0, 0, 232),
	(219, 1140, 0, 0, 362, 0, 0, 233),
	(220, 1141, 0, 0, 363, 0, 0, 234),
	(221, 1142, 1, 0, 364, 0, 0, 235),
	(222, 1143, 0, 0, 365, 0, 0, 236),
	(223, 1144, 0, 0, 366, 0, 0, 237),
	(224, 1145, 0, 0, 367, 0, 0, 238),
	(225, 1146, 0, 0, 368, 0, 0, 239),
	(226, 1148, 0, 0, 369, 0, 0, 240),
	(227, 1149, 0, 0, 370, 0, 0, 241),
	(228, 1150, 0, 0, 371, 0, 0, 242),
	(229, 1151, 0, 0, 372, 0, 0, 243),
	(230, 1152, 0, 0, 373, 0, 0, 244),
	(231, 1153, 0, 0, 374, 0, 0, 245),
	(232, 1154, 1, 0, 375, 0, 0, 246),
	(233, 1155, 0, 0, 376, 0, 0, 247),
	(234, 1156, 1, 0, 377, 0, 0, 248),
	(235, 1157, 0, 0, 378, 0, 0, 249),
	(236, 1158, 1, 0, 379, 0, 0, 250),
	(237, 1159, 0, 0, 380, 0, 0, 251),
	(238, 1160, 1, 0, 381, 0, 0, 252),
	(239, 1161, 1, 0, 382, 0, 0, 253),
	(240, 1162, 0, 0, 383, 0, 0, 254),
	(241, 1163, 0, 0, 384, 0, 0, 255),
	(242, 1164, 0, 0, 385, 0, 0, 256),
	(243, 1165, 1, 0, 386, 0, 0, 257),
	(244, 1166, 0, 0, 387, 0, 0, 258),
	(245, 1167, 0, 0, 388, 0, 0, 259),
	(246, 1168, 0, 0, 389, 0, 0, 260),
	(247, 1169, 1, 0, 390, 0, 0, 261),
	(248, 1170, 0, 0, 391, 0, 0, 262),
	(249, 1171, 0, 0, 392, 0, 0, 263),
	(250, 1172, 1, 0, 393, 0, 0, 264),
	(251, 1173, 0, 0, 394, 0, 0, 265),
	(252, 1174, 0, 0, 395, 0, 0, 266),
	(253, 1175, 1, 0, 396, 0, 0, 267),
	(254, 1176, 0, 0, 397, 0, 0, 268),
	(255, 1177, 0, 0, 398, 0, 0, 269),
	(256, 1178, 1, 0, 399, 0, 0, 270),
	(257, 1179, 0, 0, 400, 0, 0, 271),
	(258, 1180, 0, 0, 401, 0, 0, 272),
	(259, 1181, 0, 0, 402, 0, 0, 273),
	(260, 1182, 0, 0, 403, 0, 0, 274),
	(261, 1183, 1, 0, 404, 0, 0, 275),
	(262, 1184, 0, 0, 405, 0, 0, 276),
	(263, 1186, 0, 0, 406, 0, 0, 277),
	(264, 1187, 0, 0, 407, 0, 0, 278),
	(265, 1188, 0, 0, 408, 0, 0, 279),
	(266, 1189, 0, 0, 409, 0, 0, 280),
	(267, 1190, 1, 0, 410, 0, 0, 281),
	(268, 1191, 0, 0, 411, 0, 0, 282),
	(269, 1192, 1, 0, 412, 0, 0, 283),
	(270, 1193, 1, 0, 413, 0, 0, 284),
	(271, 1194, 0, 0, 414, 0, 0, 285),
	(272, 1195, 0, 0, 415, 0, 0, 286),
	(273, 1196, 0, 0, 416, 0, 0, 287),
	(274, 1197, 1, 0, 417, 0, 0, 288),
	(275, 1198, 0, 0, 418, 0, 0, 289),
	(276, 1199, 0, 0, 419, 0, 0, 290),
	(277, 1200, 1, 0, 420, 0, 0, 291),
	(278, 1201, 1, 0, 421, 0, 0, 292),
	(279, 1202, 0, 0, 422, 0, 0, 293),
	(280, 1203, 1, 0, 423, 0, 0, 294),
	(281, 1204, 1, 0, 424, 0, 0, 295),
	(282, 1205, 0, 0, 425, 0, 0, 296),
	(283, 1206, 0, 0, 426, 0, 0, 297),
	(284, 1207, 1, 0, 427, 0, 0, 298),
	(285, 1208, 1, 0, 428, 0, 0, 299),
	(286, 1209, 0, 0, 429, 0, 0, 300),
	(287, 1210, 0, 0, 430, 0, 0, 301),
	(288, 1211, 0, 0, 431, 0, 0, 302),
	(289, 1212, 1, 0, 432, 0, 0, 303),
	(290, 1213, 0, 0, 433, 0, 0, 304),
	(291, 1214, 0, 0, 434, 0, 0, 305),
	(292, 1216, 1, 0, 435, 0, 0, 306),
	(293, 1217, 0, 0, 436, 0, 0, 307),
	(294, 1218, 0, 0, 437, 0, 0, 308),
	(295, 1219, 1, 0, 438, 0, 0, 309),
	(296, 1220, 1, 0, 439, 0, 0, 310),
	(297, 1221, 0, 0, 440, 0, 0, 311),
	(298, 1222, 0, 0, 441, 0, 0, 312),
	(299, 1223, 0, 0, 442, 0, 0, 313),
	(300, 1224, 0, 0, 443, 0, 0, 314),
	(301, 1225, 0, 0, 444, 0, 0, 315),
	(302, 1226, 0, 0, 445, 0, 0, 316),
	(303, 1227, 0, 0, 446, 0, 0, 317),
	(304, 1228, 0, 0, 447, 0, 0, 318),
	(305, 1229, 0, 0, 448, 0, 0, 319),
	(306, 1230, 0, 0, 449, 0, 0, 320),
	(307, 1231, 0, 0, 450, 0, 0, 321),
	(308, 1232, 0, 0, 451, 0, 0, 322),
	(309, 1233, 0, 0, 452, 0, 0, 323),
	(310, 1234, 0, 0, 453, 0, 0, 324),
	(311, 1235, 0, 0, 454, 0, 0, 325),
	(312, 1236, 0, 0, 455, 0, 0, 326),
	(313, 1237, 0, 0, 456, 0, 0, 327),
	(314, 1238, 0, 0, 457, 0, 0, 328),
	(315, 1239, 0, 0, 458, 0, 0, 329),
	(316, 1240, 0, 0, 459, 0, 0, 330),
	(317, 1241, 0, 0, 460, 0, 0, 331),
	(318, 1242, 0, 0, 461, 0, 0, 332),
	(319, 1243, 0, 0, 462, 0, 0, 333),
	(320, 1244, 0, 0, 463, 0, 0, 334),
	(321, 1245, 0, 0, 464, 0, 0, 335),
	(322, 1246, 0, 0, 465, 0, 0, 336),
	(323, 1247, 0, 0, 466, 0, 0, 337),
	(324, 1248, 0, 0, 467, 0, 0, 338),
	(325, 1249, 1, 0, 468, 0, 0, 339),
	(326, 1250, 1, 0, 469, 0, 0, 340),
	(327, 1251, 1, 0, 470, 0, 0, 341),
	(328, 1252, 1, 0, 471, 0, 0, 342),
	(329, 1253, 1, 0, 472, 0, 0, 343),
	(330, 1254, 1, 0, 473, 0, 0, 344),
	(331, 1255, 0, 0, 474, 0, 0, 345),
	(332, 1256, 0, 0, 475, 0, 0, 346),
	(333, 1257, 0, 0, 476, 0, 0, 347),
	(334, 1258, 0, 0, 477, 0, 0, 348),
	(335, 1259, 0, 0, 478, 0, 0, 349),
	(336, 1260, 0, 0, 479, 0, 0, 350),
	(337, 1261, 0, 0, 480, 0, 0, 351),
	(338, 1262, 0, 0, 481, 0, 0, 352),
	(339, 1263, 0, 0, 482, 0, 0, 353),
	(340, 1264, 0, 0, 483, 0, 0, 354),
	(341, 1265, 0, 0, 484, 0, 0, 355),
	(342, 1266, 0, 0, 485, 0, 0, 356),
	(343, 1267, 0, 0, 486, 0, 0, 357),
	(344, 1268, 0, 0, 487, 0, 0, 358),
	(345, 1269, 0, 0, 488, 0, 0, 359),
	(346, 1270, 0, 0, 489, 0, 0, 360),
	(347, 1271, 0, 0, 490, 0, 0, 361),
	(348, 1272, 0, 0, 491, 0, 0, 362),
	(349, 1273, 0, 0, 492, 0, 0, 363),
	(350, 1274, 0, 0, 493, 0, 0, 364),
	(351, 1275, 0, 0, 494, 0, 0, 365),
	(352, 1276, 0, 0, 495, 0, 0, 366),
	(353, 1277, 0, 0, 496, 0, 0, 367),
	(354, 1278, 0, 0, 497, 0, 0, 368),
	(355, 1279, 0, 0, 498, 0, 0, 369),
	(356, 1280, 0, 0, 499, 0, 0, 370),
	(357, 1281, 0, 0, 500, 0, 0, 371),
	(358, 1282, 0, 0, 501, 0, 0, 372),
	(359, 1283, 0, 0, 502, 0, 0, 373),
	(360, 1284, 0, 0, 503, 0, 0, 374),
	(361, 1285, 0, 0, 504, 0, 0, 375),
	(362, 1286, 0, 0, 505, 0, 0, 376),
	(363, 1287, 0, 0, 506, 0, 0, 377),
	(364, 1288, 0, 0, 507, 0, 0, 378),
	(365, 1289, 0, 0, 508, 0, 0, 379),
	(366, 1290, 0, 0, 509, 0, 0, 380),
	(367, 1291, 0, 0, 510, 0, 0, 381),
	(368, 1292, 0, 0, 511, 0, 0, 382),
	(369, 1293, 0, 0, 512, 0, 0, 383),
	(370, 1294, 0, 0, 513, 0, 0, 384),
	(371, 1295, 0, 0, 514, 0, 0, 385),
	(372, 1296, 0, 0, 515, 0, 0, 386),
	(373, 1297, 0, 0, 516, 0, 0, 387),
	(374, 1298, 0, 0, 517, 0, 0, 388),
	(375, 1299, 0, 0, 518, 0, 0, 389),
	(376, 1300, 0, 0, 519, 0, 0, 390),
	(377, 1301, 0, 0, 520, 0, 0, 391),
	(378, 1302, 0, 0, 521, 0, 0, 392),
	(379, 1303, 0, 0, 522, 0, 0, 393),
	(380, 1304, 0, 0, 523, 0, 0, 394),
	(381, 1305, 1, 0, 524, 0, 0, 395),
	(382, 1306, 1, 0, 525, 0, 0, 396),
	(383, 1307, 2, 0, 526, 0, 0, 397),
	(384, 1308, 0, 0, 527, 0, 0, 398),
	(385, 1309, 2, 0, 528, 0, 0, 399),
	(386, 1310, 0, 0, 529, 0, 0, 400),
	(387, 1311, 1, 0, 530, 0, 0, 401),
	(388, 1312, 0, 0, 531, 0, 0, 402),
	(389, 1313, 1, 0, 532, 0, 0, 403),
	(390, 1314, 2, 0, 533, 0, 0, 404),
	(391, 1315, 1, 0, 534, 0, 0, 405),
	(392, 1316, 0, 0, 535, 0, 0, 406),
	(393, 1317, 0, 0, 536, 0, 0, 407),
	(394, 1318, 1, 0, 537, 0, 0, 408),
	(395, 1319, 0, 0, 538, 0, 0, 409),
	(396, 1320, 1, 0, 539, 0, 0, 410),
	(397, 1321, 2, 0, 540, 0, 0, 411),
	(398, 1322, 1, 0, 541, 0, 0, 412),
	(399, 1323, 0, 0, 542, 0, 0, 413),
	(400, 1324, 0, 0, 543, 0, 0, 414),
	(401, 1325, 2, 0, 544, 0, 0, 415),
	(402, 1326, 1, 0, 545, 0, 0, 416),
	(403, 1327, 1, 0, 546, 0, 0, 417),
	(404, 1328, 2, 0, 547, 0, 0, 418),
	(405, 1329, 1, 0, 548, 0, 0, 419),
	(406, 1330, 1, 0, 549, 0, 0, 420),
	(407, 1331, 2, 0, 550, 0, 0, 421),
	(408, 1332, 0, 0, 551, 0, 0, 422),
	(409, 1333, 0, 0, 552, 0, 0, 423),
	(410, 1334, 1, 0, 553, 0, 0, 424),
	(411, 1335, 0, 0, 554, 0, 0, 425),
	(412, 1336, 2, 0, 555, 0, 0, 426),
	(413, 1337, 0, 0, 556, 0, 0, 427),
	(414, 1338, 2, 0, 557, 0, 0, 428),
	(415, 1339, 1, 0, 558, 0, 0, 429),
	(416, 1340, 1, 0, 559, 0, 0, 430),
	(417, 1341, 1, 0, 560, 0, 0, 431),
	(418, 1342, 0, 0, 561, 0, 0, 432),
	(419, 1343, 1, 0, 562, 0, 0, 433),
	(420, 1344, 1, 0, 563, 0, 0, 434),
	(421, 1345, 1, 0, 564, 0, 0, 435),
	(422, 1346, 0, 0, 565, 0, 0, 436),
	(423, 1347, 1, 0, 566, 0, 0, 437),
	(424, 1348, 0, 0, 567, 0, 0, 438),
	(425, 1349, 0, 0, 568, 0, 0, 439),
	(426, 1350, 1, 0, 569, 0, 0, 440),
	(427, 1351, 2, 0, 570, 0, 0, 441),
	(428, 1352, 0, 0, 571, 0, 0, 442),
	(429, 1353, 1, 0, 572, 0, 0, 443),
	(430, 1354, 0, 0, 573, 0, 0, 444),
	(431, 1355, 0, 0, 574, 0, 0, 445),
	(432, 1356, 1, 0, 575, 0, 0, 446),
	(433, 1357, 0, 0, 576, 0, 0, 447),
	(434, 1358, 2, 0, 577, 0, 0, 448),
	(435, 1359, 1, 0, 578, 0, 0, 449),
	(436, 1360, 1, 0, 579, 0, 0, 450),
	(437, 1361, 0, 0, 580, 0, 0, 451),
	(438, 1362, 1, 0, 581, 0, 0, 452),
	(439, 1363, 1, 0, 582, 0, 0, 453),
	(440, 1364, 0, 0, 583, 0, 0, 454),
	(441, 1365, 0, 0, 584, 0, 0, 455),
	(442, 1366, 1, 0, 585, 0, 0, 456),
	(443, 1367, 0, 0, 586, 0, 0, 457),
	(444, 1368, 1, 0, 587, 0, 0, 458),
	(445, 1369, 1, 0, 588, 0, 0, 459),
	(446, 1370, 0, 0, 589, 0, 0, 460),
	(447, 1371, 1, 0, 590, 0, 0, 461),
	(448, 1372, 1, 0, 591, 0, 0, 462),
	(449, 1373, 0, 0, 592, 0, 0, 463),
	(450, 1374, 1, 0, 593, 0, 0, 464),
	(451, 1375, 1, 0, 594, 0, 0, 465),
	(452, 1376, 0, 0, 595, 0, 0, 466),
	(453, 1377, 0, 0, 596, 0, 0, 467),
	(454, 1378, 1, 0, 597, 0, 0, 468),
	(455, 1379, 0, 0, 598, 0, 0, 469),
	(456, 1380, 0, 0, 599, 0, 0, 470),
	(457, 1381, 1, 0, 600, 0, 0, 471),
	(458, 1382, 0, 0, 601, 0, 0, 472),
	(459, 1383, 1, 0, 602, 0, 0, 473),
	(460, 1384, 0, 0, 603, 0, 0, 474),
	(461, 1385, 0, 0, 604, 0, 0, 475),
	(462, 1386, 0, 0, 605, 0, 0, 476),
	(463, 1387, 0, 0, 606, 0, 0, 477),
	(464, 1388, 0, 0, 607, 0, 0, 478),
	(465, 1389, 2, 0, 608, 0, 0, 479),
	(466, 1390, 1, 0, 609, 0, 0, 480),
	(467, 1391, 0, 0, 610, 0, 0, 481),
	(468, 1392, 0, 0, 611, 0, 0, 482),
	(469, 1393, 0, 0, 612, 0, 0, 483),
	(470, 1394, 1, 0, 613, 0, 0, 484),
	(471, 1395, 1, 0, 614, 0, 0, 485),
	(472, 1396, 0, 0, 615, 0, 0, 486),
	(473, 1397, 1, 0, 616, 0, 0, 487),
	(474, 1398, 1, 0, 617, 0, 0, 488),
	(475, 1399, 1, 0, 618, 0, 0, 489),
	(476, 1400, 2, 0, 619, 0, 0, 490),
	(477, 1401, 1, 0, 620, 0, 0, 491),
	(478, 1402, 1, 0, 621, 0, 0, 492),
	(479, 1403, 1, 0, 622, 0, 0, 493),
	(480, 1404, 2, 0, 623, 0, 0, 494),
	(481, 1405, 1, 0, 624, 0, 0, 495),
	(482, 1406, 2, 0, 625, 0, 0, 496),
	(483, 1407, 1, 0, 626, 0, 0, 497),
	(484, 1408, 1, 0, 627, 0, 0, 498),
	(485, 1409, 2, 0, 628, 0, 0, 499),
	(486, 1410, 2, 0, 629, 0, 0, 500),
	(487, 1411, 1, 0, 630, 0, 0, 501),
	(488, 1412, 2, 0, 631, 0, 0, 502),
	(489, 1413, 1, 0, 632, 0, 0, 503),
	(490, 1414, 1, 0, 633, 0, 0, 504),
	(491, 1415, 2, 0, 634, 0, 0, 505),
	(492, 1416, 1, 0, 635, 0, 0, 506),
	(493, 1417, 1, 0, 636, 0, 0, 507),
	(494, 1418, 2, 0, 637, 0, 0, 508),
	(495, 1419, 1, 0, 638, 0, 0, 509),
	(496, 1420, 2, 0, 639, 0, 0, 510),
	(497, 1421, 2, 0, 640, 0, 0, 511),
	(498, 1422, 2, 0, 641, 0, 0, 512),
	(499, 1423, 2, 0, 642, 0, 0, 513),
	(500, 1424, 2, 0, 643, 0, 0, 514),
	(501, 1425, 2, 0, 644, 0, 0, 515),
	(502, 1426, 2, 0, 645, 0, 0, 516),
	(503, 1427, 2, 0, 646, 0, 0, 517),
	(504, 1428, 2, 0, 647, 0, 0, 518),
	(505, 1429, 2, 0, 648, 0, 0, 519),
	(506, 1430, 2, 0, 649, 0, 0, 520),
	(507, 1431, 2, 0, 650, 0, 0, 521),
	(508, 1432, 2, 0, 651, 0, 0, 522),
	(509, 1433, 2, 0, 652, 0, 0, 523),
	(510, 1434, 2, 0, 653, 0, 0, 524),
	(511, 1435, 2, 0, 654, 0, 0, 525),
	(512, 1436, 2, 0, 655, 0, 0, 526),
	(513, 1437, 2, 0, 656, 0, 0, 527),
	(514, 1438, 2, 0, 657, 0, 0, 528),
	(515, 1439, 2, 0, 658, 0, 0, 529),
	(516, 1440, 2, 0, 659, 0, 0, 530),
	(517, 1441, 2, 0, 660, 0, 0, 531),
	(518, 1442, 2, 0, 661, 0, 0, 532),
	(519, 1443, 1, 0, 662, 0, 0, 533),
	(520, 1444, 1, 0, 663, 0, 0, 534),
	(521, 1445, 1, 0, 664, 0, 0, 535),
	(522, 1446, 2, 0, 665, 0, 0, 536),
	(523, 1447, 1, 0, 666, 0, 0, 537),
	(524, 1448, 1, 0, 667, 0, 0, 538),
	(525, 1449, 2, 0, 668, 0, 0, 539),
	(526, 1450, 2, 0, 669, 0, 0, 540),
	(527, 1451, 2, 0, 670, 0, 0, 541),
	(528, 1452, 2, 0, 671, 0, 0, 542),
	(529, 1453, 1, 0, 672, 0, 0, 543),
	(530, 1454, 1, 0, 673, 0, 0, 544),
	(531, 1455, 1, 0, 674, 0, 0, 545),
	(532, 1456, 2, 0, 675, 0, 0, 546),
	(533, 1457, 1, 0, 676, 0, 0, 547),
	(534, 1458, 1, 0, 677, 0, 0, 548),
	(535, 1459, 1, 0, 678, 0, 0, 549),
	(536, 1460, 2, 0, 679, 0, 0, 550),
	(537, 1461, 2, 0, 680, 0, 0, 551),
	(538, 1462, 2, 0, 681, 0, 0, 552),
	(539, 1463, 2, 0, 682, 0, 0, 553),
	(540, 1464, 2, 0, 683, 0, 0, 554),
	(541, 1465, 2, 0, 684, 0, 0, 555),
	(542, 1466, 2, 0, 685, 0, 0, 556),
	(543, 1467, 2, 0, 686, 0, 0, 557),
	(544, 1468, 2, 0, 687, 0, 0, 558),
	(545, 1469, 2, 0, 688, 0, 0, 559),
	(546, 1470, 2, 0, 689, 0, 0, 560),
	(547, 1471, 2, 0, 690, 0, 0, 561),
	(548, 1472, 2, 0, 691, 0, 0, 562),
	(549, 1473, 2, 0, 692, 0, 0, 563),
	(550, 1474, 1, 0, 693, 0, 0, 564),
	(551, 1475, 1, 0, 694, 0, 0, 565),
	(552, 1476, 2, 0, 695, 0, 0, 566),
	(553, 1477, 2, 0, 696, 0, 0, 567),
	(554, 1478, 1, 0, 697, 0, 0, 568),
	(555, 1479, 1, 0, 698, 0, 0, 569),
	(556, 1480, 1, 0, 699, 0, 0, 570),
	(557, 1481, 1, 0, 700, 0, 0, 571),
	(558, 1482, 2, 0, 701, 0, 0, 572),
	(559, 1483, 1, 0, 702, 0, 0, 573),
	(560, 1484, 2, 0, 703, 0, 0, 574),
	(561, 1485, 2, 0, 704, 0, 0, 575),
	(562, 1486, 1, 0, 705, 0, 0, 576),
	(563, 1487, 2, 0, 706, 0, 0, 577),
	(564, 1488, 2, 0, 707, 0, 0, 578),
	(565, 1489, 2, 0, 708, 0, 0, 579),
	(566, 1490, 0, 0, 709, 0, 0, 580),
	(567, 1491, 2, 0, 710, 0, 0, 581),
	(568, 1492, 2, 0, 711, 0, 0, 582),
	(569, 1493, 3, 0, 712, 0, 0, 583),
	(570, 1494, 0, 0, 713, 0, 0, 584),
	(571, 1495, 0, 0, 714, 0, 0, 585),
	(572, 1496, 0, 0, 715, 0, 0, 586),
	(573, 1497, 0, 0, 716, 0, 0, 587),
	(574, 1498, 3, 0, 717, 0, 0, 588),
	(575, 1499, 0, 0, 718, 0, 0, 589),
	(576, 1500, 0, 0, 719, 0, 0, 590),
	(577, 1501, 0, 0, 720, 0, 0, 591),
	(578, 1502, 0, 0, 721, 0, 0, 592),
	(579, 1503, 0, 0, 722, 0, 0, 593),
	(580, 1504, 0, 0, 723, 0, 0, 594),
	(581, 1505, 0, 0, 724, 0, 0, 595),
	(582, 1506, 0, 0, 725, 0, 0, 596),
	(583, 1507, 0, 0, 726, 0, 0, 597),
	(584, 1508, 0, 0, 727, 0, 0, 598),
	(585, 1509, 0, 0, 728, 0, 0, 599),
	(586, 1510, 0, 0, 729, 0, 0, 600),
	(587, 1511, 0, 0, 730, 0, 0, 601),
	(588, 1512, 0, 0, 731, 0, 0, 602),
	(589, 1513, 0, 0, 732, 0, 0, 603),
	(590, 1514, 0, 0, 733, 0, 0, 604),
	(591, 1515, 0, 0, 734, 0, 0, 605),
	(592, 1516, 0, 0, 735, 0, 0, 606),
	(593, 1517, 0, 0, 736, 0, 0, 607),
	(594, 1518, 0, 0, 737, 0, 0, 608),
	(595, 1519, 0, 0, 738, 0, 0, 609),
	(596, 1520, 1, 0, 739, 0, 0, 610),
	(597, 1521, 1, 0, 740, 0, 0, 611),
	(598, 1522, 3, 0, 741, 0, 0, 612),
	(599, 1523, 0, 0, 742, 0, 0, 613),
	(600, 1524, 0, 0, 743, 0, 0, 614),
	(601, 1525, 3, 0, 744, 0, 0, 615),
	(602, 1526, 0, 0, 745, 0, 0, 616),
	(603, 1527, 0, 0, 746, 0, 0, 617),
	(604, 1528, 3, 0, 747, 0, 0, 618),
	(605, 1529, 0, 0, 748, 0, 0, 619),
	(606, 1530, 0, 0, 749, 0, 0, 620),
	(607, 1531, 0, 0, 750, 0, 0, 621),
	(608, 1532, 0, 0, 751, 0, 0, 622),
	(609, 1533, 3, 0, 752, 0, 0, 623),
	(610, 1534, 0, 0, 753, 0, 0, 624),
	(611, 1535, 0, 0, 754, 0, 0, 625),
	(612, 1536, 0, 0, 755, 0, 0, 626),
	(613, 1537, 0, 0, 756, 0, 0, 627),
	(614, 1538, 3, 0, 757, 0, 0, 628),
	(615, 1539, 0, 0, 758, 0, 0, 629),
	(616, 1540, 0, 0, 759, 0, 0, 630),
	(617, 1541, 3, 0, 760, 0, 0, 631),
	(618, 1542, 0, 0, 761, 0, 0, 632),
	(619, 1543, 3, 0, 762, 0, 0, 633),
	(620, 1544, 3, 0, 763, 0, 0, 634),
	(621, 1545, 3, 0, 764, 0, 0, 635),
	(622, 1546, 0, 0, 765, 0, 0, 636),
	(623, 1547, 0, 0, 766, 0, 0, 637),
	(624, 1548, 3, 0, 767, 0, 0, 638),
	(625, 1549, 3, 0, 768, 0, 0, 639),
	(626, 1550, 3, 0, 769, 0, 0, 640),
	(627, 1551, 3, 0, 770, 0, 0, 641),
	(628, 1552, 0, 0, 771, 0, 0, 642),
	(629, 1553, 2, 0, 772, 0, 0, 643),
	(630, 1554, 3, 0, 773, 0, 0, 644),
	(631, 1555, 2, 0, 774, 0, 0, 645),
	(632, 1556, 0, 0, 775, 0, 0, 646),
	(633, 1557, 2, 0, 776, 0, 0, 647),
	(634, 1558, 0, 0, 777, 0, 0, 648),
	(635, 1559, 0, 0, 778, 0, 0, 649),
	(636, 1560, 2, 0, 779, 0, 0, 650),
	(637, 1561, 3, 0, 780, 0, 0, 651),
	(638, 1562, 1, 0, 781, 0, 0, 652),
	(639, 1563, 3, 0, 782, 0, 0, 653),
	(640, 1564, 3, 0, 783, 0, 0, 654),
	(641, 1565, 0, 0, 784, 0, 0, 655),
	(642, 1566, 0, 0, 785, 0, 0, 656),
	(643, 1567, 0, 0, 786, 0, 0, 657),
	(644, 1568, 0, 0, 787, 0, 0, 658),
	(645, 1569, 0, 0, 788, 0, 0, 659),
	(646, 1570, 0, 0, 789, 0, 0, 660),
	(647, 1571, 0, 0, 790, 0, 0, 661),
	(648, 1572, 0, 0, 791, 0, 0, 662),
	(649, 1573, 0, 0, 792, 0, 0, 663),
	(650, 1574, 0, 0, 793, 0, 0, 664),
	(651, 1575, 0, 0, 794, 0, 0, 665),
	(652, 1576, 0, 0, 795, 0, 0, 666),
	(653, 1577, 3, 0, 796, 0, 0, 667),
	(654, 1578, 0, 0, 797, 0, 0, 668),
	(655, 1579, 2, 0, 798, 0, 0, 669),
	(656, 1580, 0, 0, 799, 0, 0, 670),
	(657, 1581, 0, 0, 800, 0, 0, 671),
	(658, 1582, 2, 0, 801, 0, 0, 672),
	(659, 1583, 0, 0, 802, 0, 0, 673),
	(660, 1584, 0, 0, 803, 0, 0, 674),
	(661, 1585, 3, 0, 804, 0, 0, 675),
	(662, 1586, 2, 0, 805, 0, 0, 676),
	(663, 1587, 0, 0, 806, 0, 0, 677),
	(664, 1588, 0, 0, 807, 0, 0, 678),
	(665, 1589, 0, 0, 808, 0, 0, 679),
	(666, 1590, 0, 0, 809, 0, 0, 680),
	(667, 1591, 0, 0, 810, 0, 0, 681),
	(668, 1592, 3, 37, 811, 0, 66, 682),
	(669, 1593, 0, 0, 812, 0, 0, 683),
	(670, 1594, 0, 0, 813, 0, 0, 684),
	(671, 1595, 0, 0, 814, 0, 0, 685),
	(672, 1596, 2, 0, 815, 0, 0, 686),
	(673, 1597, 0, 0, 816, 0, 0, 687),
	(674, 1598, 0, 0, 817, 0, 0, 688),
	(675, 1599, 2, 0, 818, 0, 0, 689),
	(676, 1600, 3, 0, 819, 0, 0, 690),
	(677, 1601, 3, 0, 820, 0, 0, 691),
	(678, 1602, 3, 0, 821, 0, 0, 692),
	(679, 1603, 3, 0, 822, 0, 0, 693),
	(680, 1604, 3, 0, 823, 0, 0, 694),
	(681, 1605, 3, 0, 824, 0, 0, 695),
	(682, 1606, 3, 0, 825, 0, 0, 696),
	(683, 1607, 2, 0, 826, 0, 0, 697),
	(684, 1608, 3, 0, 827, 0, 0, 698),
	(685, 1609, 1, 0, 828, 0, 0, 699),
	(686, 1610, 3, 0, 829, 0, 0, 700),
	(687, 1611, 1, 0, 830, 0, 0, 701),
	(688, 1612, 3, 0, 831, 0, 0, 702),
	(689, 1613, 1, 0, 832, 0, 0, 703),
	(690, 1614, 3, 0, 833, 0, 0, 704),
	(691, 1615, 0, 0, 834, 0, 0, 705),
	(692, 1616, 0, 0, 835, 0, 0, 706),
	(693, 1617, 0, 0, 836, 0, 0, 707),
	(694, 1618, 3, 0, 837, 0, 0, 708),
	(695, 1619, 0, 0, 838, 0, 0, 709),
	(696, 1620, 0, 0, 839, 0, 0, 710),
	(697, 1621, 0, 0, 840, 0, 0, 711),
	(698, 1622, 3, 0, 841, 0, 0, 712),
	(699, 1623, 0, 0, 842, 0, 0, 713),
	(700, 1624, 0, 0, 843, 0, 0, 714),
	(701, 1625, 0, 0, 844, 0, 0, 715),
	(702, 1626, 3, 0, 845, 0, 0, 716),
	(703, 1627, 1, 0, 846, 0, 0, 717),
	(704, 1628, 1, 0, 847, 0, 0, 718),
	(705, 1629, 1, 0, 848, 0, 0, 719),
	(706, 1630, 3, 0, 849, 0, 0, 720),
	(707, 1631, 1, 0, 850, 0, 0, 721),
	(708, 1632, 1, 0, 851, 0, 0, 722),
	(709, 1633, 3, 0, 852, 0, 0, 723),
	(710, 1634, 3, 0, 853, 0, 0, 724),
	(711, 1635, 1, 0, 854, 0, 0, 725),
	(712, 1636, 1, 0, 855, 0, 0, 726),
	(713, 1637, 1, 0, 856, 0, 0, 727),
	(714, 1638, 3, 0, 857, 0, 0, 728),
	(715, 1639, 0, 0, 858, 0, 0, 729),
	(716, 1640, 0, 0, 859, 0, 0, 730),
	(717, 1641, 0, 0, 860, 0, 0, 731),
	(718, 1642, 3, 0, 861, 0, 0, 732),
	(719, 1643, 0, 0, 862, 0, 0, 733),
	(720, 1644, 0, 0, 863, 0, 0, 734),
	(721, 1645, 0, 0, 864, 0, 0, 735),
	(722, 1646, 0, 0, 865, 0, 0, 736),
	(723, 1647, 3, 0, 866, 0, 0, 737),
	(724, 1648, 0, 0, 867, 0, 0, 738),
	(725, 1649, 0, 0, 868, 0, 0, 739),
	(726, 1650, 3, 0, 869, 0, 0, 740),
	(727, 1651, 3, 0, 870, 0, 0, 741),
	(728, 1652, 0, 0, 871, 0, 0, 742),
	(729, 1653, 0, 0, 872, 0, 0, 743),
	(730, 1654, 3, 0, 873, 0, 0, 744),
	(731, 1655, 2, 0, 874, 0, 0, 745),
	(732, 1656, 0, 0, 875, 0, 0, 746),
	(733, 1657, 0, 0, 876, 0, 0, 747),
	(734, 1658, 0, 0, 877, 0, 0, 748),
	(735, 1659, 0, 0, 878, 0, 0, 749),
	(736, 1660, 0, 0, 879, 0, 0, 750),
	(737, 1661, 2, 0, 880, 0, 0, 751),
	(738, 1662, 2, 0, 881, 0, 0, 752),
	(739, 1663, 3, 0, 882, 0, 0, 753),
	(740, 1664, 0, 0, 883, 0, 0, 754),
	(741, 1665, 0, 0, 884, 0, 0, 755),
	(742, 1666, 0, 0, 885, 0, 0, 756),
	(743, 1667, 0, 0, 886, 0, 0, 757),
	(744, 1668, 3, 0, 887, 0, 0, 758),
	(745, 1669, 0, 0, 888, 0, 0, 759),
	(746, 1670, 3, 0, 889, 0, 0, 760),
	(747, 1671, 0, 0, 890, 0, 0, 761),
	(748, 1672, 0, 0, 891, 0, 0, 762),
	(749, 1673, 0, 0, 892, 0, 0, 763),
	(750, 1674, 0, 0, 893, 0, 0, 764),
	(751, 1675, 0, 0, 894, 0, 0, 765),
	(752, 1676, 0, 0, 895, 0, 0, 766),
	(753, 1677, 0, 0, 896, 0, 0, 767),
	(754, 1678, 3, 0, 897, 0, 0, 768),
	(755, 1679, 0, 0, 898, 0, 0, 769),
	(756, 1680, 0, 0, 899, 0, 0, 770),
	(757, 1681, 0, 0, 900, 0, 0, 771),
	(758, 1682, 0, 0, 901, 0, 0, 772),
	(759, 1683, 0, 0, 902, 0, 0, 773),
	(760, 1684, 0, 0, 903, 0, 0, 774),
	(761, 1685, 0, 0, 904, 0, 0, 775),
	(762, 1686, 3, 0, 905, 0, 0, 776),
	(763, 1687, 0, 0, 906, 0, 0, 777),
	(764, 1688, 0, 0, 907, 0, 0, 778),
	(765, 1689, 3, 0, 908, 0, 0, 779),
	(766, 1690, 3, 0, 909, 0, 0, 780),
	(767, 1691, 4, 13, 910, 0, 37, 781),
	(768, 1692, 3, 0, 911, 0, 0, 782),
	(769, 1693, 4, 13, 912, 0, 40, 783),
	(770, 1694, 3, 13, 913, 0, 41, 784),
	(771, 1695, 3, 0, 914, 0, 0, 785),
	(772, 1696, 3, 0, 915, 0, 0, 786),
	(773, 1697, 3, 0, 916, 0, 0, 787),
	(774, 1698, 3, 0, 917, 0, 0, 788),
	(775, 1699, 3, 32, 918, 0, 39, 789),
	(776, 1700, 3, 0, 919, 0, 0, 790),
	(777, 1701, 3, 32, 920, 0, 38, 791),
	(778, 1702, 3, 0, 921, 0, 0, 792),
	(779, 1703, 3, 0, 922, 0, 0, 793),
	(780, 1704, 3, 0, 923, 0, 0, 794),
	(781, 1705, 3, 0, 924, 0, 0, 795),
	(782, 1706, 3, 0, 925, 0, 0, 796),
	(783, 1707, 3, 0, 926, 0, 0, 797),
	(784, 1708, 3, 0, 927, 0, 0, 798),
	(785, 1709, 3, 0, 928, 0, 0, 799),
	(786, 1710, 3, 0, 929, 0, 0, 800),
	(787, 1711, 3, 0, 930, 0, 0, 801),
	(788, 1712, 3, 0, 931, 0, 0, 802),
	(789, 1713, 3, 0, 932, 0, 0, 803),
	(790, 1714, 3, 0, 933, 0, 0, 804),
	(791, 1715, 3, 0, 934, 0, 0, 805),
	(792, 1716, 3, 0, 935, 0, 0, 806),
	(793, 1717, 3, 0, 936, 0, 0, 807),
	(794, 1718, 3, 0, 937, 0, 0, 808),
	(795, 1719, 3, 0, 938, 0, 0, 809),
	(796, 1720, 3, 0, 939, 0, 0, 810),
	(797, 1721, 3, 0, 940, 0, 0, 811),
	(798, 1722, 3, 0, 941, 0, 0, 812),
	(799, 1723, 3, 0, 942, 0, 0, 813),
	(800, 1724, 3, 0, 943, 0, 0, 814),
	(801, 1725, 3, 0, 944, 0, 0, 815),
	(802, 1726, 3, 0, 945, 0, 0, 816),
	(803, 1727, 3, 0, 946, 0, 0, 817),
	(804, 1728, 3, 0, 947, 0, 0, 818),
	(805, 1729, 3, 0, 948, 0, 0, 819),
	(806, 1730, 3, 0, 949, 0, 0, 820),
	(807, 1731, 3, 0, 950, 0, 0, 821),
	(808, 1732, 3, 0, 951, 0, 0, 822),
	(809, 1733, 3, 0, 952, 0, 0, 823),
	(810, 1734, 3, 0, 953, 0, 0, 824),
	(811, 1735, 3, 0, 954, 0, 0, 825),
	(812, 1736, 3, 0, 955, 0, 0, 826),
	(813, 1740, 4, 7, 956, 14, 24, 827),
	(814, 1743, 3, 0, 957, 0, 0, 828),
	(815, 1744, 0, 0, 958, 0, 0, 829),
	(816, 1745, 3, 0, 959, 0, 0, 830),
	(817, 1746, 0, 0, 960, 0, 0, 831),
	(818, 1747, 0, 0, 961, 0, 0, 832),
	(819, 1748, 0, 0, 962, 0, 0, 833),
	(820, 1749, 0, 0, 963, 0, 0, 834),
	(821, 1750, 3, 0, 964, 0, 0, 835),
	(822, 1751, 0, 0, 965, 0, 0, 836),
	(823, 1752, 0, 0, 966, 0, 0, 837),
	(824, 1753, 0, 0, 967, 0, 0, 838),
	(825, 1754, 0, 0, 968, 0, 0, 839),
	(826, 1755, 3, 0, 969, 0, 0, 840),
	(827, 1756, 0, 0, 970, 0, 0, 841),
	(828, 1757, 0, 0, 971, 0, 0, 842),
	(829, 1758, 0, 0, 972, 0, 0, 843),
	(830, 1759, 3, 0, 973, 0, 0, 844),
	(831, 1760, 0, 0, 974, 0, 0, 845),
	(832, 1761, 0, 0, 975, 0, 0, 846),
	(833, 1762, 0, 0, 976, 0, 0, 847),
	(834, 1763, 3, 0, 977, 0, 0, 848),
	(835, 1764, 0, 0, 978, 0, 0, 849),
	(836, 1765, 0, 0, 979, 0, 0, 850),
	(837, 1766, 0, 0, 980, 0, 0, 851),
	(838, 1767, 0, 0, 981, 0, 0, 852),
	(839, 1768, 0, 0, 982, 0, 0, 853),
	(840, 1769, 0, 0, 983, 0, 0, 854),
	(841, 1770, 3, 0, 984, 0, 0, 855),
	(842, 1771, 0, 0, 985, 0, 0, 856),
	(843, 1772, 0, 0, 986, 0, 0, 857),
	(844, 1773, 0, 0, 987, 0, 0, 858),
	(845, 1774, 0, 0, 988, 0, 0, 859),
	(846, 1775, 0, 0, 989, 0, 0, 860),
	(847, 1776, 3, 0, 990, 0, 0, 861),
	(848, 1777, 0, 0, 991, 0, 0, 862),
	(849, 1778, 0, 0, 992, 0, 0, 863),
	(850, 1779, 0, 0, 993, 0, 0, 864),
	(851, 1780, 0, 0, 994, 0, 0, 865),
	(852, 1781, 0, 0, 995, 0, 0, 866),
	(853, 1782, 0, 0, 996, 0, 0, 867),
	(854, 1783, 0, 0, 997, 0, 0, 868),
	(855, 1784, 0, 0, 998, 0, 0, 869),
	(856, 1785, 3, 0, 999, 0, 0, 870),
	(857, 1786, 0, 0, 1000, 0, 0, 871),
	(858, 1787, 0, 0, 1001, 0, 0, 872),
	(859, 1788, 3, 0, 1002, 0, 0, 873),
	(860, 1789, 0, 0, 1003, 0, 0, 874),
	(861, 1790, 0, 0, 1004, 31, 0, 875),
	(862, 1791, 3, 0, 1005, 0, 0, 876),
	(863, 1792, 0, 0, 1006, 0, 0, 877),
	(864, 1793, 0, 0, 1007, 0, 0, 878),
	(865, 1794, 3, 0, 1008, 0, 0, 879),
	(866, 1795, 0, 0, 1009, 0, 0, 880),
	(867, 1796, 0, 0, 1010, 0, 0, 881),
	(868, 1797, 3, 0, 1011, 0, 0, 882),
	(869, 1798, 0, 0, 1012, 0, 0, 883),
	(870, 1799, 3, 0, 1013, 0, 0, 884),
	(871, 1800, 0, 0, 1014, 0, 0, 885),
	(872, 1801, 0, 0, 1015, 0, 0, 886),
	(873, 1802, 3, 0, 1016, 0, 0, 887),
	(874, 1803, 0, 0, 1017, 0, 0, 888),
	(875, 1804, 0, 0, 1018, 0, 0, 889),
	(876, 1805, 0, 0, 1019, 0, 0, 890),
	(877, 1806, 0, 0, 1020, 0, 0, 891),
	(878, 1807, 0, 0, 1021, 0, 0, 892),
	(879, 1808, 0, 0, 1022, 0, 0, 893),
	(880, 1809, 0, 0, 1023, 0, 0, 894),
	(881, 1810, 3, 0, 1024, 0, 0, 895),
	(882, 1811, 0, 0, 1025, 0, 0, 896),
	(883, 1812, 0, 0, 1026, 0, 0, 897),
	(884, 1813, 3, 0, 1027, 0, 0, 898),
	(885, 1814, 0, 0, 1028, 0, 0, 899),
	(886, 1815, 0, 0, 1029, 0, 0, 900),
	(887, 1816, 0, 0, 1030, 0, 0, 901),
	(888, 1817, 3, 0, 1031, 0, 0, 902),
	(889, 1818, 0, 0, 1032, 0, 0, 903),
	(890, 1819, 0, 0, 1033, 0, 0, 904),
	(891, 1820, 3, 0, 1034, 0, 0, 905),
	(892, 1821, 0, 0, 1035, 0, 0, 906),
	(893, 1822, 3, 0, 1036, 0, 0, 907),
	(894, 1823, 0, 0, 1037, 0, 0, 908),
	(895, 1824, 0, 0, 1038, 0, 0, 909),
	(896, 1825, 3, 0, 1039, 0, 0, 910),
	(897, 1826, 0, 0, 1040, 0, 0, 911),
	(898, 1827, 0, 0, 1041, 0, 0, 912),
	(899, 1828, 0, 0, 1042, 0, 0, 913),
	(900, 1829, 0, 0, 1043, 0, 0, 914),
	(901, 1830, 3, 0, 1044, 0, 0, 915),
	(902, 1831, 0, 6, 1045, 0, 26, 916),
	(903, 1832, 0, 0, 1046, 0, 0, 917),
	(904, 1833, 0, 0, 1047, 0, 0, 918),
	(905, 1834, 0, 0, 1048, 0, 0, 919),
	(906, 1835, 0, 0, 1049, 0, 0, 920),
	(907, 1836, 3, 0, 1050, 0, 0, 921),
	(908, 1837, 3, 0, 1051, 0, 0, 922),
	(909, 1838, 0, 0, 1052, 0, 0, 923),
	(910, 1839, 0, 0, 1053, 0, 0, 924),
	(911, 1840, 0, 0, 1054, 0, 0, 925),
	(912, 1841, 3, 0, 1055, 0, 0, 926),
	(913, 1842, 0, 0, 1056, 0, 0, 927),
	(914, 1843, 3, 0, 1057, 0, 0, 928),
	(915, 1844, 0, 0, 1058, 0, 0, 929),
	(916, 1845, 0, 0, 1059, 0, 0, 930),
	(917, 1846, 0, 0, 1060, 0, 0, 931),
	(918, 1847, 3, 0, 1061, 0, 0, 932),
	(919, 1848, 0, 0, 1062, 0, 0, 933),
	(920, 1849, 0, 0, 1063, 0, 0, 934),
	(921, 1850, 0, 0, 1064, 0, 0, 935),
	(922, 1851, 3, 0, 1065, 0, 0, 936),
	(923, 1852, 0, 0, 1066, 0, 0, 937),
	(924, 1853, 0, 0, 1067, 0, 0, 938),
	(925, 1854, 3, 0, 1068, 0, 0, 939),
	(926, 1855, 0, 0, 1069, 0, 0, 940),
	(927, 1856, 3, 0, 1070, 0, 0, 941),
	(928, 1857, 3, 0, 1071, 0, 0, 942),
	(929, 1858, 3, 0, 1072, 0, 0, 943),
	(930, 1859, 3, 0, 1073, 0, 0, 944),
	(931, 1860, 3, 0, 1074, 0, 0, 945),
	(932, 1861, 3, 0, 1075, 0, 0, 946),
	(933, 1862, 3, 0, 1076, 0, 0, 947),
	(934, 1863, 3, 0, 1077, 0, 0, 948),
	(935, 1864, 3, 0, 1078, 0, 0, 949),
	(936, 1865, 3, 0, 1079, 0, 0, 950),
	(937, 1866, 3, 0, 1080, 0, 0, 951),
	(938, 1867, 3, 0, 1081, 0, 0, 952),
	(939, 1868, 3, 0, 1082, 0, 0, 953),
	(940, 1869, 3, 0, 1083, 0, 0, 954),
	(941, 1870, 3, 0, 1084, 0, 0, 955),
	(942, 1871, 3, 0, 1085, 0, 0, 956),
	(943, 1872, 3, 0, 1086, 0, 0, 957),
	(944, 1873, 3, 0, 1087, 0, 0, 958),
	(945, 1874, 3, 0, 1088, 0, 0, 959),
	(946, 1875, 1, 0, 1089, 0, 0, 960),
	(947, 1876, 3, 0, 1090, 0, 0, 961),
	(948, 1877, 3, 0, 1091, 0, 0, 962),
	(949, 1878, 3, 0, 1092, 0, 0, 963),
	(950, 1879, 1, 0, 1093, 0, 0, 964),
	(951, 1880, 3, 0, 1094, 0, 0, 965),
	(952, 1881, 3, 0, 1095, 0, 0, 966),
	(953, 1882, 0, 0, 1096, 0, 0, 967),
	(954, 1883, 0, 0, 1097, 0, 0, 968),
	(955, 1884, 0, 0, 1098, 0, 0, 969),
	(956, 1885, 0, 0, 1099, 0, 0, 970),
	(957, 1886, 0, 0, 1100, 0, 0, 971),
	(958, 1887, 0, 0, 1101, 0, 0, 972),
	(959, 1888, 0, 0, 1102, 0, 0, 973),
	(960, 1889, 0, 0, 1103, 0, 0, 974),
	(961, 1890, 0, 0, 1104, 0, 0, 975),
	(962, 1891, 0, 0, 1105, 0, 0, 976),
	(963, 1892, 0, 0, 1106, 0, 0, 977),
	(964, 1893, 0, 0, 1107, 0, 0, 978),
	(965, 1894, 0, 0, 1108, 0, 0, 979),
	(966, 1895, 0, 0, 1109, 0, 0, 980),
	(967, 1896, 0, 0, 1110, 0, 0, 981),
	(968, 1897, 0, 0, 1111, 0, 0, 982),
	(969, 1898, 3, 0, 1112, 0, 0, 983),
	(970, 1899, 0, 0, 1113, 0, 0, 984),
	(971, 1900, 0, 0, 1114, 0, 0, 985),
	(972, 1901, 0, 0, 1115, 0, 0, 986),
	(973, 1902, 3, 0, 1116, 0, 0, 987),
	(974, 1903, 0, 0, 1117, 0, 0, 988),
	(975, 1904, 3, 0, 1118, 0, 0, 989),
	(976, 1905, 0, 0, 1119, 0, 0, 990),
	(977, 1906, 3, 0, 1120, 0, 0, 991),
	(978, 1907, 0, 0, 1121, 0, 0, 992),
	(979, 1908, 0, 0, 1122, 0, 0, 993),
	(980, 1909, 3, 0, 1123, 0, 0, 994),
	(981, 1910, 0, 0, 1124, 0, 0, 995),
	(982, 1911, 0, 0, 1125, 0, 0, 996),
	(983, 1912, 3, 0, 1126, 0, 0, 997),
	(984, 1913, 0, 0, 1127, 0, 0, 998),
	(985, 1914, 3, 0, 1128, 0, 0, 999),
	(986, 1915, 0, 0, 1129, 0, 0, 1000),
	(987, 1916, 0, 0, 1130, 0, 0, 1001),
	(988, 1917, 0, 0, 1131, 0, 0, 1002),
	(989, 1918, 0, 0, 1132, 0, 0, 1003),
	(990, 1919, 3, 0, 1133, 0, 0, 1004),
	(991, 1920, 3, 0, 1134, 0, 0, 1005),
	(992, 1921, 0, 0, 1135, 0, 0, 1006),
	(993, 1922, 3, 0, 1136, 0, 0, 1007),
	(994, 1923, 3, 0, 1137, 0, 0, 1008),
	(995, 1924, 0, 0, 1138, 0, 0, 1009),
	(996, 1925, 3, 0, 1139, 0, 0, 1010),
	(997, 1926, 3, 0, 1140, 0, 0, 1011),
	(998, 1927, 3, 0, 1141, 0, 0, 1012),
	(999, 1928, 1, 0, 1142, 0, 0, 1013),
	(1000, 1929, 3, 0, 1143, 0, 0, 1014),
	(1001, 1930, 3, 0, 1144, 0, 0, 1015),
	(1002, 1931, 3, 0, 1145, 0, 0, 1016),
	(1003, 1932, 1, 0, 1146, 0, 0, 1017),
	(1004, 1933, 3, 0, 1147, 0, 0, 1018),
	(1005, 1934, 3, 0, 1148, 0, 0, 1019),
	(1006, 1935, 3, 0, 1149, 0, 0, 1020),
	(1007, 1936, 1, 0, 1150, 0, 0, 1021),
	(1008, 1937, 0, 0, 1151, 0, 0, 1022),
	(1009, 1938, 3, 0, 1152, 0, 0, 1023),
	(1010, 1939, 0, 0, 1153, 0, 0, 1024),
	(1011, 1940, 0, 0, 1154, 0, 0, 1025),
	(1012, 1941, 0, 0, 1155, 0, 0, 1026),
	(1013, 1942, 3, 0, 1156, 0, 0, 1027),
	(1014, 1943, 0, 0, 1157, 0, 0, 1028),
	(1015, 1944, 3, 0, 1158, 0, 0, 1029),
	(1016, 1945, 0, 0, 1159, 0, 0, 1030),
	(1017, 1946, 3, 0, 1160, 0, 0, 1031),
	(1018, 1947, 0, 0, 1161, 0, 0, 1032),
	(1019, 1948, 0, 0, 1162, 0, 0, 1033),
	(1020, 1949, 0, 0, 1163, 0, 0, 1034),
	(1021, 1950, 3, 0, 1164, 0, 0, 1035),
	(1022, 1951, 0, 0, 1165, 0, 0, 1036),
	(1023, 1952, 0, 0, 1166, 0, 0, 1037),
	(1024, 1953, 3, 0, 1167, 0, 0, 1038),
	(1025, 1954, 3, 0, 1168, 0, 0, 1039),
	(1026, 1955, 0, 0, 1169, 0, 0, 1040),
	(1027, 1956, 0, 0, 1170, 0, 0, 1041),
	(1028, 1957, 0, 0, 1171, 0, 0, 1042),
	(1029, 1958, 0, 0, 1172, 0, 0, 1043),
	(1030, 1959, 3, 0, 1173, 0, 0, 1044),
	(1031, 1960, 0, 0, 1174, 0, 0, 1045),
	(1032, 1961, 0, 0, 1175, 0, 0, 1046),
	(1033, 1962, 3, 0, 1176, 0, 0, 1047),
	(1034, 1963, 3, 0, 1177, 0, 0, 1048),
	(1035, 1964, 3, 0, 1178, 0, 0, 1049),
	(1036, 1965, 3, 0, 1179, 0, 0, 1050),
	(1037, 1966, 3, 0, 1180, 0, 0, 1051),
	(1038, 1967, 0, 0, 1181, 0, 0, 1052),
	(1039, 1968, 1, 0, 1182, 0, 0, 1053),
	(1040, 1969, 0, 0, 1183, 0, 0, 1054),
	(1041, 1970, 0, 0, 1184, 0, 0, 1055),
	(1042, 1971, 0, 0, 1185, 0, 0, 1056),
	(1043, 1972, 0, 0, 1186, 0, 0, 1057),
	(1044, 1973, 3, 0, 1187, 0, 0, 1058),
	(1045, 1974, 0, 0, 1188, 0, 0, 1059),
	(1046, 1975, 3, 0, 1189, 0, 0, 1060),
	(1047, 1976, 0, 0, 1190, 0, 0, 1061),
	(1048, 1977, 3, 0, 1191, 0, 0, 1062),
	(1049, 1978, 0, 0, 1192, 0, 0, 1063),
	(1050, 1979, 0, 0, 1193, 0, 0, 1064),
	(1051, 1980, 3, 0, 1194, 0, 0, 1065),
	(1052, 1981, 0, 0, 1195, 0, 0, 1066),
	(1053, 1982, 3, 0, 1196, 0, 0, 1067),
	(1054, 1983, 3, 0, 1197, 0, 0, 1068),
	(1055, 1984, 0, 0, 1198, 0, 0, 1069),
	(1056, 1985, 3, 0, 1199, 0, 0, 1070),
	(1057, 1986, 0, 0, 1200, 0, 0, 1071),
	(1058, 1987, 3, 0, 1201, 0, 0, 1072),
	(1059, 1988, 3, 0, 1202, 0, 0, 1073),
	(1060, 1989, 1, 0, 1203, 0, 0, 1074),
	(1061, 1990, 3, 0, 1204, 0, 0, 1075),
	(1062, 1991, 1, 0, 1205, 0, 0, 1076),
	(1063, 1992, 3, 0, 1206, 0, 0, 1077),
	(1064, 1993, 0, 0, 1207, 0, 0, 1078),
	(1065, 1994, 3, 0, 1208, 0, 0, 1079),
	(1066, 1995, 0, 0, 1209, 0, 0, 1080),
	(1067, 1996, 0, 0, 1210, 0, 0, 1081),
	(1068, 1997, 0, 0, 1211, 0, 0, 1082),
	(1069, 1998, 3, 0, 1212, 0, 0, 1083),
	(1070, 1999, 3, 0, 1213, 0, 0, 1084),
	(1071, 2000, 3, 0, 1214, 0, 0, 1085),
	(1072, 2001, 3, 0, 1215, 0, 0, 1086),
	(1073, 2002, 3, 0, 1216, 0, 0, 1087),
	(1074, 2003, 3, 0, 1217, 0, 0, 1088),
	(1075, 2004, 3, 0, 1218, 0, 0, 1089),
	(1076, 2005, 3, 0, 1219, 0, 0, 1090),
	(1077, 2006, 0, 0, 1220, 0, 0, 1091),
	(1078, 2007, 3, 0, 1221, 0, 0, 1092),
	(1079, 2008, 0, 0, 1222, 0, 0, 1093),
	(1080, 2009, 0, 0, 1223, 0, 0, 1094),
	(1081, 2010, 3, 0, 1224, 0, 0, 1095),
	(1082, 2011, 0, 0, 1225, 0, 0, 1096),
	(1083, 2012, 3, 0, 1226, 0, 0, 1097),
	(1084, 2013, 0, 0, 1227, 0, 0, 1098),
	(1085, 2014, 3, 0, 1228, 0, 0, 1099),
	(1086, 2015, 0, 0, 1229, 0, 0, 1100),
	(1087, 2016, 0, 0, 1230, 0, 0, 1101),
	(1088, 2017, 3, 0, 1231, 0, 0, 1102),
	(1089, 2018, 0, 0, 1232, 0, 0, 1103),
	(1090, 2019, 0, 0, 1233, 0, 0, 1104),
	(1091, 2020, 0, 0, 1234, 0, 0, 1105),
	(1092, 2021, 0, 0, 1235, 0, 0, 1106),
	(1093, 2022, 3, 0, 1236, 0, 0, 1107),
	(1094, 2023, 0, 0, 1237, 0, 0, 1108),
	(1095, 2024, 0, 0, 1238, 0, 0, 1109),
	(1096, 2025, 3, 0, 1239, 0, 0, 1110),
	(1097, 2026, 3, 0, 1240, 0, 0, 1111),
	(1098, 2027, 3, 0, 1241, 0, 0, 1112),
	(1099, 2028, 0, 0, 1242, 0, 0, 1113),
	(1100, 2029, 0, 0, 1243, 0, 0, 1114),
	(1101, 2030, 0, 0, 1244, 0, 0, 1115),
	(1102, 2031, 3, 0, 1245, 0, 0, 1116),
	(1103, 2032, 0, 0, 1246, 0, 0, 1117),
	(1104, 2033, 0, 0, 1247, 0, 0, 1118),
	(1105, 2034, 0, 0, 1248, 0, 0, 1119),
	(1106, 2035, 3, 0, 1249, 0, 0, 1120),
	(1107, 2036, 3, 0, 1250, 0, 0, 1121),
	(1108, 2037, 3, 0, 1251, 0, 0, 1122),
	(1109, 2038, 3, 0, 1252, 0, 0, 1123),
	(1110, 2039, 3, 0, 1253, 0, 0, 1124),
	(1111, 2040, 0, 0, 1254, 0, 0, 1125),
	(1112, 2041, 0, 0, 1255, 0, 0, 1126),
	(1113, 2042, 0, 0, 1256, 0, 0, 1127),
	(1114, 2043, 0, 0, 1257, 0, 0, 1128),
	(1115, 2044, 3, 0, 1258, 0, 0, 1129),
	(1116, 2045, 0, 0, 1259, 0, 0, 1130),
	(1117, 2046, 0, 0, 1260, 0, 0, 1131),
	(1118, 2047, 0, 0, 1261, 0, 0, 1132),
	(1119, 2048, 3, 0, 1262, 0, 0, 1133),
	(1120, 2049, 0, 0, 1263, 0, 0, 1134),
	(1121, 2050, 0, 0, 1264, 0, 0, 1135),
	(1122, 2051, 0, 0, 1265, 0, 0, 1136),
	(1123, 2052, 0, 0, 1266, 0, 0, 1137),
	(1124, 2053, 0, 0, 1267, 0, 0, 1138),
	(1125, 2054, 0, 0, 1268, 0, 0, 1139),
	(1126, 2055, 3, 0, 1269, 0, 0, 1140),
	(1127, 2056, 0, 0, 1270, 0, 0, 1141),
	(1128, 2057, 0, 0, 1271, 0, 0, 1142),
	(1129, 2058, 0, 0, 1272, 0, 0, 1143),
	(1130, 2059, 3, 0, 1273, 0, 0, 1144),
	(1131, 2060, 0, 0, 1274, 0, 0, 1145),
	(1132, 2061, 3, 0, 1275, 0, 0, 1146),
	(1133, 2062, 0, 0, 1276, 0, 0, 1147),
	(1134, 2063, 3, 0, 1277, 0, 0, 1148),
	(1135, 2064, 0, 0, 1278, 0, 0, 1149),
	(1136, 2065, 0, 0, 1279, 0, 0, 1150),
	(1137, 2066, 0, 0, 1280, 0, 0, 1151),
	(1138, 2067, 0, 0, 1281, 0, 0, 1152),
	(1139, 2068, 3, 0, 1282, 0, 0, 1153),
	(1140, 2069, 0, 0, 1283, 0, 0, 1154),
	(1141, 2070, 0, 0, 1284, 0, 0, 1155),
	(1142, 2071, 0, 0, 1285, 0, 0, 1156),
	(1143, 2072, 0, 0, 1286, 0, 0, 1157),
	(1144, 2073, 3, 0, 1287, 0, 0, 1158),
	(1145, 2074, 0, 0, 1288, 0, 0, 1159),
	(1146, 2075, 0, 0, 1289, 0, 0, 1160),
	(1147, 2076, 0, 0, 1290, 0, 0, 1161),
	(1148, 2077, 0, 0, 1291, 0, 0, 1162),
	(1149, 2078, 0, 0, 1292, 0, 0, 1163),
	(1150, 2079, 0, 0, 1293, 0, 0, 1164),
	(1151, 2080, 0, 0, 1294, 0, 0, 1165),
	(1152, 2081, 0, 0, 1295, 0, 0, 1166),
	(1153, 2082, 0, 0, 1296, 0, 0, 1167),
	(1154, 2083, 0, 0, 1297, 0, 0, 1168),
	(1155, 2084, 0, 0, 1298, 0, 0, 1169),
	(1156, 2085, 0, 0, 1299, 0, 0, 1170),
	(1157, 2086, 2, 0, 1300, 0, 0, 1171),
	(1158, 2087, 0, 0, 1301, 0, 0, 1172),
	(1159, 2088, 0, 0, 1302, 0, 0, 1173),
	(1160, 2089, 2, 0, 1303, 0, 0, 1174),
	(1161, 2090, 0, 0, 1304, 0, 0, 1175),
	(1162, 2091, 0, 0, 1305, 0, 0, 1176),
	(1163, 2092, 2, 0, 1306, 0, 0, 1177),
	(1164, 2093, 2, 0, 1307, 0, 0, 1178),
	(1165, 2094, 2, 0, 1308, 0, 0, 1179),
	(1166, 2095, 2, 0, 1309, 0, 0, 1180),
	(1167, 2096, 0, 0, 1310, 0, 0, 1181),
	(1168, 2097, 2, 0, 1311, 0, 0, 1182),
	(1169, 2098, 0, 0, 1312, 0, 0, 1183),
	(1170, 2099, 2, 0, 1313, 0, 0, 1184),
	(1171, 2100, 2, 0, 1314, 0, 0, 1185),
	(1172, 2101, 0, 0, 1315, 0, 0, 1186),
	(1173, 2102, 2, 0, 1316, 0, 0, 1187),
	(1174, 2103, 2, 0, 1317, 0, 0, 1188),
	(1175, 2104, 2, 0, 1318, 0, 0, 1189),
	(1176, 2105, 0, 0, 1319, 0, 0, 1190),
	(1177, 2106, 0, 0, 1320, 0, 0, 1191),
	(1178, 2107, 0, 0, 1321, 0, 0, 1192),
	(1179, 2108, 2, 0, 1322, 0, 0, 1193),
	(1180, 2109, 0, 0, 1323, 0, 0, 1194),
	(1181, 2110, 0, 0, 1324, 0, 0, 1195),
	(1182, 2111, 2, 0, 1325, 0, 0, 1196),
	(1183, 2112, 0, 0, 1326, 0, 0, 1197),
	(1184, 2113, 0, 0, 1327, 0, 0, 1198),
	(1185, 2114, 2, 0, 1328, 0, 0, 1199),
	(1186, 2115, 0, 0, 1329, 0, 0, 1200),
	(1187, 2116, 0, 0, 1330, 0, 0, 1201),
	(1188, 2117, 2, 0, 1331, 0, 0, 1202),
	(1189, 2118, 0, 0, 1332, 0, 0, 1203),
	(1190, 2119, 2, 0, 1333, 0, 0, 1204),
	(1191, 2120, 0, 0, 1334, 0, 0, 1205),
	(1192, 2121, 0, 0, 1335, 0, 0, 1206),
	(1193, 2122, 3, 0, 1336, 0, 0, 1207),
	(1194, 2123, 0, 0, 1337, 0, 0, 1208),
	(1195, 2124, 0, 0, 1338, 0, 0, 1209),
	(1196, 2125, 2, 0, 1339, 0, 0, 1210),
	(1197, 2126, 2, 0, 1340, 0, 0, 1211),
	(1198, 2127, 0, 0, 1341, 0, 0, 1212),
	(1199, 2128, 2, 0, 1342, 0, 0, 1213),
	(1200, 2129, 0, 0, 1343, 0, 0, 1214),
	(1201, 2130, 0, 0, 1344, 0, 0, 1215),
	(1202, 2131, 0, 0, 1345, 0, 0, 1216),
	(1203, 2132, 0, 0, 1346, 0, 0, 1217),
	(1204, 2133, 0, 0, 1347, 0, 0, 1218),
	(1205, 2134, 3, 0, 1348, 0, 0, 1219),
	(1206, 2135, 0, 0, 1349, 0, 0, 1220),
	(1207, 2136, 0, 0, 1350, 0, 0, 1221),
	(1208, 2137, 2, 0, 1351, 0, 0, 1222),
	(1209, 2138, 0, 0, 1352, 0, 0, 1223),
	(1210, 2139, 0, 0, 1353, 0, 0, 1224),
	(1211, 2140, 2, 0, 1354, 0, 0, 1225),
	(1212, 2141, 2, 0, 1355, 0, 0, 1226),
	(1213, 2142, 3, 0, 1356, 0, 0, 1227),
	(1214, 2143, 0, 0, 1357, 0, 0, 1228),
	(1215, 2144, 2, 0, 1358, 0, 0, 1229),
	(1216, 2145, 0, 0, 1359, 0, 0, 1230),
	(1217, 2146, 0, 0, 1360, 0, 0, 1231),
	(1218, 2147, 2, 0, 1361, 0, 0, 1232),
	(1219, 2148, 0, 0, 1362, 0, 0, 1233),
	(1220, 2149, 2, 0, 1363, 0, 0, 1234),
	(1221, 2150, 0, 0, 1364, 0, 0, 1235),
	(1222, 2151, 2, 0, 1365, 0, 0, 1236),
	(1223, 2152, 2, 0, 1366, 0, 0, 1237),
	(1224, 2153, 2, 0, 1367, 0, 0, 1238),
	(1225, 2154, 2, 0, 1368, 0, 0, 1239),
	(1226, 2155, 0, 0, 1369, 0, 0, 1240),
	(1227, 2156, 2, 0, 1370, 0, 0, 1241),
	(1228, 2157, 0, 0, 1371, 0, 0, 1242),
	(1229, 2158, 3, 0, 1372, 0, 0, 1243),
	(1230, 2159, 2, 0, 1373, 0, 0, 1244),
	(1231, 2160, 0, 0, 1374, 0, 0, 1245),
	(1232, 2161, 0, 0, 1375, 0, 0, 1246),
	(1233, 2162, 2, 0, 1376, 0, 0, 1247),
	(1234, 2163, 2, 0, 1377, 0, 0, 1248),
	(1235, 2164, 1, 0, 1378, 0, 0, 1249),
	(1236, 2165, 1, 0, 1379, 0, 0, 1250),
	(1237, 2166, 2, 0, 1380, 0, 0, 1251),
	(1238, 2167, 1, 0, 1381, 0, 0, 1252),
	(1239, 2168, 1, 0, 1382, 0, 0, 1253),
	(1240, 2169, 1, 0, 1383, 0, 0, 1254),
	(1241, 2170, 2, 0, 1384, 0, 0, 1255),
	(1242, 2171, 1, 0, 1385, 0, 0, 1256),
	(1243, 2172, 2, 0, 1386, 0, 0, 1257),
	(1244, 2173, 1, 0, 1387, 0, 0, 1258),
	(1245, 2174, 1, 0, 1388, 0, 0, 1259),
	(1246, 2175, 1, 0, 1389, 0, 0, 1260),
	(1247, 2176, 3, 0, 1390, 0, 0, 1261),
	(1248, 2177, 1, 0, 1391, 0, 0, 1262),
	(1249, 2178, 1, 0, 1392, 0, 0, 1263),
	(1250, 2179, 2, 0, 1393, 0, 0, 1264),
	(1251, 2180, 1, 0, 1394, 0, 0, 1265),
	(1252, 2181, 1, 0, 1395, 0, 0, 1266),
	(1253, 2182, 2, 0, 1396, 0, 0, 1267),
	(1254, 2183, 2, 0, 1397, 0, 0, 1268),
	(1255, 2184, 2, 0, 1398, 0, 0, 1269),
	(1256, 2185, 2, 0, 1399, 0, 0, 1270),
	(1257, 2186, 2, 0, 1400, 0, 0, 1271),
	(1258, 2187, 2, 0, 1401, 0, 0, 1272),
	(1259, 2188, 3, 0, 1402, 0, 0, 1273),
	(1260, 2189, 3, 0, 1403, 0, 0, 1274),
	(1261, 2190, 2, 0, 1404, 0, 0, 1275),
	(1262, 2191, 2, 0, 1405, 0, 0, 1276),
	(1263, 2192, 2, 0, 1406, 0, 0, 1277),
	(1264, 2193, 2, 0, 1407, 0, 0, 1278),
	(1265, 2194, 4, 0, 1408, 0, 0, 1279),
	(1266, 2195, 2, 0, 1409, 0, 0, 1280),
	(1267, 2196, 3, 0, 1410, 0, 0, 1281),
	(1268, 2197, 3, 0, 1411, 0, 0, 1282),
	(1269, 2198, 2, 0, 1412, 0, 0, 1283),
	(1270, 2199, 2, 0, 1413, 0, 0, 1284),
	(1271, 2200, 0, 0, 1414, 0, 0, 1285),
	(1272, 2201, 0, 0, 1415, 0, 0, 1286),
	(1273, 2202, 2, 0, 1416, 0, 0, 1287),
	(1274, 2203, 2, 0, 1417, 0, 0, 1288),
	(1275, 2204, 0, 0, 1418, 0, 0, 1289),
	(1276, 2205, 0, 0, 1419, 0, 0, 1290),
	(1277, 2206, 0, 0, 1420, 0, 0, 1291),
	(1278, 2207, 0, 0, 1421, 0, 0, 1292),
	(1279, 2208, 2, 0, 1422, 0, 0, 1293),
	(1280, 2209, 2, 0, 1423, 0, 0, 1294),
	(1281, 2210, 2, 0, 1424, 0, 0, 1295),
	(1282, 2211, 3, 0, 1425, 0, 0, 1296),
	(1283, 2212, 2, 0, 1426, 0, 0, 1297),
	(1284, 2213, 3, 0, 1427, 0, 0, 1298),
	(1285, 2214, 2, 0, 1428, 0, 0, 1299),
	(1286, 2215, 3, 0, 1429, 0, 0, 1300),
	(1287, 2216, 3, 0, 1430, 0, 0, 1301),
	(1288, 2217, 3, 0, 1431, 0, 0, 1302),
	(1289, 2218, 1, 0, 1432, 0, 0, 1303),
	(1290, 2219, 3, 0, 1433, 0, 0, 1304),
	(1291, 2220, 3, 0, 1434, 0, 0, 1305),
	(1292, 2221, 1, 0, 1435, 0, 0, 1306),
	(1293, 2222, 1, 0, 1436, 0, 0, 1307),
	(1294, 2223, 3, 0, 1437, 0, 0, 1308),
	(1295, 2224, 3, 0, 1438, 0, 0, 1309),
	(1296, 2225, 1, 0, 1439, 0, 0, 1310),
	(1297, 2226, 3, 0, 1440, 0, 0, 1311),
	(1298, 2227, 1, 0, 1441, 0, 0, 1312),
	(1299, 2228, 3, 0, 1442, 0, 0, 1313),
	(1300, 2229, 1, 0, 1443, 0, 0, 1314),
	(1301, 2230, 3, 0, 1444, 0, 0, 1315),
	(1302, 2231, 1, 0, 1445, 0, 0, 1316),
	(1303, 2232, 1, 0, 1446, 0, 0, 1317),
	(1304, 2233, 1, 0, 1447, 0, 0, 1318),
	(1305, 2234, 1, 0, 1448, 0, 0, 1319),
	(1306, 2235, 1, 0, 1449, 0, 0, 1320),
	(1307, 2236, 1, 0, 1450, 0, 0, 1321),
	(1308, 2237, 1, 0, 1451, 0, 0, 1322),
	(1309, 2238, 1, 0, 1452, 0, 0, 1323),
	(1310, 2239, 1, 0, 1453, 0, 0, 1324),
	(1311, 2240, 1, 0, 1454, 0, 0, 1325),
	(1312, 2241, 1, 0, 1455, 0, 0, 1326),
	(1313, 2242, 1, 0, 1456, 0, 0, 1327),
	(1314, 2243, 1, 0, 1457, 0, 0, 1328),
	(1315, 2244, 0, 0, 1458, 0, 0, 1329),
	(1316, 2245, 1, 0, 1459, 0, 0, 1330),
	(1317, 2246, 0, 0, 1460, 0, 0, 1331),
	(1318, 2247, 0, 0, 1461, 0, 0, 1332),
	(1319, 2248, 1, 0, 1462, 0, 0, 1333),
	(1320, 2249, 1, 0, 1463, 0, 0, 1334),
	(1321, 2250, 1, 0, 1464, 0, 0, 1335),
	(1322, 2251, 1, 0, 1465, 0, 0, 1336),
	(1323, 2252, 1, 0, 1466, 0, 0, 1337),
	(1324, 2253, 1, 0, 1467, 0, 0, 1338),
	(1325, 2254, 1, 0, 1468, 0, 0, 1339),
	(1326, 2255, 1, 0, 1469, 0, 0, 1340),
	(1327, 2256, 1, 0, 1470, 0, 0, 1341),
	(1328, 2257, 1, 0, 1471, 0, 0, 1342),
	(1329, 2258, 1, 0, 1472, 0, 0, 1343),
	(1330, 2259, 1, 0, 1473, 0, 0, 1344),
	(1331, 2260, 1, 0, 1474, 0, 0, 1345),
	(1332, 2261, 0, 0, 1475, 0, 0, 1346),
	(1333, 2262, 0, 0, 1476, 0, 0, 1347),
	(1334, 2263, 1, 0, 1477, 0, 0, 1348),
	(1335, 2264, 0, 0, 1478, 0, 0, 1349),
	(1336, 2265, 1, 0, 1479, 0, 0, 1350),
	(1337, 2266, 0, 0, 1480, 0, 0, 1351),
	(1338, 2267, 0, 0, 1481, 0, 0, 1352),
	(1339, 2268, 0, 0, 1482, 0, 0, 1353),
	(1340, 2269, 0, 0, 1483, 0, 0, 1354),
	(1341, 2270, 0, 0, 1484, 0, 0, 1355),
	(1342, 2271, 0, 0, 1485, 0, 0, 1356),
	(1343, 2272, 0, 0, 1486, 0, 0, 1357),
	(1344, 2273, 0, 0, 1487, 0, 0, 1358),
	(1345, 2274, 0, 0, 1488, 0, 0, 1359),
	(1346, 2275, 0, 0, 1489, 0, 0, 1360),
	(1347, 2276, 0, 0, 1490, 0, 0, 1361),
	(1348, 2277, 0, 0, 1491, 0, 0, 1362),
	(1349, 2278, 0, 0, 1492, 0, 0, 1363),
	(1350, 2279, 0, 0, 1493, 0, 0, 1364),
	(1351, 2280, 0, 0, 1494, 0, 0, 1365),
	(1352, 2281, 2, 0, 1495, 0, 0, 1366),
	(1353, 2282, 2, 0, 1496, 0, 0, 1367),
	(1354, 2283, 2, 0, 1497, 0, 0, 1368),
	(1355, 2284, 2, 0, 1498, 0, 0, 1369),
	(1356, 2285, 2, 0, 1499, 0, 0, 1370),
	(1357, 2286, 2, 0, 1500, 0, 0, 1371),
	(1358, 2287, 2, 0, 1501, 0, 0, 1372),
	(1359, 2288, 2, 0, 1502, 0, 0, 1373),
	(1360, 2289, 2, 0, 1503, 0, 0, 1374),
	(1361, 2290, 2, 0, 1504, 0, 0, 1375),
	(1362, 2291, 2, 0, 1505, 0, 0, 1376),
	(1363, 2292, 2, 0, 1506, 0, 0, 1377),
	(1364, 2293, 2, 0, 1507, 0, 0, 1378),
	(1365, 2294, 2, 0, 1508, 0, 0, 1379),
	(1366, 2295, 2, 0, 1509, 0, 0, 1380),
	(1367, 2296, 2, 0, 1510, 0, 0, 1381),
	(1368, 2297, 2, 0, 1511, 0, 0, 1382),
	(1369, 2298, 2, 0, 1512, 0, 0, 1383),
	(1370, 2299, 3, 0, 1513, 0, 0, 1384),
	(1371, 2300, 3, 0, 1514, 0, 0, 1385),
	(1372, 2301, 3, 0, 1515, 0, 0, 1386),
	(1373, 2302, 3, 0, 1516, 0, 0, 1387),
	(1374, 2303, 3, 0, 1517, 0, 0, 1388),
	(1375, 2304, 2, 0, 1518, 0, 0, 1389),
	(1376, 2305, 2, 0, 1519, 0, 0, 1390),
	(1377, 2306, 2, 0, 1520, 0, 0, 1391),
	(1378, 2307, 2, 0, 1521, 0, 0, 1392),
	(1379, 2308, 2, 0, 1522, 0, 0, 1393),
	(1380, 2309, 2, 0, 1523, 0, 0, 1394),
	(1381, 2310, 2, 0, 1524, 0, 0, 1395),
	(1382, 2311, 2, 0, 1525, 0, 0, 1396),
	(1383, 2312, 2, 0, 1526, 0, 0, 1397),
	(1384, 2313, 2, 0, 1527, 0, 0, 1398),
	(1385, 2314, 2, 0, 1528, 0, 0, 1399),
	(1386, 2315, 2, 0, 1529, 0, 0, 1400),
	(1387, 2316, 2, 0, 1530, 0, 0, 1401),
	(1388, 2317, 2, 0, 1531, 0, 0, 1402),
	(1389, 2318, 2, 0, 1532, 0, 0, 1403),
	(1390, 2319, 2, 0, 1533, 0, 0, 1404),
	(1391, 2320, 2, 0, 1534, 0, 0, 1405),
	(1392, 2321, 2, 0, 1535, 0, 0, 1406),
	(1393, 2322, 0, 0, 1536, 0, 0, 1407),
	(1394, 2323, 0, 0, 1537, 0, 0, 1408),
	(1395, 2324, 0, 0, 1538, 0, 0, 1409),
	(1396, 2325, 0, 0, 1539, 0, 0, 1410),
	(1397, 2326, 0, 0, 1540, 0, 0, 1411),
	(1398, 2327, 0, 0, 1541, 0, 0, 1412),
	(1399, 2328, 1, 0, 1542, 0, 0, 1413),
	(1400, 2329, 0, 0, 1543, 0, 0, 1414),
	(1401, 2330, 0, 0, 1544, 0, 0, 1415),
	(1402, 2331, 0, 0, 1545, 0, 0, 1416),
	(1403, 2332, 0, 0, 1546, 0, 0, 1417),
	(1404, 2333, 0, 0, 1547, 0, 0, 1418),
	(1405, 2334, 0, 0, 1548, 0, 0, 1419),
	(1406, 2335, 1, 0, 1549, 0, 0, 1420),
	(1407, 2336, 1, 0, 1550, 0, 0, 1421),
	(1408, 2337, 1, 0, 1551, 0, 0, 1422),
	(1409, 2338, 0, 0, 1552, 0, 0, 1423),
	(1410, 2339, 0, 0, 1553, 0, 0, 1424),
	(1411, 2340, 0, 0, 1554, 0, 0, 1425),
	(1412, 2341, 0, 0, 1555, 0, 0, 1426),
	(1413, 2342, 1, 0, 1556, 0, 0, 1427),
	(1414, 2343, 1, 0, 1557, 0, 0, 1428),
	(1415, 2344, 1, 0, 1558, 0, 0, 1429),
	(1416, 2345, 0, 0, 1559, 0, 0, 1430),
	(1417, 2346, 0, 0, 1560, 0, 0, 1431),
	(1418, 2347, 0, 0, 1561, 0, 0, 1432),
	(1419, 2348, 0, 0, 1562, 0, 0, 1433),
	(1420, 2349, 0, 0, 1563, 0, 0, 1434),
	(1421, 2350, 0, 0, 1564, 0, 0, 1435),
	(1422, 2351, 1, 0, 1565, 0, 0, 1436),
	(1423, 2352, 0, 0, 1566, 0, 0, 1437),
	(1424, 2353, 0, 0, 1567, 0, 0, 1438),
	(1425, 2354, 0, 0, 1568, 0, 0, 1439),
	(1426, 2355, 0, 0, 1569, 0, 0, 1440),
	(1427, 2356, 0, 0, 1570, 0, 0, 1441),
	(1428, 2357, 0, 0, 1571, 0, 0, 1442),
	(1429, 2358, 0, 0, 1572, 0, 0, 1443),
	(1430, 2359, 0, 0, 1573, 0, 0, 1444),
	(1431, 2360, 0, 0, 1574, 0, 0, 1445),
	(1432, 2361, 0, 0, 1575, 0, 0, 1446),
	(1433, 2362, 0, 0, 1576, 0, 0, 1447),
	(1434, 2363, 1, 0, 1577, 0, 0, 1448),
	(1435, 2364, 1, 0, 1578, 0, 0, 1449),
	(1436, 2365, 1, 0, 1579, 0, 0, 1450),
	(1437, 2366, 1, 0, 1580, 0, 0, 1451),
	(1438, 2367, 1, 0, 1581, 0, 0, 1452),
	(1439, 2368, 1, 0, 1582, 0, 0, 1453),
	(1440, 2369, 1, 0, 1583, 0, 0, 1454),
	(1441, 2370, 1, 0, 1584, 0, 0, 1455),
	(1442, 2371, 1, 0, 1585, 0, 0, 1456),
	(1443, 2372, 1, 0, 1586, 0, 0, 1457),
	(1444, 2373, 2, 0, 1587, 0, 0, 1458),
	(1445, 2374, 2, 0, 1588, 0, 0, 1459),
	(1446, 2375, 2, 0, 1589, 0, 0, 1460),
	(1447, 2376, 0, 0, 1590, 0, 0, 1461),
	(1448, 2377, 0, 0, 1591, 0, 0, 1462),
	(1449, 2378, 0, 0, 1592, 0, 0, 1463),
	(1450, 2379, 0, 0, 1593, 0, 0, 1464),
	(1451, 2380, 0, 0, 1594, 0, 0, 1465),
	(1452, 2381, 2, 0, 1595, 0, 0, 1466),
	(1453, 2382, 2, 0, 1596, 0, 0, 1467),
	(1454, 2383, 2, 0, 1597, 0, 0, 1468),
	(1455, 2384, 1, 0, 1598, 0, 0, 1469),
	(1456, 2385, 1, 0, 1599, 0, 0, 1470),
	(1457, 2386, 2, 0, 1600, 0, 0, 1471),
	(1458, 2387, 2, 0, 1601, 0, 0, 1472),
	(1459, 2388, 2, 0, 1602, 0, 0, 1473),
	(1460, 2389, 1, 0, 1603, 0, 0, 1474),
	(1461, 2390, 1, 0, 1604, 0, 0, 1475),
	(1462, 2391, 2, 0, 1605, 0, 0, 1476),
	(1463, 2392, 2, 0, 1606, 0, 0, 1477),
	(1464, 2393, 2, 0, 1607, 0, 0, 1478),
	(1465, 2394, 2, 0, 1608, 0, 0, 1479),
	(1466, 2395, 2, 0, 1609, 0, 0, 1480),
	(1467, 2396, 2, 0, 1610, 0, 0, 1481),
	(1468, 2397, 2, 0, 1611, 0, 0, 1482),
	(1469, 2398, 1, 0, 1612, 0, 0, 1483),
	(1470, 2399, 1, 0, 1613, 0, 0, 1484),
	(1471, 2400, 2, 0, 1614, 0, 0, 1485),
	(1472, 2401, 1, 0, 1615, 0, 0, 1486),
	(1473, 2402, 2, 0, 1616, 0, 0, 1487),
	(1474, 2403, 2, 0, 1617, 0, 0, 1488),
	(1475, 2404, 1, 0, 1618, 0, 0, 1489),
	(1476, 2405, 2, 0, 1619, 0, 0, 1490),
	(1477, 2406, 1, 0, 1620, 0, 0, 1491),
	(1478, 2407, 1, 0, 1621, 0, 0, 1492),
	(1479, 2408, 1, 0, 1622, 0, 0, 1493),
	(1480, 2409, 1, 0, 1623, 0, 0, 1494),
	(1481, 2410, 0, 0, 1624, 0, 0, 1495),
	(1482, 2411, 0, 0, 1625, 0, 0, 1496),
	(1483, 2412, 0, 0, 1626, 0, 0, 1497),
	(1484, 2413, 0, 0, 1627, 0, 0, 1498),
	(1485, 2414, 0, 0, 1628, 0, 0, 1499),
	(1486, 2415, 0, 0, 1629, 0, 0, 1500),
	(1487, 2416, 0, 0, 1630, 0, 0, 1501),
	(1488, 2417, 0, 0, 1631, 0, 0, 1502),
	(1489, 2418, 0, 0, 1632, 0, 0, 1503),
	(1490, 2419, 0, 0, 1633, 0, 0, 1504),
	(1491, 2420, 0, 0, 1634, 0, 0, 1505),
	(1492, 2421, 0, 0, 1635, 0, 0, 1506),
	(1493, 2422, 0, 0, 1636, 0, 0, 1507),
	(1494, 2423, 0, 0, 1637, 0, 0, 1508),
	(1495, 2424, 0, 0, 1638, 0, 0, 1509),
	(1496, 2425, 0, 0, 1639, 0, 0, 1510),
	(1497, 2426, 0, 0, 1640, 0, 0, 1511),
	(1498, 2427, 0, 0, 1641, 0, 0, 1512),
	(1499, 2428, 0, 0, 1642, 0, 0, 1513),
	(1500, 2429, 0, 0, 1643, 0, 0, 1514),
	(1501, 2430, 0, 0, 1644, 0, 0, 1515),
	(1502, 2431, 0, 0, 1645, 0, 0, 1516),
	(1503, 2432, 0, 0, 1646, 0, 0, 1517),
	(1504, 2433, 0, 0, 1647, 0, 0, 1518),
	(1505, 2434, 0, 0, 1648, 0, 0, 1519),
	(1506, 2435, 0, 0, 1649, 0, 0, 1520),
	(1507, 2436, 0, 0, 1650, 0, 0, 1521),
	(1508, 2437, 0, 0, 1651, 0, 0, 1522),
	(1509, 2438, 0, 0, 1652, 0, 0, 1523),
	(1510, 2439, 0, 0, 1653, 0, 0, 1524),
	(1511, 2440, 0, 0, 1654, 0, 0, 1525),
	(1512, 2441, 0, 0, 1655, 0, 0, 1526),
	(1513, 2442, 0, 0, 1656, 0, 0, 1527),
	(1514, 2443, 0, 0, 1657, 0, 0, 1528),
	(1515, 2444, 0, 0, 1658, 0, 0, 1529),
	(1516, 2445, 0, 0, 1659, 0, 0, 1530),
	(1517, 2446, 0, 0, 1660, 0, 0, 1531),
	(1518, 2447, 0, 0, 1661, 0, 0, 1532),
	(1519, 2448, 0, 0, 1662, 0, 0, 1533),
	(1520, 2449, 0, 0, 1663, 0, 0, 1534),
	(1521, 2450, 0, 0, 1664, 0, 0, 1535),
	(1522, 2451, 0, 0, 1665, 0, 0, 1536),
	(1523, 2452, 0, 0, 1666, 0, 0, 1537),
	(1524, 2453, 0, 0, 1667, 0, 0, 1538),
	(1525, 2454, 0, 0, 1668, 0, 0, 1539),
	(1526, 2455, 0, 0, 1669, 0, 0, 1540),
	(1527, 2456, 0, 0, 1670, 0, 0, 1541),
	(1528, 2457, 0, 0, 1671, 0, 0, 1542),
	(1529, 2458, 0, 0, 1672, 0, 0, 1543),
	(1530, 2459, 0, 0, 1673, 0, 0, 1544),
	(1531, 2460, 0, 0, 1674, 0, 0, 1545),
	(1532, 2461, 0, 0, 1675, 0, 0, 1546),
	(1533, 2462, 0, 0, 1676, 0, 0, 1547),
	(1534, 2463, 0, 0, 1677, 0, 0, 1548),
	(1535, 2464, 0, 0, 1678, 0, 0, 1549),
	(1536, 2465, 0, 0, 1679, 0, 0, 1550),
	(1537, 2466, 0, 0, 1680, 0, 0, 1551),
	(1538, 2467, 0, 0, 1681, 0, 0, 1552),
	(1539, 2468, 0, 0, 1682, 0, 0, 1553),
	(1540, 2469, 0, 0, 1683, 0, 0, 1554),
	(1541, 2470, 0, 0, 1684, 0, 0, 1555),
	(1542, 2471, 0, 0, 1685, 0, 0, 1556),
	(1543, 2472, 0, 0, 1686, 0, 0, 1557),
	(1544, 2473, 0, 0, 1687, 0, 0, 1558),
	(1545, 2474, 0, 0, 1688, 0, 0, 1559),
	(1546, 2475, 0, 0, 1689, 0, 0, 1560),
	(1547, 2476, 0, 0, 1690, 0, 0, 1561),
	(1548, 2477, 0, 0, 1691, 0, 0, 1562),
	(1549, 2478, 0, 0, 1692, 0, 0, 1563),
	(1550, 2479, 0, 0, 1693, 0, 0, 1564),
	(1551, 2480, 0, 0, 1694, 0, 0, 1565),
	(1552, 2481, 0, 0, 1695, 0, 0, 1566),
	(1553, 2482, 0, 0, 1696, 0, 0, 1567),
	(1554, 2483, 0, 0, 1697, 0, 0, 1568),
	(1555, 2484, 0, 0, 1698, 0, 0, 1569),
	(1556, 2485, 0, 0, 1699, 0, 0, 1570),
	(1557, 2486, 0, 0, 1700, 0, 0, 1571),
	(1558, 2487, 0, 0, 1701, 0, 0, 1572),
	(1559, 2488, 0, 0, 1702, 0, 0, 1573),
	(1560, 2489, 0, 0, 1703, 0, 0, 1574),
	(1561, 2490, 0, 0, 1704, 0, 0, 1575),
	(1562, 2491, 0, 0, 1705, 0, 0, 1576),
	(1563, 2492, 0, 0, 1706, 0, 0, 1577),
	(1564, 2493, 0, 0, 1707, 0, 0, 1578),
	(1565, 2494, 1, 0, 1708, 0, 0, 1579),
	(1566, 2495, 0, 0, 1709, 0, 0, 1580),
	(1567, 2496, 0, 0, 1710, 0, 0, 1581),
	(1568, 2497, 2, 0, 1711, 0, 0, 1582),
	(1569, 2498, 0, 0, 1712, 0, 0, 1583),
	(1570, 2499, 0, 0, 1713, 0, 0, 1584),
	(1571, 2500, 0, 0, 1714, 0, 0, 1585),
	(1572, 2501, 0, 0, 1715, 0, 0, 1586),
	(1573, 2502, 0, 0, 1716, 0, 0, 1587),
	(1574, 2503, 0, 0, 1717, 0, 0, 1588),
	(1575, 2504, 0, 0, 1718, 0, 0, 1589),
	(1576, 2505, 0, 0, 1719, 0, 0, 1590),
	(1577, 2506, 0, 0, 1720, 0, 0, 1591),
	(1578, 2507, 0, 0, 1721, 0, 0, 1592),
	(1579, 2508, 0, 0, 1722, 0, 0, 1593),
	(1580, 2509, 0, 0, 1723, 0, 0, 1594),
	(1581, 2510, 0, 0, 1724, 0, 0, 1595),
	(1582, 2511, 0, 0, 1725, 0, 0, 1596),
	(1583, 2512, 1, 0, 1726, 0, 0, 1597),
	(1584, 2513, 1, 0, 1727, 0, 0, 1598),
	(1585, 2514, 1, 0, 1728, 0, 0, 1599),
	(1586, 2515, 1, 0, 1729, 0, 0, 1600),
	(1587, 2516, 1, 0, 1730, 0, 0, 1601),
	(1588, 2517, 0, 0, 1731, 0, 0, 1602),
	(1589, 2518, 0, 0, 1732, 0, 0, 1603),
	(1590, 2519, 0, 0, 1733, 0, 0, 1604),
	(1591, 2520, 0, 0, 1734, 0, 0, 1605),
	(1592, 2521, 0, 0, 1735, 0, 0, 1606),
	(1593, 2522, 0, 0, 1736, 0, 0, 1607),
	(1594, 2523, 0, 0, 1737, 0, 0, 1608),
	(1595, 2524, 0, 0, 1738, 0, 0, 1609),
	(1596, 2525, 4, 0, 1739, 0, 0, 1610),
	(1597, 2526, 4, 0, 1740, 0, 0, 1611),
	(1598, 2527, 4, 41, 1741, 0, 68, 1612),
	(1599, 2528, 4, 0, 1742, 0, 0, 1613),
	(1600, 2529, 4, 0, 1743, 0, 0, 1614),
	(1601, 2530, 3, 0, 1744, 0, 0, 1615),
	(1602, 2531, 3, 0, 1745, 0, 0, 1616),
	(1603, 2532, 3, 0, 1746, 0, 0, 1617),
	(1604, 2533, 3, 0, 1747, 0, 0, 1618),
	(1605, 2534, 3, 0, 1748, 0, 0, 1619),
	(1606, 2535, 3, 0, 1749, 0, 0, 1620),
	(1607, 2536, 3, 0, 1750, 0, 0, 1621);

-- Dumping structure for table pgrp.server_impounds
CREATE TABLE IF NOT EXISTS `server_impounds` (
  `id` int NOT NULL AUTO_INCREMENT,
  `position_id` int NOT NULL DEFAULT '0',
  PRIMARY KEY (`id`)
) ENGINE=InnoDB DEFAULT CHARSET=armscii8 COLLATE=armscii8_bin;

-- Dumping data for table pgrp.server_impounds: ~0 rows (approximately)

-- Dumping structure for table pgrp.server_impound_spawns
CREATE TABLE IF NOT EXISTS `server_impound_spawns` (
  `id` int NOT NULL AUTO_INCREMENT,
  `impound_id` int NOT NULL DEFAULT '0',
  `position_id` int NOT NULL DEFAULT '0',
  PRIMARY KEY (`id`)
) ENGINE=InnoDB DEFAULT CHARSET=armscii8 COLLATE=armscii8_bin;

-- Dumping data for table pgrp.server_impound_spawns: ~0 rows (approximately)

-- Dumping structure for table pgrp.server_inventories
CREATE TABLE IF NOT EXISTS `server_inventories` (
  `id` int NOT NULL AUTO_INCREMENT,
  `slots` int DEFAULT NULL,
  `max_weight` float DEFAULT NULL,
  `type` int DEFAULT NULL,
  PRIMARY KEY (`id`)
) ENGINE=InnoDB AUTO_INCREMENT=3032 DEFAULT CHARSET=armscii8 COLLATE=armscii8_bin;

-- Dumping data for table pgrp.server_inventories: ~3.011 rows (approximately)
INSERT INTO `server_inventories` (`id`, `slots`, `max_weight`, `type`) VALUES
	(1, 32, 1000000, 10),
	(2, 32, 1000000, 11),
	(3, 8, 1000000, 12),
	(4, 8, 1000000, 12),
	(5, 8, 1000000, 12),
	(11, 16, 60, 0),
	(12, 8, 40, 2),
	(13, 8, 40, 2),
	(14, 16, 60, 0),
	(15, 8, 40, 2),
	(16, 8, 40, 2),
	(17, 16, 60, 0),
	(18, 8, 40, 2),
	(19, 8, 40, 2),
	(20, 8, 40, 0),
	(21, 8, 40, 2),
	(22, 8, 40, 2),
	(23, 16, 60, 0),
	(24, 8, 40, 2),
	(25, 8, 40, 2),
	(28, 8, 1000, 3),
	(29, 8, 40, 6),
	(30, 8, 40, 2),
	(31, 8, 40, 2),
	(32, 8, 40, 2),
	(33, 8, 40, 2),
	(34, 8, 40, 2),
	(35, 8, 40, 2),
	(36, 8, 40, 2),
	(37, 8, 40, 2),
	(38, 8, 40, 2),
	(39, 8, 40, 2),
	(40, 8, 40, 2),
	(41, 64, 2000, 6),
	(42, 8, 40, 2),
	(43, 8, 40, 2),
	(44, 8, 40, 2),
	(45, 8, 40, 2),
	(46, 8, 40, 2),
	(47, 8, 40, 2),
	(48, 48, 200, 1),
	(49, 48, 200, 2),
	(50, 48, 200, 1),
	(51, 48, 200, 2),
	(52, 48, 200, 1),
	(53, 48, 200, 2),
	(54, 48, 200, 1),
	(55, 48, 200, 2),
	(56, 48, 200, 1),
	(57, 48, 200, 2),
	(58, 48, 200, 1),
	(59, 48, 200, 2),
	(60, 48, 200, 1),
	(61, 48, 200, 2),
	(62, 48, 200, 1),
	(63, 48, 200, 2),
	(64, 48, 200, 1),
	(65, 48, 200, 2),
	(66, 48, 200, 1),
	(67, 48, 200, 2),
	(68, 16, 50, 0),
	(69, 8, 40, 4),
	(70, 8, 40, 5),
	(71, 16, 50, 0),
	(72, 8, 40, 4),
	(73, 8, 40, 5),
	(74, 8, 40, 0),
	(75, 8, 40, 4),
	(76, 8, 40, 5),
	(77, 8, 40, 0),
	(78, 8, 40, 4),
	(79, 8, 40, 5),
	(80, 8, 40, 0),
	(81, 8, 40, 4),
	(82, 8, 40, 5),
	(83, 16, 60, 0),
	(84, 8, 40, 4),
	(85, 8, 40, 5),
	(86, 16, 60, 0),
	(87, 8, 40, 4),
	(88, 8, 40, 5),
	(89, 16, 60, 0),
	(90, 8, 40, 4),
	(91, 8, 40, 5),
	(92, 16, 60, 0),
	(93, 8, 100, 4),
	(94, 8, 100, 5),
	(95, 100, 10000, 0),
	(96, 8, 100, 4),
	(97, 8, 100, 5),
	(98, 8, 40, 1),
	(99, 4, 10, 2),
	(100, 8, 40, 1),
	(101, 4, 10, 2),
	(102, 8, 20, 7),
	(103, 32, 200, 8),
	(116, 16, 200, 9),
	(117, 16, 200, 9),
	(118, 16, 200, 9),
	(119, 16, 200, 9),
	(121, 8, 20, 1),
	(122, 4, 5, 2),
	(123, 8, 20, 1),
	(124, 4, 5, 2),
	(125, 8, 20, 1),
	(126, 4, 5, 2),
	(127, 8, 20, 1),
	(128, 4, 5, 2),
	(129, 8, 20, 1),
	(130, 4, 5, 2),
	(131, 8, 20, 1),
	(132, 4, 5, 2),
	(133, 8, 20, 1),
	(134, 4, 5, 2),
	(135, 8, 20, 1),
	(136, 4, 5, 2),
	(137, 8, 20, 1),
	(138, 4, 5, 2),
	(139, 8, 30, 0),
	(140, 8, 100, 4),
	(141, 8, 100, 5),
	(142, 8, 20, 7),
	(143, 32, 200, 8),
	(144, 32, 200, 8),
	(145, 32, 200, 8),
	(146, 32, 200, 8),
	(147, 32, 200, 8),
	(148, 32, 200, 8),
	(149, 32, 200, 8),
	(150, 32, 200, 8),
	(151, 32, 200, 8),
	(152, 32, 200, 8),
	(153, 32, 200, 8),
	(154, 32, 200, 8),
	(155, 32, 200, 8),
	(156, 32, 200, 8),
	(157, 32, 200, 8),
	(158, 32, 200, 8),
	(159, 32, 200, 8),
	(160, 32, 200, 8),
	(161, 32, 200, 8),
	(162, 32, 200, 8),
	(163, 32, 200, 8),
	(164, 32, 200, 8),
	(165, 32, 200, 8),
	(166, 32, 200, 8),
	(167, 32, 200, 8),
	(168, 32, 200, 8),
	(169, 32, 200, 8),
	(170, 32, 200, 8),
	(171, 32, 200, 8),
	(172, 32, 200, 8),
	(173, 32, 200, 8),
	(174, 32, 200, 8),
	(175, 32, 200, 8),
	(176, 32, 200, 8),
	(177, 32, 200, 8),
	(178, 32, 200, 8),
	(179, 32, 200, 8),
	(180, 32, 200, 8),
	(181, 32, 200, 8),
	(182, 32, 200, 8),
	(183, 32, 200, 8),
	(184, 32, 200, 8),
	(185, 32, 200, 8),
	(186, 32, 200, 8),
	(187, 32, 200, 8),
	(188, 32, 200, 8),
	(189, 32, 200, 8),
	(190, 32, 200, 8),
	(191, 32, 200, 8),
	(192, 32, 200, 8),
	(193, 32, 200, 8),
	(194, 32, 200, 8),
	(195, 32, 200, 8),
	(196, 32, 200, 8),
	(197, 32, 200, 8),
	(198, 32, 200, 8),
	(199, 32, 200, 8),
	(200, 32, 200, 8),
	(201, 32, 200, 8),
	(202, 32, 200, 8),
	(203, 32, 200, 8),
	(204, 32, 200, 8),
	(205, 32, 200, 8),
	(206, 32, 200, 8),
	(207, 32, 200, 8),
	(208, 32, 200, 8),
	(209, 32, 200, 8),
	(210, 32, 200, 8),
	(211, 32, 200, 8),
	(212, 32, 200, 8),
	(213, 32, 200, 8),
	(214, 32, 200, 8),
	(215, 32, 200, 8),
	(216, 32, 200, 8),
	(217, 32, 200, 8),
	(218, 32, 200, 8),
	(219, 32, 200, 8),
	(220, 32, 200, 8),
	(221, 32, 200, 8),
	(222, 32, 200, 8),
	(223, 32, 200, 8),
	(224, 32, 200, 8),
	(225, 32, 200, 8),
	(226, 32, 200, 8),
	(227, 32, 200, 8),
	(228, 32, 200, 8),
	(229, 32, 200, 8),
	(230, 32, 200, 8),
	(231, 32, 200, 8),
	(232, 32, 200, 8),
	(233, 32, 200, 8),
	(234, 32, 200, 8),
	(235, 32, 200, 8),
	(236, 32, 200, 8),
	(237, 32, 200, 8),
	(238, 32, 200, 8),
	(239, 32, 200, 8),
	(240, 32, 200, 8),
	(241, 32, 200, 8),
	(242, 32, 200, 8),
	(243, 32, 200, 8),
	(244, 32, 200, 8),
	(245, 32, 200, 8),
	(246, 32, 200, 8),
	(247, 32, 200, 8),
	(248, 32, 200, 8),
	(249, 32, 200, 8),
	(250, 32, 200, 8),
	(251, 32, 200, 8),
	(252, 32, 200, 8),
	(253, 32, 200, 8),
	(254, 32, 200, 8),
	(255, 32, 200, 8),
	(256, 32, 200, 8),
	(257, 32, 200, 8),
	(258, 32, 200, 8),
	(259, 32, 200, 8),
	(260, 32, 200, 8),
	(261, 32, 200, 8),
	(262, 32, 200, 8),
	(263, 32, 200, 8),
	(264, 32, 200, 8),
	(265, 32, 200, 8),
	(266, 32, 200, 8),
	(267, 32, 200, 8),
	(268, 32, 200, 8),
	(269, 32, 200, 8),
	(270, 32, 200, 8),
	(271, 8, 40, 1),
	(272, 4, 5, 2),
	(273, 32, 200, 8),
	(274, 32, 200, 8),
	(275, 32, 200, 8),
	(276, 32, 200, 8),
	(277, 32, 200, 8),
	(278, 32, 200, 8),
	(279, 32, 200, 8),
	(280, 32, 200, 8),
	(281, 32, 200, 8),
	(282, 32, 200, 8),
	(283, 32, 200, 8),
	(284, 32, 200, 8),
	(285, 32, 200, 8),
	(286, 32, 200, 8),
	(287, 32, 200, 8),
	(288, 32, 200, 8),
	(289, 32, 200, 8),
	(290, 32, 200, 8),
	(291, 32, 200, 8),
	(292, 32, 200, 8),
	(293, 32, 200, 8),
	(294, 32, 200, 8),
	(295, 32, 200, 8),
	(296, 32, 200, 8),
	(297, 32, 200, 8),
	(298, 32, 200, 8),
	(299, 32, 200, 8),
	(300, 32, 200, 8),
	(301, 32, 200, 8),
	(302, 32, 200, 8),
	(303, 32, 200, 8),
	(304, 32, 200, 8),
	(305, 32, 200, 8),
	(306, 32, 200, 8),
	(307, 32, 200, 8),
	(308, 32, 200, 8),
	(309, 32, 200, 8),
	(310, 32, 200, 8),
	(311, 32, 200, 8),
	(312, 32, 200, 8),
	(313, 32, 200, 8),
	(314, 32, 200, 8),
	(315, 32, 200, 8),
	(316, 32, 200, 8),
	(317, 32, 200, 8),
	(318, 32, 200, 8),
	(319, 32, 200, 8),
	(320, 32, 200, 8),
	(321, 32, 200, 8),
	(322, 32, 200, 8),
	(323, 32, 200, 8),
	(324, 32, 200, 8),
	(325, 32, 200, 8),
	(326, 32, 200, 8),
	(327, 32, 200, 8),
	(328, 32, 200, 8),
	(329, 32, 200, 8),
	(330, 32, 200, 8),
	(331, 32, 200, 8),
	(332, 32, 200, 8),
	(333, 32, 200, 8),
	(334, 32, 200, 8),
	(335, 32, 200, 8),
	(336, 32, 200, 8),
	(337, 32, 200, 8),
	(338, 32, 200, 8),
	(339, 32, 200, 8),
	(340, 32, 200, 8),
	(341, 32, 200, 8),
	(342, 32, 200, 8),
	(343, 32, 200, 8),
	(344, 32, 200, 8),
	(345, 32, 200, 8),
	(346, 32, 200, 8),
	(347, 32, 200, 8),
	(348, 32, 200, 8),
	(349, 32, 200, 8),
	(350, 32, 200, 8),
	(351, 32, 200, 8),
	(352, 32, 200, 8),
	(353, 32, 200, 8),
	(354, 32, 200, 8),
	(355, 32, 200, 8),
	(356, 32, 200, 8),
	(357, 32, 200, 8),
	(358, 32, 200, 8),
	(359, 32, 200, 8),
	(360, 32, 200, 8),
	(361, 32, 200, 8),
	(362, 32, 200, 8),
	(363, 32, 200, 8),
	(364, 32, 200, 8),
	(365, 32, 200, 8),
	(366, 32, 200, 8),
	(367, 32, 200, 8),
	(368, 32, 200, 8),
	(369, 32, 200, 8),
	(370, 32, 200, 8),
	(371, 32, 200, 8),
	(372, 32, 200, 8),
	(373, 32, 200, 8),
	(374, 32, 200, 8),
	(375, 32, 200, 8),
	(376, 32, 200, 8),
	(377, 32, 200, 8),
	(378, 32, 200, 8),
	(379, 32, 200, 8),
	(380, 32, 200, 8),
	(381, 32, 200, 8),
	(382, 32, 200, 8),
	(383, 32, 200, 8),
	(384, 32, 200, 8),
	(385, 32, 200, 8),
	(386, 32, 200, 8),
	(387, 32, 200, 8),
	(388, 32, 200, 8),
	(389, 32, 200, 8),
	(390, 32, 200, 8),
	(391, 32, 200, 8),
	(392, 32, 200, 8),
	(393, 32, 200, 8),
	(394, 32, 200, 8),
	(395, 32, 200, 8),
	(396, 32, 200, 8),
	(397, 32, 200, 8),
	(398, 32, 200, 8),
	(399, 32, 200, 8),
	(400, 32, 200, 8),
	(401, 32, 200, 8),
	(402, 32, 200, 8),
	(403, 32, 200, 8),
	(404, 32, 200, 8),
	(405, 32, 200, 8),
	(406, 32, 200, 8),
	(407, 32, 200, 8),
	(408, 32, 200, 8),
	(409, 32, 200, 8),
	(410, 32, 200, 8),
	(411, 32, 200, 8),
	(412, 32, 200, 8),
	(413, 32, 200, 8),
	(414, 32, 200, 8),
	(415, 32, 200, 8),
	(416, 32, 200, 8),
	(417, 32, 200, 8),
	(418, 32, 200, 8),
	(419, 32, 200, 8),
	(420, 32, 200, 8),
	(421, 32, 200, 8),
	(422, 32, 200, 8),
	(423, 32, 200, 8),
	(424, 32, 200, 8),
	(425, 32, 200, 8),
	(426, 32, 200, 8),
	(427, 32, 200, 8),
	(428, 32, 200, 8),
	(429, 32, 200, 8),
	(430, 32, 200, 8),
	(431, 32, 200, 8),
	(432, 32, 200, 8),
	(433, 32, 200, 8),
	(434, 32, 200, 8),
	(435, 32, 200, 8),
	(436, 32, 200, 8),
	(437, 32, 200, 8),
	(438, 32, 200, 8),
	(439, 32, 200, 8),
	(440, 32, 200, 8),
	(441, 32, 200, 8),
	(442, 32, 200, 8),
	(443, 32, 200, 8),
	(444, 32, 200, 8),
	(445, 32, 200, 8),
	(446, 32, 200, 8),
	(447, 32, 200, 8),
	(448, 32, 200, 8),
	(449, 32, 200, 8),
	(450, 32, 200, 8),
	(451, 32, 200, 8),
	(452, 32, 200, 8),
	(453, 32, 200, 8),
	(454, 32, 200, 8),
	(455, 32, 200, 8),
	(456, 32, 200, 8),
	(457, 32, 200, 8),
	(458, 32, 200, 8),
	(459, 32, 200, 8),
	(460, 32, 200, 8),
	(461, 32, 200, 8),
	(462, 32, 200, 8),
	(463, 32, 200, 8),
	(464, 32, 200, 8),
	(465, 32, 200, 8),
	(466, 32, 200, 8),
	(467, 32, 200, 8),
	(468, 32, 200, 8),
	(469, 32, 200, 8),
	(470, 32, 200, 8),
	(471, 32, 200, 8),
	(472, 32, 200, 8),
	(473, 32, 200, 8),
	(474, 32, 200, 8),
	(475, 32, 200, 8),
	(476, 32, 200, 8),
	(477, 32, 200, 8),
	(478, 32, 200, 8),
	(479, 32, 200, 8),
	(480, 32, 200, 8),
	(481, 32, 200, 8),
	(482, 32, 200, 8),
	(483, 32, 200, 8),
	(484, 32, 200, 8),
	(485, 32, 200, 8),
	(486, 32, 200, 8),
	(487, 32, 200, 8),
	(488, 32, 200, 8),
	(489, 32, 200, 8),
	(490, 32, 200, 8),
	(491, 32, 200, 8),
	(492, 32, 200, 8),
	(493, 32, 200, 8),
	(494, 32, 200, 8),
	(495, 32, 200, 8),
	(496, 32, 200, 8),
	(497, 32, 200, 8),
	(498, 32, 200, 8),
	(499, 32, 200, 8),
	(500, 32, 200, 8),
	(501, 32, 200, 8),
	(502, 32, 200, 8),
	(503, 32, 200, 8),
	(504, 32, 200, 8),
	(505, 32, 200, 8),
	(506, 32, 200, 8),
	(507, 32, 200, 8),
	(508, 32, 200, 8),
	(509, 32, 200, 8),
	(510, 32, 200, 8),
	(511, 32, 200, 8),
	(512, 32, 200, 8),
	(513, 32, 200, 8),
	(514, 32, 200, 8),
	(515, 32, 200, 8),
	(516, 32, 200, 8),
	(517, 32, 200, 8),
	(518, 32, 200, 8),
	(519, 32, 200, 8),
	(520, 32, 200, 8),
	(521, 32, 200, 8),
	(522, 32, 200, 8),
	(523, 32, 200, 8),
	(524, 32, 200, 8),
	(525, 32, 200, 8),
	(526, 32, 200, 8),
	(527, 32, 200, 8),
	(528, 32, 200, 8),
	(529, 32, 200, 8),
	(530, 32, 200, 8),
	(531, 32, 200, 8),
	(532, 32, 200, 8),
	(533, 32, 200, 8),
	(534, 32, 200, 8),
	(535, 32, 200, 8),
	(536, 32, 200, 8),
	(537, 32, 200, 8),
	(538, 32, 200, 8),
	(539, 32, 200, 8),
	(540, 32, 200, 8),
	(541, 32, 200, 8),
	(542, 32, 200, 8),
	(543, 32, 200, 8),
	(544, 32, 200, 8),
	(545, 32, 200, 8),
	(546, 32, 200, 8),
	(547, 32, 200, 8),
	(548, 32, 200, 8),
	(549, 32, 200, 8),
	(550, 32, 200, 8),
	(551, 32, 200, 8),
	(552, 32, 200, 8),
	(553, 32, 200, 8),
	(554, 32, 200, 8),
	(555, 32, 200, 8),
	(556, 32, 200, 8),
	(557, 32, 200, 8),
	(558, 32, 200, 8),
	(559, 32, 200, 8),
	(560, 32, 200, 8),
	(561, 32, 200, 8),
	(562, 32, 200, 8),
	(563, 32, 200, 8),
	(564, 32, 200, 8),
	(565, 32, 200, 8),
	(566, 32, 200, 8),
	(567, 32, 200, 8),
	(568, 32, 200, 8),
	(569, 32, 200, 8),
	(570, 32, 200, 8),
	(571, 32, 200, 8),
	(572, 32, 200, 8),
	(573, 32, 200, 8),
	(574, 32, 200, 8),
	(575, 32, 200, 8),
	(576, 32, 200, 8),
	(577, 32, 200, 8),
	(578, 32, 200, 8),
	(579, 32, 200, 8),
	(580, 32, 200, 8),
	(581, 32, 200, 8),
	(582, 32, 200, 8),
	(583, 32, 200, 8),
	(584, 32, 200, 8),
	(585, 32, 200, 8),
	(586, 32, 200, 8),
	(587, 32, 200, 8),
	(588, 32, 200, 8),
	(589, 32, 200, 8),
	(590, 32, 200, 8),
	(591, 32, 200, 8),
	(592, 32, 200, 8),
	(593, 32, 200, 8),
	(594, 32, 200, 8),
	(595, 32, 200, 8),
	(596, 32, 200, 8),
	(597, 32, 200, 8),
	(598, 32, 200, 8),
	(599, 32, 200, 8),
	(600, 32, 200, 8),
	(601, 32, 200, 8),
	(602, 32, 200, 8),
	(603, 32, 200, 8),
	(604, 32, 200, 8),
	(605, 32, 200, 8),
	(606, 32, 200, 8),
	(607, 32, 200, 8),
	(608, 32, 200, 8),
	(609, 32, 200, 8),
	(610, 32, 200, 8),
	(611, 32, 200, 8),
	(612, 32, 200, 8),
	(613, 32, 200, 8),
	(614, 32, 200, 8),
	(615, 32, 200, 8),
	(616, 32, 200, 8),
	(617, 32, 200, 8),
	(618, 32, 200, 8),
	(619, 32, 200, 8),
	(620, 32, 200, 8),
	(621, 32, 200, 8),
	(622, 32, 200, 8),
	(623, 32, 200, 8),
	(624, 32, 200, 8),
	(625, 32, 200, 8),
	(626, 32, 200, 8),
	(627, 32, 200, 8),
	(628, 32, 200, 8),
	(629, 32, 200, 8),
	(630, 32, 200, 8),
	(631, 32, 200, 8),
	(632, 32, 200, 8),
	(633, 32, 200, 8),
	(634, 32, 200, 8),
	(635, 32, 200, 8),
	(636, 32, 200, 8),
	(637, 32, 200, 8),
	(638, 32, 200, 8),
	(639, 32, 200, 8),
	(640, 32, 200, 8),
	(641, 32, 200, 8),
	(642, 32, 200, 8),
	(643, 32, 200, 8),
	(644, 32, 200, 8),
	(645, 32, 200, 8),
	(646, 32, 200, 8),
	(647, 32, 200, 8),
	(648, 32, 200, 8),
	(649, 32, 200, 8),
	(650, 32, 200, 8),
	(651, 32, 200, 8),
	(652, 32, 200, 8),
	(653, 32, 200, 8),
	(654, 32, 200, 8),
	(655, 32, 200, 8),
	(656, 32, 200, 8),
	(657, 32, 200, 8),
	(658, 32, 200, 8),
	(659, 32, 200, 8),
	(660, 32, 200, 8),
	(661, 32, 200, 8),
	(662, 32, 200, 8),
	(663, 32, 200, 8),
	(664, 32, 200, 8),
	(665, 32, 200, 8),
	(666, 32, 200, 8),
	(667, 32, 200, 8),
	(668, 32, 200, 8),
	(669, 32, 200, 8),
	(670, 32, 200, 8),
	(671, 32, 200, 8),
	(672, 32, 200, 8),
	(673, 32, 200, 8),
	(674, 32, 200, 8),
	(675, 32, 200, 8),
	(676, 32, 200, 8),
	(677, 32, 200, 8),
	(678, 32, 200, 8),
	(679, 32, 200, 8),
	(680, 32, 200, 8),
	(681, 32, 200, 8),
	(682, 32, 200, 8),
	(683, 32, 200, 8),
	(684, 32, 200, 8),
	(685, 32, 200, 8),
	(686, 32, 200, 8),
	(687, 32, 200, 8),
	(688, 32, 200, 8),
	(689, 32, 200, 8),
	(690, 32, 200, 8),
	(691, 32, 200, 8),
	(692, 32, 200, 8),
	(693, 32, 200, 8),
	(694, 32, 200, 8),
	(695, 32, 200, 8),
	(696, 32, 200, 8),
	(697, 32, 200, 8),
	(698, 32, 200, 8),
	(699, 32, 200, 8),
	(700, 32, 200, 8),
	(701, 32, 200, 8),
	(702, 32, 200, 8),
	(703, 32, 200, 8),
	(704, 32, 200, 8),
	(705, 32, 200, 8),
	(706, 32, 200, 8),
	(707, 32, 200, 8),
	(708, 32, 200, 8),
	(709, 32, 200, 8),
	(710, 32, 200, 8),
	(711, 32, 200, 8),
	(712, 32, 200, 8),
	(713, 32, 200, 8),
	(714, 32, 200, 8),
	(715, 32, 200, 8),
	(716, 32, 200, 8),
	(717, 32, 200, 8),
	(718, 32, 200, 8),
	(719, 32, 200, 8),
	(720, 32, 200, 8),
	(721, 32, 200, 8),
	(722, 32, 200, 8),
	(723, 32, 200, 8),
	(724, 32, 200, 8),
	(725, 32, 200, 8),
	(726, 32, 200, 8),
	(727, 32, 200, 8),
	(728, 32, 200, 8),
	(729, 32, 200, 8),
	(730, 32, 200, 8),
	(731, 32, 200, 8),
	(732, 32, 200, 8),
	(733, 32, 200, 8),
	(734, 32, 200, 8),
	(735, 32, 200, 8),
	(736, 32, 200, 8),
	(737, 32, 200, 8),
	(738, 32, 200, 8),
	(739, 32, 200, 8),
	(740, 32, 200, 8),
	(741, 32, 200, 8),
	(742, 32, 200, 8),
	(743, 32, 200, 8),
	(744, 32, 200, 8),
	(745, 32, 200, 8),
	(746, 32, 200, 8),
	(747, 32, 200, 8),
	(748, 32, 200, 8),
	(749, 32, 200, 8),
	(750, 32, 200, 8),
	(751, 32, 200, 8),
	(752, 32, 200, 8),
	(753, 32, 200, 8),
	(754, 32, 200, 8),
	(755, 32, 200, 8),
	(756, 32, 200, 8),
	(757, 32, 200, 8),
	(758, 32, 200, 8),
	(759, 32, 200, 8),
	(760, 32, 200, 8),
	(761, 32, 200, 8),
	(762, 32, 200, 8),
	(763, 32, 200, 8),
	(764, 32, 200, 8),
	(765, 32, 200, 8),
	(766, 32, 200, 8),
	(767, 32, 200, 8),
	(768, 32, 200, 8),
	(769, 32, 200, 8),
	(770, 32, 200, 8),
	(771, 32, 200, 8),
	(772, 32, 200, 8),
	(773, 32, 200, 8),
	(774, 32, 200, 8),
	(775, 32, 200, 8),
	(776, 32, 200, 8),
	(777, 32, 200, 8),
	(778, 32, 200, 8),
	(779, 32, 200, 8),
	(780, 32, 200, 8),
	(781, 32, 200, 8),
	(782, 32, 200, 8),
	(783, 32, 200, 8),
	(784, 32, 200, 8),
	(785, 32, 200, 8),
	(786, 32, 200, 8),
	(787, 32, 200, 8),
	(788, 32, 200, 8),
	(789, 32, 200, 8),
	(790, 32, 200, 8),
	(791, 32, 200, 8),
	(792, 32, 200, 8),
	(793, 32, 200, 8),
	(794, 32, 200, 8),
	(795, 32, 200, 8),
	(796, 32, 200, 8),
	(797, 32, 200, 8),
	(798, 32, 200, 8),
	(799, 32, 200, 8),
	(800, 32, 200, 8),
	(801, 32, 200, 8),
	(802, 32, 200, 8),
	(803, 32, 200, 8),
	(804, 32, 200, 8),
	(805, 32, 200, 8),
	(806, 32, 200, 8),
	(807, 32, 200, 8),
	(808, 32, 200, 8),
	(809, 32, 200, 8),
	(810, 32, 200, 8),
	(811, 32, 200, 8),
	(812, 32, 200, 8),
	(813, 32, 200, 8),
	(814, 32, 200, 8),
	(815, 32, 200, 8),
	(816, 32, 200, 8),
	(817, 32, 200, 8),
	(818, 32, 200, 8),
	(819, 32, 200, 8),
	(820, 32, 200, 8),
	(821, 32, 200, 8),
	(822, 32, 200, 8),
	(823, 32, 200, 8),
	(824, 32, 200, 8),
	(825, 32, 200, 8),
	(826, 32, 200, 8),
	(827, 32, 200, 8),
	(828, 32, 200, 8),
	(829, 32, 200, 8),
	(830, 32, 200, 8),
	(831, 32, 200, 8),
	(832, 32, 200, 8),
	(833, 32, 200, 8),
	(834, 32, 200, 8),
	(835, 32, 200, 8),
	(836, 32, 200, 8),
	(837, 32, 200, 8),
	(838, 32, 200, 8),
	(839, 32, 200, 8),
	(840, 32, 200, 8),
	(841, 32, 200, 8),
	(842, 32, 200, 8),
	(843, 32, 200, 8),
	(844, 32, 200, 8),
	(845, 32, 200, 8),
	(846, 32, 200, 8),
	(847, 32, 200, 8),
	(848, 32, 200, 8),
	(849, 32, 200, 8),
	(850, 32, 200, 8),
	(851, 32, 200, 8),
	(852, 32, 200, 8),
	(853, 32, 200, 8),
	(854, 32, 200, 8),
	(855, 32, 200, 8),
	(856, 32, 200, 8),
	(857, 32, 200, 8),
	(858, 32, 200, 8),
	(859, 32, 200, 8),
	(860, 32, 200, 8),
	(861, 32, 200, 8),
	(862, 32, 200, 8),
	(863, 32, 200, 8),
	(864, 32, 200, 8),
	(865, 32, 200, 8),
	(866, 32, 200, 8),
	(867, 32, 200, 8),
	(868, 32, 200, 8),
	(869, 32, 200, 8),
	(870, 32, 200, 8),
	(871, 32, 200, 8),
	(872, 32, 200, 8),
	(873, 32, 200, 8),
	(874, 32, 200, 8),
	(875, 32, 200, 8),
	(876, 32, 200, 8),
	(877, 32, 200, 8),
	(878, 32, 200, 8),
	(879, 32, 200, 8),
	(880, 32, 200, 8),
	(881, 32, 200, 8),
	(882, 32, 200, 8),
	(883, 32, 200, 8),
	(884, 32, 200, 8),
	(885, 32, 200, 8),
	(886, 32, 200, 8),
	(887, 32, 200, 8),
	(888, 32, 200, 8),
	(889, 32, 200, 8),
	(890, 32, 200, 8),
	(891, 32, 200, 8),
	(892, 32, 200, 8),
	(893, 32, 200, 8),
	(894, 32, 200, 8),
	(895, 32, 200, 8),
	(896, 32, 200, 8),
	(897, 32, 200, 8),
	(898, 32, 200, 8),
	(899, 32, 200, 8),
	(900, 32, 200, 8),
	(901, 32, 200, 8),
	(902, 32, 200, 8),
	(903, 32, 200, 8),
	(904, 32, 200, 8),
	(905, 32, 200, 8),
	(906, 32, 200, 8),
	(907, 32, 200, 8),
	(908, 32, 200, 8),
	(909, 32, 200, 8),
	(910, 32, 200, 8),
	(911, 32, 200, 8),
	(912, 32, 200, 8),
	(913, 32, 200, 8),
	(914, 32, 200, 8),
	(915, 32, 200, 8),
	(916, 32, 200, 8),
	(917, 32, 200, 8),
	(918, 32, 200, 8),
	(919, 32, 200, 8),
	(920, 32, 200, 8),
	(921, 32, 200, 8),
	(922, 32, 200, 8),
	(923, 32, 200, 8),
	(924, 32, 200, 8),
	(925, 32, 200, 8),
	(926, 32, 200, 8),
	(927, 32, 200, 8),
	(928, 32, 200, 8),
	(929, 32, 200, 8),
	(930, 32, 200, 8),
	(931, 32, 200, 8),
	(932, 32, 200, 8),
	(933, 32, 200, 8),
	(934, 32, 200, 8),
	(935, 32, 200, 8),
	(936, 32, 200, 8),
	(937, 32, 200, 8),
	(938, 32, 200, 8),
	(939, 32, 200, 8),
	(940, 32, 200, 8),
	(941, 32, 200, 8),
	(942, 32, 200, 8),
	(943, 32, 200, 8),
	(944, 32, 200, 8),
	(945, 32, 200, 8),
	(946, 32, 200, 8),
	(947, 32, 200, 8),
	(948, 32, 200, 8),
	(949, 32, 200, 8),
	(950, 32, 200, 8),
	(951, 32, 200, 8),
	(952, 32, 200, 8),
	(953, 32, 200, 8),
	(954, 32, 200, 8),
	(955, 32, 200, 8),
	(956, 32, 200, 8),
	(957, 32, 200, 8),
	(958, 32, 200, 8),
	(959, 32, 200, 8),
	(960, 32, 200, 8),
	(961, 32, 200, 8),
	(962, 32, 200, 8),
	(963, 32, 200, 8),
	(964, 32, 200, 8),
	(965, 32, 200, 8),
	(966, 32, 200, 8),
	(967, 32, 200, 8),
	(968, 32, 200, 8),
	(969, 32, 200, 8),
	(970, 32, 200, 8),
	(971, 32, 200, 8),
	(972, 32, 200, 8),
	(973, 32, 200, 8),
	(974, 32, 200, 8),
	(975, 32, 200, 8),
	(976, 32, 200, 8),
	(977, 32, 200, 8),
	(978, 32, 200, 8),
	(979, 32, 200, 8),
	(980, 32, 200, 8),
	(981, 32, 200, 8),
	(982, 32, 200, 8),
	(983, 32, 200, 8),
	(984, 32, 200, 8),
	(985, 32, 200, 8),
	(986, 32, 200, 8),
	(987, 32, 200, 8),
	(988, 32, 200, 8),
	(989, 32, 200, 8),
	(990, 32, 200, 8),
	(991, 32, 200, 8),
	(992, 32, 200, 8),
	(993, 32, 200, 8),
	(994, 32, 200, 8),
	(995, 32, 200, 8),
	(996, 32, 200, 8),
	(997, 32, 200, 8),
	(998, 32, 200, 8),
	(999, 32, 200, 8),
	(1000, 32, 200, 8),
	(1001, 32, 200, 8),
	(1002, 32, 200, 8),
	(1003, 32, 200, 8),
	(1004, 32, 200, 8),
	(1005, 32, 200, 8),
	(1006, 32, 200, 8),
	(1007, 32, 200, 8),
	(1008, 32, 200, 8),
	(1009, 32, 200, 8),
	(1010, 32, 200, 8),
	(1011, 32, 200, 8),
	(1012, 32, 200, 8),
	(1013, 32, 200, 8),
	(1014, 32, 200, 8),
	(1015, 32, 200, 8),
	(1016, 32, 200, 8),
	(1017, 32, 200, 8),
	(1018, 32, 200, 8),
	(1019, 32, 200, 8),
	(1020, 32, 200, 8),
	(1021, 32, 200, 8),
	(1022, 32, 200, 8),
	(1023, 32, 200, 8),
	(1024, 32, 200, 8),
	(1025, 32, 200, 8),
	(1026, 32, 200, 8),
	(1027, 32, 200, 8),
	(1028, 32, 200, 8),
	(1029, 32, 200, 8),
	(1030, 32, 200, 8),
	(1031, 32, 200, 8),
	(1032, 32, 200, 8),
	(1033, 32, 200, 8),
	(1034, 32, 200, 8),
	(1035, 32, 200, 8),
	(1036, 32, 200, 8),
	(1037, 32, 200, 8),
	(1038, 32, 200, 8),
	(1039, 32, 200, 8),
	(1040, 32, 200, 8),
	(1041, 32, 200, 8),
	(1042, 32, 200, 8),
	(1043, 32, 200, 8),
	(1044, 32, 200, 8),
	(1045, 32, 200, 8),
	(1046, 32, 200, 8),
	(1047, 32, 200, 8),
	(1048, 32, 200, 8),
	(1049, 32, 200, 8),
	(1050, 32, 200, 8),
	(1051, 32, 200, 8),
	(1052, 32, 200, 8),
	(1053, 32, 200, 8),
	(1054, 32, 200, 8),
	(1055, 32, 200, 8),
	(1056, 32, 200, 8),
	(1057, 32, 200, 8),
	(1058, 32, 200, 8),
	(1059, 32, 200, 8),
	(1060, 32, 200, 8),
	(1061, 32, 200, 8),
	(1062, 32, 200, 8),
	(1063, 32, 200, 8),
	(1064, 32, 200, 8),
	(1065, 32, 200, 8),
	(1066, 32, 200, 8),
	(1067, 32, 200, 8),
	(1068, 32, 200, 8),
	(1069, 32, 200, 8),
	(1070, 32, 200, 8),
	(1071, 32, 200, 8),
	(1072, 32, 200, 8),
	(1073, 32, 200, 8),
	(1074, 32, 200, 8),
	(1075, 32, 200, 8),
	(1076, 32, 200, 8),
	(1077, 32, 200, 8),
	(1078, 32, 200, 8),
	(1079, 32, 200, 8),
	(1080, 32, 200, 8),
	(1081, 32, 200, 8),
	(1082, 32, 200, 8),
	(1083, 32, 200, 8),
	(1084, 32, 200, 8),
	(1085, 32, 200, 8),
	(1086, 32, 200, 8),
	(1087, 32, 200, 8),
	(1088, 32, 200, 8),
	(1089, 32, 200, 8),
	(1090, 32, 200, 8),
	(1091, 32, 200, 8),
	(1092, 32, 200, 8),
	(1093, 32, 200, 8),
	(1094, 32, 200, 8),
	(1095, 32, 200, 8),
	(1096, 32, 200, 8),
	(1097, 32, 200, 8),
	(1098, 32, 200, 8),
	(1099, 32, 200, 8),
	(1100, 32, 200, 8),
	(1101, 32, 200, 8),
	(1102, 32, 200, 8),
	(1103, 32, 200, 8),
	(1104, 32, 200, 8),
	(1105, 32, 200, 8),
	(1106, 32, 200, 8),
	(1107, 32, 200, 8),
	(1108, 32, 200, 8),
	(1109, 32, 200, 8),
	(1110, 32, 200, 8),
	(1111, 32, 200, 8),
	(1112, 32, 200, 8),
	(1113, 32, 200, 8),
	(1114, 32, 200, 8),
	(1115, 32, 200, 8),
	(1116, 32, 200, 8),
	(1117, 32, 200, 8),
	(1118, 32, 200, 8),
	(1119, 32, 200, 8),
	(1120, 32, 200, 8),
	(1121, 32, 200, 8),
	(1122, 32, 200, 8),
	(1123, 32, 200, 8),
	(1124, 32, 200, 8),
	(1125, 32, 200, 8),
	(1126, 32, 200, 8),
	(1127, 32, 200, 8),
	(1128, 32, 200, 8),
	(1129, 32, 200, 8),
	(1130, 32, 200, 8),
	(1131, 32, 200, 8),
	(1132, 32, 200, 8),
	(1133, 32, 200, 8),
	(1134, 32, 200, 8),
	(1135, 32, 200, 8),
	(1136, 32, 200, 8),
	(1137, 32, 200, 8),
	(1138, 32, 200, 8),
	(1139, 32, 200, 8),
	(1140, 32, 200, 8),
	(1141, 32, 200, 8),
	(1142, 32, 200, 8),
	(1143, 32, 200, 8),
	(1144, 32, 200, 8),
	(1145, 32, 200, 8),
	(1146, 32, 200, 8),
	(1147, 32, 200, 8),
	(1148, 32, 200, 8),
	(1149, 32, 200, 8),
	(1150, 32, 200, 8),
	(1151, 32, 200, 8),
	(1152, 32, 200, 8),
	(1153, 32, 200, 8),
	(1154, 32, 200, 8),
	(1155, 32, 200, 8),
	(1156, 32, 200, 8),
	(1157, 32, 200, 8),
	(1158, 32, 200, 8),
	(1159, 32, 200, 8),
	(1160, 32, 200, 8),
	(1161, 32, 200, 8),
	(1162, 32, 200, 8),
	(1163, 32, 200, 8),
	(1164, 32, 200, 8),
	(1165, 32, 200, 8),
	(1166, 32, 200, 8),
	(1167, 32, 200, 8),
	(1168, 32, 200, 8),
	(1169, 32, 200, 8),
	(1170, 32, 200, 8),
	(1171, 32, 200, 8),
	(1172, 32, 200, 8),
	(1173, 32, 200, 8),
	(1174, 32, 200, 8),
	(1175, 32, 200, 8),
	(1176, 32, 200, 8),
	(1177, 32, 200, 8),
	(1178, 32, 200, 8),
	(1179, 32, 200, 8),
	(1180, 32, 200, 8),
	(1181, 32, 200, 8),
	(1182, 32, 200, 8),
	(1183, 32, 200, 8),
	(1184, 32, 200, 8),
	(1185, 32, 200, 8),
	(1186, 32, 200, 8),
	(1187, 32, 200, 8),
	(1188, 32, 200, 8),
	(1189, 32, 200, 8),
	(1190, 32, 200, 8),
	(1191, 32, 200, 8),
	(1192, 32, 200, 8),
	(1193, 32, 200, 8),
	(1194, 32, 200, 8),
	(1195, 32, 200, 8),
	(1196, 32, 200, 8),
	(1197, 32, 200, 8),
	(1198, 32, 200, 8),
	(1199, 32, 200, 8),
	(1200, 32, 200, 8),
	(1201, 32, 200, 8),
	(1202, 32, 200, 8),
	(1203, 32, 200, 8),
	(1204, 32, 200, 8),
	(1205, 32, 200, 8),
	(1206, 32, 200, 8),
	(1207, 32, 200, 8),
	(1208, 32, 200, 8),
	(1209, 32, 200, 8),
	(1210, 32, 200, 8),
	(1211, 32, 200, 8),
	(1212, 32, 200, 8),
	(1213, 32, 200, 8),
	(1214, 32, 200, 8),
	(1215, 32, 200, 8),
	(1216, 32, 200, 8),
	(1217, 32, 200, 8),
	(1218, 32, 200, 8),
	(1219, 32, 200, 8),
	(1220, 32, 200, 8),
	(1221, 32, 200, 8),
	(1222, 32, 200, 8),
	(1223, 32, 200, 8),
	(1224, 32, 200, 8),
	(1225, 32, 200, 8),
	(1226, 32, 200, 8),
	(1227, 32, 200, 8),
	(1228, 32, 200, 8),
	(1229, 32, 200, 8),
	(1230, 32, 200, 8),
	(1231, 32, 200, 8),
	(1232, 32, 200, 8),
	(1233, 32, 200, 8),
	(1234, 32, 200, 8),
	(1235, 32, 200, 8),
	(1236, 32, 200, 8),
	(1237, 32, 200, 8),
	(1238, 32, 200, 8),
	(1239, 32, 200, 8),
	(1240, 32, 200, 8),
	(1241, 32, 200, 8),
	(1242, 32, 200, 8),
	(1243, 32, 200, 8),
	(1244, 32, 200, 8),
	(1245, 32, 200, 8),
	(1246, 32, 200, 8),
	(1247, 32, 200, 8),
	(1248, 32, 200, 8),
	(1249, 32, 200, 8),
	(1250, 32, 200, 8),
	(1251, 32, 200, 8),
	(1252, 32, 200, 8),
	(1253, 32, 200, 8),
	(1254, 32, 200, 8),
	(1255, 32, 200, 8),
	(1256, 32, 200, 8),
	(1257, 32, 200, 8),
	(1258, 32, 200, 8),
	(1259, 32, 200, 8),
	(1260, 32, 200, 8),
	(1261, 32, 200, 8),
	(1262, 32, 200, 8),
	(1263, 32, 200, 8),
	(1264, 32, 200, 8),
	(1265, 32, 200, 8),
	(1266, 32, 200, 8),
	(1267, 32, 200, 8),
	(1268, 32, 200, 8),
	(1269, 32, 200, 8),
	(1270, 32, 200, 8),
	(1271, 32, 200, 8),
	(1272, 32, 200, 8),
	(1273, 32, 200, 8),
	(1274, 32, 200, 8),
	(1275, 32, 200, 8),
	(1276, 32, 200, 8),
	(1277, 32, 200, 8),
	(1278, 32, 200, 8),
	(1279, 32, 200, 8),
	(1280, 32, 200, 8),
	(1281, 32, 200, 8),
	(1282, 32, 200, 8),
	(1283, 32, 200, 8),
	(1284, 32, 200, 8),
	(1285, 32, 200, 8),
	(1286, 32, 200, 8),
	(1287, 32, 200, 8),
	(1288, 32, 200, 8),
	(1289, 32, 200, 8),
	(1290, 32, 200, 8),
	(1291, 32, 200, 8),
	(1292, 32, 200, 8),
	(1293, 32, 200, 8),
	(1294, 32, 200, 8),
	(1295, 32, 200, 8),
	(1296, 32, 200, 8),
	(1297, 32, 200, 8),
	(1298, 32, 200, 8),
	(1299, 32, 200, 8),
	(1300, 32, 200, 8),
	(1301, 32, 200, 8),
	(1302, 32, 200, 8),
	(1303, 32, 200, 8),
	(1304, 32, 200, 8),
	(1305, 32, 200, 8),
	(1306, 32, 200, 8),
	(1307, 32, 200, 8),
	(1308, 32, 200, 8),
	(1309, 32, 200, 8),
	(1310, 32, 200, 8),
	(1311, 32, 200, 8),
	(1312, 32, 200, 8),
	(1313, 32, 200, 8),
	(1314, 32, 200, 8),
	(1315, 32, 200, 8),
	(1316, 32, 200, 8),
	(1317, 32, 200, 8),
	(1318, 32, 200, 8),
	(1319, 32, 200, 8),
	(1320, 32, 200, 8),
	(1321, 32, 200, 8),
	(1322, 32, 200, 8),
	(1323, 32, 200, 8),
	(1324, 32, 200, 8),
	(1325, 32, 200, 8),
	(1326, 32, 200, 8),
	(1327, 32, 200, 8),
	(1328, 32, 200, 8),
	(1329, 32, 200, 8),
	(1330, 32, 200, 8),
	(1331, 32, 200, 8),
	(1332, 32, 200, 8),
	(1333, 32, 200, 8),
	(1334, 32, 200, 8),
	(1335, 32, 200, 8),
	(1336, 32, 200, 8),
	(1337, 32, 200, 8),
	(1338, 32, 200, 8),
	(1339, 32, 200, 8),
	(1340, 32, 200, 8),
	(1341, 32, 200, 8),
	(1342, 32, 200, 8),
	(1343, 32, 200, 8),
	(1344, 32, 200, 8),
	(1345, 32, 200, 8),
	(1346, 32, 200, 8),
	(1347, 32, 200, 8),
	(1348, 32, 200, 8),
	(1349, 32, 200, 8),
	(1350, 32, 200, 8),
	(1351, 32, 200, 8),
	(1352, 32, 200, 8),
	(1353, 32, 200, 8),
	(1354, 32, 200, 8),
	(1355, 32, 200, 8),
	(1356, 32, 200, 8),
	(1357, 32, 200, 8),
	(1358, 32, 200, 8),
	(1359, 32, 200, 8),
	(1360, 32, 200, 8),
	(1361, 32, 200, 8),
	(1362, 32, 200, 8),
	(1363, 32, 200, 8),
	(1364, 32, 200, 8),
	(1365, 32, 200, 8),
	(1366, 32, 200, 8),
	(1367, 32, 200, 8),
	(1368, 32, 200, 8),
	(1369, 32, 200, 8),
	(1370, 32, 200, 8),
	(1371, 32, 200, 8),
	(1372, 32, 200, 8),
	(1373, 32, 200, 8),
	(1374, 32, 200, 8),
	(1375, 32, 200, 8),
	(1376, 32, 200, 8),
	(1377, 32, 200, 8),
	(1378, 32, 200, 8),
	(1379, 32, 200, 8),
	(1380, 32, 200, 8),
	(1381, 32, 200, 8),
	(1382, 32, 200, 8),
	(1383, 32, 200, 8),
	(1384, 32, 200, 8),
	(1385, 32, 200, 8),
	(1386, 32, 200, 8),
	(1387, 32, 200, 8),
	(1388, 32, 200, 8),
	(1389, 32, 200, 8),
	(1390, 32, 200, 8),
	(1391, 32, 200, 8),
	(1392, 32, 200, 8),
	(1393, 32, 200, 8),
	(1394, 32, 200, 8),
	(1395, 32, 200, 8),
	(1396, 32, 200, 8),
	(1397, 32, 200, 8),
	(1398, 32, 200, 8),
	(1399, 32, 200, 8),
	(1400, 32, 200, 8),
	(1401, 32, 200, 8),
	(1402, 32, 200, 8),
	(1403, 32, 200, 8),
	(1404, 32, 200, 8),
	(1405, 32, 200, 8),
	(1406, 32, 200, 8),
	(1407, 32, 200, 8),
	(1408, 32, 200, 8),
	(1409, 32, 200, 8),
	(1410, 32, 200, 8),
	(1411, 32, 200, 8),
	(1412, 32, 200, 8),
	(1413, 32, 200, 8),
	(1414, 32, 200, 8),
	(1415, 32, 200, 8),
	(1416, 32, 200, 8),
	(1417, 32, 200, 8),
	(1418, 32, 200, 8),
	(1419, 32, 200, 8),
	(1420, 32, 200, 8),
	(1421, 32, 200, 8),
	(1422, 32, 200, 8),
	(1423, 32, 200, 8),
	(1424, 32, 200, 8),
	(1425, 32, 200, 8),
	(1426, 32, 200, 8),
	(1427, 32, 200, 8),
	(1428, 32, 200, 8),
	(1429, 32, 200, 8),
	(1430, 32, 200, 8),
	(1431, 32, 200, 8),
	(1432, 32, 200, 8),
	(1433, 32, 200, 8),
	(1434, 32, 200, 8),
	(1435, 32, 200, 8),
	(1436, 32, 200, 8),
	(1437, 32, 200, 8),
	(1438, 32, 200, 8),
	(1439, 32, 200, 8),
	(1440, 32, 200, 8),
	(1441, 32, 200, 8),
	(1442, 32, 200, 8),
	(1443, 32, 200, 8),
	(1444, 32, 200, 8),
	(1445, 32, 200, 8),
	(1446, 32, 200, 8),
	(1447, 32, 200, 8),
	(1448, 32, 200, 8),
	(1449, 32, 200, 8),
	(1450, 32, 200, 8),
	(1451, 32, 200, 8),
	(1452, 32, 200, 8),
	(1453, 32, 200, 8),
	(1454, 32, 200, 8),
	(1455, 32, 200, 8),
	(1456, 32, 200, 8),
	(1457, 32, 200, 8),
	(1458, 32, 200, 8),
	(1459, 32, 200, 8),
	(1460, 32, 200, 8),
	(1461, 32, 200, 8),
	(1462, 32, 200, 8),
	(1463, 32, 200, 8),
	(1464, 32, 200, 8),
	(1465, 32, 200, 8),
	(1466, 32, 200, 8),
	(1467, 32, 200, 8),
	(1468, 32, 200, 8),
	(1469, 32, 200, 8),
	(1470, 32, 200, 8),
	(1471, 32, 200, 8),
	(1472, 32, 200, 8),
	(1473, 32, 200, 8),
	(1474, 32, 200, 8),
	(1475, 32, 200, 8),
	(1476, 32, 200, 8),
	(1477, 32, 200, 8),
	(1478, 32, 200, 8),
	(1479, 32, 200, 8),
	(1480, 32, 200, 8),
	(1481, 32, 200, 8),
	(1482, 32, 200, 8),
	(1483, 32, 200, 8),
	(1484, 32, 200, 8),
	(1485, 32, 200, 8),
	(1486, 32, 200, 8),
	(1487, 32, 200, 8),
	(1488, 32, 200, 8),
	(1489, 32, 200, 8),
	(1490, 32, 200, 8),
	(1491, 32, 200, 8),
	(1492, 32, 200, 8),
	(1493, 32, 200, 8),
	(1494, 32, 200, 8),
	(1495, 32, 200, 8),
	(1496, 32, 200, 8),
	(1497, 32, 200, 8),
	(1498, 32, 200, 8),
	(1499, 32, 200, 8),
	(1500, 32, 200, 8),
	(1501, 32, 200, 8),
	(1502, 32, 200, 8),
	(1503, 32, 200, 8),
	(1504, 32, 200, 8),
	(1505, 32, 200, 8),
	(1506, 32, 200, 8),
	(1507, 32, 200, 8),
	(1508, 32, 200, 8),
	(1509, 32, 200, 8),
	(1510, 32, 200, 8),
	(1511, 32, 200, 8),
	(1512, 32, 200, 8),
	(1513, 32, 200, 8),
	(1514, 32, 200, 8),
	(1515, 32, 200, 8),
	(1516, 32, 200, 8),
	(1517, 32, 200, 8),
	(1518, 32, 200, 8),
	(1519, 32, 200, 8),
	(1520, 32, 200, 8),
	(1521, 32, 200, 8),
	(1522, 32, 200, 8),
	(1523, 32, 200, 8),
	(1524, 32, 200, 8),
	(1525, 32, 200, 8),
	(1526, 32, 200, 8),
	(1527, 32, 200, 8),
	(1528, 32, 200, 8),
	(1529, 32, 200, 8),
	(1530, 32, 200, 8),
	(1531, 32, 200, 8),
	(1532, 32, 200, 8),
	(1533, 32, 200, 8),
	(1534, 32, 200, 8),
	(1535, 32, 200, 8),
	(1536, 32, 200, 8),
	(1537, 32, 200, 8),
	(1538, 32, 200, 8),
	(1539, 32, 200, 8),
	(1540, 32, 200, 8),
	(1541, 32, 200, 8),
	(1542, 32, 200, 8),
	(1543, 32, 200, 8),
	(1544, 32, 200, 8),
	(1545, 32, 200, 8),
	(1546, 32, 200, 8),
	(1547, 32, 200, 8),
	(1548, 32, 200, 8),
	(1549, 32, 200, 8),
	(1550, 32, 200, 8),
	(1551, 32, 200, 8),
	(1552, 32, 200, 8),
	(1553, 32, 200, 8),
	(1554, 32, 200, 8),
	(1555, 32, 200, 8),
	(1556, 32, 200, 8),
	(1557, 32, 200, 8),
	(1558, 32, 200, 8),
	(1559, 32, 200, 8),
	(1560, 32, 200, 8),
	(1561, 32, 200, 8),
	(1562, 32, 200, 8),
	(1563, 32, 200, 8),
	(1564, 32, 200, 8),
	(1565, 32, 200, 8),
	(1566, 32, 200, 8),
	(1567, 32, 200, 8),
	(1568, 32, 200, 8),
	(1569, 32, 200, 8),
	(1570, 32, 200, 8),
	(1571, 32, 200, 8),
	(1572, 32, 200, 8),
	(1573, 32, 200, 8),
	(1574, 32, 200, 8),
	(1575, 32, 200, 8),
	(1576, 32, 200, 8),
	(1577, 32, 200, 8),
	(1578, 32, 200, 8),
	(1579, 32, 200, 8),
	(1580, 32, 200, 8),
	(1581, 32, 200, 8),
	(1582, 32, 200, 8),
	(1583, 32, 200, 8),
	(1584, 32, 200, 8),
	(1585, 32, 200, 8),
	(1586, 32, 200, 8),
	(1587, 32, 200, 8),
	(1588, 32, 200, 8),
	(1589, 32, 200, 8),
	(1590, 32, 200, 8),
	(1591, 32, 200, 8),
	(1592, 32, 200, 8),
	(1593, 32, 200, 8),
	(1594, 32, 200, 8),
	(1595, 32, 200, 8),
	(1596, 32, 200, 8),
	(1597, 32, 200, 8),
	(1598, 32, 200, 8),
	(1599, 32, 200, 8),
	(1600, 32, 200, 8),
	(1601, 32, 200, 8),
	(1602, 32, 200, 8),
	(1603, 32, 200, 8),
	(1604, 32, 200, 8),
	(1605, 32, 200, 8),
	(1606, 32, 200, 8),
	(1607, 32, 200, 8),
	(1608, 32, 200, 8),
	(1609, 32, 200, 8),
	(1610, 32, 200, 8),
	(1611, 32, 200, 8),
	(1612, 32, 200, 8),
	(1613, 32, 200, 8),
	(1614, 32, 200, 8),
	(1615, 32, 200, 8),
	(1616, 32, 200, 8),
	(1617, 32, 200, 8),
	(1618, 32, 200, 8),
	(1619, 32, 200, 8),
	(1620, 32, 200, 8),
	(1621, 32, 200, 8),
	(1622, 32, 200, 8),
	(1623, 32, 200, 8),
	(1624, 32, 200, 8),
	(1625, 32, 200, 8),
	(1626, 32, 200, 8),
	(1627, 32, 200, 8),
	(1628, 32, 200, 8),
	(1629, 32, 200, 8),
	(1630, 32, 200, 8),
	(1631, 32, 200, 8),
	(1632, 32, 200, 8),
	(1633, 32, 200, 8),
	(1634, 32, 200, 8),
	(1635, 32, 200, 8),
	(1636, 32, 200, 8),
	(1637, 32, 200, 8),
	(1638, 32, 200, 8),
	(1639, 32, 200, 8),
	(1640, 32, 200, 8),
	(1641, 32, 200, 8),
	(1642, 32, 200, 8),
	(1643, 32, 200, 8),
	(1644, 32, 200, 8),
	(1645, 32, 200, 8),
	(1646, 32, 200, 8),
	(1647, 32, 200, 8),
	(1648, 32, 200, 8),
	(1649, 32, 200, 8),
	(1650, 32, 200, 8),
	(1651, 32, 200, 8),
	(1652, 32, 200, 8),
	(1653, 32, 200, 8),
	(1654, 32, 200, 8),
	(1655, 32, 200, 8),
	(1656, 32, 200, 8),
	(1657, 32, 200, 8),
	(1658, 32, 200, 8),
	(1659, 32, 200, 8),
	(1660, 32, 200, 8),
	(1661, 32, 200, 8),
	(1662, 32, 200, 8),
	(1663, 32, 200, 8),
	(1664, 32, 200, 8),
	(1665, 32, 200, 8),
	(1666, 32, 200, 8),
	(1667, 32, 200, 8),
	(1668, 32, 200, 8),
	(1669, 32, 200, 8),
	(1670, 32, 200, 8),
	(1671, 32, 200, 8),
	(1672, 32, 200, 8),
	(1673, 32, 200, 8),
	(1674, 32, 200, 8),
	(1675, 32, 200, 8),
	(1676, 32, 200, 8),
	(1677, 32, 200, 8),
	(1678, 32, 200, 8),
	(1679, 32, 200, 8),
	(1680, 32, 200, 8),
	(1681, 32, 200, 8),
	(1682, 32, 200, 8),
	(1683, 32, 200, 8),
	(1684, 32, 200, 8),
	(1685, 32, 200, 8),
	(1686, 32, 200, 8),
	(1687, 32, 200, 8),
	(1688, 32, 200, 8),
	(1689, 32, 200, 8),
	(1690, 32, 200, 8),
	(1691, 32, 200, 8),
	(1692, 32, 200, 8),
	(1693, 32, 200, 8),
	(1694, 32, 200, 8),
	(1695, 32, 200, 8),
	(1696, 32, 200, 8),
	(1697, 32, 200, 8),
	(1698, 32, 200, 8),
	(1699, 32, 200, 8),
	(1700, 32, 200, 8),
	(1701, 32, 200, 8),
	(1702, 32, 200, 8),
	(1703, 32, 200, 8),
	(1704, 32, 200, 8),
	(1705, 32, 200, 8),
	(1706, 32, 200, 8),
	(1707, 32, 200, 8),
	(1708, 32, 200, 8),
	(1709, 32, 200, 8),
	(1710, 32, 200, 8),
	(1711, 32, 200, 8),
	(1712, 32, 200, 8),
	(1713, 32, 200, 8),
	(1714, 32, 200, 8),
	(1715, 32, 200, 8),
	(1716, 32, 200, 8),
	(1717, 32, 200, 8),
	(1718, 32, 200, 8),
	(1719, 32, 200, 8),
	(1720, 32, 200, 8),
	(1721, 32, 200, 8),
	(1722, 32, 200, 8),
	(1723, 32, 200, 8),
	(1724, 32, 200, 8),
	(1725, 32, 200, 8),
	(1726, 32, 200, 8),
	(1727, 32, 200, 8),
	(1728, 32, 200, 8),
	(1729, 32, 200, 8),
	(1730, 32, 200, 8),
	(1731, 32, 200, 8),
	(1732, 32, 200, 8),
	(1733, 32, 200, 8),
	(1734, 32, 200, 8),
	(1735, 32, 200, 8),
	(1736, 32, 200, 8),
	(1737, 32, 200, 8),
	(1738, 32, 200, 8),
	(1739, 32, 200, 8),
	(1740, 32, 200, 8),
	(1741, 32, 200, 8),
	(1742, 32, 200, 8),
	(1743, 32, 200, 8),
	(1744, 32, 200, 8),
	(1745, 32, 200, 8),
	(1746, 32, 200, 8),
	(1747, 32, 200, 8),
	(1748, 32, 200, 8),
	(1749, 32, 200, 8),
	(1750, 32, 200, 8),
	(1751, 8, 30, 0),
	(1752, 8, 100, 4),
	(1753, 8, 100, 5),
	(1754, 8, 20, 7),
	(1755, 16, 50, 0),
	(1756, 8, 100, 4),
	(1757, 8, 100, 5),
	(1758, 8, 20, 7),
	(1759, 8, 30, 0),
	(1760, 8, 100, 4),
	(1761, 8, 100, 5),
	(1762, 8, 20, 7),
	(1763, 8, 40, 1),
	(1764, 4, 5, 2),
	(1765, 8, 30, 0),
	(1766, 8, 100, 4),
	(1767, 8, 100, 5),
	(1768, 8, 20, 7),
	(1769, 16, 50, 0),
	(1770, 8, 100, 4),
	(1771, 8, 100, 5),
	(1772, 8, 20, 7),
	(1773, 8, 30, 0),
	(1774, 8, 100, 4),
	(1775, 8, 100, 5),
	(1776, 8, 20, 7),
	(1777, 64, 1000, 1),
	(1778, 4, 5, 2),
	(1779, 64, 1000, 1),
	(1780, 4, 5, 2),
	(1781, 64, 1000, 1),
	(1782, 4, 5, 2),
	(1783, 8, 20, 1),
	(1784, 4, 5, 2),
	(1785, 8, 20, 1),
	(1786, 4, 5, 2),
	(1787, 8, 20, 1),
	(1788, 4, 5, 2),
	(1789, 8, 20, 1),
	(1790, 4, 5, 2),
	(1791, 8, 20, 1),
	(1792, 4, 5, 2),
	(1793, 8, 20, 1),
	(1794, 4, 5, 2),
	(1795, 8, 20, 1),
	(1796, 4, 5, 2),
	(1797, 8, 20, 1),
	(1798, 4, 5, 2),
	(1799, 8, 20, 1),
	(1800, 4, 5, 2),
	(1801, 8, 20, 1),
	(1802, 4, 5, 2),
	(1803, 8, 20, 1),
	(1804, 4, 5, 2),
	(1805, 8, 20, 1),
	(1806, 4, 5, 2),
	(1807, 8, 20, 1),
	(1808, 4, 5, 2),
	(1809, 8, 20, 1),
	(1810, 4, 5, 2),
	(1811, 8, 20, 1),
	(1812, 4, 5, 2),
	(1813, 8, 20, 1),
	(1814, 4, 5, 2),
	(1815, 8, 20, 1),
	(1816, 4, 5, 2),
	(1817, 8, 20, 1),
	(1818, 4, 5, 2),
	(1819, 8, 20, 1),
	(1820, 4, 5, 2),
	(1821, 8, 20, 1),
	(1822, 4, 5, 2),
	(1823, 8, 20, 1),
	(1824, 4, 5, 2),
	(1825, 8, 20, 1),
	(1826, 4, 5, 2),
	(1827, 8, 20, 1),
	(1828, 4, 5, 2),
	(1829, 8, 20, 1),
	(1830, 4, 5, 2),
	(1831, 8, 20, 1),
	(1832, 4, 5, 2),
	(1833, 8, 20, 1),
	(1834, 4, 5, 2),
	(1835, 8, 20, 1),
	(1836, 4, 5, 2),
	(1837, 8, 20, 1),
	(1838, 4, 5, 2),
	(1839, 8, 20, 1),
	(1840, 4, 5, 2),
	(1841, 8, 20, 1),
	(1842, 4, 5, 2),
	(1843, 8, 20, 1),
	(1844, 4, 5, 2),
	(1845, 8, 20, 1),
	(1846, 4, 5, 2),
	(1847, 8, 20, 1),
	(1848, 4, 5, 2),
	(1849, 8, 20, 1),
	(1850, 4, 5, 2),
	(1851, 8, 20, 1),
	(1852, 4, 5, 2),
	(1853, 8, 20, 1),
	(1854, 4, 5, 2),
	(1855, 8, 20, 1),
	(1856, 4, 5, 2),
	(1857, 8, 20, 1),
	(1858, 4, 5, 2),
	(1859, 8, 20, 1),
	(1860, 4, 5, 2),
	(1861, 8, 20, 1),
	(1862, 4, 5, 2),
	(1863, 8, 20, 1),
	(1864, 4, 5, 2),
	(1865, 8, 20, 1),
	(1866, 4, 5, 2),
	(1867, 8, 20, 1),
	(1868, 4, 5, 2),
	(1869, 8, 20, 1),
	(1870, 4, 5, 2),
	(1871, 8, 20, 1),
	(1872, 4, 5, 2),
	(1873, 8, 20, 1),
	(1874, 4, 5, 2),
	(1875, 8, 20, 1),
	(1876, 4, 5, 2),
	(1877, 8, 20, 1),
	(1878, 4, 5, 2),
	(1879, 8, 20, 1),
	(1880, 4, 5, 2),
	(1881, 8, 20, 1),
	(1882, 4, 5, 2),
	(1883, 8, 20, 1),
	(1884, 4, 5, 2),
	(1885, 8, 20, 1),
	(1886, 4, 5, 2),
	(1887, 8, 20, 1),
	(1888, 4, 5, 2),
	(1889, 8, 20, 1),
	(1890, 4, 5, 2),
	(1891, 8, 20, 1),
	(1892, 4, 5, 2),
	(1893, 8, 20, 1),
	(1894, 4, 5, 2),
	(1895, 8, 20, 1),
	(1896, 4, 5, 2),
	(1897, 8, 20, 1),
	(1898, 4, 5, 2),
	(1899, 8, 20, 1),
	(1900, 4, 5, 2),
	(1901, 8, 20, 1),
	(1902, 4, 5, 2),
	(1903, 8, 20, 1),
	(1904, 4, 5, 2),
	(1905, 8, 20, 1),
	(1906, 4, 5, 2),
	(1907, 8, 20, 1),
	(1908, 4, 5, 2),
	(1909, 8, 20, 1),
	(1910, 4, 5, 2),
	(1911, 8, 20, 1),
	(1912, 4, 5, 2),
	(1913, 8, 20, 1),
	(1914, 4, 5, 2),
	(1915, 8, 20, 1),
	(1916, 4, 5, 2),
	(1917, 8, 20, 1),
	(1918, 4, 5, 2),
	(1919, 8, 20, 1),
	(1920, 4, 5, 2),
	(1921, 8, 20, 1),
	(1922, 4, 5, 2),
	(1923, 8, 20, 1),
	(1924, 4, 5, 2),
	(1925, 8, 20, 1),
	(1926, 4, 5, 2),
	(1927, 8, 20, 1),
	(1928, 4, 5, 2),
	(1929, 8, 20, 1),
	(1930, 4, 5, 2),
	(1931, 8, 20, 1),
	(1932, 4, 5, 2),
	(1933, 8, 20, 1),
	(1934, 4, 5, 2),
	(1935, 8, 20, 1),
	(1936, 4, 5, 2),
	(1937, 8, 20, 1),
	(1938, 4, 5, 2),
	(1939, 8, 20, 1),
	(1940, 4, 5, 2),
	(1941, 8, 20, 1),
	(1942, 4, 5, 2),
	(1943, 8, 20, 1),
	(1944, 4, 5, 2),
	(1945, 8, 20, 1),
	(1946, 4, 5, 2),
	(1947, 8, 20, 1),
	(1948, 4, 5, 2),
	(1949, 8, 20, 1),
	(1950, 4, 5, 2),
	(1951, 8, 20, 1),
	(1952, 4, 5, 2),
	(1953, 8, 20, 1),
	(1954, 4, 5, 2),
	(1955, 8, 20, 1),
	(1956, 4, 5, 2),
	(1957, 8, 20, 1),
	(1958, 4, 5, 2),
	(1959, 8, 20, 1),
	(1960, 4, 5, 2),
	(1961, 8, 20, 1),
	(1962, 4, 5, 2),
	(1963, 8, 20, 1),
	(1964, 4, 5, 2),
	(1965, 8, 20, 1),
	(1966, 4, 5, 2),
	(1967, 8, 20, 1),
	(1968, 4, 5, 2),
	(1969, 8, 20, 1),
	(1970, 4, 5, 2),
	(1971, 8, 20, 1),
	(1972, 4, 5, 2),
	(1973, 8, 20, 1),
	(1974, 4, 5, 2),
	(1975, 8, 20, 1),
	(1976, 4, 5, 2),
	(1977, 8, 20, 1),
	(1978, 4, 5, 2),
	(1979, 8, 20, 1),
	(1980, 4, 5, 2),
	(1981, 8, 20, 1),
	(1982, 4, 5, 2),
	(1983, 8, 20, 1),
	(1984, 4, 5, 2),
	(1985, 8, 20, 1),
	(1986, 4, 5, 2),
	(1987, 8, 20, 1),
	(1988, 4, 5, 2),
	(1989, 8, 20, 1),
	(1990, 4, 5, 2),
	(1991, 8, 20, 1),
	(1992, 4, 5, 2),
	(1993, 8, 20, 1),
	(1994, 4, 5, 2),
	(1995, 8, 20, 1),
	(1996, 4, 5, 2),
	(1997, 8, 20, 1),
	(1998, 4, 5, 2),
	(1999, 8, 20, 1),
	(2000, 4, 5, 2),
	(2001, 8, 20, 1),
	(2002, 4, 5, 2),
	(2003, 8, 20, 1),
	(2004, 4, 5, 2),
	(2005, 8, 20, 1),
	(2006, 4, 5, 2),
	(2007, 8, 20, 1),
	(2008, 4, 5, 2),
	(2009, 8, 20, 1),
	(2010, 4, 5, 2),
	(2011, 8, 20, 1),
	(2012, 4, 5, 2),
	(2013, 8, 20, 1),
	(2014, 4, 5, 2),
	(2015, 8, 20, 1),
	(2016, 4, 5, 2),
	(2017, 8, 20, 1),
	(2018, 4, 5, 2),
	(2019, 8, 20, 1),
	(2020, 4, 5, 2),
	(2021, 8, 20, 1),
	(2022, 4, 5, 2),
	(2023, 8, 20, 1),
	(2024, 4, 5, 2),
	(2025, 8, 20, 1),
	(2026, 4, 5, 2),
	(2027, 8, 20, 1),
	(2028, 4, 5, 2),
	(2029, 8, 20, 1),
	(2030, 4, 5, 2),
	(2031, 8, 20, 1),
	(2032, 4, 5, 2),
	(2033, 8, 20, 1),
	(2034, 4, 5, 2),
	(2035, 8, 20, 1),
	(2036, 4, 5, 2),
	(2037, 8, 20, 1),
	(2038, 4, 5, 2),
	(2039, 8, 20, 1),
	(2040, 4, 5, 2),
	(2041, 8, 20, 1),
	(2042, 4, 5, 2),
	(2043, 8, 20, 1),
	(2044, 4, 5, 2),
	(2045, 8, 20, 1),
	(2046, 4, 5, 2),
	(2047, 8, 20, 1),
	(2048, 4, 5, 2),
	(2049, 8, 20, 1),
	(2050, 4, 5, 2),
	(2051, 8, 20, 1),
	(2052, 4, 5, 2),
	(2053, 8, 20, 1),
	(2054, 4, 5, 2),
	(2055, 12, 300, 1),
	(2056, 4, 5, 2),
	(2057, 12, 300, 1),
	(2058, 4, 5, 2),
	(2059, 64, 1000, 1),
	(2060, 4, 5, 2),
	(2061, 64, 1000, 1),
	(2062, 4, 5, 2),
	(2063, 64, 1000, 1),
	(2064, 4, 5, 2),
	(2065, 64, 1000, 1),
	(2066, 4, 5, 2),
	(2067, 8, 20, 1),
	(2068, 4, 5, 2),
	(2069, 8, 20, 1),
	(2070, 4, 5, 2),
	(2071, 8, 20, 1),
	(2072, 4, 5, 2),
	(2073, 8, 20, 1),
	(2074, 4, 5, 2),
	(2075, 8, 20, 1),
	(2076, 4, 5, 2),
	(2077, 8, 20, 1),
	(2078, 4, 5, 2),
	(2079, 8, 20, 1),
	(2080, 4, 5, 2),
	(2081, 8, 20, 1),
	(2082, 4, 5, 2),
	(2083, 8, 20, 1),
	(2084, 4, 5, 2),
	(2085, 8, 20, 1),
	(2086, 4, 5, 2),
	(2087, 8, 20, 1),
	(2088, 4, 5, 2),
	(2089, 8, 20, 1),
	(2090, 4, 5, 2),
	(2091, 8, 20, 1),
	(2092, 4, 5, 2),
	(2093, 8, 20, 1),
	(2094, 4, 5, 2),
	(2095, 8, 20, 1),
	(2096, 4, 5, 2),
	(2097, 8, 40, 1),
	(2098, 4, 5, 2),
	(2099, 8, 20, 1),
	(2100, 4, 5, 2),
	(2101, 8, 20, 1),
	(2102, 4, 5, 2),
	(2103, 8, 20, 1),
	(2104, 4, 5, 2),
	(2105, 8, 20, 1),
	(2106, 4, 5, 2),
	(2107, 8, 20, 1),
	(2108, 4, 5, 2),
	(2109, 8, 20, 1),
	(2110, 4, 5, 2),
	(2111, 8, 20, 1),
	(2112, 4, 5, 2),
	(2113, 8, 20, 1),
	(2114, 4, 5, 2),
	(2115, 8, 20, 1),
	(2116, 4, 5, 2),
	(2117, 8, 20, 1),
	(2118, 4, 5, 2),
	(2119, 8, 20, 1),
	(2120, 4, 5, 2),
	(2121, 8, 20, 1),
	(2122, 4, 5, 2),
	(2123, 8, 20, 1),
	(2124, 4, 5, 2),
	(2125, 8, 20, 1),
	(2126, 4, 5, 2),
	(2127, 8, 20, 1),
	(2128, 4, 5, 2),
	(2129, 8, 20, 1),
	(2130, 4, 5, 2),
	(2131, 8, 20, 1),
	(2132, 4, 5, 2),
	(2133, 8, 20, 1),
	(2134, 4, 5, 2),
	(2135, 8, 20, 1),
	(2136, 4, 5, 2),
	(2137, 8, 20, 1),
	(2138, 4, 5, 2),
	(2139, 4, 10, 1),
	(2140, 4, 5, 2),
	(2141, 4, 10, 1),
	(2142, 4, 5, 2),
	(2143, 4, 10, 1),
	(2144, 4, 5, 2),
	(2145, 4, 10, 1),
	(2146, 4, 5, 2),
	(2147, 8, 20, 1),
	(2148, 4, 5, 2),
	(2149, 8, 20, 1),
	(2150, 4, 5, 2),
	(2151, 8, 20, 1),
	(2152, 4, 5, 2),
	(2153, 8, 20, 1),
	(2154, 4, 5, 2),
	(2155, 64, 1000, 1),
	(2156, 4, 5, 2),
	(2157, 64, 1000, 1),
	(2158, 4, 5, 2),
	(2159, 8, 20, 1),
	(2160, 4, 5, 2),
	(2161, 8, 20, 1),
	(2162, 4, 5, 2),
	(2163, 8, 20, 1),
	(2164, 4, 5, 2),
	(2165, 8, 20, 1),
	(2166, 4, 5, 2),
	(2167, 8, 20, 1),
	(2168, 4, 5, 2),
	(2169, 8, 20, 1),
	(2170, 4, 5, 2),
	(2171, 8, 20, 1),
	(2172, 4, 5, 2),
	(2173, 8, 20, 1),
	(2174, 4, 5, 2),
	(2175, 8, 20, 1),
	(2176, 4, 5, 2),
	(2177, 8, 30, 0),
	(2178, 8, 100, 4),
	(2179, 8, 100, 5),
	(2180, 8, 20, 7),
	(2181, 8, 30, 0),
	(2182, 8, 100, 4),
	(2183, 8, 100, 5),
	(2184, 8, 20, 7),
	(2185, 8, 30, 0),
	(2186, 8, 100, 4),
	(2187, 8, 100, 5),
	(2188, 8, 20, 7),
	(2189, 16, 50, 0),
	(2190, 8, 100, 4),
	(2191, 8, 100, 5),
	(2192, 8, 20, 7),
	(2193, 8, 30, 0),
	(2194, 8, 100, 4),
	(2195, 8, 100, 5),
	(2196, 8, 20, 7),
	(2197, 8, 30, 0),
	(2198, 8, 100, 4),
	(2199, 8, 100, 5),
	(2200, 8, 20, 7),
	(2201, 8, 30, 0),
	(2202, 8, 100, 4),
	(2203, 8, 100, 5),
	(2204, 8, 20, 7),
	(2205, 8, 30, 0),
	(2206, 8, 100, 4),
	(2207, 8, 100, 5),
	(2208, 8, 20, 7),
	(2209, 8, 30, 0),
	(2210, 8, 100, 4),
	(2211, 8, 100, 5),
	(2212, 8, 20, 7),
	(2213, 8, 30, 0),
	(2214, 8, 100, 4),
	(2215, 8, 100, 5),
	(2216, 8, 20, 7),
	(2217, 8, 20, 1),
	(2218, 4, 5, 2),
	(2219, 8, 30, 0),
	(2220, 8, 100, 4),
	(2221, 8, 100, 5),
	(2222, 8, 20, 7),
	(2223, 8, 30, 0),
	(2224, 8, 100, 4),
	(2225, 8, 100, 5),
	(2226, 8, 20, 7),
	(2227, 8, 30, 0),
	(2228, 8, 100, 4),
	(2229, 8, 100, 5),
	(2230, 8, 20, 7),
	(2231, 8, 30, 0),
	(2232, 8, 100, 4),
	(2233, 8, 100, 5),
	(2234, 8, 20, 7),
	(2235, 16, 50, 0),
	(2236, 8, 100, 4),
	(2237, 8, 100, 5),
	(2238, 8, 20, 7),
	(2239, 4, 10, 1),
	(2240, 4, 5, 2),
	(2241, 16, 60, 0),
	(2242, 8, 100, 4),
	(2243, 8, 100, 5),
	(2244, 8, 20, 7),
	(2245, 4, 10, 1),
	(2246, 4, 5, 2),
	(2247, 16, 60, 0),
	(2248, 8, 100, 4),
	(2249, 8, 100, 5),
	(2250, 8, 20, 7),
	(2251, 16, 60, 0),
	(2252, 8, 100, 4),
	(2253, 8, 100, 5),
	(2254, 8, 100, 7),
	(2255, 24, 1000, 1),
	(2256, 4, 8, 2),
	(2257, 24, 500, 1),
	(2258, 4, 8, 2),
	(2259, 20, 250, 1),
	(2260, 4, 8, 2),
	(2261, 20, 250, 1),
	(2262, 4, 8, 2),
	(2263, 24, 500, 1),
	(2264, 4, 8, 2),
	(2265, 20, 250, 1),
	(2266, 4, 8, 2),
	(2267, 20, 250, 1),
	(2268, 4, 4, 2),
	(2269, 8, 20, 1),
	(2270, 4, 5, 2),
	(2271, 8, 20, 1),
	(2272, 4, 5, 2),
	(2273, 8, 20, 1),
	(2274, 4, 5, 2),
	(2275, 8, 20, 1),
	(2276, 4, 5, 2),
	(2277, 8, 20, 1),
	(2278, 4, 5, 2),
	(2279, 8, 20, 1),
	(2280, 4, 5, 2),
	(2281, 8, 20, 1),
	(2282, 4, 5, 2),
	(2283, 8, 20, 1),
	(2284, 4, 5, 2),
	(2285, 8, 20, 1),
	(2286, 4, 5, 2),
	(2287, 8, 20, 1),
	(2288, 4, 5, 2),
	(2289, 8, 20, 1),
	(2290, 4, 5, 2),
	(2291, 8, 20, 1),
	(2292, 4, 5, 2),
	(2293, 8, 20, 1),
	(2294, 4, 5, 2),
	(2295, 8, 20, 1),
	(2296, 4, 5, 2),
	(2297, 8, 20, 1),
	(2298, 4, 5, 2),
	(2299, 8, 20, 1),
	(2300, 4, 5, 2),
	(2301, 8, 20, 1),
	(2302, 4, 5, 2),
	(2303, 8, 20, 1),
	(2304, 4, 5, 2),
	(2305, 8, 20, 1),
	(2306, 4, 5, 2),
	(2307, 8, 20, 1),
	(2308, 4, 5, 2),
	(2309, 8, 20, 1),
	(2310, 4, 5, 2),
	(2311, 8, 20, 1),
	(2312, 4, 5, 2),
	(2313, 8, 20, 1),
	(2314, 4, 5, 2),
	(2315, 8, 20, 1),
	(2316, 4, 5, 2),
	(2317, 4, 10, 1),
	(2318, 4, 5, 2),
	(2319, 8, 20, 1),
	(2320, 4, 5, 2),
	(2321, 4, 10, 1),
	(2322, 4, 5, 2),
	(2323, 4, 10, 1),
	(2324, 4, 5, 2),
	(2325, 8, 20, 1),
	(2326, 4, 5, 2),
	(2327, 8, 40, 1),
	(2328, 4, 5, 2),
	(2329, 8, 20, 1),
	(2330, 4, 5, 2),
	(2331, 8, 20, 1),
	(2332, 4, 5, 2),
	(2333, 8, 20, 1),
	(2334, 4, 5, 2),
	(2335, 8, 20, 1),
	(2336, 4, 5, 2),
	(2337, 4, 10, 1),
	(2338, 4, 5, 2),
	(2339, 4, 10, 1),
	(2340, 4, 5, 2),
	(2341, 16, 200, 9),
	(2342, 16, 200, 9),
	(2343, 16, 200, 9),
	(2344, 16, 60, 0),
	(2345, 8, 30, 4),
	(2346, 8, 60, 5),
	(2347, 8, 100, 7),
	(2348, 24, 700, 1),
	(2349, 4, 10, 2),
	(2350, 16, 60, 0),
	(2351, 8, 30, 4),
	(2352, 8, 60, 5),
	(2353, 8, 100, 7),
	(2354, 16, 60, 0),
	(2355, 8, 30, 4),
	(2356, 8, 60, 5),
	(2357, 8, 100, 7),
	(2358, 20, 400, 1),
	(2359, 4, 10, 2),
	(2360, 16, 200, 9),
	(2361, 16, 200, 9),
	(2362, 16, 60, 0),
	(2363, 8, 30, 4),
	(2364, 8, 60, 5),
	(2365, 8, 100, 7),
	(2366, 8, 1000, 3),
	(2367, 500, 1000000, 6),
	(2368, 16, 60, 0),
	(2369, 8, 30, 4),
	(2370, 8, 60, 5),
	(2371, 8, 100, 7),
	(2372, 16, 200, 9),
	(2373, 8, 1000, 3),
	(2374, 500, 1000000, 6),
	(2375, 16, 60, 0),
	(2376, 8, 30, 4),
	(2377, 8, 60, 5),
	(2378, 8, 100, 7),
	(2379, 6, 25, 0),
	(2380, 8, 30, 4),
	(2381, 8, 60, 5),
	(2382, 8, 100, 7),
	(2383, 6, 25, 0),
	(2384, 8, 30, 4),
	(2385, 8, 60, 5),
	(2386, 8, 100, 7),
	(2387, 16, 60, 0),
	(2388, 8, 30, 4),
	(2389, 8, 60, 5),
	(2390, 8, 100, 7),
	(2391, 16, 60, 0),
	(2392, 8, 30, 4),
	(2393, 8, 60, 5),
	(2394, 8, 100, 7),
	(2395, 6, 25, 0),
	(2396, 8, 30, 4),
	(2397, 8, 60, 5),
	(2398, 8, 100, 7),
	(2399, 8, 1000, 3),
	(2400, 500, 1000000, 6),
	(2401, 12, 350, 1),
	(2402, 4, 10, 2),
	(2403, 4, 20, 1),
	(2404, 4, 4, 2),
	(2405, 4, 20, 1),
	(2406, 4, 4, 2),
	(2407, 16, 60, 0),
	(2408, 8, 30, 4),
	(2409, 8, 60, 5),
	(2410, 8, 100, 7),
	(2411, 12, 350, 1),
	(2412, 4, 10, 2),
	(2413, 20, 400, 1),
	(2414, 4, 10, 2),
	(2415, 16, 60, 0),
	(2416, 8, 30, 4),
	(2417, 8, 60, 5),
	(2418, 8, 100, 7),
	(2419, 16, 60, 0),
	(2420, 8, 30, 4),
	(2421, 8, 60, 5),
	(2422, 8, 100, 7),
	(2423, 16, 60, 0),
	(2424, 8, 30, 4),
	(2425, 8, 60, 5),
	(2426, 8, 100, 7),
	(2427, 4, 20, 1),
	(2428, 4, 4, 2),
	(2429, 8, 1000, 3),
	(2430, 500, 1000000, 6),
	(2431, 8, 1000, 3),
	(2432, 500, 1000000, 6),
	(2433, 8, 1000, 3),
	(2434, 500, 1000000, 6),
	(2435, 6, 25, 0),
	(2436, 8, 30, 4),
	(2437, 8, 60, 5),
	(2438, 8, 100, 7),
	(2439, 4, 20, 1),
	(2440, 4, 4, 2),
	(2441, 4, 20, 1),
	(2442, 4, 4, 2),
	(2443, 12, 350, 1),
	(2444, 4, 10, 2),
	(2445, 4, 20, 1),
	(2446, 4, 4, 2),
	(2447, 4, 20, 1),
	(2448, 4, 4, 2),
	(2449, 6, 25, 0),
	(2450, 8, 30, 4),
	(2451, 8, 60, 5),
	(2452, 8, 100, 7),
	(2453, 12, 350, 1),
	(2454, 4, 10, 2),
	(2455, 8, 1000, 3),
	(2456, 500, 1000000, 6),
	(2457, 8, 20, 1),
	(2458, 4, 5, 2),
	(2459, 8, 20, 1),
	(2460, 4, 5, 2),
	(2461, 8, 20, 1),
	(2462, 4, 5, 2),
	(2463, 8, 20, 1),
	(2464, 4, 5, 2),
	(2465, 8, 20, 1),
	(2466, 4, 5, 2),
	(2467, 8, 20, 1),
	(2468, 4, 5, 2),
	(2469, 8, 20, 1),
	(2470, 4, 5, 2),
	(2471, 8, 20, 1),
	(2472, 4, 5, 2),
	(2473, 8, 20, 1),
	(2474, 4, 5, 2),
	(2475, 8, 20, 1),
	(2476, 4, 5, 2),
	(2477, 8, 20, 1),
	(2478, 4, 5, 2),
	(2479, 8, 20, 1),
	(2480, 4, 5, 2),
	(2481, 8, 20, 1),
	(2482, 4, 5, 2),
	(2483, 8, 20, 1),
	(2484, 4, 5, 2),
	(2485, 8, 20, 1),
	(2486, 4, 5, 2),
	(2487, 8, 20, 1),
	(2488, 4, 5, 2),
	(2489, 8, 20, 1),
	(2490, 4, 5, 2),
	(2491, 8, 20, 1),
	(2492, 4, 5, 2),
	(2493, 8, 20, 1),
	(2494, 4, 5, 2),
	(2495, 8, 20, 1),
	(2496, 4, 5, 2),
	(2497, 8, 20, 1),
	(2498, 4, 5, 2),
	(2499, 8, 20, 1),
	(2500, 4, 5, 2),
	(2501, 8, 1000, 3),
	(2502, 500, 1000000, 6),
	(2503, 8, 20, 1),
	(2504, 4, 5, 2),
	(2505, 8, 20, 1),
	(2506, 4, 5, 2),
	(2507, 8, 20, 1),
	(2508, 4, 5, 2),
	(2509, 8, 20, 1),
	(2510, 4, 5, 2),
	(2511, 8, 1000, 3),
	(2512, 500, 1000000, 6),
	(2513, 8, 20, 1),
	(2514, 4, 5, 2),
	(2515, 8, 20, 1),
	(2516, 4, 5, 2),
	(2517, 8, 20, 1),
	(2518, 4, 5, 2),
	(2519, 8, 20, 1),
	(2520, 4, 5, 2),
	(2521, 8, 20, 1),
	(2522, 4, 5, 2),
	(2523, 8, 20, 1),
	(2524, 4, 5, 2),
	(2525, 8, 20, 1),
	(2526, 4, 5, 2),
	(2527, 8, 20, 1),
	(2528, 4, 5, 2),
	(2529, 8, 20, 1),
	(2530, 4, 5, 2),
	(2531, 8, 20, 1),
	(2532, 4, 5, 2),
	(2533, 8, 20, 1),
	(2534, 4, 5, 2),
	(2535, 8, 20, 1),
	(2536, 4, 5, 2),
	(2537, 8, 20, 1),
	(2538, 4, 5, 2),
	(2539, 8, 20, 1),
	(2540, 4, 5, 2),
	(2541, 8, 20, 1),
	(2542, 4, 5, 2),
	(2543, 8, 20, 1),
	(2544, 4, 5, 2),
	(2545, 8, 20, 1),
	(2546, 4, 5, 2),
	(2547, 8, 20, 1),
	(2548, 4, 5, 2),
	(2549, 8, 20, 1),
	(2550, 4, 5, 2),
	(2551, 8, 20, 1),
	(2552, 4, 5, 2),
	(2553, 8, 20, 1),
	(2554, 4, 5, 2),
	(2555, 8, 20, 1),
	(2556, 4, 5, 2),
	(2557, 8, 20, 1),
	(2558, 4, 5, 2),
	(2559, 8, 20, 1),
	(2560, 4, 5, 2),
	(2561, 8, 20, 1),
	(2562, 4, 5, 2),
	(2563, 8, 20, 1),
	(2564, 4, 5, 2),
	(2565, 8, 20, 1),
	(2566, 4, 5, 2),
	(2567, 8, 20, 1),
	(2568, 4, 5, 2),
	(2569, 8, 20, 1),
	(2570, 4, 5, 2),
	(2571, 8, 20, 1),
	(2572, 4, 5, 2),
	(2573, 8, 20, 1),
	(2574, 4, 5, 2),
	(2575, 8, 20, 1),
	(2576, 4, 5, 2),
	(2577, 8, 20, 1),
	(2578, 4, 5, 2),
	(2579, 8, 20, 1),
	(2580, 4, 5, 2),
	(2581, 8, 20, 1),
	(2582, 4, 5, 2),
	(2583, 8, 20, 1),
	(2584, 4, 5, 2),
	(2585, 8, 20, 1),
	(2586, 4, 5, 2),
	(2587, 8, 20, 1),
	(2588, 4, 5, 2),
	(2589, 8, 20, 1),
	(2590, 4, 5, 2),
	(2591, 8, 20, 1),
	(2592, 4, 5, 2),
	(2593, 8, 20, 1),
	(2594, 4, 5, 2),
	(2595, 8, 1000, 3),
	(2596, 500, 1000000, 6),
	(2597, 8, 20, 1),
	(2598, 4, 5, 2),
	(2599, 8, 20, 1),
	(2600, 4, 5, 2),
	(2601, 8, 20, 1),
	(2602, 4, 5, 2),
	(2603, 8, 20, 1),
	(2604, 4, 5, 2),
	(2605, 8, 20, 1),
	(2606, 4, 5, 2),
	(2607, 8, 20, 1),
	(2608, 4, 5, 2),
	(2609, 8, 20, 1),
	(2610, 4, 5, 2),
	(2611, 8, 20, 1),
	(2612, 4, 5, 2),
	(2613, 8, 20, 1),
	(2614, 4, 5, 2),
	(2615, 8, 20, 1),
	(2616, 4, 5, 2),
	(2617, 8, 20, 1),
	(2618, 4, 5, 2),
	(2619, 8, 20, 1),
	(2620, 4, 5, 2),
	(2621, 8, 20, 1),
	(2622, 4, 5, 2),
	(2623, 8, 20, 1),
	(2624, 4, 5, 2),
	(2625, 8, 20, 1),
	(2626, 4, 5, 2),
	(2627, 8, 20, 1),
	(2628, 4, 5, 2),
	(2629, 8, 20, 1),
	(2630, 4, 5, 2),
	(2631, 8, 20, 1),
	(2632, 4, 5, 2),
	(2633, 8, 20, 1),
	(2634, 4, 5, 2),
	(2635, 8, 20, 1),
	(2636, 4, 5, 2),
	(2637, 8, 20, 1),
	(2638, 4, 5, 2),
	(2639, 8, 1000, 3),
	(2640, 500, 1000000, 6),
	(2641, 8, 20, 1),
	(2642, 4, 5, 2),
	(2643, 8, 20, 1),
	(2644, 4, 5, 2),
	(2645, 8, 20, 1),
	(2646, 4, 5, 2),
	(2647, 8, 20, 1),
	(2648, 4, 5, 2),
	(2649, 8, 20, 1),
	(2650, 4, 5, 2),
	(2651, 8, 20, 1),
	(2652, 4, 5, 2),
	(2653, 8, 20, 1),
	(2654, 4, 5, 2),
	(2655, 8, 20, 1),
	(2656, 4, 5, 2),
	(2657, 8, 20, 1),
	(2658, 4, 5, 2),
	(2659, 8, 20, 1),
	(2660, 4, 5, 2),
	(2661, 8, 20, 1),
	(2662, 4, 5, 2),
	(2663, 8, 20, 1),
	(2664, 4, 5, 2),
	(2665, 8, 20, 1),
	(2666, 4, 5, 2),
	(2667, 8, 20, 1),
	(2668, 4, 5, 2),
	(2669, 8, 20, 1),
	(2670, 4, 5, 2),
	(2671, 8, 20, 1),
	(2672, 4, 5, 2),
	(2673, 8, 20, 1),
	(2674, 4, 5, 2),
	(2675, 8, 20, 1),
	(2676, 4, 5, 2),
	(2677, 8, 20, 1),
	(2678, 4, 5, 2),
	(2679, 8, 20, 1),
	(2680, 4, 5, 2),
	(2681, 8, 20, 1),
	(2682, 4, 5, 2),
	(2683, 8, 20, 1),
	(2684, 4, 5, 2),
	(2685, 8, 1000, 3),
	(2686, 500, 1000000, 6),
	(2687, 8, 20, 1),
	(2688, 4, 5, 2),
	(2689, 8, 20, 1),
	(2690, 4, 5, 2),
	(2691, 8, 20, 1),
	(2692, 4, 5, 2),
	(2693, 8, 20, 1),
	(2694, 4, 5, 2),
	(2695, 8, 20, 1),
	(2696, 4, 5, 2),
	(2697, 8, 20, 1),
	(2698, 4, 5, 2),
	(2699, 8, 20, 1),
	(2700, 4, 5, 2),
	(2701, 8, 20, 1),
	(2702, 4, 5, 2),
	(2703, 8, 20, 1),
	(2704, 4, 5, 2),
	(2705, 8, 20, 1),
	(2706, 4, 5, 2),
	(2707, 8, 20, 1),
	(2708, 4, 5, 2),
	(2709, 8, 20, 1),
	(2710, 4, 5, 2),
	(2711, 8, 20, 1),
	(2712, 4, 5, 2),
	(2713, 8, 20, 1),
	(2714, 4, 5, 2),
	(2715, 8, 20, 1),
	(2716, 4, 5, 2),
	(2717, 8, 20, 1),
	(2718, 4, 5, 2),
	(2719, 8, 20, 1),
	(2720, 4, 5, 2),
	(2721, 8, 20, 1),
	(2722, 4, 5, 2),
	(2723, 8, 20, 1),
	(2724, 4, 5, 2),
	(2725, 8, 20, 1),
	(2726, 4, 5, 2),
	(2727, 8, 20, 1),
	(2728, 4, 5, 2),
	(2729, 8, 20, 1),
	(2730, 4, 5, 2),
	(2731, 8, 20, 1),
	(2732, 4, 5, 2),
	(2733, 8, 20, 1),
	(2734, 4, 5, 2),
	(2735, 12, 350, 1),
	(2736, 4, 10, 2),
	(2737, 8, 20, 1),
	(2738, 4, 5, 2),
	(2739, 8, 20, 1),
	(2740, 4, 5, 2),
	(2741, 8, 20, 1),
	(2742, 4, 5, 2),
	(2743, 8, 20, 1),
	(2744, 4, 5, 2),
	(2745, 8, 20, 1),
	(2746, 4, 5, 2),
	(2747, 8, 20, 1),
	(2748, 4, 5, 2),
	(2749, 8, 20, 1),
	(2750, 4, 5, 2),
	(2751, 8, 20, 1),
	(2752, 4, 5, 2),
	(2753, 8, 20, 1),
	(2754, 4, 5, 2),
	(2755, 8, 20, 1),
	(2756, 4, 5, 2),
	(2757, 8, 20, 1),
	(2758, 4, 5, 2),
	(2759, 8, 20, 1),
	(2760, 4, 5, 2),
	(2761, 8, 20, 1),
	(2762, 4, 5, 2),
	(2763, 8, 20, 1),
	(2764, 4, 5, 2),
	(2765, 8, 20, 1),
	(2766, 4, 5, 2),
	(2767, 8, 20, 1),
	(2768, 4, 5, 2),
	(2769, 8, 20, 1),
	(2770, 4, 5, 2),
	(2771, 8, 20, 1),
	(2772, 4, 5, 2),
	(2773, 8, 20, 1),
	(2774, 4, 5, 2),
	(2775, 8, 20, 1),
	(2776, 4, 5, 2),
	(2777, 8, 20, 1),
	(2778, 4, 5, 2),
	(2779, 8, 20, 1),
	(2780, 4, 5, 2),
	(2781, 16, 60, 0),
	(2782, 8, 30, 4),
	(2783, 8, 60, 5),
	(2784, 8, 100, 7),
	(2785, 16, 60, 0),
	(2786, 8, 30, 4),
	(2787, 8, 60, 5),
	(2788, 8, 100, 7),
	(2789, 16, 60, 0),
	(2790, 8, 30, 4),
	(2791, 8, 60, 5),
	(2792, 8, 100, 7),
	(2793, 6, 25, 0),
	(2794, 8, 30, 4),
	(2795, 8, 60, 5),
	(2796, 8, 100, 7),
	(2797, 16, 60, 0),
	(2798, 8, 30, 4),
	(2799, 8, 60, 5),
	(2800, 8, 100, 7),
	(2801, 16, 60, 0),
	(2802, 8, 30, 4),
	(2803, 8, 60, 5),
	(2804, 8, 100, 7),
	(2805, 16, 60, 0),
	(2806, 8, 30, 4),
	(2807, 8, 60, 5),
	(2808, 8, 100, 7),
	(2809, 16, 60, 0),
	(2810, 8, 30, 4),
	(2811, 8, 60, 5),
	(2812, 8, 100, 7),
	(2813, 16, 60, 0),
	(2814, 8, 30, 4),
	(2815, 8, 60, 5),
	(2816, 8, 100, 7),
	(2817, 16, 60, 0),
	(2818, 8, 30, 4),
	(2819, 8, 60, 5),
	(2820, 8, 100, 7),
	(2821, 16, 60, 0),
	(2822, 8, 30, 4),
	(2823, 8, 60, 5),
	(2824, 8, 100, 7),
	(2825, 16, 60, 0),
	(2826, 8, 30, 4),
	(2827, 8, 60, 5),
	(2828, 8, 100, 7),
	(2829, 16, 60, 0),
	(2830, 8, 30, 4),
	(2831, 8, 60, 5),
	(2832, 8, 100, 7),
	(2833, 16, 60, 0),
	(2834, 8, 30, 4),
	(2835, 8, 60, 5),
	(2836, 8, 100, 7),
	(2837, 16, 60, 0),
	(2838, 8, 30, 4),
	(2839, 8, 60, 5),
	(2840, 8, 100, 7),
	(2841, 16, 60, 0),
	(2842, 8, 30, 4),
	(2843, 8, 60, 5),
	(2844, 8, 100, 7),
	(2845, 16, 60, 0),
	(2846, 8, 30, 4),
	(2847, 8, 60, 5),
	(2848, 8, 100, 7),
	(2849, 16, 60, 0),
	(2850, 8, 30, 4),
	(2851, 8, 60, 5),
	(2852, 8, 100, 7),
	(2853, 16, 60, 0),
	(2854, 8, 30, 4),
	(2855, 8, 60, 5),
	(2856, 8, 100, 7),
	(2857, 16, 60, 0),
	(2858, 8, 30, 4),
	(2859, 8, 60, 5),
	(2860, 8, 100, 7),
	(2861, 16, 60, 0),
	(2862, 8, 30, 4),
	(2863, 8, 60, 5),
	(2864, 8, 100, 7),
	(2865, 16, 60, 0),
	(2866, 8, 30, 4),
	(2867, 8, 60, 5),
	(2868, 8, 100, 7),
	(2869, 16, 60, 0),
	(2870, 8, 30, 4),
	(2871, 8, 60, 5),
	(2872, 8, 100, 7),
	(2873, 16, 60, 0),
	(2874, 8, 30, 4),
	(2875, 8, 60, 5),
	(2876, 8, 100, 7),
	(2877, 16, 60, 0),
	(2878, 8, 30, 4),
	(2879, 8, 60, 5),
	(2880, 8, 100, 7),
	(2881, 16, 60, 0),
	(2882, 8, 30, 4),
	(2883, 8, 60, 5),
	(2884, 8, 100, 7),
	(2885, 16, 60, 0),
	(2886, 8, 30, 4),
	(2887, 8, 60, 5),
	(2888, 8, 100, 7),
	(2889, 16, 60, 0),
	(2890, 8, 30, 4),
	(2891, 8, 60, 5),
	(2892, 8, 100, 7),
	(2893, 16, 60, 0),
	(2894, 8, 30, 4),
	(2895, 8, 60, 5),
	(2896, 8, 100, 7),
	(2897, 16, 60, 0),
	(2898, 8, 30, 4),
	(2899, 8, 60, 5),
	(2900, 8, 100, 7),
	(2901, 16, 60, 0),
	(2902, 8, 30, 4),
	(2903, 8, 60, 5),
	(2904, 8, 100, 7),
	(2905, 16, 60, 0),
	(2906, 8, 30, 4),
	(2907, 8, 60, 5),
	(2908, 8, 100, 7),
	(2909, 16, 60, 0),
	(2910, 8, 30, 4),
	(2911, 8, 60, 5),
	(2912, 8, 100, 7),
	(2913, 16, 60, 0),
	(2914, 8, 30, 4),
	(2915, 8, 60, 5),
	(2916, 8, 100, 7),
	(2917, 16, 60, 0),
	(2918, 8, 30, 4),
	(2919, 8, 60, 5),
	(2920, 8, 100, 7),
	(2921, 16, 60, 0),
	(2922, 8, 30, 4),
	(2923, 8, 60, 5),
	(2924, 8, 100, 7),
	(2925, 16, 60, 0),
	(2926, 8, 30, 4),
	(2927, 8, 60, 5),
	(2928, 8, 100, 7),
	(2929, 16, 60, 0),
	(2930, 8, 30, 4),
	(2931, 8, 60, 5),
	(2932, 8, 100, 7),
	(2933, 16, 60, 0),
	(2934, 8, 30, 4),
	(2935, 8, 60, 5),
	(2936, 8, 100, 7),
	(2937, 16, 60, 0),
	(2938, 8, 30, 4),
	(2939, 8, 60, 5),
	(2940, 8, 100, 7),
	(2941, 16, 60, 0),
	(2942, 8, 30, 4),
	(2943, 8, 60, 5),
	(2944, 8, 100, 7),
	(2945, 16, 60, 0),
	(2946, 8, 30, 4),
	(2947, 8, 60, 5),
	(2948, 8, 100, 7),
	(2949, 16, 60, 0),
	(2950, 8, 30, 4),
	(2951, 8, 60, 5),
	(2952, 8, 100, 7),
	(2953, 16, 60, 0),
	(2954, 8, 30, 4),
	(2955, 8, 60, 5),
	(2956, 8, 100, 7),
	(2957, 16, 60, 0),
	(2958, 8, 30, 4),
	(2959, 8, 60, 5),
	(2960, 8, 100, 7),
	(2961, 16, 60, 0),
	(2962, 8, 30, 4),
	(2963, 8, 60, 5),
	(2964, 8, 100, 7),
	(2965, 16, 60, 0),
	(2966, 8, 30, 4),
	(2967, 8, 60, 5),
	(2968, 8, 100, 7),
	(2969, 16, 60, 0),
	(2970, 8, 30, 4),
	(2971, 8, 60, 5),
	(2972, 8, 100, 7),
	(2973, 16, 60, 0),
	(2974, 8, 30, 4),
	(2975, 8, 60, 5),
	(2976, 8, 100, 7),
	(2977, 16, 60, 0),
	(2978, 8, 30, 4),
	(2979, 8, 60, 5),
	(2980, 8, 100, 7),
	(2981, 6, 25, 0),
	(2982, 8, 30, 4),
	(2983, 8, 60, 5),
	(2984, 8, 100, 7),
	(2985, 16, 60, 0),
	(2986, 8, 30, 4),
	(2987, 8, 60, 5),
	(2988, 8, 100, 7),
	(2989, 16, 60, 0),
	(2990, 8, 30, 4),
	(2991, 8, 60, 5),
	(2992, 8, 100, 7),
	(2993, 16, 60, 0),
	(2994, 8, 30, 4),
	(2995, 8, 60, 5),
	(2996, 8, 100, 7),
	(2997, 16, 60, 0),
	(2998, 8, 30, 4),
	(2999, 8, 60, 5),
	(3000, 8, 100, 7),
	(3001, 16, 60, 0),
	(3002, 8, 30, 4),
	(3003, 8, 60, 5),
	(3004, 8, 100, 7),
	(3005, 16, 60, 0),
	(3006, 8, 30, 4),
	(3007, 8, 60, 5),
	(3008, 8, 100, 7),
	(3009, 16, 60, 0),
	(3010, 8, 30, 4),
	(3011, 8, 60, 5),
	(3012, 8, 100, 7),
	(3013, 16, 60, 0),
	(3014, 8, 30, 4),
	(3015, 8, 60, 5),
	(3016, 8, 100, 7),
	(3017, 16, 60, 0),
	(3018, 8, 30, 4),
	(3019, 8, 60, 5),
	(3020, 8, 100, 7),
	(3021, 6, 25, 0),
	(3022, 8, 30, 4),
	(3023, 8, 60, 5),
	(3024, 8, 100, 7),
	(3025, 16, 200, 9),
	(3026, 24, 700, 1),
	(3027, 4, 10, 2),
	(3028, 36, 440, 1),
	(3029, 4, 10, 2),
	(3030, 4, 20, 1),
	(3031, 4, 4, 2);

-- Dumping structure for table pgrp.server_inventory_items
CREATE TABLE IF NOT EXISTS `server_inventory_items` (
  `id` int NOT NULL AUTO_INCREMENT,
  `inventory_id` int DEFAULT NULL,
  `item_id` int DEFAULT NULL,
  `amount` int DEFAULT NULL,
  `slot` int DEFAULT NULL,
  `has_attribute` tinyint(1) DEFAULT '0',
  PRIMARY KEY (`id`)
) ENGINE=InnoDB AUTO_INCREMENT=5661 DEFAULT CHARSET=armscii8 COLLATE=armscii8_bin;

-- Dumping data for table pgrp.server_inventory_items: ~507 rows (approximately)
INSERT INTO `server_inventory_items` (`id`, `inventory_id`, `item_id`, `amount`, `slot`, `has_attribute`) VALUES
	(53, 74, 6, 18, 2, 0),
	(54, 74, 7, 28, 1, 0),
	(121, 41, 10, 10, 1, 0),
	(122, 41, 9, 10, 2, 0),
	(123, 41, 9, 10, 3, 0),
	(124, 41, 9, 10, 4, 0),
	(181, 80, 7, 48, 6, 0),
	(182, 80, 26, 25, 7, 0),
	(185, 95, 26, 9, 6, 0),
	(250, 115, 9, 10, 1, 0),
	(251, 115, 9, 10, 2, 0),
	(252, 115, 9, 10, 3, 0),
	(253, 115, 9, 10, 4, 0),
	(254, 115, 9, 10, 5, 0),
	(261, 115, 9, 10, 6, 0),
	(262, 115, 9, 10, 7, 0),
	(263, 115, 9, 10, 8, 0),
	(264, 115, 9, 10, 16, 0),
	(265, 115, 9, 10, 15, 0),
	(266, 115, 9, 10, 14, 0),
	(273, 115, 9, 10, 13, 0),
	(274, 115, 9, 10, 12, 0),
	(275, 115, 9, 10, 11, 0),
	(276, 115, 9, 10, 10, 0),
	(277, 115, 9, 10, 9, 0),
	(282, 114, 1, 1, 1, 0),
	(283, 114, 1, 1, 2, 0),
	(284, 114, 1, 1, 3, 0),
	(285, 114, 1, 1, 4, 0),
	(290, 114, 1, 1, 5, 0),
	(291, 114, 1, 1, 6, 0),
	(292, 114, 1, 1, 7, 0),
	(293, 114, 1, 1, 8, 0),
	(298, 114, 1, 1, 10, 0),
	(299, 114, 1, 1, 11, 0),
	(300, 114, 1, 1, 12, 0),
	(301, 114, 1, 1, 9, 0),
	(306, 114, 1, 1, 13, 0),
	(307, 114, 1, 1, 14, 0),
	(308, 114, 1, 1, 15, 0),
	(309, 114, 1, 1, 16, 0),
	(341, 80, 10, 8, 3, 0),
	(364, 80, 9, 5, 1, 0),
	(365, 80, 9, 10, 4, 0),
	(366, 80, 10, 8, 2, 0),
	(367, 80, 10, 7, 5, 0),
	(470, 68, 173, 4, 1, 0),
	(658, 4, 9, 10, 1, 0),
	(659, 4, 9, 10, 2, 0),
	(661, 5, 55, 1, 1, 0),
	(662, 5, 53, 1, 2, 0),
	(663, 5, 9, 10, 3, 0),
	(690, 139, 12, 1, 1, 0),
	(762, 1759, 2, 13, 1, 0),
	(918, 68, 174, 4, 3, 0),
	(953, 68, 288, 1, 8, 0),
	(1044, 956, 31, 1, 1, 0),
	(1045, 956, 8, 1, 2, 0),
	(1056, 1769, 30, 1, 1, 0),
	(1500, 68, 30, 1, 16, 0),
	(1501, 68, 164, 5, 2, 0),
	(1543, 95, 300, 1, 7, 0),
	(1544, 95, 316, 4, 5, 0),
	(1575, 31, 10, 2, 1, 0),
	(1605, 2235, 174, 5, 16, 0),
	(1606, 2235, 174, 5, 15, 0),
	(1607, 2235, 30, 1, 8, 0),
	(1619, 2235, 282, 5, 2, 0),
	(1620, 2235, 282, 4, 3, 0),
	(1634, 95, 184, 1, 3, 0),
	(1642, 95, 9, 5, 2, 0),
	(1643, 95, 10, 3, 1, 0),
	(1651, 95, 242, 25, 4, 0),
	(1804, 2366, 2, 120, 1, 0),
	(1821, 2189, 173, 3, 1, 0),
	(1822, 2189, 174, 5, 3, 0),
	(1823, 2189, 30, 3, 4, 0),
	(1824, 2189, 310, 1, 2, 0),
	(1862, 2189, 300, 1, 5, 0),
	(1998, 68, 167, 3, 4, 0),
	(2008, 68, 316, 2, 6, 0),
	(2013, 74, 13, 1, 3, 0),
	(2014, 74, 12, 1, 4, 0),
	(2016, 2267, 289, 20, 1, 0),
	(2018, 2267, 289, 20, 2, 0),
	(2024, 2267, 289, 7, 4, 0),
	(2143, 68, 303, 1, 10, 0),
	(2169, 71, 312, 8, 2, 0),
	(2171, 71, 173, 6, 1, 0),
	(2172, 71, 173, 5, 9, 0),
	(2254, 2267, 274, 6, 3, 0),
	(2463, 2362, 300, 1, 9, 0),
	(2466, 2362, 320, 1, 10, 0),
	(2469, 2362, 311, 7, 11, 0),
	(2470, 2362, 312, 1, 2, 0),
	(2471, 2362, 173, 2, 1, 0),
	(2473, 2362, 300, 1, 5, 0),
	(2474, 1, 279, 3, 1, 0),
	(2475, 1, 279, 3, 2, 0),
	(2477, 1, 279, 3, 4, 0),
	(2478, 1, 279, 3, 5, 0),
	(2479, 1, 279, 3, 6, 0),
	(2480, 1, 279, 3, 7, 0),
	(2481, 1, 279, 3, 8, 0),
	(2482, 1, 279, 3, 9, 0),
	(2483, 1, 279, 3, 10, 0),
	(2484, 1, 279, 3, 11, 0),
	(2485, 1, 279, 3, 12, 0),
	(2486, 1, 279, 3, 13, 0),
	(2487, 1, 279, 3, 14, 0),
	(2488, 1, 279, 3, 15, 0),
	(2489, 1, 279, 3, 16, 0),
	(2490, 1, 279, 3, 17, 0),
	(2491, 1, 279, 3, 18, 0),
	(2492, 1, 279, 3, 19, 0),
	(2493, 1, 279, 3, 20, 0),
	(2494, 1, 279, 3, 21, 0),
	(2495, 1, 279, 3, 22, 0),
	(2496, 1, 279, 3, 23, 0),
	(2497, 1, 279, 3, 24, 0),
	(2498, 1, 279, 3, 25, 0),
	(2499, 1, 279, 3, 26, 0),
	(2500, 1, 279, 3, 27, 0),
	(2501, 1, 279, 3, 28, 0),
	(2502, 1, 279, 3, 29, 0),
	(2503, 1, 279, 3, 30, 0),
	(2504, 1, 279, 3, 31, 0),
	(2505, 1, 279, 3, 32, 0),
	(2516, 2265, 289, 19, 1, 0),
	(2533, 2265, 365, 5, 15, 0),
	(2608, 2369, 277, 20, 1, 0),
	(2609, 28, 2, 1, 1, 0),
	(2611, 2369, 5, 1, 2, 0),
	(2639, 2153, 147, 3, 2, 0),
	(2652, 2387, 282, 4, 14, 0),
	(2653, 2387, 173, 4, 16, 0),
	(2654, 2387, 174, 1, 7, 0),
	(2656, 2387, 30, 3, 4, 0),
	(2657, 2387, 30, 2, 5, 0),
	(2658, 2387, 164, 3, 9, 0),
	(2739, 68, 300, 1, 5, 0),
	(2818, 2407, 30, 1, 9, 0),
	(2824, 2407, 10, 7, 1, 0),
	(2870, 2387, 243, 2, 8, 0),
	(2954, 2435, 368, 24, 1, 0),
	(2956, 2435, 193, 1, 2, 0),
	(2957, 2435, 227, 25, 3, 0),
	(2958, 2435, 227, 16, 4, 0),
	(2960, 2435, 14, 1, 5, 0),
	(3003, 2399, 2, 160, 1, 0),
	(3007, 2399, 2, 160, 2, 0),
	(3009, 2399, 2, 128, 3, 0),
	(3376, 2241, 8, 4, 9, 0),
	(3380, 2241, 12, 1, 16, 0),
	(3406, 2354, 10, 10, 1, 0),
	(3407, 2354, 9, 9, 2, 0),
	(3408, 2354, 8, 5, 3, 0),
	(3411, 2354, 117, 25, 6, 0),
	(3412, 2354, 12, 1, 7, 0),
	(3423, 2254, 10, 9, 4, 0),
	(3425, 2254, 8, 5, 5, 0),
	(3429, 2254, 12, 1, 3, 0),
	(3430, 2354, 10, 10, 8, 0),
	(3431, 2354, 8, 5, 9, 0),
	(3432, 2354, 58, 1, 10, 0),
	(3433, 2354, 117, 25, 11, 0),
	(3434, 2354, 117, 25, 12, 0),
	(3435, 2354, 12, 1, 13, 0),
	(3440, 2368, 10, 7, 1, 0),
	(3441, 2368, 9, 2, 4, 0),
	(3442, 2368, 8, 5, 3, 0),
	(3446, 2368, 12, 1, 7, 0),
	(3538, 2241, 10, 10, 1, 0),
	(3539, 2241, 9, 10, 2, 0),
	(3540, 2241, 8, 5, 10, 0),
	(3544, 2241, 12, 1, 8, 0),
	(3615, 23, 10, 8, 1, 0),
	(3617, 23, 8, 5, 3, 0),
	(3620, 23, 117, 25, 5, 0),
	(3621, 23, 12, 1, 6, 0),
	(3628, 2254, 12, 1, 6, 0),
	(3636, 17, 10, 10, 9, 0),
	(3637, 17, 9, 10, 10, 0),
	(3638, 17, 8, 5, 11, 0),
	(3642, 17, 12, 1, 16, 0),
	(3717, 83, 10, 7, 1, 0),
	(3718, 83, 9, 7, 2, 0),
	(3719, 83, 8, 5, 3, 0),
	(3723, 83, 12, 1, 7, 0),
	(3725, 23, 13, 1, 7, 0),
	(3727, 23, 30, 1, 4, 0),
	(3731, 23, 164, 8, 2, 0),
	(3820, 14, 10, 9, 1, 0),
	(3821, 14, 9, 10, 2, 0),
	(3822, 14, 8, 5, 3, 0),
	(3825, 14, 117, 25, 6, 0),
	(3834, 2415, 10, 10, 1, 0),
	(3835, 2415, 9, 9, 2, 0),
	(3836, 2415, 8, 3, 3, 0),
	(3840, 2415, 12, 1, 7, 0),
	(3862, 2251, 10, 9, 1, 0),
	(3863, 2251, 9, 8, 2, 0),
	(3864, 2251, 8, 5, 3, 0),
	(3868, 2254, 12, 1, 7, 0),
	(3918, 2841, 10, 9, 1, 0),
	(3919, 2841, 9, 8, 2, 0),
	(3920, 2841, 8, 5, 3, 0),
	(3932, 2821, 10, 10, 1, 0),
	(3933, 2821, 9, 10, 2, 0),
	(3934, 2821, 8, 5, 3, 0),
	(3935, 2821, 58, 1, 4, 0),
	(3936, 2821, 117, 25, 5, 0),
	(3937, 2821, 117, 25, 6, 0),
	(3938, 2821, 12, 1, 7, 0),
	(3960, 2801, 10, 10, 1, 0),
	(3961, 2801, 9, 7, 2, 0),
	(3962, 2801, 8, 3, 8, 0),
	(3995, 2423, 10, 9, 1, 0),
	(3996, 2423, 9, 6, 2, 0),
	(3997, 2423, 8, 4, 11, 0),
	(4001, 2423, 12, 1, 6, 0),
	(4009, 2853, 10, 8, 1, 0),
	(4010, 2853, 9, 5, 2, 0),
	(4011, 2853, 8, 4, 3, 0),
	(4014, 2853, 117, 21, 6, 0),
	(4030, 2869, 10, 10, 1, 0),
	(4031, 2869, 9, 10, 2, 0),
	(4032, 2869, 8, 5, 3, 0),
	(4051, 2837, 10, 10, 1, 0),
	(4052, 2837, 9, 10, 2, 0),
	(4053, 2837, 8, 5, 3, 0),
	(4093, 2861, 10, 9, 2, 0),
	(4094, 2861, 9, 9, 1, 0),
	(4095, 2861, 8, 5, 7, 0),
	(4098, 2861, 117, 25, 8, 0),
	(4164, 2785, 10, 9, 1, 0),
	(4165, 2785, 9, 7, 2, 0),
	(4166, 2785, 8, 4, 3, 0),
	(4169, 2785, 117, 25, 4, 0),
	(4201, 2848, 117, 6, 2, 0),
	(4378, 2941, 10, 10, 1, 0),
	(4379, 2941, 9, 9, 2, 0),
	(4380, 2941, 8, 5, 3, 0),
	(4382, 2941, 117, 10, 5, 0),
	(4383, 2941, 117, 25, 6, 0),
	(4384, 2941, 12, 1, 7, 0),
	(4398, 2920, 117, 25, 1, 0),
	(4451, 2921, 10, 9, 1, 0),
	(4452, 2921, 9, 7, 2, 0),
	(4453, 2921, 8, 4, 9, 0),
	(4493, 2945, 10, 10, 1, 0),
	(4494, 2945, 9, 5, 2, 0),
	(4495, 2945, 8, 3, 3, 0),
	(4500, 2853, 9, 1, 4, 1),
	(4533, 2969, 10, 8, 1, 0),
	(4534, 2969, 9, 5, 2, 0),
	(4535, 2969, 8, 4, 3, 0),
	(4554, 2901, 10, 7, 1, 0),
	(4555, 2901, 9, 8, 2, 0),
	(4556, 2901, 8, 5, 3, 0),
	(4561, 2940, 10, 7, 1, 0),
	(4562, 2940, 9, 10, 2, 0),
	(4563, 2940, 8, 5, 3, 0),
	(4565, 2940, 117, 1, 4, 0),
	(4566, 2940, 117, 24, 5, 0),
	(4603, 2873, 10, 9, 1, 0),
	(4604, 2873, 9, 8, 2, 0),
	(4605, 2873, 8, 3, 3, 0),
	(4657, 92, 10, 10, 1, 0),
	(4658, 92, 9, 7, 2, 0),
	(4659, 92, 8, 4, 3, 0),
	(4663, 92, 12, 1, 7, 0),
	(4664, 2973, 10, 10, 2, 0),
	(4665, 2973, 9, 9, 1, 0),
	(4666, 2973, 8, 4, 3, 0),
	(4679, 2849, 10, 10, 1, 0),
	(4680, 2849, 9, 6, 2, 0),
	(4681, 2849, 8, 3, 9, 0),
	(4684, 2849, 117, 25, 16, 0),
	(4686, 2857, 10, 9, 1, 0),
	(4687, 2857, 9, 8, 2, 0),
	(4688, 2857, 8, 5, 3, 0),
	(4741, 2961, 10, 10, 1, 0),
	(4742, 2961, 9, 9, 2, 0),
	(4743, 2961, 8, 5, 3, 0),
	(4746, 2961, 117, 4, 6, 0),
	(4747, 2961, 12, 1, 7, 0),
	(4770, 2965, 10, 10, 1, 0),
	(4771, 2965, 9, 8, 2, 0),
	(4772, 2965, 8, 5, 3, 0),
	(4845, 2813, 10, 10, 1, 0),
	(4846, 2813, 9, 8, 2, 0),
	(4847, 2813, 8, 4, 3, 0),
	(4859, 2805, 10, 10, 1, 0),
	(4860, 2805, 9, 8, 2, 0),
	(4861, 2805, 8, 5, 3, 0),
	(4916, 3004, 9, 10, 1, 0),
	(4929, 2957, 10, 7, 1, 0),
	(4930, 2957, 9, 6, 2, 0),
	(4931, 2957, 8, 5, 3, 0),
	(4935, 2957, 12, 1, 7, 0),
	(4951, 3001, 9, 10, 10, 0),
	(4957, 2937, 10, 10, 1, 0),
	(4958, 2937, 9, 8, 2, 0),
	(4959, 2937, 8, 3, 3, 0),
	(4962, 2937, 117, 25, 6, 0),
	(4963, 2937, 12, 1, 7, 0),
	(5000, 2881, 10, 10, 1, 0),
	(5001, 2881, 9, 8, 2, 0),
	(5002, 2881, 8, 5, 3, 0),
	(5005, 2881, 117, 14, 6, 0),
	(5021, 2893, 10, 10, 1, 0),
	(5022, 2893, 9, 9, 2, 0),
	(5023, 2893, 8, 2, 3, 0),
	(5027, 2893, 12, 1, 7, 0),
	(5028, 3017, 10, 10, 1, 0),
	(5029, 3017, 9, 9, 2, 0),
	(5030, 3017, 8, 5, 3, 0),
	(5036, 2993, 10, 9, 1, 0),
	(5037, 2993, 9, 5, 2, 0),
	(5038, 2993, 8, 5, 3, 0),
	(5042, 2993, 12, 1, 7, 0),
	(5043, 3009, 10, 9, 1, 0),
	(5044, 3009, 9, 9, 2, 0),
	(5045, 3009, 8, 3, 3, 0),
	(5050, 11, 10, 9, 1, 0),
	(5051, 11, 9, 9, 2, 0),
	(5052, 11, 8, 5, 3, 0),
	(5071, 3005, 10, 10, 1, 0),
	(5072, 3005, 9, 9, 2, 0),
	(5073, 3005, 8, 5, 3, 0),
	(5077, 3005, 12, 1, 7, 0),
	(5078, 2829, 10, 9, 1, 0),
	(5079, 2829, 9, 6, 2, 0),
	(5080, 2829, 8, 5, 3, 0),
	(5084, 2829, 12, 1, 7, 0),
	(5085, 14, 12, 1, 4, 0),
	(5093, 2781, 10, 7, 1, 0),
	(5094, 2781, 9, 7, 2, 0),
	(5095, 2781, 8, 5, 3, 0),
	(5099, 2497, 12, 1, 8, 0),
	(5100, 2817, 10, 10, 1, 0),
	(5101, 2817, 9, 10, 2, 0),
	(5102, 2817, 8, 5, 3, 0),
	(5106, 2817, 12, 1, 4, 0),
	(5114, 2865, 10, 10, 1, 0),
	(5115, 2865, 9, 8, 2, 0),
	(5116, 2865, 8, 5, 3, 0),
	(5120, 2865, 12, 1, 7, 0),
	(5121, 2889, 10, 10, 1, 0),
	(5122, 2889, 9, 9, 2, 0),
	(5123, 2889, 8, 4, 3, 0),
	(5127, 2889, 12, 1, 7, 0),
	(5128, 2809, 10, 10, 1, 0),
	(5129, 2809, 9, 8, 2, 0),
	(5130, 2809, 8, 5, 3, 0),
	(5134, 2809, 12, 1, 7, 0),
	(5135, 2825, 10, 10, 1, 0),
	(5136, 2825, 9, 10, 2, 0),
	(5137, 2825, 8, 5, 3, 0),
	(5141, 2825, 12, 1, 7, 0),
	(5142, 2925, 10, 10, 1, 0),
	(5143, 2925, 9, 10, 2, 0),
	(5144, 2925, 8, 5, 3, 0),
	(5148, 2925, 12, 1, 7, 0),
	(5149, 2877, 10, 10, 1, 0),
	(5150, 2877, 9, 10, 2, 0),
	(5151, 2877, 8, 5, 3, 0),
	(5155, 2877, 12, 1, 7, 0),
	(5156, 2917, 10, 10, 1, 0),
	(5157, 2917, 9, 9, 2, 0),
	(5158, 2917, 8, 5, 3, 0),
	(5162, 2917, 12, 1, 7, 0),
	(5163, 2913, 10, 10, 1, 0),
	(5164, 2913, 9, 9, 2, 0),
	(5165, 2913, 8, 4, 3, 0),
	(5169, 2913, 12, 1, 7, 0),
	(5177, 2797, 10, 10, 1, 0),
	(5178, 2797, 9, 9, 2, 0),
	(5179, 2797, 8, 5, 3, 0),
	(5183, 2797, 12, 1, 7, 0),
	(5184, 2929, 10, 10, 1, 0),
	(5185, 2929, 9, 10, 2, 0),
	(5186, 2929, 8, 5, 3, 0),
	(5190, 2929, 12, 1, 7, 0),
	(5191, 2905, 10, 10, 1, 0),
	(5192, 2905, 9, 9, 2, 0),
	(5193, 2905, 8, 5, 9, 0),
	(5197, 2905, 12, 1, 7, 0),
	(5199, 2949, 10, 10, 1, 0),
	(5200, 2949, 9, 10, 2, 0),
	(5201, 2949, 8, 4, 3, 0),
	(5205, 2949, 12, 1, 7, 0),
	(5206, 2909, 10, 10, 4, 0),
	(5207, 2909, 9, 10, 6, 0),
	(5208, 2909, 8, 5, 3, 0),
	(5212, 2909, 12, 1, 7, 0),
	(5213, 2885, 10, 10, 1, 0),
	(5214, 2885, 9, 10, 2, 0),
	(5215, 2885, 8, 5, 3, 0),
	(5219, 2885, 12, 1, 7, 0),
	(5223, 2936, 58, 1, 3, 0),
	(5227, 2977, 10, 10, 1, 0),
	(5228, 2977, 9, 10, 2, 0),
	(5229, 2977, 8, 5, 3, 0),
	(5233, 2977, 12, 1, 7, 0),
	(5237, 2936, 58, 1, 4, 0),
	(5244, 2936, 58, 1, 2, 0),
	(5251, 2936, 58, 1, 1, 0),
	(5258, 2936, 58, 1, 5, 0),
	(5262, 2933, 10, 10, 1, 0),
	(5263, 2933, 9, 10, 2, 0),
	(5264, 2933, 8, 5, 9, 0),
	(5283, 2985, 10, 10, 1, 0),
	(5284, 2985, 9, 10, 2, 0),
	(5285, 2985, 8, 5, 3, 0),
	(5289, 2985, 12, 1, 7, 0),
	(5297, 2833, 10, 10, 1, 0),
	(5298, 2833, 9, 9, 2, 0),
	(5299, 2833, 8, 4, 3, 0),
	(5302, 2833, 117, 25, 6, 0),
	(5303, 2833, 12, 1, 7, 0),
	(5325, 3001, 10, 10, 1, 0),
	(5326, 3001, 9, 10, 2, 0),
	(5327, 3001, 8, 5, 3, 0),
	(5331, 3001, 12, 1, 7, 0),
	(5332, 2989, 10, 9, 1, 0),
	(5333, 2989, 9, 9, 2, 0),
	(5334, 2989, 8, 5, 3, 0),
	(5338, 2989, 12, 1, 7, 0),
	(5341, 2921, 101, 1, 5, 0),
	(5342, 2789, 10, 9, 1, 0),
	(5343, 2789, 9, 9, 2, 0),
	(5344, 2789, 8, 5, 3, 0),
	(5347, 2789, 117, 25, 6, 0),
	(5348, 2789, 12, 1, 7, 0),
	(5352, 2953, 10, 10, 1, 0),
	(5353, 2953, 9, 9, 2, 0),
	(5354, 2953, 8, 5, 3, 0),
	(5358, 2953, 12, 1, 7, 0),
	(5359, 2845, 10, 10, 1, 0),
	(5360, 2845, 9, 10, 2, 0),
	(5361, 2845, 8, 5, 3, 0),
	(5364, 2848, 117, 25, 1, 0),
	(5365, 2848, 12, 1, 3, 0),
	(5387, 2997, 10, 9, 1, 0),
	(5388, 2997, 9, 10, 2, 0),
	(5389, 2997, 8, 5, 3, 0),
	(5390, 2997, 58, 1, 4, 0),
	(5391, 2997, 117, 25, 5, 0),
	(5392, 2997, 117, 25, 6, 0),
	(5393, 2997, 12, 1, 7, 0),
	(5394, 3013, 10, 10, 1, 0),
	(5395, 3013, 9, 10, 2, 0),
	(5396, 3013, 8, 5, 3, 0),
	(5397, 3013, 58, 1, 4, 0),
	(5398, 3013, 117, 25, 5, 0),
	(5399, 3013, 117, 25, 6, 0),
	(5400, 3013, 12, 1, 7, 0),
	(5427, 2247, 305, 1, 12, 0),
	(5428, 2247, 307, 1, 4, 0),
	(5429, 2247, 30, 1, 10, 0),
	(5430, 2247, 173, 10, 1, 0),
	(5431, 2247, 173, 10, 9, 0),
	(5432, 2247, 174, 5, 3, 0),
	(5433, 2247, 174, 5, 11, 0),
	(5434, 2344, 10, 7, 1, 0),
	(5435, 2344, 9, 8, 2, 0),
	(5436, 2344, 8, 5, 3, 0),
	(5437, 2344, 58, 1, 4, 0),
	(5438, 2344, 117, 25, 5, 0),
	(5439, 2344, 117, 25, 6, 0),
	(5440, 2344, 12, 1, 7, 0),
	(5448, 86, 10, 10, 1, 0),
	(5449, 86, 9, 9, 2, 0),
	(5450, 86, 8, 5, 3, 0),
	(5454, 86, 12, 1, 7, 0),
	(5504, 17, 173, 8, 1, 0),
	(5521, 811, 12, 1, 1, 0),
	(5531, 2419, 10, 8, 1, 0),
	(5532, 2419, 9, 6, 2, 0),
	(5533, 2419, 8, 5, 3, 0),
	(5536, 2419, 117, 18, 6, 0),
	(5537, 2419, 12, 1, 7, 0),
	(5554, 2391, 286, 1, 1, 0),
	(5571, 2897, 10, 10, 1, 0),
	(5572, 2897, 9, 10, 2, 0),
	(5573, 2897, 8, 5, 3, 0),
	(5577, 2897, 12, 1, 7, 0),
	(5578, 2375, 10, 10, 1, 0),
	(5579, 2375, 9, 10, 2, 0),
	(5580, 2375, 8, 5, 3, 0),
	(5585, 2376, 2, 10, 1, 0),
	(5586, 2368, 357, 4, 6, 0),
	(5587, 2368, 337, 1, 8, 0),
	(5588, 2368, 354, 1, 9, 0),
	(5590, 2897, 365, 6, 9, 0),
	(5602, 92, 4, 12, 4, 0),
	(5604, 2251, 374, 1, 4, 0),
	(5635, 2254, 67, 1, 2, 0),
	(5639, 2419, 286, 1, 4, 0),
	(5641, 2419, 364, 53, 13, 0),
	(5643, 2419, 366, 1, 5, 0),
	(5657, 2247, 320, 10, 2, 0),
	(5658, 2247, 320, 1, 5, 0),
	(5659, 2415, 2, 9, 4, 0),
	(5660, 11, 107, 14, 4, 0);

-- Dumping structure for table pgrp.server_inventory_item_attribute
CREATE TABLE IF NOT EXISTS `server_inventory_item_attribute` (
  `id` int NOT NULL AUTO_INCREMENT,
  `inventory_item_id` int NOT NULL DEFAULT '0',
  `value` int NOT NULL DEFAULT '0',
  PRIMARY KEY (`id`)
) ENGINE=InnoDB AUTO_INCREMENT=20 DEFAULT CHARSET=armscii8 COLLATE=armscii8_bin;

-- Dumping data for table pgrp.server_inventory_item_attribute: ~19 rows (approximately)
INSERT INTO `server_inventory_item_attribute` (`id`, `inventory_item_id`, `value`) VALUES
	(1, 1079, 95),
	(2, 1080, 95),
	(3, 1082, 95),
	(4, 1083, 13),
	(5, 1084, 13),
	(6, 1093, 86),
	(7, 1094, 92),
	(8, 1498, 98),
	(9, 1533, 34),
	(10, 1547, 90),
	(11, 1559, 78),
	(12, 1560, 78),
	(13, 1715, 99),
	(14, 3024, 99),
	(15, 3113, 72),
	(16, 4156, 92),
	(17, 4500, 68),
	(18, 5422, 92),
	(19, 5638, 60);

-- Dumping structure for table pgrp.server_items
CREATE TABLE IF NOT EXISTS `server_items` (
  `id` int NOT NULL AUTO_INCREMENT,
  `name` varchar(255) CHARACTER SET armscii8 COLLATE armscii8_bin DEFAULT NULL,
  `icon` varchar(255) CHARACTER SET armscii8 COLLATE armscii8_bin DEFAULT 'none',
  `stack_size` int DEFAULT NULL,
  `weight` float DEFAULT NULL,
  PRIMARY KEY (`id`)
) ENGINE=InnoDB AUTO_INCREMENT=376 DEFAULT CHARSET=armscii8 COLLATE=armscii8_bin;

-- Dumping data for table pgrp.server_items: ~350 rows (approximately)
INSERT INTO `server_items` (`id`, `name`, `icon`, `stack_size`, `weight`) VALUES
	(1, 'Advancedrifle', 'advancedrifle', 1, 7),
	(2, 'Batterien', 'battery', 160, 1),
	(3, 'Kokain Kiste', 'box', 2, 10),
	(4, 'Kokain Blaetter', 'coke_leaves', 100, 0.01),
	(5, 'Karton', 'karton', 6, 0.1),
	(6, 'Gangwar Schutzweste', 'gw_vest', 1000, 0),
	(7, 'Gangwar Verbandskasten', 'gw_medikit', 1000, 0),
	(8, 'Reperaturkasten', 'repkit', 5, 1),
	(9, 'Schutzweste', 'vest', 10, 2),
	(10, 'Verbandskasten', 'medikit', 10, 0.2),
	(11, 'Advancedrifle Munition', 'rifle_ammo', 25, 0.1),
	(12, 'Smartphone', 'phone', 1, 1),
	(13, 'Laptop', 'laptop', 1, 3),
	(14, 'Rucksack', 'backpack', 1, 0),
	(24, 'Advancedrifle Schalldaempfer', 'none', 1, 1),
	(25, 'Schweissgeraet', 'welding', 1, 3),
	(26, 'Gangwar Reperaturkasten', 'gw_repkit', 100, 0),
	(27, 'Fahrzeug Schloss', 'padlock', 1, 5),
	(28, 'Lagerkiste', 'crate', 1, 10),
	(29, 'Seil', 'rope', 3, 0.5),
	(30, 'Handschellen', 'handcuffs', 3, 0.5),
	(31, 'Haus Schloss', 'padlock', 1, 5),
	(32, 'Lagerhalle Schloss', 'padlock', 1, 5),
	(33, 'Baseball Schlaeger', 'none', 1, 5),
	(34, 'Kampfaxt', 'none', 1, 5),
	(35, 'Flasche', 'none', 1, 5),
	(36, 'Brecheisen', 'none', 1, 5),
	(37, 'Taschenlampe', 'none', 1, 5),
	(38, 'Golf Schlaeger', 'none', 1, 5),
	(39, 'Hammer', 'none', 1, 5),
	(40, 'Axt', 'none', 1, 5),
	(41, 'Messer', 'none', 1, 5),
	(42, 'Schlagring', 'none', 1, 5),
	(43, 'Machete', 'none', 1, 5),
	(44, 'Dienst Schlagstock', 'none', 1, 5),
	(45, 'Rohrzange', 'none', 1, 5),
	(46, 'Billard Queue', 'none', 1, 5),
	(47, 'Steinaxt', 'none', 1, 5),
	(48, 'Klappmesser', 'none', 1, 5),
	(49, 'Assaultrifle', 'assaultrifle', 1, 7),
	(50, 'Assaultrifle MKII', 'none', 1, 7),
	(51, 'Bullpuprifle', 'bullpuprifle', 1, 7),
	(52, 'Bullpuprifle MKII', 'none', 1, 7),
	(53, 'Carbinerifle', 'carbinerifle', 1, 7),
	(54, 'Carbinerifle MKII', 'none', 1, 7),
	(55, 'Compactrifle', 'none', 1, 7),
	(56, 'Heavyrifle', 'heavyrifle', 1, 7),
	(57, 'Militaryrifle', 'militaryrifle', 1, 7),
	(58, 'Specialcarbine', 'specialcarbine', 1, 7),
	(59, 'Specialcarbine MKII', 'none', 1, 7),
	(60, 'Tacticalrifle', 'tacticalrifle', 1, 7),
	(61, 'AP Pistol', 'none', 1, 4),
	(62, 'Combat Pistol', 'none', 1, 4),
	(63, 'Flaregun', 'none', 1, 4),
	(64, 'Marksman Pistol', 'none', 1, 4),
	(65, 'Pistol', 'none', 1, 4),
	(66, 'Pistol50', 'none', 1, 4),
	(67, 'Pistol MKII', 'pistol_mkii', 1, 4),
	(68, 'Revolver', 'none', 1, 4),
	(69, 'Revolver MKII', 'none', 1, 4),
	(70, 'SNS Pistol', 'none', 1, 4),
	(71, 'SNS Pistol MKII', 'none', 1, 4),
	(72, 'Taser', 'none', 1, 4),
	(73, 'Vintage Pistol', 'none', 1, 4),
	(74, 'Heavy Pistol', 'none', 1, 4),
	(75, 'MG', 'none', 1, 10),
	(76, 'Combat MG', 'none', 1, 10),
	(77, 'Combat MG MKII', 'none', 1, 10),
	(78, 'SMG', 'none', 1, 6),
	(79, 'SMG MKII', 'none', 1, 6),
	(80, 'Assault SMG', 'none', 1, 6),
	(81, 'Combat PDW', 'none', 1, 6),
	(82, 'Gusenberg', 'none', 1, 6),
	(83, 'Machine Pistol', 'none', 1, 6),
	(84, 'Mini SMG', 'none', 1, 6),
	(85, 'Micro SMG', 'none', 1, 6),
	(86, 'Sniper', 'none', 1, 10),
	(87, 'Heavysniper', 'none', 1, 10),
	(88, 'Heavysniper MKII', 'none', 1, 10),
	(89, 'Marksmanrifle', 'none', 1, 10),
	(90, 'Marksmanrifle MKII', 'none', 1, 10),
	(91, 'Combat MG Munition', 'none', 25, 0.1),
	(92, 'Combat MG MKII Munition', 'none', 25, 0.1),
	(93, 'MG Munition', 'none', 25, 0.1),
	(94, 'AP Pistol Munition', 'pistol_ammo', 25, 0.1),
	(95, 'Combat Pistol Munition', 'pistol_ammo', 25, 0.1),
	(96, 'Flaregun Munition', 'pistol_ammo', 25, 0.1),
	(97, 'Heavy Pistol Munition', 'pistol_ammo', 25, 0.1),
	(98, 'Marksman Pistol Munition', 'pistol_ammo', 25, 0.1),
	(99, 'Pistol Munition', 'pistol_ammo', 25, 0.1),
	(100, 'Pistol50 Munition', 'pistol_ammo', 25, 0.1),
	(101, 'Pistol MKII Munition', 'pistol_ammo', 25, 0.1),
	(102, 'Revolver Munition', 'pistol_ammo', 25, 0.1),
	(103, 'Revolver MKII Munition', 'pistol_ammo', 25, 0.1),
	(104, 'SNS Pistol Munition', 'pistol_ammo', 25, 0.1),
	(105, 'SNS Pistol MKII Munition', 'pistol_ammo', 25, 0.1),
	(106, 'Vintage Pistol Munition', 'pistol_ammo', 25, 0.1),
	(107, 'Advancedrifle Munition', 'rifle_ammo', 25, 0.1),
	(108, 'Assaultrifle Munition', 'rifle_ammo', 25, 0.1),
	(109, 'Assaultrifle MKII Munition', 'rifle_ammo', 25, 0.1),
	(110, 'Bullpuprifle Munition', 'rifle_ammo', 25, 0.1),
	(111, 'Bullpuprifle MKII Munition', 'rifle_ammo', 25, 0.1),
	(112, 'Carbinerifle Munition', 'rifle_ammo', 25, 0.1),
	(113, 'Carbinerifle MKII Munition', 'rifle_ammo', 25, 0.1),
	(114, 'Compactrifle Munition', 'rifle_ammo', 25, 0.1),
	(115, 'Heavyrifle Munition', 'rifle_ammo', 25, 0.1),
	(116, 'Militaryrifle Munition', 'rifle_ammo', 25, 0.1),
	(117, 'Specialcarbine Munition', 'rifle_ammo', 25, 0.1),
	(118, 'Specialcarbine MKII Munition', 'rifle_ammo', 25, 0.1),
	(119, 'Tacticalrifle Munition', 'rifle_ammo', 25, 0.1),
	(120, 'Assault SMG Munition', 'none', 25, 0.1),
	(121, 'Combat PDW Munition', 'none', 25, 0.1),
	(122, 'Gusenberg Munition', 'rifle_ammo', 25, 0.1),
	(123, 'Machine Pistol Munition', 'none', 25, 0.1),
	(124, 'Micro SMG Munition', 'none', 25, 0.1),
	(125, 'Mini SMG Munition', 'none', 25, 0.1),
	(126, 'SMG Munition', 'none', 25, 0.1),
	(127, 'SMG MKII Munition', 'none', 25, 0.1),
	(128, 'Heavysniper Munition', 'none', 25, 0.1),
	(129, 'Heavysniper MKII Munition', 'none', 25, 0.1),
	(130, 'Marksmanrifle Munition', 'none', 25, 0.1),
	(131, 'Marksmanrifle MKII Munition', 'none', 25, 0.1),
	(132, 'Sniper Munition', 'none', 25, 0.1),
	(133, 'Pumpgun', 'none', 1, 7),
	(134, 'Pumpgun Munition', 'none', 25, 0.1),
	(135, 'Pumpgun MKII', 'none', 1, 7),
	(136, 'Pumpgun MKII Munition', 'none', 25, 0.1),
	(137, 'Abgesaegte Schrotflinte Munition', 'none', 25, 0.1),
	(138, 'Abgesaegte Schrotflinte', 'none', 1, 7),
	(139, 'Assault Shotgun', 'none', 1, 7),
	(140, 'Assault Shotgun Munition', 'none', 25, 0.1),
	(141, 'Bullpup Shotgun', 'none', 1, 7),
	(142, 'Bullpup Shotgun Munition', 'none', 25, 0.1),
	(143, 'Heavy Shotgun', 'none', 1, 7),
	(144, 'Heavy Shotgun Munition', 'none', 25, 0.1),
	(145, 'Sweeper Shotgun', 'none', 1, 7),
	(146, 'Sweeper Shotgun Munition', 'none', 25, 0.1),
	(147, 'FIB Schutzweste Eng Schwarz', 'fib_vest_black', 10, 2),
	(148, 'FIB Schutzweste Breit Schwarz', 'fib_vest_black', 10, 2),
	(149, 'FIB Schutzweste Eng Blau', 'fib_vest_blue', 10, 2),
	(150, 'FIB Schutzweste Breit Blau', 'fib_vest_blue', 10, 2),
	(151, 'FIB Schutzweste Eng Training and Education Schwarz', 'fib_vest_black', 10, 2),
	(152, 'FIB Schutzweste Eng Training and Education Blau', 'fib_vest_blue', 10, 2),
	(153, 'FIB Schutzweste Breit Training and Education Schwarz', 'fib_vest_black', 10, 2),
	(154, 'FIB Schutzweste Breit Training and Education Blau', 'fib_vest_blue', 10, 2),
	(155, 'FIB Schutzweste Eng Special Operations Schwarz', 'fib_vest_black', 10, 2),
	(156, 'FIB Schutzweste Eng Special Operations Blau', 'fib_vest_blue', 10, 2),
	(157, 'FIB Schutzweste Breit Special Operations Schwarz', 'fib_vest_black', 10, 2),
	(158, 'FIB Schutzweste Breit Special Operations Blau', 'fib_vest_blue', 10, 2),
	(159, 'FIB Schutzweste Eng Corruption Schwarz', 'fib_vest_black', 10, 2),
	(160, 'FIB Schutzweste Eng Corruption Blau', 'fib_vest_blue', 10, 2),
	(161, 'FIB Schutzweste Breit Corruption Schwarz', 'fib_vest_black', 10, 2),
	(162, 'FIB Schutzweste Breit Corruption Blau', 'fib_vest_blue', 10, 2),
	(163, 'Gewoehnliche Schutzweste', 'vest', 10, 2),
	(164, 'FIB Underarmor', 'fib_vest_black', 10, 1),
	(165, 'FIB Schutzweste Eng Direction Schwarz', 'fib_vest_black', 10, 2),
	(166, 'FIB Schutzweste Eng Direction Blau', 'fib_vest_blue', 10, 2),
	(167, 'FIB Schutzweste Breit Direction Schwarz', 'fib_vest_black', 10, 2),
	(168, 'FIB Schutzweste Breit Direction Blau', 'fib_vest_blue', 10, 2),
	(169, 'FIB Schutzweste Eng DCI Schwarz', 'fib_vest_black', 10, 2),
	(170, 'FIB Schutzweste Eng DCI Blau', 'fib_vest_blue', 10, 2),
	(171, 'FIB Schutzweste Breit DCI Schwarz', 'fib_vest_black', 10, 2),
	(172, 'FIB Schutzweste Breit DCI Blau', 'fib_vest_blue', 10, 2),
	(173, 'Beamten Verbandskasten', 'federal_medikit', 10, 1),
	(174, 'Beamten Reperaturkasten', 'federal_repkit', 5, 1),
	(175, 'Dienst Assaultrifle', 'none', 1, 7),
	(176, 'Dienst Assaultrifle MKII', 'none', 1, 7),
	(177, 'Dienst Bullpuprifle', 'bullpuprifle', 1, 7),
	(178, 'Dienst Bullpuprifle MKII', 'none', 1, 7),
	(179, 'Dienst Carbinerifle', 'carbinerifle', 1, 7),
	(180, 'Dienst Carbinerifle MKII', 'none', 1, 7),
	(181, 'Dienst Compactrifle', 'none', 1, 7),
	(182, 'Dienst Heavyrifle', 'heavyrifle', 1, 7),
	(183, 'Dienst Militaryrifle', 'militaryrifle', 1, 7),
	(184, 'Dienst Specialcarbine', 'specialcarbine', 1, 7),
	(185, 'Dienst Specialcarbine MKII', 'specialcarbine_mkii', 1, 7),
	(186, 'Dienst Tacticalrifle', 'tacticalrifle', 1, 7),
	(187, 'Dienst AP Pistol', 'none', 1, 4),
	(188, 'Dienst Combat Pistol', 'none', 1, 4),
	(189, 'Dienst Flaregun', 'none', 1, 4),
	(190, 'Dienst Marksman Pistol', 'none', 1, 4),
	(191, 'Dienst Pistol', 'none', 1, 4),
	(192, 'Dienst Pistol50', 'none', 1, 4),
	(193, 'Dienst Pistol MKII', 'pistol_mkii', 1, 4),
	(194, 'Dienst Revolver', 'none', 1, 4),
	(195, 'Dienst Revolver MKII', 'none', 1, 4),
	(196, 'Dienst SNS Pistol', 'none', 1, 4),
	(197, 'Dienst SNS Pistol MKII', 'none', 1, 4),
	(198, 'Dienst Taser', 'none', 1, 4),
	(199, 'Dienst Vintage Pistol', 'none', 1, 4),
	(200, 'Dienst Heavy Pistol', 'none', 1, 4),
	(201, 'Dienst MG', 'none', 1, 10),
	(202, 'Dienst Combat MG', 'none', 1, 10),
	(203, 'Dienst Combat MG MKII', 'none', 1, 10),
	(204, 'Dienst SMG', 'none', 1, 6),
	(205, 'Dienst SMG MKII', 'none', 1, 6),
	(206, 'Dienst Assault SMG', 'none', 1, 6),
	(207, 'Dienst Combat PDW', 'none', 1, 6),
	(208, 'Dienst Gusenberg', 'rifle_ammo', 1, 6),
	(209, 'Dienst Machine Pistol', 'none', 1, 6),
	(210, 'Dienst Mini SMG', 'none', 1, 6),
	(211, 'Dienst Micro SMG', 'none', 1, 6),
	(212, 'Dienst Sniper', 'none', 1, 10),
	(213, 'Dienst Heavysniper', 'none', 1, 10),
	(214, 'Dienst Heavysniper MKII', 'none', 1, 10),
	(215, 'Dienst Marksmanrifle', 'none', 1, 10),
	(216, 'Dienst Marksmanrifle MKII', 'none', 1, 10),
	(217, 'Dienst Combat MG Munition', 'none', 25, 0.1),
	(218, 'Dienst Combat MG MKII Munition', 'none', 25, 0.1),
	(219, 'Dienst MG Munition', 'none', 25, 0.1),
	(220, 'Dienst AP Pistol Munition', 'pistol_ammo', 25, 0.1),
	(221, 'Dienst Combat Pistol Munition', 'pistol_ammo', 25, 0.1),
	(222, 'Dienst Flaregun Munition', 'pistol_ammo', 25, 0.1),
	(223, 'Dienst Heavy Pistol Munition', 'pistol_ammo', 25, 0.1),
	(224, 'Dienst Marksman Pistol Munition', 'pistol_ammo', 25, 0.1),
	(225, 'Dienst Pistol Munition', 'pistol_ammo', 25, 0.1),
	(226, 'Dienst Pistol50 Munition', 'pistol_ammo', 25, 0.1),
	(227, 'Dienst Pistol MKII Munition', 'pistol_ammo', 25, 0.1),
	(228, 'Dienst Revolver Munition', 'pistol_ammo', 25, 0.1),
	(229, 'Dienst Revolver MKII Munition', 'pistol_ammo', 25, 0.1),
	(230, 'Dienst SNS Pistol Munition', 'pistol_ammo', 25, 0.1),
	(231, 'Dienst SNS Pistol MKII Munition', 'pistol_ammo', 25, 0.1),
	(232, 'Dienst Vintage Pistol Munition', 'pistol_ammo', 25, 0.1),
	(233, 'Dienst Advancedrifle Munition', 'rifle_ammo', 25, 0.1),
	(234, 'Dienst Assaultrifle Munition', 'rifle_ammo', 25, 0.1),
	(235, 'Dienst Assaultrifle MKII Munition', 'rifle_ammo', 25, 0.1),
	(236, 'Dienst Bullpuprifle Munition', 'rifle_ammo', 25, 0.1),
	(237, 'Dienst Bullpuprifle MKII Munition', 'rifle_ammo', 25, 0.1),
	(238, 'Dienst Carbinerifle Munition', 'rifle_ammo', 25, 0.1),
	(239, 'Dienst Carbinerifle MKII Munition', 'rifle_ammo', 25, 0.1),
	(240, 'Dienst Compactrifle Munition', 'rifle_ammo', 25, 0.1),
	(241, 'Dienst Heavyrifle Munition', 'rifle_ammo', 25, 0.1),
	(242, 'Dienst Militaryrifle Munition', 'rifle_ammo', 25, 0.1),
	(243, 'Dienst Specialcarbine Munition', 'rifle_ammo', 25, 0.1),
	(244, 'Dienst Specialcarbine MKII Munition', 'rifle_ammo', 25, 0.1),
	(245, 'Dienst Tacticalrifle Munition', 'rifle_ammo', 25, 0.1),
	(246, 'Dienst Assault SMG Munition', 'smg_ammo', 25, 0.1),
	(247, 'Dienst Combat PDW Munition', 'smg_ammo', 25, 0.1),
	(248, 'Dienst Gusenberg Munition', 'rifle_ammo', 25, 0.1),
	(249, 'Dienst Machine Pistol Munition', 'smg_ammo', 25, 0.1),
	(250, 'Dienst Micro SMG Munition', 'smg_ammo', 25, 0.1),
	(251, 'Dienst Mini SMG Munition', 'smg_ammo', 25, 0.1),
	(252, 'Dienst SMG Munition', 'smg_ammo', 25, 0.1),
	(253, 'Dienst SMG MKII Munition', 'smg_ammo', 25, 0.1),
	(254, 'Dienst Heavysniper Munition', 'none', 25, 0.1),
	(255, 'Dienst Heavysniper MKII Munition', 'none', 25, 0.1),
	(256, 'Dienst Marksmanrifle Munition', 'none', 25, 0.1),
	(257, 'Dienst Marksmanrifle MKII Munition', 'none', 25, 0.1),
	(258, 'Dienst Sniper Munition', 'none', 25, 0.1),
	(259, 'Dienst Pumpgun', 'none', 1, 7),
	(260, 'Dienst Pumpgun Munition', 'none', 25, 0.1),
	(261, 'Dienst Pumpgun MKII', 'none', 1, 7),
	(262, 'Dienst Pumpgun MKII Munition', 'none', 25, 0.1),
	(263, 'Dienst Abgesaegte Schrotflinte Munition', 'none', 25, 0.1),
	(264, 'Dienst Abgesaegte Schrotflinte', 'none', 1, 7),
	(265, 'Dienst Assault Shotgun', 'none', 1, 7),
	(266, 'Dienst Assault Shotgun Munition', 'none', 25, 0.1),
	(267, 'Dienst Bullpup Shotgun', 'none', 1, 7),
	(268, 'Dienst Bullpup Shotgun Munition', 'none', 25, 0.1),
	(269, 'Dienst Heavy Shotgun', 'none', 1, 7),
	(270, 'Dienst Heavy Shotgun Munition', 'none', 25, 0.1),
	(271, 'Dienst Sweeper Shotgun', 'none', 1, 7),
	(272, 'Dienst Sweeper Shotgun Munition', 'none', 25, 0.1),
	(273, 'Dienst Advancedrifle', 'none', 1, 7),
	(274, 'Weed Blaetter', 'weed', 100, 0.01),
	(275, 'Weed Knospen', 'weed_bud', 60, 0.2),
	(276, 'Weed Kiste', 'box', 2, 10),
	(277, 'Kokain', 'coke', 60, 0.2),
	(278, 'Hacking Kit', 'hacking', 1, 3),
	(279, 'Goldbarren', 'gold', 3, 5),
	(280, 'Juwelen', 'diamond', 5, 0.5),
	(281, 'FIB Schutzweste Eng Federal Agent Schwarz', 'fib_vest_black', 10, 2),
	(282, 'FIB Schutzweste Breit Federal Agent Schwarz', 'fib_vest_black', 10, 2),
	(283, 'FIB Schutzweste Eng Federal Agent Blau', 'fib_vest_blue', 10, 2),
	(284, 'FIB Schutzweste Breit Federal Agent Blau', 'fib_vest_blue', 10, 2),
	(285, 'Schutzweste Fullplate', 'vest_fullplate', 5, 4),
	(286, 'Spitzhacke', 'pickaxe', 1, 2),
	(287, 'Stein', 'stone', 200, 0.05),
	(288, 'Rammbock', 'siege', 1, 5),
	(289, 'Kevlar', 'kevlar', 20, 2),
	(290, 'Aspirin', 'aspirin', 8, 0.1),
	(291, 'Ibuprofen', 'ibuprofen', 8, 0.1),
	(292, 'Insulintabletten', 'insulintabletten', 8, 0.1),
	(293, 'Pantozol', 'pantozol', 8, 0.1),
	(294, 'Paracetamol', 'parcetamol', 8, 0.1),
	(295, 'Penicilin', 'penicilin', 8, 0.1),
	(296, 'Ramipril', 'ramipril', 8, 0.1),
	(297, 'Tavor', 'tavor', 8, 0.1),
	(298, 'Tilidin', 'tilidin', 8, 0.1),
	(299, 'Traubenzucker', 'traubenzucker', 8, 0.1),
	(300, 'Kleidersack', 'bag', 1, 0),
	(302, 'Leuchtfackel', 'none', 3, 0.2),
	(303, 'FIB Einsatzkleidung (Maennlich)', 'hoodie', 1, 1),
	(304, 'FIB Einsatzkleidung (Weiblich)', 'hoodie', 1, 1),
	(305, 'LSPD Einsatzkleidung Weiss (Maennlich)', 'hoodie', 1, 1),
	(306, 'LSPD Einsatzkleidung Weiss (Weiblich)', 'hoodie', 1, 1),
	(307, 'LSPD Einsatzkleidung Schwarz (Maennlich)', 'hoodie', 1, 1),
	(308, 'LSPD Einsatzkleidung Schwarz (Weiblich)', 'hoodie', 1, 1),
	(309, 'LSPD Schutzweste Eng', 'vest_pd', 10, 2),
	(310, 'LSPD Schutzweste Breit', 'vest_pd', 10, 2),
	(311, 'LSPD Schutzweste Dienstaufsicht Eng', 'vest_pd', 10, 2),
	(312, 'LSPD Schutzweste Dienstaufsicht Breit', 'vest_pd', 10, 2),
	(313, 'LSPD Schutzweste Training Eng', 'vest_pd', 10, 2),
	(314, 'LSPD Schutzweste Training Breit', 'vest_pd', 10, 2),
	(315, 'SWAT Schutzweste Eng', 'vest_pd', 10, 2),
	(316, 'SWAT Schutzweste Breit', 'vest_pd', 10, 2),
	(317, 'SWAT Einsatzkleidung (Maennlich)', 'hoodie', 1, 2),
	(318, 'SWAT Einsatzkleidung (Weiblich)', 'hoodie', 1, 2),
	(319, 'LSPD Schutzweste Chief Eng', 'vest_pd', 10, 2),
	(320, 'LSPD Schutzweste Chief Breit', 'vest_pd', 10, 2),
	(321, 'Notizblock', 'notebook', 4, 0.1),
	(336, 'Sprunk', 'sprite', 4, 0.5),
	(337, 'eCola', 'cola', 4, 0.5),
	(338, 'PsQs', 'choc', 5, 0.5),
	(339, 'Pisswasser Bier', 'beer', 4, 0.5),
	(340, 'Redwood Zigaretten', 'cigarettes', 5, 0.25),
	(341, 'Meteorite Schokoriegel', 'choc', 5, 0.5),
	(342, 'Ego Chaser Energyriegel', 'choc', 5, 0.5),
	(343, 'Chickenburger', 'burger', 5, 0.5),
	(344, 'Chicken Nuggets', 'nuggets', 4, 0.5),
	(345, 'Chicken Bucket', 'kfc', 5, 0.5),
	(346, 'Milchshake', 'shake', 4, 0.5),
	(347, 'Pommes', 'fries', 5, 0.25),
	(348, 'Saure Gurken', 'cucumber', 5, 0.25),
	(349, 'Hamburger', 'burger', 5, 0.5),
	(350, 'Cheeseburger', 'burger', 4, 0.5),
	(351, 'Double Cheeseburger', 'burger', 5, 0.5),
	(352, 'Chilli Cheese Burger', 'burger', 4, 0.5),
	(353, 'Chilli Cheese Nuggets', 'nuggets', 5, 0.25),
	(354, 'Wasser', 'water', 10, 0.5),
	(355, 'Butter Chicken', 'kfc', 5, 0.5),
	(356, 'Chana Masala', 'indian_food', 5, 0.5),
	(357, 'Samosas', 'samosa', 5, 0.5),
	(358, 'Pizza Magherita', 'pizza', 5, 0.5),
	(359, 'Spaghetti Bolognese', 'spaghetti', 4, 0.5),
	(360, 'Lasagne', 'lasagna', 5, 0.5),
	(361, 'Tiramisu', 'tiramisu', 4, 0.5),
	(362, 'Pizza Tonno', 'pizza', 5, 0.5),
	(363, 'Militaerische Waffenkiste', 'weapon_crate', 1, 5),
	(364, 'Eisenerz', 'iron_ore', 320, 0.1),
	(365, 'Aramidfasern', 'fibers', 100, 0.01),
	(366, 'Eisenbarren', 'ingot', 20, 1),
	(367, 'Waffenteil', 'gunparts', 5, 2),
	(368, 'Erdbeeren', 'strawberry', 100, 0.01),
	(369, 'Erdbeermarmelade', 'strawberry_juice', 60, 0.2),
	(371, 'Sichel', 'sickle', 1, 3),
	(372, 'Case (Legal)', 'case', 1, 1),
	(373, 'Kennzeichen', 'license_plate', 1, 2),
	(374, 'Rollstuhl', 'wheelchair', 1, 1),
	(375, 'Tabak', 'none', 1, 1);

-- Dumping structure for table pgrp.server_jumppoints
CREATE TABLE IF NOT EXISTS `server_jumppoints` (
  `id` int NOT NULL AUTO_INCREMENT,
  `name` varchar(255) CHARACTER SET armscii8 COLLATE armscii8_bin NOT NULL DEFAULT '',
  `outside_position_id` int NOT NULL,
  `outside_dimension` int NOT NULL,
  `inside_position_id` int NOT NULL,
  `inside_dimension` int NOT NULL,
  `owner_id` int NOT NULL,
  `key_holder_id` int NOT NULL,
  `owner_type` int NOT NULL,
  `locked` tinyint(1) NOT NULL,
  `last_crack` datetime DEFAULT NULL,
  `type` int NOT NULL,
  PRIMARY KEY (`id`)
) ENGINE=InnoDB AUTO_INCREMENT=69 DEFAULT CHARSET=armscii8 COLLATE=armscii8_bin;

-- Dumping data for table pgrp.server_jumppoints: ~37 rows (approximately)
INSERT INTO `server_jumppoints` (`id`, `name`, `outside_position_id`, `outside_dimension`, `inside_position_id`, `inside_dimension`, `owner_id`, `key_holder_id`, `owner_type`, `locked`, `last_crack`, `type`) VALUES
	(13, 'FIB Aufzug Oben', 441, 0, 442, 0, 2, 0, 1, 1, '2023-10-10 16:05:06', 3),
	(14, 'FIB Aufzug Unten', 443, 0, 444, 0, 2, 0, 1, 1, '2023-10-10 16:06:19', 3),
	(15, 'FIB Dach 1', 445, 0, 446, 0, 2, 0, 1, 1, '2023-10-10 16:09:13', 3),
	(16, 'FIB Dach 2', 447, 0, 448, 0, 2, 0, 1, 1, '2023-10-10 16:10:00', 3),
	(18, 'Haus 1', 457, 0, 453, 1, 2, 7, 0, 1, '2022-10-11 22:16:57', 1),
	(23, 'Staatsbank Tresor', 492, 0, 493, 0, 0, 0, 0, 1, '2023-10-13 19:01:53', 5),
	(24, 'Haus 813', 1740, 0, 453, 813, 7, 14, 0, 1, '2022-10-15 00:00:00', 1),
	(26, 'Haus 902', 1831, 0, 449, 902, 6, 0, 0, 1, '2022-10-16 18:34:31', 1),
	(27, 'LSMD Unten', 2699, 0, 2700, 0, 3, 0, 1, 1, '2023-11-15 17:34:05', 6),
	(28, 'LSMD Dach', 2701, 0, 2702, 0, 3, 0, 1, 1, '2023-11-15 17:35:52', 6),
	(31, 'LSMD Rockford Aufzug', 3062, 0, 3061, 0, 3, 0, 1, 1, '2023-12-12 15:11:48', 6),
	(32, 'LSMD Rockford Aufzug', 3063, 0, 3064, 0, 3, 0, 1, 1, '2023-12-12 15:14:29', 6),
	(34, 'LSMD Rockford Garage', 3067, 0, 3070, 0, 3, 0, 1, 1, '2023-12-12 15:20:57', 6),
	(35, 'LSMD Rockford Dach', 3071, 0, 3066, 0, 3, 0, 1, 1, '2023-12-12 15:36:15', 6),
	(36, 'LSMD Rockford Dach', 3072, 0, 3066, 0, 3, 0, 1, 1, '2023-12-12 15:36:35', 6),
	(37, 'Haus 767', 1691, 0, 453, 767, 13, 0, 0, 1, '2022-12-19 19:22:56', 1),
	(38, 'Haus 777', 1701, 0, 452, 777, 32, 0, 0, 1, '2022-12-19 19:25:10', 1),
	(39, 'Haus 775', 1699, 0, 452, 775, 32, 0, 0, 1, '2022-12-19 19:26:22', 1),
	(40, 'Haus 769', 1693, 0, 453, 769, 13, 0, 0, 1, '2022-12-19 21:19:59', 1),
	(41, 'Haus 770', 1694, 0, 452, 770, 13, 0, 0, 1, '2022-12-19 21:20:54', 1),
	(45, 'Haus 133', 1052, 0, 453, 133, 30, 0, 0, 1, '2022-12-20 20:54:42', 1),
	(50, 'Haus 131', 1050, 0, 453, 131, 31, 0, 0, 1, '2022-12-23 22:58:41', 1),
	(52, 'LCN - Labor', 4281, 0, 32, 21, 6, 0, 1, 1, '2023-12-22 02:38:04', 2),
	(53, 'YKZ - Labor', 4319, 0, 32, 22, 7, 0, 1, 1, '2023-12-22 03:35:37', 2),
	(54, 'MG13 - Labor', 4340, 0, 31, 23, 8, 0, 1, 1, '2023-12-22 07:19:30', 2),
	(55, 'BG - Labor', 4399, 0, 32, 24, 9, 0, 1, 1, '2023-12-22 07:56:44', 2),
	(56, 'MNC - Labor', 4434, 0, 31, 25, 10, 0, 1, 1, '2023-12-22 08:04:52', 2),
	(57, 'TRD - Labor', 4478, 0, 32, 26, 11, 0, 1, 1, '2023-12-22 08:20:09', 2),
	(58, 'Lagerhalle 413', 4372, 0, 456, 413, 8, 0, 1, 1, '2022-12-26 23:28:05', 4),
	(59, 'Lagerhalle 411', 4317, 0, 456, 411, 6, 0, 1, 1, '2022-12-26 23:28:36', 4),
	(60, 'Lagerhalle 412', 4320, 0, 456, 412, 7, 0, 1, 1, '2022-12-26 23:28:58', 4),
	(61, 'Lagerhalle 414', 4437, 0, 456, 414, 9, 0, 1, 1, '2022-12-26 23:29:16', 4),
	(62, 'Lagerhalle 415', 4438, 0, 456, 415, 10, 0, 1, 1, '2022-12-26 23:29:32', 4),
	(63, 'Lagerhalle 416', 4510, 0, 456, 416, 11, 0, 1, 1, '2022-12-26 23:29:53', 4),
	(66, 'Haus 668', 1592, 0, 452, 668, 37, 0, 0, 1, '2022-12-28 04:25:46', 1),
	(67, 'Lagerhalle 312', 848, 0, 455, 312, 41, 0, 0, 1, '2022-12-29 23:02:41', 4),
	(68, 'Haus 1598', 2527, 0, 453, 1598, 41, 0, 0, 1, '2022-12-30 20:06:57', 1);

-- Dumping structure for table pgrp.server_lootdrops
CREATE TABLE IF NOT EXISTS `server_lootdrops` (
  `id` int NOT NULL AUTO_INCREMENT,
  `name` varchar(255) CHARACTER SET armscii8 COLLATE armscii8_bin DEFAULT NULL,
  `main_position_id` int DEFAULT NULL,
  `box1_position_id` int DEFAULT NULL,
  `box2_position_id` int DEFAULT NULL,
  `box3_position_id` int DEFAULT NULL,
  PRIMARY KEY (`id`)
) ENGINE=InnoDB AUTO_INCREMENT=28 DEFAULT CHARSET=armscii8 COLLATE=armscii8_bin;

-- Dumping data for table pgrp.server_lootdrops: ~0 rows (approximately)

-- Dumping structure for table pgrp.server_lootdrop_items
CREATE TABLE IF NOT EXISTS `server_lootdrop_items` (
  `id` int NOT NULL AUTO_INCREMENT,
  `item_id` int DEFAULT NULL,
  `probability` float DEFAULT NULL,
  PRIMARY KEY (`id`)
) ENGINE=InnoDB AUTO_INCREMENT=15 DEFAULT CHARSET=armscii8 COLLATE=armscii8_bin;

-- Dumping data for table pgrp.server_lootdrop_items: ~9 rows (approximately)
INSERT INTO `server_lootdrop_items` (`id`, `item_id`, `probability`) VALUES
	(1, 9, 0.3),
	(2, 58, 0.1),
	(4, 53, 0.1),
	(6, 49, 0.1),
	(8, 51, 0.1),
	(11, 55, 0.1),
	(12, 1, 0.1),
	(13, 68, 0.05),
	(14, 82, 0.05);

-- Dumping structure for table pgrp.server_money_truck_job
CREATE TABLE IF NOT EXISTS `server_money_truck_job` (
  `id` int NOT NULL AUTO_INCREMENT,
  `start_location_id` int NOT NULL DEFAULT '0',
  `spawn_location_id` int NOT NULL DEFAULT '0',
  PRIMARY KEY (`id`)
) ENGINE=InnoDB AUTO_INCREMENT=2 DEFAULT CHARSET=armscii8 COLLATE=armscii8_bin;

-- Dumping data for table pgrp.server_money_truck_job: ~1 rows (approximately)
INSERT INTO `server_money_truck_job` (`id`, `start_location_id`, `spawn_location_id`) VALUES
	(1, 3625, 3653);

-- Dumping structure for table pgrp.server_money_truck_job_routes
CREATE TABLE IF NOT EXISTS `server_money_truck_job_routes` (
  `id` int NOT NULL AUTO_INCREMENT,
  `name` varchar(50) CHARACTER SET armscii8 COLLATE armscii8_bin DEFAULT '',
  `reward` int DEFAULT '0',
  PRIMARY KEY (`id`)
) ENGINE=InnoDB AUTO_INCREMENT=6 DEFAULT CHARSET=armscii8 COLLATE=armscii8_bin;

-- Dumping data for table pgrp.server_money_truck_job_routes: ~5 rows (approximately)
INSERT INTO `server_money_truck_job_routes` (`id`, `name`, `reward`) VALUES
	(1, 'Davis', 1000),
	(2, 'Vinewood', 1000),
	(3, 'Morningwood', 1000),
	(4, 'East Side', 1000),
	(5, 'West Highway', 1000);

-- Dumping structure for table pgrp.server_money_truck_job_route_positions
CREATE TABLE IF NOT EXISTS `server_money_truck_job_route_positions` (
  `id` int NOT NULL AUTO_INCREMENT,
  `route_id` int NOT NULL DEFAULT '0',
  `position_id` int NOT NULL DEFAULT '0',
  PRIMARY KEY (`id`)
) ENGINE=InnoDB AUTO_INCREMENT=24 DEFAULT CHARSET=armscii8 COLLATE=armscii8_bin;

-- Dumping data for table pgrp.server_money_truck_job_route_positions: ~23 rows (approximately)
INSERT INTO `server_money_truck_job_route_positions` (`id`, `route_id`, `position_id`) VALUES
	(1, 1, 4237),
	(2, 1, 4238),
	(3, 1, 4239),
	(4, 1, 4240),
	(5, 1, 4241),
	(6, 2, 4242),
	(7, 2, 4243),
	(8, 2, 4244),
	(9, 2, 4245),
	(10, 2, 4246),
	(11, 3, 4247),
	(12, 3, 4248),
	(13, 3, 4249),
	(14, 3, 4250),
	(15, 3, 4251),
	(16, 4, 4252),
	(17, 4, 4253),
	(18, 4, 4254),
	(19, 4, 4255),
	(20, 4, 4256),
	(21, 5, 4257),
	(22, 5, 4258),
	(23, 5, 4259);

-- Dumping structure for table pgrp.server_positions
CREATE TABLE IF NOT EXISTS `server_positions` (
  `id` int NOT NULL AUTO_INCREMENT,
  `x` float NOT NULL DEFAULT '0',
  `y` float NOT NULL DEFAULT '0',
  `z` float NOT NULL DEFAULT '0',
  `roll` float NOT NULL DEFAULT '0',
  `pitch` float NOT NULL DEFAULT '0',
  `yaw` float NOT NULL DEFAULT '0',
  PRIMARY KEY (`id`)
) ENGINE=InnoDB AUTO_INCREMENT=4651 DEFAULT CHARSET=armscii8 COLLATE=armscii8_bin;

-- Dumping data for table pgrp.server_positions: ~4.635 rows (approximately)
INSERT INTO `server_positions` (`id`, `x`, `y`, `z`, `roll`, `pitch`, `yaw`) VALUES
	(12, 1285.99, -1595.87, 54.2175, 0, 0, -0.197896),
	(13, -1537.23, 130.246, 57.3685, 0, 0, 0),
	(14, -1537.82, 119.064, 56.7788, 0, 0, 0),
	(15, -1537.89, 119.13, 56.7788, 0, 0, 0),
	(16, 1066.02, -3183.44, -39.1641, 0, 0, 0),
	(17, -1498.55, 90.2242, 55.1948, 0, 0, -0.445265),
	(18, -1516.68, 851.631, 181.585, 0, 0, 0),
	(19, 116.097, -1409.39, 29.2799, 0, 0, -0.841056),
	(20, -1805.74, 437.407, 128.694, 0, 0, -1.73159),
	(21, 1394.68, 1152.74, 114.388, 0, 0, 0),
	(22, -1804.77, 437.024, 128.694, 0, 0, 0),
	(23, 85.0154, -1958.94, 21.1077, 0, 0, 0),
	(24, -318.079, -2718.36, 7.54358, 0, 0, 0),
	(25, 1286.61, -1604.19, 54.8242, 0, 0, 0),
	(26, 1341.96, -597.771, 74.6901, 0, 0, 0),
	(27, 1984.55, 3051.38, 47.208, 0, 0, 0),
	(28, -206.954, -1341.6, 34.8909, 0, 0, 0),
	(29, 116.611, -729.745, 33.1216, 0, 0, 0.197896),
	(31, 1066.39, -3183.4, -39.1641, 0, 0, 0),
	(32, 1088.66, -3187.64, -38.9956, 0, 0, 0),
	(33, -1529.54, -581.143, 33.5765, 0, 0, 0),
	(34, -1120.25, -1624.72, 4.3927, 0, 0, 0),
	(35, -1482.94, -1029.86, 6.12817, 0, 0, 0),
	(36, -1507.58, 1505.25, 115.281, 0, 0, 0),
	(37, 1373.22, 1129.46, 113.95, 0, 0, 0),
	(38, 1195.93, 1819.62, 78.9363, 0, 0, 0),
	(39, -1729.61, 224.954, 64.4791, 0, 0, 0),
	(40, -570.963, -1776.21, 23.1802, 0, 0, 0),
	(41, 370.141, -2452.26, 6.48206, 0, 0, 0),
	(42, 1444.73, -2221.77, 61.682, 0, 0, 0),
	(43, 2484, 3445.81, 51.0667, 0, 0, 0),
	(44, -73.3319, -2004.3, 18.2601, 0, 0, -0.0494739),
	(45, -85.2, -2004.61, 18.0073, 0, 0, -0.0989478),
	(46, -88.9714, -2004.12, 18.0073, 0, 0, -0.0989478),
	(47, -81.3494, -2005.05, 18.0073, 0, 0, -0.0989478),
	(48, -77.6044, -2005.38, 18.0073, 0, 0, -0.0989478),
	(49, -78.422, -2011.25, 18.0073, 0, 0, 2.96843),
	(50, -82.3121, -2010.69, 18.0073, 0, 0, 3.01791),
	(51, -85.8725, -2010.16, 18.0073, 0, 0, 3.01791),
	(52, -89.8022, -2009.88, 18.0073, 0, 0, 2.96843),
	(53, -73.411, -2004.99, 18.2601, 0, 0, -0.0989478),
	(54, 1948.71, 3760.5, 32.1948, 0, 0, 0.593687),
	(55, 626.308, 192.369, 97.2689, 0, 0, -1.88001),
	(56, -1680.26, 43.2132, 63.6534, 0, 0, 2.67159),
	(57, -1677.53, 41.1956, 63.4513, 0, 0, 2.67159),
	(58, 625.042, 188.585, 97.3363, 0, 0, -1.88001),
	(59, 623.327, 184.945, 97.4542, 0, 0, -1.88001),
	(60, 622.075, 181.081, 97.4374, 0, 0, -1.88001),
	(61, 1962.83, 3766.92, 32.1948, 0, 0, 0.593687),
	(62, -1184.28, -1509.57, 4.64539, 0, 0, 2.12738),
	(63, -1183.57, -1496.02, 4.37585, 0, 0, 2.17685),
	(64, -1185.48, -1493.37, 4.37585, 0, 0, 2.12738),
	(65, -1187.18, -1491.03, 4.37585, 0, 0, 2.17685),
	(66, -1188.98, -1488.41, 4.37585, 0, 0, 2.17685),
	(67, -1190.77, -1485.77, 4.37585, 0, 0, 2.17685),
	(68, -1192.58, -1483.12, 4.37585, 0, 0, 2.17685),
	(69, -1195.66, -1496.48, 4.35901, 0, 0, -0.940004),
	(70, -1197.68, -1493.78, 4.35901, 0, 0, -0.940004),
	(71, -1184.91, -1510.02, 4.64539, 0, 0, -0.89053),
	(72, -1529.92, 86.2549, 56.2902, -0.00196948, 0.0311585, -0.741666),
	(73, -1684.56, 58.1934, 64.0242, 0, 0, 2.37475),
	(74, -1683.52, 59.4066, 63.9736, 0, 0, 2.42422),
	(75, -1685.74, 48.0264, 64.0579, 0, 0, 2.77054),
	(76, -1682.9, 45.8637, 63.8389, 0, 0, 2.72106),
	(77, -1680.26, 43.2132, 63.6534, 0, 0, 2.67159),
	(78, -1677.53, 41.1956, 63.4513, 0, 0, 2.67159),
	(79, -1691.7, 54.4352, 64.496, 0, 0, 2.77054),
	(80, -1694.41, 56.7165, 64.6981, 0, 0, 2.67159),
	(81, -1697.05, 59.1033, 64.8835, 0, 0, 2.67159),
	(82, -1699.69, 61.3582, 65.0857, 0, 0, 2.62212),
	(83, -340.853, 266.927, 85.6761, 0, 0, 0.296843),
	(84, -340.668, 266.004, 85.6761, 0, 0, 0.346317),
	(85, -349.78, 272.4, 85.0696, 0, 0, -1.48422),
	(86, -349.78, 275.829, 85.0022, 0, 0, -1.48422),
	(87, -349.991, 279.244, 84.9011, 0, 0, -1.48422),
	(88, -350.084, 282.712, 84.8843, 0, 0, -1.53369),
	(89, -350.11, 286.365, 84.8843, 0, 0, -1.53369),
	(90, -350.255, 289.582, 84.8843, 0, 0, -1.48422),
	(91, 638.466, 206.848, 97.589, 0, 0, 2.77054),
	(92, 638.123, 206.057, 97.589, 0, 0, -0.296843),
	(93, 627.679, 196.457, 97.2689, 0, 0, -1.88001),
	(94, 626.308, 192.369, 97.2689, 0, 0, -1.88001),
	(95, 625.042, 188.585, 97.3363, 0, 0, -1.88001),
	(96, 623.327, 184.945, 97.4542, 0, 0, -1.88001),
	(97, 622.075, 181.081, 97.4374, 0, 0, -1.88001),
	(101, 587.037, 2722.77, 42.1025, 0, 0, 1.68211),
	(102, 587.895, 2722.91, 42.0688, 0, 0, 1.68211),
	(103, 581.103, 2721.82, 42.052, 0, 0, 0.0989478),
	(104, 578.07, 2721.45, 42.052, 0, 0, 0.0989478),
	(105, 575.037, 2721.1, 42.052, 0, 0, 0.0989478),
	(106, 571.741, 2721.24, 42.052, 0, 0, 0),
	(107, 568.615, 2721.07, 42.052, 0, 0, 0),
	(108, 565.477, 2720.94, 42.052, 0, 0, 0),
	(109, 886.523, 0.0527473, 78.751, 0, 0, 2.57264),
	(110, 886.695, -0.0395622, 78.751, 0, 0, 2.57264),
	(111, 877.727, 4.41758, 78.751, 0, 0, 2.62212),
	(112, 1952.95, 3753.73, 32.1948, 0, 0, 0.593687),
	(113, 874.47, 5.94725, 78.751, 0, 0, 2.52317),
	(114, 1953.32, 3753.05, 32.1948, 0, 0, 0.593687),
	(115, 871.635, 7.83297, 78.751, 0, 0, 2.62212),
	(116, 1948.71, 3760.5, 32.1948, 0, 0, 0.593687),
	(117, 1952.95, 3761.58, 32.1948, 0, 0, 0.544213),
	(118, 1955.88, 3763.5, 32.1948, 0, 0, 0.544213),
	(119, 894.198, -6.67253, 78.751, 0, 0, 2.52317),
	(120, 1959.01, 3765.38, 32.1948, 0, 0, 0.544213),
	(121, 1962.83, 3766.92, 32.1948, 0, 0, 0.593687),
	(122, 897.547, -8.88791, 78.751, 0, 0, 2.57264),
	(123, 900.989, -10.8923, 78.751, 0, 0, 2.67159),
	(124, 904.352, -12.9363, 78.751, 0, 0, 2.57264),
	(125, 907.886, -14.8352, 78.751, 0, 0, 2.62212),
	(126, 911.182, -16.9714, 78.751, 0, 0, 2.67159),
	(127, 1693.87, 4785.07, 41.9172, 0, 0, 1.63264),
	(128, 1695.14, 4785.2, 41.9678, 0, 0, 1.63264),
	(129, 1690.69, 4782.18, 41.9172, 0, 0, 1.58316),
	(130, 1690.75, 4778.33, 41.9172, 0, 0, 1.48422),
	(131, 1690.69, 4774.21, 41.9172, 0, 0, 1.48422),
	(132, 1690.84, 4770.29, 41.9172, 0, 0, 1.58316),
	(133, 1690.68, 4766.36, 41.9172, 0, 0, 1.58316),
	(134, 1690.95, 4762.42, 41.9172, 0, 0, 1.48422),
	(135, 52.7473, 6338.8, 31.3693, 0, 0, 0.494739),
	(136, 1194.42, -1768.46, 39.4572, 0, 0, -0.692635),
	(137, 1194.42, -1768.46, 39.4572, 0, 0, -0.692635),
	(138, 53.2615, 6338.04, 31.4872, 0, 0, 0.494739),
	(139, 1198.52, -1766.32, 39.3898, 0, 0, -0.643161),
	(140, 37.7802, 6337.44, 31.2175, 0, 0, 0.346317),
	(141, 34.5494, 6335.84, 31.2175, 0, 0, 0.296843),
	(142, 1195.66, -1763.92, 39.1201, 0, 0, -0.643161),
	(143, 31.1077, 6334.18, 31.2175, 0, 0, 0.24737),
	(144, 27.811, 6332.12, 31.2175, 0, 0, 0.197896),
	(145, 1190.61, -1757.8, 38.6315, 0, 0, -0.89053),
	(146, 24.5143, 6347.04, 31.2344, 0, 0, 0.544213),
	(147, 27.4813, 6349.66, 31.2344, 0, 0, 0.593687),
	(148, 30.5275, 6352.26, 31.2344, 0, 0, 0.544213),
	(149, 33.244, 6355.07, 31.2344, 0, 0, 0.643161),
	(150, 1141.98, -371.288, 67.0403, 0, 0, -2.42422),
	(151, 1141.98, -371.288, 67.0403, 0, 0, -2.42422),
	(152, 1144.35, -378.119, 67.0403, 0, 0, -1.53369),
	(153, 1143.35, -382.18, 67.0403, 0, 0, -1.43474),
	(154, -3151.73, 1099.11, 20.7032, 0, 0, -1.53369),
	(155, 1142.37, -386.585, 67.0403, 0, 0, -1.43474),
	(156, 1141.31, -390.659, 67.0403, 0, 0, -1.38527),
	(157, -3152.97, 1099.2, 20.855, 0, 0, -1.73159),
	(158, 1140.03, -394.892, 67.0403, 0, 0, -1.43474),
	(159, -3147.34, 1103.29, 20.7032, 0, 0, -1.43474),
	(160, 1138.88, -399.125, 67.0403, 0, 0, -1.53369),
	(161, -3145.41, 1106.6, 20.6864, 0, 0, -1.38527),
	(162, -3143.83, 1110.28, 20.6864, 0, 0, -1.3358),
	(163, 1147.37, -379.095, 67.0571, 0, 0, 0.940004),
	(164, -3142.3, 1113.65, 20.6864, 0, 0, -1.43474),
	(165, 1146.22, -383.196, 67.0571, 0, 0, 1.08843),
	(166, -3149.41, 1096.14, 20.7032, 0, 0, -1.23685),
	(167, -3151.67, 1092.61, 20.7032, 0, 0, -1.3358),
	(168, -3152.97, 1089.19, 20.7032, 0, 0, -1.3358),
	(169, 1144.97, -387.415, 67.0571, 0, 0, 1.1379),
	(170, -944.558, 313.029, 71.337, 0, 0, -3.06738),
	(171, -944.558, 313.029, 71.337, 0, 0, -3.06738),
	(172, -947.169, 305.895, 71.0168, 0, 0, -3.11686),
	(173, -943.385, 306.316, 71.0842, 0, 0, -3.06738),
	(174, -939.56, 306.211, 71.1179, 0, 0, -2.96843),
	(175, -935.697, 306.237, 71.1685, 0, 0, -3.01791),
	(176, 100.668, -1073.3, 29.3641, 0, 0, 1.28632),
	(177, 101.209, -1073.53, 29.3641, 0, 0, 1.23685),
	(178, 104.756, -1077.59, 29.1787, 0, 0, -0.346317),
	(179, 108.343, -1078.55, 29.1787, 0, 0, -0.346317),
	(180, 111.732, -1079.79, 29.1787, 0, 0, -0.296843),
	(181, 117.653, -1080.42, 29.2124, 0, 0, 0),
	(182, 121.292, -1080.42, 29.1787, 0, 0, 0),
	(183, 124.985, -1080.36, 29.1787, 0, 0, 0),
	(184, 128.637, -1080.36, 29.1956, 0, 0, 0.0494739),
	(185, 69.033, -1569.93, 29.5831, 0, 0, 0.940004),
	(186, 69.033, -1569.93, 29.5831, 0, 0, 0.940004),
	(187, 63.0066, -1562.53, 29.4484, 0, 0, 0.940004),
	(188, 64.9714, -1560.18, 29.4484, 0, 0, 0.940004),
	(189, 67.0418, -1557.84, 29.4484, 0, 0, 0.940004),
	(190, 68.9011, -1555.44, 29.4484, 0, 0, 0.989478),
	(191, 70.8659, -1553.09, 29.4484, 0, 0, 0.89053),
	(192, 72.9494, -1550.69, 29.4484, 0, 0, 0.841056),
	(193, 74.9934, -1548.55, 29.4484, 0, 0, 0.989478),
	(194, 77.0242, -1546.17, 29.4484, 0, 0, 0.989478),
	(195, 68.2418, -1538.69, 29.4484, 0, 0, -2.22633),
	(196, 66.4747, -1541.16, 29.4484, 0, 0, -2.17685),
	(197, 64.4308, -1543.52, 29.4484, 0, 0, -2.17685),
	(198, 62.5187, -1545.81, 29.4484, 0, 0, -2.12738),
	(199, 60.4879, -1548.26, 29.4484, 0, 0, -2.0779),
	(200, 58.6681, -1550.58, 29.4484, 0, 0, -2.12738),
	(201, 56.4923, -1553, 29.4484, 0, 0, -2.12738),
	(202, 54.5934, -1555.66, 29.4484, 0, 0, -2.12738),
	(203, -1578.42, -1027.38, 13.0029, 0, 0, 1.78106),
	(204, -1578.42, -1027.24, 13.0029, 0, 0, 1.48422),
	(205, -1579.16, -1020.78, 13.0029, 0, 0, 0.24737),
	(206, -1576.67, -1017.8, 13.0029, 0, 0, 0.346317),
	(207, -1574.45, -1014.82, 13.0029, 0, 0, 0.395791),
	(208, -1572.05, -1011.84, 13.0029, 0, 0, 0.395791),
	(209, -1569.76, -1008.92, 13.0029, 0, 0, 0.445265),
	(210, -1564.59, -1020.07, 13.0029, 0, 0, -2.67159),
	(211, -1567.03, -1022.86, 13.0029, 0, 0, -2.72106),
	(212, -1569.4, -1025.71, 13.0029, 0, 0, -2.77054),
	(213, -1571.8, -1028.49, 13.0029, 0, 0, -2.67159),
	(214, -1487.74, -498.488, 32.8015, 0, 0, -2.57264),
	(215, -1487.74, -498.488, 32.8015, 0, 0, -2.57264),
	(216, -1486.87, -502.51, 32.8015, 0, 0, -2.42422),
	(217, -1489.57, -504.422, 32.8015, 0, 0, -2.4737),
	(218, -1492.17, -506.149, 32.8015, 0, 0, -2.52317),
	(219, -1494.88, -507.837, 32.8015, 0, 0, -2.4737),
	(220, -1497.44, -509.631, 32.8015, 0, 0, -2.4737),
	(221, -1499.87, -511.2, 32.8015, 0, 0, -2.4737),
	(222, -1484.57, -500.703, 32.8015, 0, 0, -2.52317),
	(223, -1481.99, -499.345, 32.8015, 0, 0, -2.4737),
	(224, -1479.22, -497.538, 32.8015, 0, 0, -2.52317),
	(225, -1476.67, -495.653, 32.8015, 0, 0, -2.4737),
	(226, -1474.3, -494.176, 32.8015, 0, 0, -2.52317),
	(227, -1468.51, -503.235, 32.8015, 0, 0, 0.544213),
	(228, -1470.57, -505.253, 32.8015, 0, 0, 0.544213),
	(229, -1473.36, -506.677, 32.8015, 0, 0, 0.742109),
	(230, -1476.22, -508.404, 32.8015, 0, 0, 0.692635),
	(231, -1478.55, -510.145, 32.8015, 0, 0, 0.593687),
	(232, -1481.01, -511.675, 32.8015, 0, 0, 0.643161),
	(233, -648.132, -1148.33, 9.61609, 0, 0, 1.1379),
	(234, -648.132, -1148.33, 9.61609, 0, 0, 1.1379),
	(235, -646.51, -1157.47, 9.21167, 0, 0, -2.42422),
	(236, -646.51, -1157.47, 9.21167, 0, 0, -2.42422),
	(237, -649.253, -1159.5, 9.21167, 0, 0, -2.52317),
	(238, -652.154, -1161.48, 9.21167, 0, 0, -2.37475),
	(239, -654.989, -1163.54, 9.24536, 0, 0, -2.32527),
	(240, -643.543, -1155.61, 9.21167, 0, 0, -2.42422),
	(241, -640.549, -1153.73, 9.21167, 0, 0, -2.42422),
	(242, -619.411, -82.6022, 41.1926, 0, 0, -0.0494739),
	(243, -619.411, -82.6022, 41.1926, 0, 0, -0.0494739),
	(244, -625.121, -74.9407, 40.5524, 0, 0, -0.0989478),
	(245, -633.178, -73.5297, 40.4344, 0, 0, -0.0989478),
	(246, -641.103, -72.8176, 40.0974, 0, 0, 0),
	(247, -632.993, -121.886, 39.0022, 0, 0, 1.48422),
	(248, -632.993, -121.886, 39.0022, 0, 0, 1.48422),
	(249, -642.105, -112.681, 37.9407, 0, 0, 1.43474),
	(250, -641.815, -104.453, 38.0081, 0, 0, 1.43474),
	(251, -1134.47, 2682.86, 18.496, 0, 0, 2.2758),
	(252, -1134.47, 2682.86, 18.496, 0, 0, 2.2758),
	(253, -1151.2, 2678.48, 18.0916, 0, 0, -2.32527),
	(254, -1153.48, 2676.46, 18.0916, 0, 0, -2.37475),
	(255, -1155.96, 2674.42, 18.0916, 0, 0, -2.32527),
	(256, -1158.22, 2672.53, 18.0916, 0, 0, -2.32527),
	(257, -1160.72, 2670.2, 18.0916, 0, 0, -2.32527),
	(258, 1873.13, 2525.5, 45.6578, 0, 0, 0.0494739),
	(259, 1873.13, 2525.5, 45.6578, 0, 0, 0.0494739),
	(260, 1877.39, 2535.89, 45.6578, 0, 0, -1.48422),
	(261, 1877.34, 2539.31, 45.6578, 0, 0, -1.53369),
	(262, 1877.29, 2542.77, 45.6578, 0, 0, -1.58316),
	(263, 1877.35, 2546.23, 45.6578, 0, 0, -1.48422),
	(264, 1868.9, 2535.96, 45.6578, 0, 0, 1.58316),
	(265, 1869.01, 2539.42, 45.6578, 0, 0, 1.53369),
	(266, 1869.09, 2542.87, 45.6578, 0, 0, 1.53369),
	(267, 1869.22, 2546.33, 45.6578, 0, 0, 1.53369),
	(268, 187.886, 1239.85, 225.58, 0, 0, -1.23685),
	(269, 187.886, 1239.85, 225.58, 0, 0, -1.23685),
	(270, 197.064, 1238.65, 225.445, 0, 0, -1.28632),
	(271, 197.736, 1235.38, 225.445, 0, 0, -1.18737),
	(272, 198.554, 1231.78, 225.445, 0, 0, -1.23685),
	(273, 199.279, 1228.42, 225.445, 0, 0, -1.28632),
	(274, 207.798, 1241.53, 225.445, 0, 0, 1.83053),
	(275, 208.8, 1238.25, 225.445, 0, 0, 1.83053),
	(276, 209.525, 1234.85, 225.445, 0, 0, 1.78106),
	(277, 210.369, 1231.44, 225.445, 0, 0, 1.78106),
	(278, 211.2, 1228.04, 225.445, 0, 0, 1.78106),
	(279, 180, 2793.26, 45.641, 0, 0, -1.28632),
	(280, 180, 2793.26, 45.641, 0, 0, -1.28632),
	(281, 207.798, 2791.25, 45.641, 0, 0, 0.24737),
	(282, 203.736, 2790.25, 45.641, 0, 0, 0.148422),
	(283, 203.407, 2790.22, 45.641, 0, 0, 0.148422),
	(284, 903.824, -1576.4, 30.7964, 0, 0, 0.0989478),
	(285, 903.824, -1576.4, 30.7964, 0, 0, 0.0989478),
	(286, 893.327, -1554.05, 30.6615, 0, 0, -2.37475),
	(287, 895.754, -1552, 30.6783, 0, 0, -2.37475),
	(288, 899.169, -1549.13, 30.5773, 0, 0, -2.4737),
	(289, 904.391, -1544.78, 30.5267, 0, 0, -2.37475),
	(290, -1531.9, 78.8835, 56.745, 0, 0, -0.197896),
	(291, -1529.93, 86.2681, 56.6608, 0, 0, -0.742109),
	(292, -1532.07, 78.5802, 56.762, 0, 0, -0.24737),
	(293, -1525.07, 84.4747, 56.526, 0, 0, -0.593687),
	(294, -1528.42, 98.4527, 56.6945, 0, 0, 0.791582),
	(295, -1519.61, 89.7495, 56.3575, 0, 0, 0.692635),
	(296, -1532.06, 78.4747, 56.762, 0, 0, -0.494739),
	(297, -1786.77, 459.692, 128.306, 0, 0, 1.83053),
	(298, -1786.22, 459.864, 128.306, 0, 0, 1.78106),
	(299, -1792.02, 455.908, 128.306, 0, 0, 1.48422),
	(300, -1792.22, 459.969, 128.306, 0, 0, 1.58316),
	(301, -1588.23, 106.734, 60.2329, 0, 0, 0),
	(302, -1537.23, 130.246, 57.3685, 0, 0, 0),
	(303, -1537.23, 130.246, 57.3685, 0, 0, 0),
	(304, -920.914, -741.125, 19.9114, 0, 0, 0),
	(305, -1245.75, -595.53, 27.1904, 0, 0, 0),
	(306, -480.409, -822.251, 30.4257, 0, 0, -3.01791),
	(307, -476.202, -829.332, 29.7686, 0, 0, 0),
	(308, -468.923, -835.332, 29.8865, 0, 0, 0),
	(309, -460.919, -829.609, 29.8865, 0, 0, 0),
	(310, -453.442, -835.371, 30.0549, 0, 0, 0),
	(311, -1243.9, -587.895, 26.6681, 0, 0, 0),
	(312, -1244.31, -579.402, 27.2073, 0, 0, 0),
	(313, -1252.84, -577.134, 27.6117, 0, 0, 0),
	(314, -1253.78, -568.048, 28.2351, 0, 0, 0),
	(315, -475.49, -829.332, 29.7686, -0.044947, -0.00294179, 1.57124),
	(316, -468.382, -835.094, 29.8865, -0.00197123, -0.00878956, 1.5669),
	(317, -460.233, -829.727, 29.9033, -0.0498894, -0.0114942, 1.56141),
	(318, -452.018, -835.187, 30.0718, -0.00112864, -0.0156226, 1.5514),
	(319, -1243.45, -588.316, 26.6176, 0.0768289, 0.00486119, -2.45128),
	(320, -1244.56, -578.967, 27.2579, 0.0571921, 0.0425752, -2.43178),
	(321, -1254.42, -575.327, 27.7803, 0.0806855, 0.0102158, -2.46172),
	(322, -1255.58, -565.846, 28.4205, 0.0562234, 0.0410067, -2.42436),
	(323, -941.407, -791.512, 15.9348, 0, 0, 0),
	(324, -876.87, -678.369, 27.814, 0, 0, 0),
	(325, -956.914, -723.152, 19.9282, 0, 0, 0),
	(326, 62.9802, -1562.53, 29.0776, 0.000303071, 0.000928766, 0.939954),
	(327, 72.5011, -1398.99, 29.3641, 0, 0, -1.58316),
	(328, 143.855, -763.582, 242.144, 0, 0, 1.38527),
	(329, -1552.51, 874.747, 181.333, 0, 0, -0.940004),
	(330, -1552.56, 874.892, 181.333, 0, 0, -1.3358),
	(331, -1550.73, 879.31, 181.316, 0, 0, -2.77054),
	(332, -1547.85, 882.132, 181.282, 0, 0, -2.72106),
	(333, -1544.86, 884.651, 181.333, 0, 0, -2.77054),
	(334, -1541.58, 886.286, 181.484, 0, 0, -2.77054),
	(335, 1190.52, 2713.54, 38.2102, 0, 0, 3.06738),
	(336, -1108.02, 2708.58, 19.1025, 0, 0, -2.42422),
	(337, 11.4725, 6514.36, 31.8748, 0, 0, 0.692635),
	(338, 1696.04, 4829.37, 42.052, 0, 0, 1.68211),
	(339, -3173.45, 1045.85, 20.855, 0, 0, -0.445265),
	(340, -829.371, -1073.8, 11.318, 0, 0, -2.57264),
	(341, -163.095, -303.007, 39.7267, 0, 0, -1.88001),
	(342, 123.02, -221.552, 54.5546, 0, 0, -0.395791),
	(343, -1451.41, -238.048, 49.803, 0, 0, 0.841056),
	(344, -1451, -237.996, 49.803, 0, 0, 0.742109),
	(345, 428.611, -799.978, 29.4821, 0, 0, 1.53369),
	(346, 428.611, -799.978, 29.4821, 0, 0, 1.53369),
	(347, -710.07, -153.033, 37.4015, 0, 0, 2.02843),
	(348, -1191.67, -771.152, 17.3165, 0, 0, 2.12738),
	(349, -1103.01, -829.266, 14.2667, 0, 0, 0),
	(350, 219.547, -861.877, 30.2909, 0, 0, 0),
	(351, -1132.21, -877.081, 10.5934, 0, 0, -1.08843),
	(352, 438.791, -988.048, 30.4594, 0, 0, 0),
	(353, -1076.29, -820.233, 23.6183, 0, 0, 0),
	(354, -7.68791, 23.8681, 71.2697, 0, 0, -0.544213),
	(355, 579.218, 2801.29, 42.0857, 0, 0, 2.12738),
	(356, 95.7495, -154.8, 54.9758, 0, 0, -0.692635),
	(357, -48, -1757.45, 29.4147, 0, 0, 0),
	(358, -1508.16, 118.101, 67.2762, 0, 0, 0.841056),
	(359, -1.5033, 19.2396, 71.1179, 0, 0, 0),
	(360, 451.226, -801.27, 27.5106, 0, 0, -1.58316),
	(361, 21.9956, -1107.47, 29.7854, 0, 0, 0),
	(362, -1337.14, -1278.29, 4.8645, 0, 0, -1.28632),
	(363, -1530.49, 112.84, 72.1289, 0, 0, -2.57264),
	(364, 608.334, -1266.91, 9.75098, 0, 0, -0.24737),
	(365, -1306.09, -394.457, 36.6937, 0, 0, 0),
	(366, -662.176, -935.077, 21.8154, 0, 0, 0),
	(367, 252.04, -49.8857, 69.9385, 0, 0, 0),
	(368, 810.435, -2156.98, 29.6168, 0, 0, 0),
	(369, 843.02, -1033.03, 28.1846, 0, 0, 0),
	(370, 2568.38, 294.646, 108.727, 0, 0, 0),
	(371, 1693.73, 3759.38, 34.6886, 0, 0, 0),
	(372, -330.303, 6083.71, 31.4535, 0, 0, 0),
	(373, -1117.66, 2698.14, 18.5465, 0, 0, 0),
	(374, -3171.65, 1087.4, 20.8381, 0, 0, 0),
	(375, 1729.73, 6415.7, 35.0256, 0, 0, 0),
	(376, 1698.82, 4924.51, 42.052, 0, 0, 0),
	(377, 1960.68, 3741.6, 32.3297, 0, 0, 0),
	(378, 547.912, 2670.22, 42.1531, 0, 0, 0),
	(379, -3040.09, 585.732, 7.89746, 0, 0, 0),
	(380, -1487.01, -379.319, 40.1479, 0, 0, 0),
	(381, -707.42, -913.596, 19.2036, 0, 0, 0),
	(382, -1223.18, -907.292, 12.3121, 0, 0, 0),
	(383, 1163.2, -323.38, 69.197, 0, 0, 0),
	(384, 374.176, 326.44, 103.554, 0, 0, 0),
	(385, 26.4, -1347.05, 29.4821, 0, 0, 0),
	(386, 1136.16, -981.679, 46.3993, 0, 0, 0),
	(387, 2556.73, 382.484, 108.609, 0, 0, 0),
	(388, 1583.22, -1780.36, 88.1699, 0, 0, 0),
	(389, 1801.4, -1341.89, 97.9092, 0, 0, 0),
	(390, 1810.27, -1344.46, 97.6058, -0.121306, 0.0162063, 2.91018),
	(391, 1817.33, -1337.8, 96.814, -0.0867505, 0.0455658, 2.88066),
	(392, 1814.29, -1327.64, 96.1567, -0.0701003, -0.0174823, 2.86566),
	(393, 1821.26, -1319.99, 95.6344, -0.0205408, -0.00610444, 2.99423),
	(394, 1220.97, -2077.82, 44.3099, 0, 0, 0),
	(395, 1214.97, -2072.81, 43.7369, 0.0330654, -0.00675632, -1.20211),
	(396, 1206.65, -2070.95, 43.5516, 0.0107034, -0.0347528, -1.18869),
	(397, 1200.58, -2078.18, 43.1304, 0.0429588, -0.038512, -1.24569),
	(398, 1190.93, -2076, 42.8271, 0.00873572, -0.0352986, -1.30101),
	(399, -1454.41, -3009.8, 14.3004, 0, 0, 0),
	(400, 1694.62, -1730.32, 112.552, 0, 0, 0),
	(401, 1653.55, -1897.73, 108.727, 0, 0, 0),
	(402, 1502.41, -1887.18, 71.9773, 0, 0, 0),
	(403, -1515.59, -3105.32, 14.1318, 0, 0, 0),
	(404, -1521.26, -2833.54, 13.9465, 0, 0, 0),
	(405, -1303.87, -3009.56, 14.2836, 0, 0, 0),
	(406, -1568.08, -2653.23, 14.3173, 0, 0, 0),
	(407, -1574.22, -2646.91, 13.441, 0.00181634, -0.00121395, 2.60672),
	(408, -1574.93, -2638.46, 13.441, 0.00183097, -0.00119178, 2.63104),
	(409, -1566.67, -2633.64, 13.441, -0.000846381, -0.000487954, 2.61674),
	(410, -1566.55, -2623.75, 13.441, 0.00182841, -0.0011957, 2.62675),
	(411, -1042.67, -3334.92, 14.1318, 0, 0, 0),
	(412, -1034.41, -3329.1, 13.441, -0.00190205, -0.00355108, 1.07729),
	(413, -1024.63, -3328.93, 13.441, -0.00145628, -0.0016285, 1.03887),
	(414, -1020.44, -3336.91, 13.441, -0.000697586, -0.00284684, 1.09019),
	(415, -1011.13, -3337.05, 13.441, -0.00145628, -0.0016285, 1.03887),
	(416, -2096.8, -319.2, 13.1545, 0, 0, 0),
	(417, -1436.58, -276.673, 46.197, 0, 0, 0),
	(418, -724.101, -936.145, 19.8777, 0, 0, 0),
	(419, -70.9319, -1762, 29.6337, 0, 0, 0),
	(420, 175.411, -1561.95, 29.2461, 0, 0, 0),
	(421, -319.952, -1471.54, 30.5436, 0, 0, 0),
	(422, 1180.44, -330.607, 69.3151, 0, 0, 0),
	(423, 1208.28, -1402.75, 35.2109, 0, 0, 0),
	(424, 2581.05, 361.807, 108.457, 0, 0, 0),
	(425, 1207.37, 2660.4, 37.8901, 0, 0, 0),
	(426, 2005.21, 3774.08, 32.3971, 0, 0, 0),
	(427, 1689.44, 4928.2, 42.2205, 0, 0, 0),
	(428, 1701.94, 6416.97, 32.751, 0, 0, 0),
	(429, 179.67, 6603.17, 31.8579, 0, 0, 0),
	(430, -2555.38, 2334.16, 33.071, 0, 0, 0),
	(431, -1799.31, 802.892, 138.635, 0, 0, 0),
	(432, 264.343, 2607.36, 44.967, 0, 0, 0),
	(433, 49.5033, 2778.91, 58.0425, 0, 0, 0),
	(434, 265.081, -1262.72, 29.2799, 0, 0, 0),
	(435, 818.862, -1029.31, 26.3986, 0, 0, 0),
	(436, 108.897, -1462.14, 28.8923, 0.0148365, 0.0144405, -0.700401),
	(437, -625.121, -74.9407, 40.5524, 0, 0, -0.0989478),
	(438, -621.811, -230.558, 38.0417, 0, 0, 2.17685),
	(439, 474.04, -1311.53, 29.2124, 0, 0, 0),
	(440, 156.949, -738.699, 242.144, 0, 0, 0),
	(441, 136.154, -761.552, 242.144, 0, 0, 0),
	(442, 138.884, -762.765, 45.7421, 0, 0, 0),
	(443, 136.088, -761.908, 45.7421, 0, 0, 0),
	(444, 109.886, -736.273, 33.1216, 0, 0, 0),
	(445, 127.305, -729.231, 242.144, 0, 0, 0),
	(446, 114.91, -741.89, 258.151, 0, 0, 0),
	(447, 156.712, -757.503, 258.151, 0, 0, 0),
	(448, 141.178, -735.046, 262.835, 0, 0, 0),
	(449, 266.031, -1007.41, -101.02, 0, 0, 0),
	(450, 346.51, -1012.84, -99.2, 0, 0, 0),
	(451, 346.51, -1012.84, -99.2, 0, 0, 0),
	(452, -784.51, 323.697, 211.982, 0, 0, -1.68211),
	(453, -782.004, 323.591, 223.255, 0, 0, -3.11686),
	(454, 1027.69, -3101.39, -39.0125, 0, 0, 0),
	(455, 1073.06, -3102.51, -39.0125, 0, 0, 0),
	(456, 1087.13, -3099.39, -39.0125, 0, 0, 0),
	(457, -113.182, 985.859, 235.741, 0, 0, 0),
	(458, 488.703, -894.884, 25.7413, 0, 0, -1.58316),
	(459, 487.991, -883.648, 25.556, 0, 0, 1.53369),
	(460, -1545.31, 104.11, 56.7788, 0, 0, -2.32527),
	(461, 260.308, -1003.28, -99.0146, 0, 0, 0),
	(462, 350.703, -993.771, -99.2, 0, 0, 0),
	(463, 350.703, -993.771, -99.2, 0, 0, 0),
	(464, -793.411, 327.191, 210.786, 0, 0, 0),
	(465, -761.235, 325.411, 217.054, 0, 0, 0),
	(466, 143.763, -763.16, 242.144, 0, 0, 0),
	(467, 71.1033, -1387.65, 29.3641, 0, 0, 0),
	(468, -819.996, -1067.3, 11.318, 0, 0, 0),
	(469, -1182.25, -764.967, 17.3165, 0, 0, 0),
	(470, -1447.87, -242.321, 49.8198, 0, 0, 0),
	(471, -704.505, -151.991, 37.4015, 0, 0, 0),
	(472, -167.776, -299.42, 39.7267, 0, 0, 0),
	(473, 118.576, -231.495, 54.5546, 0, 0, 0),
	(474, 429.6, -811.187, 29.4821, 0, 0, 0),
	(475, -3178.19, 1036.95, 20.855, 0, 0, 0),
	(476, -1100.57, 2716.93, 19.1025, 0, 0, 0),
	(477, 617.499, 2772.92, 42.0857, 0, 0, 0),
	(478, 1201.64, 2714.33, 38.2102, 0, 0, 0),
	(479, 3.74506, 6505.91, 31.8748, 0, 0, 0),
	(480, -430.681, -325.121, 34.9077, 0, 0, 0),
	(481, -545.116, -204.026, 38.2102, 0, 0, 0),
	(482, 118.787, -729.02, 242.144, 0, 0, 0),
	(483, 118.193, -729.917, 242.144, 0, 0, -0.989478),
	(484, 248.202, 222.356, 106.284, 0, 0, 0),
	(485, 149.987, -1040.41, 29.3641, 0, 0, 0),
	(486, -1212.94, -330.514, 37.7722, 0, 0, 0),
	(487, -350.782, -49.767, 49.0278, 0, 0, 0),
	(488, -2963.3, 483.007, 15.6989, 0, 0, 0),
	(489, 1175.16, 2706.08, 38.0923, 0, 0, 0),
	(490, -112.774, 6469.83, 31.6219, 0, 0, 0),
	(491, 314.519, -278.374, 54.167, 0, 0, 0),
	(492, 254.084, 225.587, 101.869, 0, 0, 0),
	(493, 253.226, 223.385, 101.667, 0, 0, 0),
	(494, 120.633, -728.255, 262.835, 0, 0, -1.88001),
	(495, 119.618, -727.807, 262.835, 0, 0, -1.92948),
	(496, 122.413, -741.31, 263.021, 0, 0, -0.296843),
	(497, 122.334, -741.323, 263.509, 0.00215336, 0.00036853, -0.304468),
	(498, 122.413, -741.31, 263.021, 0, 0, -0.296843),
	(499, 122.268, -741.389, 263.509, 0.00331465, -0.00119278, -0.296081),
	(500, 123.89, -740.756, 262.751, 0.0262485, -0.0513745, -0.694001),
	(501, 122.36, -741.336, 262.734, -0.000376052, 0.00215206, -0.297479),
	(502, 125.789, -736.167, 262.734, 0.00150723, 0.00251384, 0.490586),
	(503, 122.4, -741.323, 262.549, -0.000580817, 0.000785564, -0.297479),
	(504, 122.4, -741.323, 262.549, -0.000580817, 0.000785564, -0.297479),
	(505, 122.4, -741.323, 262.549, -0.000580817, 0.000785564, -0.297479),
	(506, 1115.02, 3015.74, -6.51868, 0, 0, 0),
	(507, 1122.66, 3030.73, 40.5187, 0, 0, 0),
	(508, 1125.2, 3018.09, 40.5187, 0, 0, 0),
	(509, 1137.9, 3021.38, 40.5187, 0, 0, 0),
	(510, -33.4945, -1102.06, 26.4154, 0, 0, 1.28632),
	(511, -45.8374, -1101.89, 26.2975, 0, 0, 1.28632),
	(512, -1048.3, -28.9187, 236.836, 0, 0, -1.63264),
	(513, -984.316, -2640.79, 13.9634, 0, 0, 2.62212),
	(514, -1147.25, -1577.93, 4.42639, 0, 0, 0.593687),
	(515, -1275.4, -1369.33, 4.29163, 0, 0, -1.18737),
	(516, -1276.76, -1365.31, 4.29163, 0, 0, -1.18737),
	(517, -1278.3, -1361.33, 4.29163, 0, 0, -1.18737),
	(518, -1279.64, -1357.65, 4.29163, 0, 0, -1.18737),
	(519, -1281.02, -1353.89, 4.29163, 0, 0, -1.23685),
	(520, -1329.82, -1150.33, 4.37585, 0, 0, -1.63264),
	(521, -1320.18, -1163.59, 4.84766, 0, 0, 1.53369),
	(522, 56.0967, -1045.46, 29.4147, 0, 0, 2.72106),
	(523, 44.2154, -1040.65, 29.5157, 0, 0, -0.296843),
	(524, 35.7099, -1033.36, 29.5157, 0, 0, -1.88001),
	(525, 40.0879, -1022.66, 29.5157, 0, 0, -1.92948),
	(526, -1306.75, -1263.81, 4.56116, 0, 0, 0.296843),
	(527, -1310.97, -1265.37, 4.56116, 0, 0, 0.296843),
	(528, -1314.88, -1266.79, 4.578, 0, 0, 0.346317),
	(529, -1261.53, -819.93, 17.0974, 0, 0, 2.2758),
	(530, -439.213, -2797, 7.29089, 0, 0, 0.742109),
	(531, -1264.62, -815.987, 17.0974, 0, 0, 2.12738),
	(532, -1270.77, -808.101, 17.1143, 0, 0, 2.17685),
	(533, -447.916, -2805.77, 7.29089, 0, 0, -2.32527),
	(534, -1274.04, -803.96, 17.2997, 0, 0, 2.17685),
	(535, -456.963, -2814.87, 7.29089, 0, 0, -2.2758),
	(536, -1284.79, -792.026, 17.5861, 0, 0, 2.57264),
	(537, -466.062, -2823.96, 7.29089, 0, 0, -2.22633),
	(538, -1293.38, -784.76, 17.5355, 0, 0, 2.2758),
	(539, -475.002, -2832.92, 7.29089, 0, 0, -2.2758),
	(540, -1314.63, -761.156, 20.3832, 0, 0, 2.22633),
	(541, -484.075, -2841.89, 7.29089, 0, 0, -2.32527),
	(542, -493.042, -2850.96, 7.29089, 0, 0, -2.22633),
	(543, -502.022, -2859.96, 7.29089, 0, 0, -2.32527),
	(544, -510.976, -2868.91, 7.29089, 0, 0, -2.2758),
	(545, -519.969, -2877.9, 7.29089, 0, 0, -2.2758),
	(546, -521.09, -2896.38, 5.99341, 0, 0, -1.1379),
	(547, -517.978, -2903.06, 5.99341, 0, 0, -1.1379),
	(548, -491.855, -2906.02, 5.99341, 0, 0, 0.791582),
	(549, -482.98, -2897.24, 5.99341, 0, 0, 0.445265),
	(550, -474.066, -2888.22, 5.99341, 0, 0, 0.692635),
	(551, -1472.29, -927.073, 10.1721, 0, 0, -0.544213),
	(552, -465.046, -2879.24, 5.99341, 0, 0, 0.593687),
	(553, -455.947, -2870.12, 5.99341, 0, 0, 0.494739),
	(554, -446.796, -2860.93, 5.99341, 0, 0, 0.692635),
	(555, -437.815, -2852.07, 5.99341, 0, 0, 0.346317),
	(556, -1469.89, -929.103, 10.189, 0, 0, -0.692635),
	(557, -428.809, -2843.08, 5.99341, 0, 0, 0.791582),
	(558, -1467.22, -931.332, 10.189, 0, 0, -0.692635),
	(559, -420.33, -2833.66, 5.99341, 0, 0, 0.89053),
	(560, -413.116, -2823.26, 5.99341, 0, 0, 1.03895),
	(561, -1490.29, -901.899, 10.0205, 0, 0, -0.643161),
	(562, -1493.63, -899.143, 10.0542, 0, 0, -0.544213),
	(563, -411.442, -2802.74, 5.99341, 0, 0, 2.37475),
	(564, -416.571, -2797.64, 5.99341, 0, 0, 2.0779),
	(565, -1500.47, -892.958, 10.0879, 0, 0, -0.643161),
	(566, 155.09, -3290.81, 7.02124, 0, 0, 1.48422),
	(567, 155.011, -3272.51, 7.02124, 0, 0, 1.58316),
	(568, 155.09, -3254.2, 7.02124, 0, 0, 1.53369),
	(569, 154.998, -3235.93, 7.02124, 0, 0, 1.68211),
	(570, -1607.53, -830.281, 10.071, 0, 0, -0.791582),
	(571, 155.182, -3217.64, 7.02124, 0, 0, 1.63264),
	(572, -1612.27, -826.167, 10.071, 0, 0, -0.791582),
	(573, -1616.6, -822.422, 10.071, 0, 0, -0.742109),
	(574, 155.275, -3183.09, 7.02124, 0, 0, 1.38527),
	(575, -1620.73, -818.716, 10.071, 0, 0, 2.37475),
	(576, -1625.38, -814.668, 10.071, 0, 0, 2.2758),
	(577, 155.064, -3164.62, 7.02124, 0, 0, 1.53369),
	(578, 155.024, -3146.15, 7.02124, 0, 0, 1.53369),
	(579, 155.051, -3128.07, 7.02124, 0, 0, 1.58316),
	(580, 155.209, -3109.94, 7.02124, 0, 0, 1.58316),
	(581, 155.222, -3075.05, 7.02124, 0, 0, 1.48422),
	(582, 155.09, -3056.6, 7.02124, 0, 0, 1.53369),
	(583, 155.011, -3038.35, 7.02124, 0, 0, 1.58316),
	(584, 154.998, -3019.93, 6.01025, 0, 0, 1.53369),
	(585, 144.105, -3006.28, 7.02124, 0, 0, 3.06738),
	(586, 129.851, -3006.28, 7.02124, 0, 0, 2.96843),
	(587, -1361.59, -932.413, 9.70032, 0, 0, 2.02843),
	(588, 119.393, -3020.16, 6.01025, 0, 0, -1.58316),
	(589, 119.459, -3038.35, 6.01025, 0, 0, -1.63264),
	(590, 119.354, -3056.78, 6.01025, 0, 0, -1.48422),
	(591, 119.024, -3075.16, 6.01025, 0, 0, -1.58316),
	(592, 119.393, -3128.24, 6.01025, 0, 0, -1.53369),
	(593, 119.446, -3146.65, 6.12817, 0, 0, -1.58316),
	(594, 119.433, -3164.72, 6.12817, 0, 0, -1.63264),
	(595, 119.077, -3183.13, 6.01025, 0, 0, -1.38527),
	(596, -1429.27, -644.703, 28.6732, 0, 0, -2.37475),
	(597, -1406.18, -629.789, 28.6732, 0, 0, 0.643161),
	(598, 119.182, -3217.77, 6.01025, 0, 0, -1.43474),
	(599, -1394.93, -636.369, 28.6732, 0, 0, -0.989478),
	(600, 119.433, -3236.02, 6.12817, 0, 0, -1.68211),
	(601, 119.407, -3254.31, 6.01025, 0, 0, -1.28632),
	(602, -1373.97, -637.833, 28.6732, 0, 0, -0.989478),
	(603, -1383.05, -653.499, 28.6732, 0, 0, 2.17685),
	(604, 119.354, -3272.53, 6.01025, 0, 0, -1.43474),
	(605, -1375.58, -659.209, 28.2689, 0, 0, 2.12738),
	(606, 119.367, -3291.01, 6.01025, 0, 0, -1.73159),
	(607, 119.341, -3309.2, 6.01025, 0, 0, -1.78106),
	(608, -1305.07, -616.576, 27.2748, 0, 0, 0.593687),
	(609, -1321.11, -594.448, 28.6058, 0, 0, 2.91896),
	(610, 144.409, -3322.97, 6.01025, 0, 0, 0),
	(611, -1327.69, -583.978, 29.3304, 0, 0, 2.0779),
	(612, 155.011, -3309.11, 6.01025, 0, 0, 1.48422),
	(613, 236.769, -3311.43, 5.77441, 0, 0, 0),
	(614, 227.829, -3311.51, 5.77441, 0, 0, 0),
	(615, -1265.24, -658.51, 26.6512, 0, 0, 2.22633),
	(616, -1251.52, -676.075, 25.9773, 0, 0, 2.22633),
	(617, -1237.69, -693.771, 23.7869, 0, 0, 2.22633),
	(618, -1213.87, -722.875, 21.6132, 0, 0, 2.17685),
	(619, 801.943, -2503.28, 22.2197, 0, 0, -1.63264),
	(620, -1219.17, -715.213, 21.967, 0, 0, 2.32527),
	(621, 801.297, -2511.92, 22.2534, 0, 0, -1.58316),
	(622, -1200.95, -737.275, 20.7876, 0, 0, 2.42422),
	(623, -1171.99, -753.917, 19.1868, 0, 0, 2.52317),
	(624, 800.387, -2520.95, 22.2029, 0, 0, -1.88001),
	(625, 900.462, -2533.98, 28.2858, 0, 0, -0.0494739),
	(626, 906.659, -2534.56, 28.2858, 0, 0, -0.0989478),
	(627, 1017.97, -2525.31, 28.2858, 0, 0, -1.58316),
	(628, 1018.39, -2520.54, 28.2858, 0, 0, -1.53369),
	(629, 1018.83, -2515.54, 28.2858, 0, 0, -1.43474),
	(630, -718.787, -1119.78, 10.8293, 0, 0, -2.62212),
	(631, -700.286, -1143.16, 10.7957, 0, 0, -2.42422),
	(632, -712.853, -1167.59, 10.5934, 0, 0, -0.643161),
	(633, -709.332, -1171.86, 10.5934, 0, 0, -1.03895),
	(634, 924.989, -2493.69, 29.5663, 0, 0, 3.01791),
	(635, 917.578, -2493.09, 29.5663, 0, 0, 3.01791),
	(636, 910.207, -2492.47, 29.5663, 0, 0, 2.96843),
	(637, 902.703, -2491.75, 29.5663, 0, 0, 3.01791),
	(638, 895.437, -2491.17, 29.5663, 0, 0, 2.86949),
	(639, -738.646, -2475.45, 13.9297, 0, 0, 0.940004),
	(640, 860.413, -2497.13, 28.3026, 0, 0, -1.63264),
	(641, -691.556, -2448.96, 15.126, 0, 0, -0.494739),
	(642, -686.123, -2452.17, 15.126, 0, 0, -0.643161),
	(643, -681.204, -2454.94, 15.126, 0, 0, -0.989478),
	(644, 844.853, -2365.24, 30.3414, 0, 0, 3.01791),
	(645, 859.332, -2366.44, 30.3414, 0, 0, 3.01791),
	(646, 870.33, -2367.49, 30.3414, 0, 0, -3.11686),
	(647, -750.29, -2564.87, 13.896, 0, 0, 1.03895),
	(648, -752.927, -2569.56, 13.896, 0, 0, 0.989478),
	(649, -755.341, -2573.74, 13.896, 0, 0, 1.03895),
	(650, 861.956, -2301.61, 30.3414, 0, 0, 0.0494739),
	(651, -757.965, -2578.27, 13.896, 0, 0, 0.89053),
	(652, -760.51, -2582.72, 13.8792, 0, 0, 0.841056),
	(653, -763.081, -2587.08, 13.8792, 0, 0, 0.791582),
	(654, -765.626, -2591.51, 13.8792, 0, 0, 0.989478),
	(655, -768.33, -2596.09, 13.8792, 0, 0, 1.03895),
	(656, -770.809, -2600.52, 13.8792, 0, 0, 0.989478),
	(657, 860.466, -2273.75, 30.5436, 0, 0, -1.28632),
	(658, -773.604, -2605.23, 13.8792, 0, 0, 0.791582),
	(659, 840.277, -2229.6, 30.5604, 0, 0, -0.346317),
	(660, 870.699, -2232.29, 30.5436, 0, 0, 0.0989478),
	(661, -844.207, -2928.84, 15.126, 0, 0, -0.494739),
	(662, -848.519, -2926.35, 15.126, 0, 0, -0.593687),
	(663, 873.429, -2200.81, 30.5099, 0, 0, -2.62212),
	(664, 880.022, -2164.62, 32.2623, 0, 0, -0.0989478),
	(665, 870.884, -2163.72, 32.2623, 0, 0, 0.0989478),
	(666, -1059.16, -2383.5, 13.9297, 0, 0, -0.148422),
	(667, 843.613, -2192.66, 30.274, 0, 0, 2.82001),
	(668, -1029.16, -2372.36, 13.9297, 0, 0, 1.03895),
	(669, -1024.95, -2365.05, 13.9297, 0, 0, 1.1379),
	(670, -1089.03, -2234.7, 13.2051, 0, 0, 2.32527),
	(671, -1098.88, -2224.85, 13.2051, 0, 0, 2.37475),
	(672, -1151.72, -2170.55, 13.2557, 0, 0, -0.841056),
	(673, -1056.94, -2004.26, 13.1545, 0, 0, -0.841056),
	(674, -1053.15, -2008.02, 13.1545, 0, 0, -0.791582),
	(675, -1046.11, -2015.06, 13.1545, 0, 0, -0.841056),
	(676, -1042.18, -2018.97, 13.1545, 0, 0, -0.346317),
	(677, -677.341, -2240.15, 5.79126, 0, 0, -3.01791),
	(678, 853.332, -2120.36, 30.5773, 0, 0, 1.48422),
	(679, -724.932, -2235.48, 5.92603, 0, 0, 2.91896),
	(680, -713.222, -2235.48, 5.92603, 0, 0, -3.11686),
	(681, 853.635, -2097.94, 30.2909, 0, 0, 2.91896),
	(682, -750.765, -2230.21, 5.79126, 0, 0, -3.06738),
	(683, -758.637, -2230.19, 5.79126, 0, 0, -3.06738),
	(684, -765.811, -2230.18, 5.79126, 0, 0, 2.96843),
	(685, 866.967, -2043.22, 30.948, 0, 0, 1.43474),
	(686, 867.547, -2038.39, 30.948, 0, 0, 1.38527),
	(687, 867.811, -2033.5, 30.948, 0, 0, 1.38527),
	(688, -670.985, -2392.81, 13.9297, 0, 0, -2.12738),
	(689, -664.048, -2380.8, 13.9297, 0, 0, -2.02843),
	(690, 865.451, -2002.34, 30.9648, 0, 0, 1.48422),
	(691, 884.637, -1987.62, 30.4762, 0, 0, -1.73159),
	(692, 885.27, -1980.63, 30.4762, 0, 0, -1.68211),
	(693, 872.809, -1959.51, 30.274, 0, 0, 1.38527),
	(694, -515.116, -2202.54, 6.38098, 0, 0, 2.42422),
	(695, 873.93, -1946.8, 30.2572, 0, 0, 1.38527),
	(696, 904.352, -1948.65, 30.5267, 0, 0, 2.72106),
	(697, 916.523, -1952.48, 30.493, 0, 0, 2.82001),
	(698, -334.51, -2439.47, 5.99341, 0, 0, -2.22633),
	(699, -317.248, -2437.25, 7.29089, 0, 0, 2.42422),
	(700, -307.965, -2445.05, 7.29089, 0, 0, 2.72106),
	(701, -298.826, -2452.71, 7.29089, 0, 0, 2.52317),
	(702, -289.556, -2460.47, 7.29089, 0, 0, 2.42422),
	(703, -287.868, -2495.91, 7.29089, 0, 0, -0.445265),
	(704, -297.033, -2488.21, 7.29089, 0, 0, -0.24737),
	(705, -306.211, -2480.51, 7.29089, 0, 0, -1.08843),
	(706, -315.481, -2472.73, 7.29089, 0, 0, -0.346317),
	(707, -333.732, -2457.42, 7.29089, 0, 0, -0.593687),
	(708, 960.132, -1993.03, 30.2234, 0, 0, -1.63264),
	(709, -252.725, -2586.33, 5.99341, 0, 0, -1.63264),
	(710, 959.591, -1998.88, 30.2234, 0, 0, -1.63264),
	(711, 959.037, -2004.95, 30.2234, 0, 0, -1.78106),
	(712, 958.51, -2011.12, 30.2402, 0, 0, -1.23685),
	(713, -211.596, -2584.27, 5.99341, 0, 0, 1.43474),
	(714, 920.888, -2012.97, 30.4088, 0, 0, 1.73159),
	(715, 920.36, -2019.16, 30.4088, 0, 0, 1.68211),
	(716, 919.78, -2025.38, 30.4257, 0, 0, 2.02843),
	(717, -134.413, -2510.08, 6.09448, 0, 0, -2.37475),
	(718, 919.24, -2031.22, 30.4425, 0, 0, 1.83053),
	(719, -144.211, -2524.09, 6.06079, 0, 0, -2.82001),
	(720, -128.769, -2534.73, 6.0271, 0, 0, 0.841056),
	(721, 908.927, -2097.42, 30.5436, 0, 0, 2.96843),
	(722, -111.534, -2493.98, 6.09448, 0, 0, 2.12738),
	(723, 890.941, -2095.91, 30.7627, 0, 0, 3.11686),
	(724, 912.145, -2174.12, 30.493, 0, 0, 1.38527),
	(725, 908.176, -2191.98, 30.5099, 0, 0, 1.53369),
	(726, 141.851, -2958.99, 7.22339, 0, 0, -0.148422),
	(727, 151.965, -2959, 7.22339, 0, 0, -0.494739),
	(728, 158.585, -2944.96, 7.22339, 0, 0, 1.63264),
	(729, 158.598, -2928.54, 7.22339, 0, 0, 0.791582),
	(730, 932.07, -2283.3, 30.9648, 0, 0, -1.68211),
	(731, 158.585, -2911.81, 7.24023, 0, 0, 1.58316),
	(732, 929.459, -2308.29, 30.6447, 0, 0, -1.48422),
	(733, 158.598, -2895.51, 7.22339, 0, 0, 1.53369),
	(734, 158.598, -2862.3, 7.22339, 0, 0, 1.53369),
	(735, 158.598, -2878.76, 7.22339, 0, 0, 1.63264),
	(736, 125.604, -2862.83, 5.99341, 0, 0, -1.83053),
	(737, 125.618, -2879.16, 5.99341, 0, 0, -1.63264),
	(738, 125.631, -2895.68, 5.99341, 0, 0, -1.78106),
	(739, 125.631, -2911.83, 5.99341, 0, 0, -1.78106),
	(740, 125.604, -2928.57, 5.99341, 0, 0, -1.68211),
	(741, 143.96, -3006.29, 7.02124, 0, 0, 3.01791),
	(742, -170.202, -2707.16, 5.99341, 0, 0, 1.58316),
	(743, -170.215, -2686.95, 5.99341, 0, 0, 1.53369),
	(744, -170.229, -2659.28, 5.99341, 0, 0, 1.3358),
	(745, 261.969, -1107.81, 29.7854, 0, 0, 0),
	(746, -192.686, -2658.92, 5.99341, 0, 0, -1.73159),
	(747, -192.659, -2679.72, 6.01025, 0, 0, -1.68211),
	(748, -192.699, -2707.53, 6.01025, 0, 0, -1.63264),
	(749, 343.754, -1087.29, 29.5157, 0, 0, -1.73159),
	(750, 350.097, -1094.81, 29.3978, 0, 0, -1.43474),
	(751, 350.097, -1104.08, 29.4821, 0, 0, -1.58316),
	(752, 337.912, -1101.81, 29.3978, 0, 0, -2.77054),
	(753, 233.235, -1873.48, 26.5333, 0, 0, 0.841056),
	(754, 182.848, -1840.59, 28.2014, 0, 0, -2.2758),
	(755, 162.976, -1809.56, 28.7406, 0, 0, -0.494739),
	(756, 137.433, -1695.65, 29.2799, 0, 0, 2.52317),
	(757, 143.842, -1701.03, 29.2799, 0, 0, 2.37475),
	(758, 359.182, -1107.06, 29.5494, 0, 0, 0),
	(759, 1134.95, -442.695, 66.4843, 0, 0, -1.78106),
	(760, 1132.64, -451.332, 66.4843, 0, 0, -1.83053),
	(761, 1130.6, -458.954, 66.4843, 0, 0, -2.12738),
	(762, 1128.12, -468.198, 66.4843, 0, 0, -2.12738),
	(763, -72.6989, -1820.76, 26.9377, 0, 0, 0.989478),
	(764, -85.8593, -1794.86, 28.4374, 0, 0, 2.17685),
	(765, -93.6923, -1788.29, 28.8586, 0, 0, 2.2758),
	(766, -99.7451, -1783.28, 29.1787, 0, 0, 2.0779),
	(767, -104.848, -1778.64, 29.4821, 0, 0, 2.32527),
	(768, -128.598, -1780.14, 29.8191, 0, 0, -2.4737),
	(769, -194.571, -1714.92, 32.6498, 0, 0, -0.89053),
	(770, 1142.66, -792.527, 57.5875, 0, 0, -1.53369),
	(771, -200.479, -1708.19, 32.6498, 0, 0, -0.544213),
	(772, -149.855, -1423.9, 30.9143, 0, 0, 1.97896),
	(773, -153.916, -1417.28, 30.8975, 0, 0, 1.48422),
	(774, 730.088, -944.031, 24.7642, 0, 0, 3.11686),
	(775, -200.479, -1378.92, 31.2513, 0, 0, 0.692635),
	(776, 735.771, -944.018, 24.8147, 0, 0, 3.11686),
	(777, -214.075, -1366.55, 31.2513, 0, 0, -2.62212),
	(778, -201.732, -1359.43, 31.2513, 0, 0, -2.57264),
	(779, 709.266, -892.246, 23.3488, 0, 0, 1.58316),
	(780, 709.292, -886.312, 23.3656, 0, 0, 1.68211),
	(781, -136.009, -1399.77, 29.7854, 0, 0, -2.17685),
	(782, 709.332, -898.312, 23.3488, 0, 0, 1.48422),
	(783, 721.978, -899.42, 24.3429, 0, 0, -1.68211),
	(784, 694.919, -908.532, 23.0286, 0, 0, 0.791582),
	(785, -165.218, -1359.45, 29.8359, 0, 0, 0.0989478),
	(786, -159.626, -1359.45, 29.8022, 0, 0, -0.395791),
	(787, 685.754, -916.404, 22.877, 0, 0, 0.841056),
	(788, -187.925, -1335.78, 31.3019, 0, 0, 1.38527),
	(789, -187.925, -1324.36, 31.3356, 0, 0, 1.83053),
	(790, -187.925, -1318.98, 31.3019, 0, 0, 1.28632),
	(791, -193.609, -1290.17, 31.285, 0, 0, 1.58316),
	(792, -193.609, -1284.47, 31.3019, 0, 0, 1.28632),
	(793, -174.026, -1266.33, 32.5824, 0, 0, -1.53369),
	(794, -326.176, -1284.28, 31.3019, 0, 0, -1.58316),
	(795, -326.163, -1278.87, 31.285, 0, 0, -1.1379),
	(796, -326.163, -1267.85, 31.285, 0, 0, -1.48422),
	(797, -324.382, -1348.26, 31.3524, 0, 0, -1.43474),
	(798, -320.255, -1401.02, 31.7568, 0, 0, -1.58316),
	(799, -298.299, -1406.97, 31.285, 0, 0, 1.53369),
	(800, -228.053, -1267.66, 31.285, 0, 0, -1.58316),
	(801, -46.0879, -1331.49, 29.9707, 0, 0, -1.28632),
	(802, -46.0747, -1340.93, 29.9875, 0, 0, -1.48422),
	(803, -20.9143, -1310.76, 29.2631, 0, 0, -3.01791),
	(804, -15.5341, -1310.76, 29.2631, 0, 0, 2.96843),
	(805, 3.28352, -1310.44, 30.156, 0, 0, -3.06738),
	(806, 26.2813, -1315.87, 29.5326, 0, 0, -3.06738),
	(807, 31.8989, -1315.87, 29.5157, 0, 0, -2.86949),
	(808, 36.6462, -1283.96, 29.2799, 0, 0, 1.53369),
	(809, -216.58, -1674.38, 34.4528, 0, 0, 0),
	(810, -224.321, -1674.29, 34.4528, 0, 0, 0),
	(811, -224.967, -1666.31, 34.4528, 0, 0, 0),
	(812, -225.033, -1648.93, 35.2446, 0, 0, 0),
	(813, -216.593, -1648.4, 34.4528, 0, 0, 0),
	(814, -212.242, -1660.67, 34.4528, 0, 0, 0),
	(815, -212.295, -1668.01, 34.4528, 0, 0, 0),
	(816, -216.593, -1674.44, 37.6205, 0, 0, 0),
	(817, -224.426, -1674.42, 37.6205, 0, 0, 0),
	(818, -224.901, -1666.3, 37.6205, 0, 0, 0),
	(819, 619.16, 2784.54, 43.4674, 0, 0, 3.11686),
	(820, -224.941, -1653.89, 37.6205, 0, 0, 0),
	(821, 588.33, 2782.36, 43.4674, 0, 0, 3.11686),
	(822, -224.084, -1648.58, 38.4293, 0, 0, 0),
	(823, 583.16, 2782, 43.4674, 0, 0, -3.06738),
	(824, -501.363, 299.868, 83.3173, 0, 0, 3.06738),
	(825, -216.488, -1648.46, 37.6205, 0, 0, 0),
	(826, 642.171, 2791.42, 41.9678, 0, 0, 1.38527),
	(827, -483.824, 298.193, 83.3341, 0, 0, 2.96843),
	(828, 639.415, 2771.64, 42.052, 0, 0, 2.96843),
	(829, -473.552, 297.297, 83.3341, 0, 0, 3.11686),
	(830, -468.884, 296.941, 83.3341, 0, 0, 2.86949),
	(831, -452.716, 287.921, 83.2161, 0, 0, -3.11686),
	(832, -208.681, -1600.59, 34.8572, 0, 0, 0),
	(833, -210.013, -1607.04, 34.8572, 0, 0, 0),
	(834, -212.149, -1617.6, 34.8572, 0, 0, 0),
	(835, -212.954, -1618.11, 34.8572, 0, 0, 0),
	(836, -223.081, -1617.53, 34.8572, 0, 0, 0),
	(837, -223.081, -1601.14, 34.874, 0, 0, 0),
	(838, 186.053, 2787.01, 45.9949, 0, 0, 1.63264),
	(839, -223.081, -1585.78, 34.8572, 0, 0, 0),
	(840, -215.736, -1576.29, 34.8572, 0, 0, 0),
	(841, -205.648, -1585.48, 34.8572, 0, 0, 0),
	(842, -205.622, -1585.54, 38.0417, 0, 0, 0),
	(843, -215.723, -1576.23, 38.0417, 0, 0, 0),
	(844, -219.349, -1579.85, 38.0417, 0, 0, 0),
	(845, 1164.38, -1310.97, 34.8909, 0, 0, 0),
	(846, -223.095, -1585.81, 38.0417, 0, 0, 0),
	(847, 1158.67, -1310.28, 34.9246, 0, 0, 0),
	(848, 225.653, 129.297, 103.402, 0, 0, 1.18737),
	(849, -223.068, -1601.24, 38.0417, 0, 0, 0),
	(850, 226.971, 133.095, 103.402, 0, 0, 1.18737),
	(851, 1158.94, -1374.49, 34.7054, 0, 0, 1.58316),
	(852, 1155.88, -1361.78, 34.8403, 0, 0, 3.06738),
	(853, 1151.08, -1361.91, 34.8235, 0, 0, 3.06738),
	(854, 1145.93, -1361.91, 34.7898, 0, 0, 2.82001),
	(855, 1140.96, -1361.91, 34.7391, 0, 0, 2.42422),
	(856, 1731.55, 3707.47, 34.0989, 0, 0, -2.67159),
	(857, -223.16, -1617.67, 38.0417, 0, 0, 0),
	(858, 1136.11, -1361.91, 34.5707, 0, 0, 2.72106),
	(859, 1727.08, 3705.84, 34.1157, 0, 0, -2.96843),
	(860, -212.809, -1618.14, 38.0417, 0, 0, 0),
	(861, 482.084, 121.16, 97.8081, 0, 0, -0.24737),
	(862, -212.163, -1617.61, 38.0417, 0, 0, 0),
	(863, 477.56, 122.809, 98.0608, 0, 0, -0.0494739),
	(864, -209.974, -1607.16, 38.0417, 0, 0, 0),
	(865, 471.719, 124.932, 98.4315, 0, 0, 0.148422),
	(866, -208.774, -1600.62, 38.0417, 0, 0, 0),
	(867, 1130.04, -1304.87, 34.7391, 0, 0, -2.91896),
	(868, 1191.16, -1261.4, 35.1436, 0, 0, 1.58316),
	(869, 1951.48, 3825.19, 32.1443, 0, 0, -1.08843),
	(870, 1213.85, -1256.56, 35.2109, 0, 0, -1.3358),
	(871, 377.895, 228.646, 103.166, 0, 0, 1.68211),
	(872, 1213.86, -1262.25, 35.2109, 0, 0, -1.63264),
	(873, -173.657, -1547.25, 35.1267, 0, 0, 0),
	(874, 356.716, 328.22, 103.992, 0, 0, -0.197896),
	(875, 353.13, 329.169, 104.16, 0, 0, 0),
	(876, -179.552, -1554.25, 35.1099, 0, 0, 0),
	(877, -187.24, -1563.31, 35.7502, 0, 0, 0),
	(878, -192.079, -1559.85, 34.9414, 0, 0, 0),
	(879, -196.312, -1555.81, 34.9414, 0, 0, 0),
	(880, 961.899, -1472.16, 31.0154, 0, 0, 1.68211),
	(881, -167.512, -1534.54, 35.093, 0, 0, 0),
	(882, 190.246, 347.591, 107.665, 0, 0, -3.06738),
	(883, 978.132, -1500.26, 31.4535, 0, 0, -1.58316),
	(884, -174.541, -1528.64, 34.3517, 0, 0, 0),
	(885, 186.949, 347.565, 107.834, 0, 0, -3.01791),
	(886, -180.251, -1534.36, 34.3517, 0, 0, 0),
	(887, -184.47, -1539.51, 34.3517, 0, 0, 0),
	(888, 993.745, -1557.85, 30.7627, 0, 0, 3.01791),
	(889, 379.345, 3583.27, 33.2902, 0, 0, -1.92948),
	(890, 197.222, 306.29, 105.441, 0, 0, -0.643161),
	(891, 178.062, 308.73, 105.357, 0, 0, 0.148422),
	(892, 961.279, -1529.29, 31.0322, 0, 0, -1.3358),
	(893, -196.233, -1555.73, 38.3282, 0, 0, 0),
	(894, -192.158, -1559.82, 38.3282, 0, 0, 0),
	(895, 980.822, -1711.38, 31.1165, 0, 0, -1.83053),
	(896, -188.202, -1563.15, 39.1201, 0, 0, 0),
	(897, 980.149, -1719.09, 31.1165, 0, 0, -1.73159),
	(898, -187.253, -1563.32, 39.1201, 0, 0, 0),
	(899, -179.618, -1554.22, 38.3282, 0, 0, 0),
	(900, -173.657, -1547.24, 38.3282, 0, 0, 0),
	(901, -167.446, -1534.43, 38.3282, 0, 0, 0),
	(902, -180.211, -1534.44, 37.5194, 0, 0, 0),
	(903, -184.51, -1539.53, 37.5194, 0, 0, 0),
	(904, -354.119, 6066.24, 31.4872, 0, 0, -2.52317),
	(905, -428.36, 6161.79, 31.4703, 0, 0, -2.32527),
	(906, 995.631, -1854.24, 31.0322, 0, 0, 0.148422),
	(907, 1002.24, -1854.82, 31.0322, 0, 0, -0.0494739),
	(908, -237.125, 6228.57, 31.4872, 0, 0, -2.57264),
	(909, -247.147, 6240.61, 31.4872, 0, 0, 0.692635),
	(910, 967.569, -1810.17, 31.2175, 0, 0, -0.197896),
	(911, -174.554, -1528.58, 37.5194, 0, 0, 0),
	(912, 930.765, -1803.3, 30.6447, 0, 0, 2.02843),
	(913, -773.802, 270.237, 85.7942, 0, 0, -2.82001),
	(914, -219.31, 6246.36, 31.4872, 0, 0, -2.0779),
	(915, 928.747, -1826.48, 30.7627, 0, 0, 1.3358),
	(916, -759.877, 272.73, 85.7605, 0, 0, -3.01791),
	(917, -215.169, 6250.48, 31.4872, 0, 0, -2.32527),
	(918, -199.464, 6260.61, 31.6219, 0, 0, -2.42422),
	(919, -192.646, 6266.58, 31.6219, 0, 0, -2.42422),
	(920, 908.202, -1722.44, 32.1443, 0, 0, 0),
	(921, -802.971, 352.681, 87.8667, 0, 0, -2.96843),
	(922, -778.444, 352.602, 87.8667, 0, 0, 3.01791),
	(923, -192.712, 6266.54, 31.5714, 0, 0, -2.37475),
	(924, 1082.85, -1949.63, 30.9985, 0, 0, -1.97896),
	(925, -754.286, 352.378, 87.8667, 0, 0, -2.86949),
	(926, 989.749, -1994.98, 31.7737, 0, 0, 2.32527),
	(927, 992.769, -1999.46, 31.7737, 0, 0, 2.17685),
	(928, 1036.93, -2177.58, 31.5209, 0, 0, 1.63264),
	(929, 1085.08, -2289.19, 30.2234, 0, 0, 1.53369),
	(930, 1083.97, -2300.44, 30.2234, 0, 0, 1.53369),
	(931, -120.013, -1574.48, 34.1663, 0, 0, 0),
	(932, -114.053, -1579.53, 34.1663, 0, 0, 0),
	(933, -118.787, -1586.12, 34.2, 0, 0, 0),
	(934, -42.3297, 6417.11, 31.4872, 0, 0, 0.791582),
	(935, 1079.56, -2389.94, 30.5773, 0, 0, 3.01791),
	(936, -122.993, -1591.17, 34.2, 0, 0, 0),
	(937, -35.3802, 6424.06, 31.4198, 0, 0, 0.593687),
	(938, 1066.4, -2388.79, 30.5099, 0, 0, 2.96843),
	(939, -140.413, -1599.63, 34.8235, 0, 0, 0),
	(940, -147.89, -1596.51, 34.8235, 0, 0, 0),
	(941, -51.9429, 6395.68, 31.4872, 0, 0, -2.32527),
	(942, -140.242, -1587.4, 34.2336, 0, 0, 0),
	(943, 2.4, 6308.81, 31.2175, 0, 0, -2.67159),
	(944, -134.374, -1580.37, 34.2, 0, 0, 0),
	(945, 991.49, -2395.2, 30.5099, 0, 0, -1.68211),
	(946, 44.4659, 6304.01, 31.2175, 0, 0, 0.445265),
	(947, -120.026, -1574.44, 37.4015, 0, 0, 0),
	(948, 1024.44, -2398.27, 30.1055, 0, 0, 1.58316),
	(949, 96.2242, 6329.42, 31.3693, 0, 0, -0.989478),
	(950, 93.2967, 6335.33, 31.3693, 0, 0, -0.692635),
	(951, -114.079, -1579.45, 37.4015, 0, 0, 0),
	(952, 1064.94, -2410.48, 29.9875, 0, 0, -1.53369),
	(953, 109.108, 6326.23, 31.3693, 0, 0, 0.494739),
	(954, -118.787, -1586.15, 37.4015, 0, 0, 0),
	(955, 1051.87, -2399.6, 30.0212, 0, 0, -1.18737),
	(956, -123.086, -1591.24, 37.4015, 0, 0, 0),
	(957, 155.829, 6358.67, 32.3297, 0, 0, 0.445265),
	(958, 1055.22, -2366.84, 30.5604, 0, 0, -1.68211),
	(959, 169.793, 6366.03, 32.3297, 0, 0, 0.395791),
	(960, 1057.65, -2334.69, 30.5267, 0, 0, -1.43474),
	(961, 183.93, 6373.46, 32.3297, 0, 0, 0.445265),
	(962, -134.426, -1580.44, 37.4015, 0, 0, 0),
	(963, 185.921, 6378.57, 32.3297, 0, 0, 1.92948),
	(964, 179.341, 6392.14, 31.3693, 0, 0, 1.97896),
	(965, 1008.69, -2531.14, 28.2858, 0, 0, 2.96843),
	(966, -140.229, -1587.42, 37.4015, 0, 0, 0),
	(967, 175.846, 6398.77, 31.3187, 0, 0, 2.0779),
	(968, -147.837, -1596.36, 38.2102, 0, 0, 0),
	(969, -147.521, -1597.05, 38.2102, 0, 0, 0),
	(970, 111.771, 6370.92, 31.3693, 0, 0, -2.57264),
	(971, -140.229, -1599.64, 38.2102, 0, 0, 0),
	(972, -60.844, 6219.11, 31.3524, 0, 0, 1.38527),
	(973, -79.6352, 6210.26, 31.4535, 0, 0, 0.643161),
	(974, -90.8308, 6199.79, 31.4366, 0, 0, 0.940004),
	(975, -204.343, 6096.05, 31.7905, 0, 0, 2.12738),
	(976, -246.791, 6068.77, 32.3297, 0, 0, -0.89053),
	(977, -147.943, -1687.54, 33.0542, 0, 0, 0),
	(978, -281.064, 6168.71, 31.4872, 0, 0, 2.0779),
	(979, -146.941, -1688.44, 33.0542, 0, 0, 0),
	(980, 758.809, -899.116, 25.2021, 0, 0, 2.37475),
	(981, -141.56, -1693.64, 33.0542, 0, 0, 0),
	(982, -141.692, -1692.86, 32.8689, 0, 0, 0),
	(983, -157.925, -1679.85, 33.8293, 0, 0, 0),
	(984, -157.925, -1679.3, 36.9634, 0, 0, 0),
	(985, -158.519, -1679.27, 36.9634, 0, 0, 0),
	(986, -148.022, -1687.52, 36.1545, 0, 0, 0),
	(987, -146.888, -1688.43, 36.1545, 0, 0, 0),
	(988, -141.626, -1692.86, 36.1545, 0, 0, 0),
	(989, -141.613, -1693.54, 36.1545, 0, 0, 0),
	(990, -161.156, -1638.83, 34.0146, 0, 0, 0),
	(991, -160.022, -1636.26, 34.0146, 0, 0, 0),
	(992, -153.521, -1641.14, 36.8455, 0, 0, 0),
	(993, -161.776, -1638.4, 37.2329, 0, 0, 0),
	(994, -160.022, -1636.3, 37.2329, 0, 0, 0),
	(995, -150.33, -1625.58, 33.6439, 0, 0, 0),
	(996, -151.358, -1622.52, 33.6439, 0, 0, 0),
	(997, -145.095, -1618.71, 36.0366, 0, 0, 0),
	(998, -145.991, -1614.47, 36.0366, 0, 0, 0),
	(999, -152.466, -1623.97, 36.8455, 0, 0, 0),
	(1000, -150.369, -1625.58, 36.8455, 0, 0, 0),
	(1001, -866.651, -187.78, 37.8396, 0, 0, 0),
	(1002, -114.343, -1659.65, 32.5487, 0, 0, 0),
	(1003, -121.174, -1653.22, 32.5487, 0, 0, 0),
	(1004, -128.993, -1647.28, 33.2902, 0, 0, 0),
	(1005, -138.752, -1658.91, 33.3239, 0, 0, 0),
	(1006, -131.657, -1665.59, 32.5487, 0, 0, 0),
	(1007, -124.088, -1671.27, 32.5487, 0, 0, 0),
	(1008, -130.905, -1679.51, 34.9077, 0, 0, 0),
	(1009, -124.101, -1671.27, 35.6996, 0, 0, 0),
	(1010, -866.651, -187.807, 37.8396, 0, 0, 0),
	(1011, -131.604, -1665.51, 35.6996, 0, 0, 0),
	(1012, -867.6, -186.145, 37.8396, 0, 0, 0),
	(1013, -138.633, -1658.93, 36.5084, 0, 0, 0),
	(1014, -866.611, -187.886, 37.8396, 0, 0, 0),
	(1015, -107.367, -1651.49, 34.874, 0, 0, 0),
	(1016, -114.33, -1659.77, 35.6996, 0, 0, 0),
	(1017, -121.292, -1653.14, 35.6996, 0, 0, 0),
	(1018, -129.033, -1647.49, 36.5084, 0, 0, 0),
	(1019, 296.519, -894.079, 29.2292, 0, 0, 0),
	(1020, 295.648, -896.149, 29.2124, 0, 0, 0),
	(1021, -80.3736, -1607.84, 31.4703, 0, 0, 0),
	(1022, -87.9956, -1601.43, 32.296, 0, 0, 0),
	(1023, -93.5604, -1607.26, 32.296, 0, 0, 0),
	(1024, -97.7802, -1612.29, 32.296, 0, 0, 0),
	(1025, -109.714, -1628.61, 32.9026, 0, 0, 0),
	(1026, -105.534, -1632.61, 32.9026, 0, 0, 0),
	(1027, -97.2396, -1639.02, 32.0938, 0, 0, 0),
	(1028, -89.4593, -1629.93, 31.504, 0, 0, 0),
	(1029, -83.6571, -1623.03, 31.4703, 0, 0, 0),
	(1030, -80.2945, -1607.83, 34.6886, 0, 0, 0),
	(1031, -88.0484, -1601.34, 35.4806, 0, 0, 0),
	(1032, -93.5604, -1607.27, 35.4806, 0, 0, 0),
	(1033, -98.0835, -1612.65, 35.4806, 0, 0, 0),
	(1034, -109.516, -1628.43, 36.2726, 0, 0, 0),
	(1035, -105.402, -1632.73, 36.2726, 0, 0, 0),
	(1036, -98.1231, -1638.83, 35.4806, 0, 0, 0),
	(1037, -97.1209, -1639.05, 35.4806, 0, 0, 0),
	(1038, -89.4857, -1630.05, 34.6886, 0, 0, 0),
	(1039, -83.6044, -1622.95, 34.6886, 0, 0, 0),
	(1040, -50.3473, -1783.25, 28.2858, 0, 0, 0),
	(1041, -42.0132, -1792.19, 27.814, 0, 0, 0),
	(1042, -34.1934, -1847.06, 26.1794, 0, 0, 0),
	(1043, -20.4923, -1858.96, 25.4044, 0, 0, 0),
	(1044, -32.4791, -1102.09, 26.4154, 0, 0, 1.08843),
	(1045, -41.433, -1095.1, 26.0447, 0.000938391, -0.00197287, -2.89711),
	(1046, -339.653, 625.437, 171.341, 0, 0, 0),
	(1047, -31.5956, -1091.01, 26.0447, -0.00186575, 0.00113656, -0.4508),
	(1048, -31.6088, -1091.04, 26.0447, 0.000827739, 0.000518948, -0.450801),
	(1049, -4.77362, -1872.28, 24.1406, 0, 0, 0),
	(1050, -151.833, 910.642, 235.64, 0, 0, 0),
	(1051, 5.34066, -1884.22, 23.6857, 0, 0, 0),
	(1052, -85.6352, 834.541, 235.909, 0, 0, 0),
	(1053, 21.389, -1844.62, 24.5956, 0, 0, 0),
	(1054, -112.945, 985.912, 235.741, 0, 0, 0),
	(1055, 30.0132, -1854.7, 24.0564, 0, 0, 0),
	(1056, 46.1011, -1864.22, 23.2644, 0, 0, 0),
	(1057, 23.2352, -1896.76, 22.9612, 0, 0, 0),
	(1058, 38.967, -1911.63, 21.9502, 0, 0, 0),
	(1059, 54.4088, -1873.05, 22.7927, 0, 0, 0),
	(1060, 56.5714, -1922.84, 21.8997, 0, 0, 0),
	(1061, 72.1319, -1939.04, 21.3605, 0, 0, 0),
	(1062, 76.2857, -1948.06, 21.1582, 0, 0, 0),
	(1063, 86.0703, -1959.64, 21.1077, 0, 0, 0),
	(1064, 114.422, -1961.22, 21.3268, 0, 0, 0),
	(1065, 126.686, -1930.05, 21.3773, 0, 0, 0),
	(1066, 118.431, -1921.04, 21.3099, 0, 0, 0),
	(1067, 100.853, -1912.13, 21.3942, 0, 0, 0),
	(1068, 104.031, -1885.33, 24.3092, 0, 0, 0),
	(1069, 115.332, -1887.93, 23.9216, 0, 0, 0),
	(1070, 130.246, -1853.55, 25.219, 0, 0, 0),
	(1071, 128.189, -1896.98, 23.6688, 0, 0, 0),
	(1072, 148.668, -1904.45, 23.5172, 0, 0, 0),
	(1073, 149.947, -1864.73, 24.5787, 0, 0, 0),
	(1074, 171.56, -1871.45, 24.3934, 0, 0, 0),
	(1075, 179.13, -1923.89, 21.3605, 0, 0, 0),
	(1076, 192.316, -1883.35, 25.0505, 0, 0, 0),
	(1077, 165.02, -1945.02, 20.2314, 0, 0, 0),
	(1078, 208.549, -1895.39, 24.7979, 0, 0, 0),
	(1079, 148.8, -1960.56, 19.4564, 0, 0, 0),
	(1080, 144.29, -1968.91, 18.8499, 0, 0, 0),
	(1081, 140.624, -1983.05, 18.3107, 0, 0, 0),
	(1082, 152.624, -1823.99, 27.8645, 0, 0, 0),
	(1083, 279.64, -1993.99, 20.7876, 0, 0, 0),
	(1084, 236.031, -2046.28, 18.3781, 0, 0, 0),
	(1085, 291.481, -1980.07, 21.5963, 0, 0, 0),
	(1086, 251.011, -2030.25, 18.6981, 0, 0, 0),
	(1087, 256.273, -2023.6, 19.2542, 0, 0, 0),
	(1088, 263.156, -2013.9, 19.2036, 0, 0, 0),
	(1089, 250.431, -2006.36, 20.1978, 0, 0, 0),
	(1090, 332.347, -2018.45, 22.3378, 0, 0, 0),
	(1091, 1019.26, -2511.76, 28.4711, 0, 0, 1.38527),
	(1092, 295.793, -1971.77, 22.8938, 0, 0, 0),
	(1093, 335.974, -2021.62, 22.3378, 0, 0, 0),
	(1094, 343.49, -2027.76, 22.3378, 0, 0, 0),
	(1095, 311.921, -1956.17, 24.6124, 0, 0, 0),
	(1096, 344.769, -2028.98, 22.3378, 0, 0, 0),
	(1097, 352.114, -2035, 22.3378, 0, 0, 0),
	(1098, 353.591, -2036.31, 22.3378, 0, 0, 0),
	(1099, 324.343, -1937.37, 25.0168, 0, 0, 0),
	(1100, 360.593, -2042.44, 22.3378, 0, 0, 0),
	(1101, 364.484, -2045.74, 22.3378, 0, 0, 0),
	(1102, 372.462, -2055.97, 21.7311, 0, 0, 0),
	(1103, 371.262, -2057.39, 21.7311, 0, 0, 0),
	(1104, 365.209, -2064.7, 21.7311, 0, 0, 0),
	(1105, 357.837, -2073.38, 21.7311, 0, 0, 0),
	(1106, 282.844, -1899.06, 27.2579, 0, 0, 0),
	(1107, 356.822, -2074.71, 21.7311, 0, 0, 0),
	(1108, 345.64, -2067.38, 20.9392, 0, 0, 0),
	(1109, 270.382, -1917.01, 26.1794, 0, 0, 0),
	(1110, 341.842, -2064.26, 20.9224, 0, 0, 0),
	(1111, 258.237, -1927.15, 25.4381, 0, 0, 0),
	(1112, 250.905, -1934.93, 24.6967, 0, 0, 0),
	(1113, 281.921, -1694.9, 29.6337, 0, 0, 0),
	(1114, 334.497, -2058.28, 20.9224, 0, 0, 0),
	(1115, 332.954, -2057, 20.9224, 0, 0, 0),
	(1116, 325.741, -2050.92, 20.9224, 0, 0, 0),
	(1117, 324.343, -2049.71, 20.9224, 0, 0, 0),
	(1118, 269.604, -1712.82, 29.6674, 0, 0, 0),
	(1119, 317.064, -2043.64, 20.9224, 0, 0, 0),
	(1120, 313.305, -2040.51, 20.9224, 0, 0, 0),
	(1121, 293.341, -2044.1, 19.6417, 0, 0, 0),
	(1122, -718.127, -1327.07, 1.59558, 0, 0, 0.89053),
	(1123, 257.367, -1722.73, 29.6505, 0, 0, 0),
	(1124, 290.782, -2047.16, 19.6417, 0, 0, 0),
	(1125, 286.299, -2052.54, 19.6417, 0, 0, 0),
	(1126, 250.075, -1730.76, 29.6674, 0, 0, 0),
	(1127, 312.62, -2053.89, 20.9392, 0, 0, 0),
	(1128, 315.64, -2056.43, 20.9392, 0, 0, 0),
	(1129, 320.967, -2060.89, 20.9224, 0, 0, 0),
	(1130, 324.198, -2063.6, 20.9224, 0, 0, 0),
	(1131, 197.486, -1725.6, 29.6505, 0, 0, 0),
	(1132, 332.492, -2070.57, 20.9224, 0, 0, 0),
	(1133, 216.409, -1717.24, 29.6674, 0, 0, 0),
	(1134, 304.615, -1775.29, 29.0945, 0, 0, 0),
	(1135, 341.96, -2075.12, 20.9224, 0, 0, 0),
	(1136, 288.58, -1792.48, 28.0835, 0, 0, 0),
	(1137, 222.936, -1702.97, 29.6842, 0, 0, 0),
	(1138, 363.824, -2082.95, 21.748, 0, 0, 0),
	(1139, 320.571, -1759.87, 29.6337, 0, 0, 0),
	(1140, 368.163, -2077.82, 21.748, 0, 0, 0),
	(1141, 370.721, -2074.75, 21.748, 0, 0, 0),
	(1142, 333.046, -1740.98, 29.7179, 0, 0, 0),
	(1143, 375.284, -2069.29, 21.748, 0, 0, 0),
	(1144, 377.789, -2066.31, 21.748, 0, 0, 0),
	(1145, 382.207, -2061.05, 21.748, 0, 0, 0),
	(1146, 392.004, -2044.07, 23.4161, 0, 0, 0),
	(1147, 275.789, -1739.35, 29.381, 0, 0, 0.940004),
	(1148, 395.09, -2037.71, 23.3993, 0, 0, 0),
	(1149, 396.646, -2034.15, 23.3993, 0, 0, 0),
	(1150, 399.613, -2027.78, 23.3993, 0, 0, 0),
	(1151, 401.275, -2024.18, 23.3993, 0, 0, 0),
	(1152, 404.163, -2017.99, 23.3993, 0, 0, 0),
	(1153, 371.538, -2040.74, 22.186, 0, 0, 0),
	(1154, 320.281, -1854.04, 27.5106, 0, 0, 0),
	(1155, 383.116, -2037.71, 23.3993, 0, 0, 0),
	(1156, 240.462, -1688.07, 29.6842, 0, 0, 0),
	(1157, 383.881, -2036.04, 23.3993, 0, 0, 0),
	(1158, 329.314, -1845.9, 27.7465, 0, 0, 0),
	(1159, 388.642, -2025.94, 23.3993, 0, 0, 0),
	(1160, 253.24, -1671.15, 29.6505, 0, 0, 0),
	(1161, 338.637, -1829.63, 28.3195, 0, 0, 0),
	(1162, 393.455, -2015.63, 23.3993, 0, 0, 0),
	(1163, 392.703, -2017.16, 23.3993, 0, 0, 0),
	(1164, 365.354, -2032.07, 22.3883, 0, 0, 0),
	(1165, 348.725, -1820.99, 28.8923, 0, 0, 0),
	(1166, 362.149, -2029.38, 22.3883, 0, 0, 0),
	(1167, 356.967, -2025.05, 22.3883, 0, 0, 0),
	(1168, 353.789, -2022.37, 22.3883, 0, 0, 0),
	(1169, 440.505, -1829.58, 28.3531, 0, 0, 0),
	(1170, 345.389, -2015.41, 22.3883, 0, 0, 0),
	(1171, 335.908, -2010.88, 22.3041, 0, 0, 0),
	(1172, 427.253, -1842.24, 28.4542, 0, 0, 0),
	(1173, 330.501, -2000.08, 24.0396, 0, 0, 0),
	(1174, 335.143, -1994.65, 24.0396, 0, 0, 0),
	(1175, 412.286, -1856.29, 27.3085, 0, 0, 0),
	(1176, 337.516, -1991.71, 24.0396, 0, 0, 0),
	(1177, 342.053, -1982, 24.1406, 0, 0, 0),
	(1178, 399.231, -1865.02, 26.7018, 0, 0, 0),
	(1179, 334.615, -1978.54, 24.1575, 0, 0, 0),
	(1180, 331.53, -1982.41, 24.1575, 0, 0, 0),
	(1181, 325.305, -1989.68, 24.1575, 0, 0, 0),
	(1182, 324.29, -1990.89, 24.1575, 0, 0, 0),
	(1183, 385.029, -1881.51, 26.0278, 0, 0, 0),
	(1184, 362.4, -1987.19, 24.2249, 0, 0, 0),
	(1185, -239.169, -1397.88, 31.2682, 0, 0, -1.38527),
	(1186, 363.916, -1987.82, 24.2249, 0, 0, 0),
	(1187, 374.519, -1991.7, 24.2249, 0, 0, 0),
	(1188, 383.525, -1994.93, 24.2249, 0, 0, 0),
	(1189, 385.2, -1995.53, 24.2249, 0, 0, 0),
	(1190, 405.969, -1751.35, 29.701, 0, 0, 0),
	(1191, 383.921, -2006.47, 24.2417, 0, 0, 0),
	(1192, 368.73, -1895.75, 25.1685, 0, 0, 0),
	(1193, 419.196, -1735.62, 29.6, 0, 0, 0),
	(1194, 377.156, -2004.16, 24.2417, 0, 0, 0),
	(1195, 373.451, -2002.65, 24.2417, 0, 0, 0),
	(1196, 367.121, -2000.35, 24.2417, 0, 0, 0),
	(1197, 431.196, -1725.51, 29.6, 0, 0, 0),
	(1198, 363.244, -1998.94, 24.2417, 0, 0, 0),
	(1199, 356.901, -1996.62, 24.2417, 0, 0, 0),
	(1200, 443.288, -1707.36, 29.701, 0, 0, 0),
	(1201, 495.455, -1823.41, 28.8586, 0, 0, 0),
	(1202, 334.338, -2092.83, 18.2432, 0, 0, 0),
	(1203, 500.677, -1813.4, 28.8755, 0, 0, 0),
	(1204, 500.426, -1697.02, 29.7854, 0, 0, 0),
	(1205, 329.96, -2095.42, 18.2432, 0, 0, 0),
	(1206, 321.877, -2100.08, 18.2432, 0, 0, 0),
	(1207, 489.706, -1713.86, 29.701, 0, 0, 0),
	(1208, 511.912, -1790.89, 28.926, 0, 0, 0),
	(1209, 320.163, -2101.08, 18.2432, 0, 0, 0),
	(1210, 323.13, -2111.67, 18.1084, 0, 0, 0),
	(1211, 329.037, -2108.25, 18.1084, 0, 0, 0),
	(1212, 479.789, -1735.77, 29.145, 0, 0, 0),
	(1213, 332.492, -2106.26, 18.1084, 0, 0, 0),
	(1214, 340.259, -2098.79, 18.1926, 0, 0, 0),
	(1215, 468.145, -1802.91, 28.589, 0, 0, 0.841056),
	(1216, 474.554, -1757.58, 29.0776, 0, 0, 0),
	(1217, 304.958, -2086.54, 17.6871, 0, 0, 0),
	(1218, 302.69, -2080.3, 17.704, 0, 0, 0),
	(1219, 472.088, -1775.6, 29.0608, 0, 0, 0),
	(1220, 514.273, -1780.88, 28.9092, 0, 0, 0),
	(1221, 301.213, -2076.24, 17.704, 0, 0, 0),
	(1222, 295.121, -2067.75, 17.6366, 0, 0, 0),
	(1223, 288.382, -2072.57, 17.6534, 0, 0, 0),
	(1224, 290.057, -2077, 17.6534, 0, 0, 0),
	(1225, 293.314, -2086, 17.6534, 0, 0, 0),
	(1226, 293.921, -2087.67, 17.6534, 0, 0, 0),
	(1227, 295.978, -2093.33, 17.6534, 0, 0, 0),
	(1228, 297.64, -2098.04, 17.6534, 0, 0, 0),
	(1229, 305.947, -2097.02, 17.5187, 0, 0, 0),
	(1230, 279.732, -2043.45, 19.7598, 0, 0, 0),
	(1231, 281.024, -2042.18, 19.7598, 0, 0, 0),
	(1232, 430.167, -1559.33, 32.7847, 0, 0, 0),
	(1233, 436.18, -1564.62, 32.8184, 0, 0, 0),
	(1234, 287.13, -2034.92, 19.7598, 0, 0, 0),
	(1235, 442.18, -1569.72, 32.8184, 0, 0, 0),
	(1236, 290.176, -2031.22, 19.7598, 0, 0, 0),
	(1237, 454.945, -1580.24, 32.8184, 0, 0, 0),
	(1238, 461.011, -1585.29, 32.8184, 0, 0, 0),
	(1239, 467.077, -1590.4, 32.8184, 0, 0, 0),
	(1240, 460.668, -1573.52, 32.7847, 0, 0, 0),
	(1241, 465.547, -1567.5, 32.8184, 0, 0, 0),
	(1242, 470.703, -1561.38, 32.8184, 0, 0, 0),
	(1243, 479.631, -1553.39, 29.4652, 0, 0, 0),
	(1244, 414.488, -1508.52, 29.2799, 0, 0, 0),
	(1245, 408, -1499.79, 30.1392, 0, 0, 0),
	(1246, 412.404, -1488.45, 30.1392, 0, 0, 0),
	(1247, 415.82, -1485.65, 30.1392, 0, 0, 0),
	(1248, 419.736, -1481.38, 30.1392, 0, 0, 0),
	(1249, 16.7604, -1443.92, 30.948, 0, 0, 0),
	(1250, -1.81978, -1442.1, 30.948, 0, 0, 0),
	(1251, -14.2286, -1441.78, 31.0996, 0, 0, 0),
	(1252, -32.2681, -1446.3, 31.8748, 0, 0, 0),
	(1253, -45.4154, -1445.49, 32.4139, 0, 0, 0),
	(1254, -64.4967, -1449.56, 32.515, 0, 0, 0),
	(1255, -77.5253, -1515.07, 34.2336, 0, 0, 0),
	(1256, -71.8154, -1508.26, 33.4249, 0, 0, 0),
	(1257, -112.51, -1479.28, 33.8125, 0, 0, 0),
	(1258, -65.0901, -1512.9, 33.4249, 0, 0, 0),
	(1259, -107.525, -1473.27, 33.8125, 0, 0, 0),
	(1260, -60.1714, -1517.22, 33.4249, 0, 0, 0),
	(1261, -126.646, -1456.54, 34.6212, 0, 0, 0),
	(1262, -53.2088, -1523.66, 33.4249, 0, 0, 0),
	(1263, -35.789, -1555.21, 30.6615, 0, 0, 0),
	(1264, -58.8791, -1531.09, 34.3517, 0, 0, 0),
	(1265, -44.6637, -1547.12, 31.4366, 0, 0, 0),
	(1266, -132.514, -1462.87, 33.8125, 0, 0, 0),
	(1267, -36.1055, -1536.91, 31.4366, 0, 0, 0),
	(1268, -62.3473, -1532.6, 34.2336, 0, 0, 0),
	(1269, -125.908, -1473.78, 36.9802, 0, 0, 0),
	(1270, -26.4791, -1544.32, 30.6615, 0, 0, 0),
	(1271, -69.1648, -1526.58, 34.2336, 0, 0, 0),
	(1272, -120.343, -1478.44, 36.9802, 0, 0, 0),
	(1273, -19.7275, -1550.82, 30.6615, 0, 0, 0),
	(1274, -119.169, -1486.64, 36.9802, 0, 0, 0),
	(1275, -24.8703, -1556.94, 30.6783, 0, 0, 0),
	(1276, -77.7495, -1515.23, 37.4183, 0, 0, 0),
	(1277, -33.3231, -1567.17, 33.0205, 0, 0, 0),
	(1278, -71.7231, -1508.27, 36.6095, 0, 0, 0),
	(1279, -28.233, -1560.95, 33.8125, 0, 0, 0),
	(1280, -65.3934, -1512.84, 36.6095, 0, 0, 0),
	(1281, -35.9341, -1555.12, 33.8125, 0, 0, 0),
	(1282, -59.9736, -1517.18, 36.6095, 0, 0, 0),
	(1283, -44.4, -1547.1, 34.6044, 0, 0, 0),
	(1284, -112.589, -1479.42, 36.9802, 0, 0, 0),
	(1285, -53.3143, -1523.82, 36.6095, 0, 0, 0),
	(1286, -107.697, -1473.35, 36.9802, 0, 0, 0),
	(1287, -58.9582, -1530.67, 37.4183, 0, 0, 0),
	(1288, -62.3736, -1532.57, 37.4183, 0, 0, 0),
	(1289, -113.367, -1467.75, 36.9802, 0, 0, 0),
	(1290, -69.3494, -1526.72, 37.4183, 0, 0, 0),
	(1291, -122.769, -1459.93, 36.9802, 0, 0, 0),
	(1292, -127.556, -1456.88, 37.7891, 0, 0, 0),
	(1293, -132.409, -1462.68, 36.9802, 0, 0, 0),
	(1294, -138.066, -1470.94, 36.9802, 0, 0, 0),
	(1295, -1059.93, -1658.77, 4.66223, 0, 0, 0),
	(1296, -1058.49, -1657.45, 4.66223, 0, 0, 0),
	(1297, -1069.89, -1653.27, 4.40955, 0, 0, 0),
	(1298, -1075.32, -1645.04, 4.49377, 0, 0, 0),
	(1299, -1058.35, -1643.29, 4.47693, 0, 0, 0),
	(1300, -1063.02, -1641.52, 4.47693, 0, 0, 0),
	(1301, -1071.74, -1636.67, 8.18384, 0, 0, 0),
	(1302, -1077.02, -1621.21, 4.46008, 0, 0, 0),
	(1303, -1078.84, -1616.45, 4.42639, 0, 0, 0),
	(1304, -1093.54, -1608.45, 8.45349, 0, 0, 0),
	(1305, -921.349, -1095.49, 2.13477, 0, 0, 0),
	(1306, -938.888, -1087.64, 2.13477, 0, 0, 0),
	(1307, -1063.74, -1054.96, 2.13477, 0, 0, 0),
	(1308, -1114.77, -1577.74, 4.52747, 0, 0, 0),
	(1309, -1068.59, -1049.25, 6.39783, 0, 0, 0),
	(1310, -1114.1, -1579.77, 8.67249, 0, 0, 0),
	(1311, -946.826, -1051.28, 2.26965, 0, 0, 0),
	(1312, -1112.37, -1578.47, 8.67249, 0, 0, 0),
	(1313, -943.358, -1075.45, 2.74146, 0, 0, 0),
	(1314, -1076.22, -1026.99, 4.54431, 0, 0, 0),
	(1315, -952.853, -1077.8, 2.67395, 0, 0, 0),
	(1316, -1088.32, -1622.95, 4.72961, 0, 0, 0),
	(1317, -1082.53, -1631.01, 4.72961, 0, 0, 0),
	(1318, -948.29, -1107.8, 2.16846, 0, 0, 0),
	(1319, -1071.42, -1640, 4.84766, 0, 0, 0),
	(1320, -959.684, -1109.72, 2.13477, 0, 0, 0),
	(1321, -1108.77, -1040.9, 2.13477, 0, 0, 0),
	(1322, -963.666, -1110.01, 2.16846, 0, 0, 0),
	(1323, -1105.66, -1596.99, 4.61169, 0, 0, 0),
	(1324, -1134.88, -1568.81, 4.3927, 0, 0, 0),
	(1325, -977.868, -1092.09, 4.20728, 0, 0, 0),
	(1326, -1148.72, -1524.16, 10.6271, 0, 0, 0),
	(1327, -1149.9, -1521.72, 10.6271, 0, 0, 0),
	(1328, -991.582, -1103.42, 2.13477, 0, 0, 0),
	(1329, -977.974, -1108.18, 2.13477, 0, 0, 0),
	(1330, -1103.39, -1014.61, 2.53918, 0, 0, 0),
	(1331, -986.044, -1121.55, 4.54431, 0, 0, 0),
	(1332, -1084.47, -1559.29, 4.78027, 0, 0, 0),
	(1333, -1077.06, -1554.08, 4.61169, 0, 0, 0),
	(1334, -1112.41, -1019.8, 2.38757, 0, 0, 0),
	(1335, -1065.93, -1545.82, 4.89819, 0, 0, 0),
	(1336, -1034.08, -1128.13, 2.15161, 0, 0, 0),
	(1337, -1057.71, -1540.76, 5.10034, 0, 0, 0),
	(1338, -1031.88, -1109.3, 2.15161, 0, 0, 0),
	(1339, -1103.96, -1059.94, 2.72449, 0, 0, 0),
	(1340, -1122.28, -1046.28, 2.13477, 0, 0, 0),
	(1341, -1024.59, -1140.03, 2.74146, 0, 0, 0),
	(1342, -1056.94, -1587.22, 4.61169, 0, 0, 0),
	(1343, -1005.34, -1155.03, 2.15161, 0, 0, 0),
	(1344, -1134.12, -1050.17, 2.13477, 0, 0, 0),
	(1345, -1034.84, -1147.21, 2.15161, 0, 0, 0),
	(1346, -1041.55, -1590.54, 4.98242, 0, 0, 0),
	(1347, -1127.79, -1081.13, 4.20728, 0, 0, 0),
	(1348, -1032.2, -1582.65, 5.25195, 0, 0, 0),
	(1349, -1039.36, -1610.2, 5.10034, 0, 0, 0),
	(1350, -1040.41, -1135.89, 2.15161, 0, 0, 0),
	(1351, -1114.17, -1069.29, 2.13477, 0, 0, 0),
	(1352, -1032.09, -1620.17, 5.10034, 0, 0, 0),
	(1353, -1045.89, -1159.75, 2.15161, 0, 0, 0),
	(1354, -1023.6, -1614.36, 5.0835, 0, 0, 0),
	(1355, -1030.27, -1604.28, 5.0835, 0, 0, 0),
	(1356, -1064.02, -1133.34, 2.15161, 0, 0, 0),
	(1357, -1049.12, -1581.06, 4.98242, 0, 0, 0),
	(1358, -1063.35, -1160.22, 2.74146, 0, 0, 0),
	(1359, -1074.15, -1152.79, 2.15161, 0, 0, 0),
	(1360, -1082.52, -1139.16, 2.15161, 0, 0, 0),
	(1361, -1056.99, -1551.22, 4.91504, 0, 0, 0),
	(1362, -1091.42, -1145.22, 2.15161, 0, 0, 0),
	(1363, -1067.72, -1163.43, 2.74146, 0, 0, 0),
	(1364, -1101.77, -1536.87, 4.578, 0, 0, 0),
	(1365, -1108.17, -1527.24, 6.76855, 0, 0, 0),
	(1366, -1041.59, -1025.78, 2.74146, 0, 0, 0),
	(1367, -1087.57, -1529.18, 4.88135, 0, 0, 0),
	(1368, -1053.96, -1000.22, 6.39783, 0, 0, 0),
	(1369, -1113.82, -1193.49, 2.35388, 0, 0, 0),
	(1370, -1078.64, -1524.09, 5.06665, 0, 0, 0),
	(1371, -1113.45, -1195.86, 6.66736, 0, 0, 0),
	(1372, -1022.19, -1022.97, 2.13477, 0, 0, 0),
	(1373, -1085.92, -1503.92, 5.70691, 0, 0, 0),
	(1374, -1111.38, -1194.62, 6.66736, 0, 0, 0),
	(1375, -1008.46, -1015.29, 2.13477, 0, 0, 0),
	(1376, -1116.95, -1505.64, 4.3927, 0, 0, 0),
	(1377, -1111.13, -1497.93, 4.66223, 0, 0, 0),
	(1378, -1107.32, -1222.92, 2.55603, 0, 0, 0),
	(1379, -1102.35, -1491.9, 4.88135, 0, 0, 0),
	(1380, -1090.97, -1485.23, 5.30261, 0, 0, 0),
	(1381, -1103.33, -1222.35, 2.72449, 0, 0, 0),
	(1382, -1109.08, -1482.3, 4.91504, 0, 0, 0),
	(1383, -1100.28, -1232, 3.17944, 0, 0, 0),
	(1384, -1117.78, -1488.38, 4.72961, 0, 0, 0),
	(1385, -1129.99, -1496.7, 4.42639, 0, 0, 0),
	(1386, -1135.2, -1468.22, 4.61169, 0, 0, 0),
	(1387, -1146.17, -1466.45, 4.49377, 0, 0, 0),
	(1388, -1142.36, -1461.23, 4.61169, 0, 0, 0),
	(1389, -1023.36, -997.925, 2.13477, 0, 0, 0),
	(1390, -1125.85, -1171.93, 2.35388, 0, 0, 0),
	(1391, -1146.18, -1466.48, 7.67834, 0, 0, 0),
	(1392, -1142.44, -1461.24, 7.67834, 0, 0, 0),
	(1393, -1136.68, -1466.08, 7.67834, 0, 0, 0),
	(1394, -1012.4, -982.774, 2.13477, 0, 0, 0),
	(1395, -1129.21, -1162.62, 6.48206, 0, 0, 0),
	(1396, -1133.13, -1456.05, 4.84766, 0, 0, 0),
	(1397, -1135.78, -1153.05, 2.74146, 0, 0, 0),
	(1398, -997.332, -1012.43, 2.13477, 0, 0, 0),
	(1399, -1142.4, -1144.55, 2.82568, 0, 0, 0),
	(1400, -990.514, -975.982, 4.20728, 0, 0, 0),
	(1401, -1146.09, -1127.84, 6.4989, 0, 0, 0),
	(1402, -978.725, -990.62, 4.54431, 0, 0, 0),
	(1403, -1150.05, -1116.79, 2.30334, 0, 0, 0),
	(1404, -935.143, -939.231, 2.13477, 0, 0, 0),
	(1405, -1160.64, -1101.9, 6.51575, 0, 0, 0),
	(1406, -947.71, -928.022, 2.13477, 0, 0, 0),
	(1407, -1158.86, -1100.87, 6.51575, 0, 0, 0),
	(1408, -1161.34, -1099.99, 2.21899, 0, 0, 0),
	(1409, -948.251, -910.418, 2.74146, 0, 0, 0),
	(1410, -951.666, -905.723, 2.72449, 0, 0, 0),
	(1411, -1177.62, -1073.58, 5.89233, 0, 0, 0),
	(1412, -927.64, -949.938, 2.74146, 0, 0, 0),
	(1413, -1182.87, -1064.44, 2.13477, 0, 0, 0),
	(1414, -1190.86, -1054.88, 2.13477, 0, 0, 0),
	(1415, -908.637, -975.93, 2.13477, 0, 0, 0),
	(1416, -1195.28, -1036.13, 2.2865, 0, 0, 0),
	(1417, -1200.53, -1031.92, 2.13477, 0, 0, 0),
	(1418, -900.673, -982.51, 2.23584, 0, 0, 0),
	(1419, -1204.71, -1021.87, 5.94287, 0, 0, 0),
	(1420, -903.099, -1005.76, 2.13477, 0, 0, 0),
	(1421, -1754.07, -708.752, 10.3912, 0, 0, 0),
	(1422, -971.196, -885.6, 2.13477, 0, 0, 0),
	(1423, -1755.88, -692.69, 10.1384, 0, 0, 0),
	(1424, -984.277, -889.556, 2.13477, 0, 0, 0),
	(1425, -998.004, -904.259, 2.74146, 0, 0, 0),
	(1426, -1777.09, -701.486, 10.5092, 0, 0, 0),
	(1427, -1022.57, -896.809, 5.40369, 0, 0, 0),
	(1428, -1031.08, -902.888, 3.68494, 0, 0, 0),
	(1429, -1766.19, -681.613, 10.3407, 0, 0, 0),
	(1430, -1791.23, -683.169, 10.6271, 0, 0, 0),
	(1431, -1043.63, -923.842, 3.14575, 0, 0, 0),
	(1432, -1793.38, -663.943, 10.5934, 0, 0, 0),
	(1433, -1053.88, -932.413, 3.34802, 0, 0, 0),
	(1434, -1053.77, -930, 7.54358, 0, 0, 0),
	(1435, -1803.93, -661.859, 10.7113, 0, 0, 0),
	(1436, -1085.14, -935.618, 3.07837, 0, 0, 0),
	(1437, -1061.74, -942.712, 2.20215, 0, 0, 0),
	(1438, -1814.04, -656.769, 10.8799, 0, 0, 0),
	(1439, -1820.24, -643.662, 10.9304, 0, 0, 0),
	(1440, -1151.63, -990.435, 2.13477, 0, 0, 0),
	(1441, -1175.12, -976.286, 2.13477, 0, 0, 0),
	(1442, -1834.05, -641.815, 11.4696, 0, 0, 0),
	(1443, -1111.48, -902.136, 3.97144, 0, 0, 0),
	(1444, -1115.92, -895.543, 7.79639, 0, 0, 0),
	(1445, -1111.45, -902.163, 7.77954, 0, 0, 0),
	(1446, -1836.24, -631.609, 10.7451, 0, 0, 0),
	(1447, -1115.87, -895.622, 11.7898, 0, 0, 0),
	(1448, -1111.36, -902.281, 11.7898, 0, 0, 0),
	(1449, -1838.72, -629.354, 11.2336, 0, 0, 0),
	(1450, -1877.42, -600.013, 11.8572, 0, 0, 0),
	(1451, -1884.76, -599.908, 11.8909, 0, 0, 0),
	(1452, -1883.22, -578.941, 11.8066, 0, 0, 0),
	(1453, -1152.2, -913.411, 6.98755, 0, 0, 0),
	(1454, -1154.85, -931.121, 2.7583, 0, 0, 0),
	(1455, -1179.43, -929.248, 6.98755, 0, 0, 0),
	(1456, -1901.33, -586.18, 11.8572, 0, 0, 0),
	(1457, -1204.77, -945.455, 3.75244, 0, 0, 0),
	(1458, -1202.81, -945.033, 8.09961, 0, 0, 0),
	(1459, -1203.84, -943.081, 8.09961, 0, 0, 0),
	(1460, -1911.61, -576.066, 19.0857, 0, 0, 0),
	(1461, -1912.33, -575.169, 14.6879, 0, 0, 0),
	(1462, -1913.64, -574.075, 11.4191, 0, 0, 0),
	(1463, -1386.13, -1053.61, 4.32532, 0, 0, 0),
	(1464, -1383.82, -1057.66, 4.34216, 0, 0, 0),
	(1465, -1920.08, -569.881, 11.9077, 0, 0, 0),
	(1466, -1381.42, -1061.82, 4.32532, 0, 0, 0),
	(1467, -1379.05, -1065.93, 4.34216, 0, 0, 0),
	(1468, -1376.68, -1070.07, 4.34216, 0, 0, 0),
	(1469, -1919.91, -569.829, 14.7384, 0, 0, 0),
	(1470, -1374.44, -1073.93, 4.30847, 0, 0, 0),
	(1471, -1915.54, -565.516, 17.6703, 0, 0, 0),
	(1472, -1915.69, -565.332, 20.4674, 0, 0, 0),
	(1473, -1918.52, -542.664, 11.8235, 0, 0, 0),
	(1474, -1252.68, -1144.62, 8.50403, 0, 0, 0),
	(1475, -1253.92, -1140.62, 8.55457, 0, 0, 0),
	(1476, -1950.28, -544.273, 14.7216, 0, 0, 0),
	(1477, -1945.77, -547.78, 14.7216, 0, 0, 0),
	(1478, -1339.71, -1127.76, 4.32532, 0, 0, 0),
	(1479, -1335.86, -1147.03, 6.7179, 0, 0, 0),
	(1480, -1347.48, -1146.69, 4.52747, 0, 0, 0),
	(1481, -1349.7, -1161.57, 4.49377, 0, 0, 0),
	(1482, -1958.29, -538.207, 11.8909, 0, 0, 0),
	(1483, -1349.6, -1187.71, 4.56116, 0, 0, 0),
	(1484, -1957.91, -538.536, 15.5472, 0, 0, 0),
	(1485, -1957.99, -538.444, 19.1531, 0, 0, 0),
	(1486, -1331.31, -1176.76, 4.49377, 0, 0, 0),
	(1487, -1967.88, -531.626, 12.1604, 0, 0, 0),
	(1488, -1969.48, -516.448, 11.8235, 0, 0, 0),
	(1489, -1977.24, -525.917, 12.0088, 0, 0, 0),
	(1490, -1088.53, -1672.11, 4.69592, 0, 0, 0),
	(1491, -1975.83, -524.822, 15.4462, 0, 0, 0),
	(1492, -1975.75, -524.835, 18.9172, 0, 0, 0),
	(1493, -1898.94, 132.475, 81.9692, 0, 0, 0),
	(1494, -902.426, -1298.81, 6.19556, 0, 0, 0),
	(1495, -891.191, -1294.76, 6.19556, 0, 0, 0),
	(1496, -868.51, -1286.48, 6.19556, 0, 0, 0),
	(1497, -857.407, -1282.38, 6.19556, 0, 0, 0),
	(1498, -1932.03, 162.62, 84.6483, 0, 0, 0),
	(1499, -925.094, -1306.93, 6.19556, 0, 0, 0),
	(1500, -936.369, -1311.18, 6.19556, 0, 0, 0),
	(1501, -947.473, -1315.23, 6.19556, 0, 0, 0),
	(1502, -925.134, -1307.08, 9.68347, 0, 0, 0),
	(1503, -936.198, -1311.11, 9.68347, 0, 0, 0),
	(1504, -947.789, -1315.33, 9.68347, 0, 0, 0),
	(1505, -913.793, -1302.96, 9.68347, 0, 0, 0),
	(1506, -902.532, -1298.86, 9.68347, 0, 0, 0),
	(1507, -890.993, -1294.65, 9.68347, 0, 0, 0),
	(1508, -879.877, -1290.61, 9.68347, 0, 0, 0),
	(1509, -868.444, -1286.56, 9.68347, 0, 0, 0),
	(1510, -857.262, -1282.43, 9.68347, 0, 0, 0),
	(1511, -925.121, -1307.08, 13.1882, 0, 0, 0),
	(1512, -936.251, -1311.13, 13.1882, 0, 0, 0),
	(1513, -947.67, -1315.33, 13.1882, 0, 0, 0),
	(1514, -913.688, -1302.95, 13.1882, 0, 0, 0),
	(1515, -902.413, -1298.8, 13.1882, 0, 0, 0),
	(1516, -891.046, -1294.75, 13.1882, 0, 0, 0),
	(1517, -879.93, -1290.66, 13.1882, 0, 0, 0),
	(1518, -868.563, -1286.48, 13.1882, 0, 0, 0),
	(1519, -857.248, -1282.36, 13.1882, 0, 0, 0),
	(1520, -1002.21, -1218.51, 5.75757, 0, 0, 0),
	(1521, -1011.27, -1223.96, 5.95972, 0, 0, 0),
	(1522, -1961.09, 211.952, 86.7883, 0, 0, 0),
	(1523, -975.481, -1580.28, 5.16772, 0, 0, 0),
	(1524, -970.629, -1578.54, 5.16772, 0, 0, 0),
	(1525, -1969.89, 246.198, 87.7656, 0, 0, 0),
	(1526, -941.182, -1567.86, 5.16772, 0, 0, 0),
	(1527, -933.877, -1555.87, 5.21826, 0, 0, 0),
	(1528, -1995.47, 301.029, 91.9612, 0, 0, 0),
	(1529, -947.209, -1551.1, 5.16772, 0, 0, 0),
	(1530, -976.866, -1561.91, 5.16772, 0, 0, 0),
	(1531, -981.653, -1563.64, 5.16772, 0, 0, 0),
	(1532, -935.591, -1523.24, 5.23511, 0, 0, 0),
	(1533, -2008.48, 367.569, 94.8088, 0, 0, 0),
	(1534, -922.259, -1527.78, 5.16772, 0, 0, 0),
	(1535, -917.433, -1526.08, 5.16772, 0, 0, 0),
	(1536, -887.868, -1515.3, 5.16772, 0, 0, 0),
	(1537, -880.668, -1503.15, 5.23511, 0, 0, 0),
	(1538, -2011.15, 445.029, 103.015, 0, 0, 0),
	(1539, -893.947, -1498.56, 5.16772, 0, 0, 0),
	(1540, -923.538, -1509.28, 5.16772, 0, 0, 0),
	(1541, -2014.93, 499.741, 107.16, 0, 0, 0),
	(1542, -928.312, -1511.02, 5.16772, 0, 0, 0),
	(1543, -1996.23, 591.125, 118.078, 0, 0, 0),
	(1544, -1974.82, 630.897, 122.678, 0, 0, 0),
	(1545, -1896.32, 642.567, 130.193, 0, 0, 0),
	(1546, -1010.43, -1532.1, 4.89819, 0, 0, 0),
	(1547, -991.068, -1518.88, 4.89819, 0, 0, 0),
	(1548, -1928.97, 595.437, 122.274, 0, 0, 0),
	(1549, -1937.5, 551.116, 115.012, 0, 0, 0),
	(1550, -1942.69, 449.459, 102.914, 0, 0, 0),
	(1551, -1940.78, 387.534, 96.4938, 0, 0, 0),
	(1552, -1247.12, -1358.33, 7.81323, 0, 0, 0),
	(1553, -1975.77, -515.71, 17.6703, 0, 0, 0),
	(1554, -1931.17, 362.571, 93.9663, 0, 0, 0),
	(1555, -1979.88, -520.154, 11.874, 0, 0, 0),
	(1556, -1256.32, -1331.08, 4.07251, 0, 0, 0),
	(1557, -1975.65, -515.815, 17.6703, 0, 0, 0),
	(1558, -1271.7, -1297.52, 8.28503, 0, 0, 0),
	(1559, -1272.45, -1295.43, 8.28503, 0, 0, 0),
	(1560, -1975.87, -515.789, 20.4674, 0, 0, 0),
	(1561, -1922.39, 298.444, 89.2821, 0, 0, 0),
	(1562, -1270.02, -1296.24, 3.98828, 0, 0, 0),
	(1563, -1905.53, 252.884, 86.4513, 0, 0, 0),
	(1564, -1873.31, 202.167, 84.3451, 0, 0, 0),
	(1565, -1493.74, -668.268, 29.0103, 0, 0, 0),
	(1566, -1498.09, -664.655, 29.0103, 0, 0, 0),
	(1567, -1495.28, -661.596, 29.0103, 0, 0, 0),
	(1568, -1490.74, -658.352, 29.0103, 0, 0, 0),
	(1569, -1486.76, -655.424, 29.5663, 0, 0, 0),
	(1570, -1482.12, -652.088, 29.5663, 0, 0, 0),
	(1571, -1478.23, -649.279, 29.5663, 0, 0, 0),
	(1572, -1473.68, -645.943, 29.5663, 0, 0, 0),
	(1573, -1469.67, -643.042, 29.5663, 0, 0, 0),
	(1574, -1465.09, -639.719, 29.5663, 0, 0, 0),
	(1575, -1461.31, -640.932, 29.5663, 0, 0, 0),
	(1576, -1452.49, -653.169, 29.5663, 0, 0, 0),
	(1577, -1828.39, 311.763, 89.7032, 0, 0, 0),
	(1578, -1454.29, -655.82, 29.5663, 0, 0, 0),
	(1579, -1764.34, -707.591, 14.0308, 0, 0, 0),
	(1580, -1459.05, -659.275, 29.5663, 0, 0, 0),
	(1581, -1462.91, -662.07, 29.5663, 0, 0, 0),
	(1582, -1764, -707.855, 17.6366, 0, 0, 0),
	(1583, -1467.64, -665.525, 29.5663, 0, 0, 0),
	(1584, -1471.52, -668.387, 29.5663, 0, 0, 0),
	(1585, -1807.86, 333.178, 89.5516, 0, 0, 0),
	(1586, -1782.29, -694.932, 13.7274, 0, 0, 0),
	(1587, -1461.34, -640.906, 33.3744, 0, 0, 0),
	(1588, -1457.99, -645.495, 33.3744, 0, 0, 0),
	(1589, -1455.74, -648.58, 33.3744, 0, 0, 0),
	(1590, -1452.4, -653.248, 33.3744, 0, 0, 0),
	(1591, -1454.45, -655.965, 33.3744, 0, 0, 0),
	(1592, -1733.1, 379.002, 89.7201, 0, 0, 0),
	(1593, -1458.98, -659.235, 33.3744, 0, 0, 0),
	(1594, -1462.96, -662.11, 33.3744, 0, 0, 0),
	(1595, -1467.53, -665.433, 33.3744, 0, 0, 0),
	(1596, -1826.97, -652.18, 14.5531, 0, 0, 0),
	(1597, -1471.66, -668.426, 33.3744, 0, 0, 0),
	(1598, -1476.12, -671.67, 33.3744, 0, 0, 0),
	(1599, -1826.81, -651.851, 18.041, 0, 0, 0),
	(1600, -1673.24, 385.609, 89.3326, 0, 0, 0),
	(1601, -1540.02, 420.448, 110.007, 0, 0, 0),
	(1602, -1495.83, 437.037, 112.484, 0, 0, 0),
	(1603, -1500.54, 523.174, 118.264, 0, 0, 0),
	(1604, -1667.56, -441.073, 40.3502, 0, 0, 0),
	(1605, -1643.09, -411.732, 42.0688, 0, 0, 0),
	(1606, -1453.83, 512.294, 117.792, 0, 0, 0),
	(1607, -1622.78, -379.82, 43.7032, 0, 0, 0),
	(1608, -1405.45, 526.906, 123.824, 0, 0, 0),
	(1609, -1597.11, -352.127, 45.9612, 0, 0, 0),
	(1610, -1405.24, 561.917, 125.391, 0, 0, 0),
	(1611, -1710.7, -493.912, 41.6139, 0, 0, 0),
	(1612, -1367.08, 610.84, 133.884, 0, 0, 0),
	(1613, -1712.03, -492.844, 41.6139, 0, 0, 0),
	(1614, -1337.17, 606.237, 134.372, 0, 0, 0),
	(1615, -1693.05, -464.651, 41.6476, 0, 0, 0),
	(1616, -1698.36, -460.338, 41.6476, 0, 0, 0),
	(1617, -1707.05, -453.231, 42.6417, 0, 0, 0),
	(1618, -1372.65, 584.255, 131.44, 0, 0, 0),
	(1619, -1714.17, -463.622, 41.6476, 0, 0, 0),
	(1620, -1713.45, -470.4, 41.6476, 0, 0, 0),
	(1621, -1712.76, -477.073, 41.6476, 0, 0, 0),
	(1622, -1346.32, 560.796, 130.53, 0, 0, 0),
	(1623, -1709.72, -481.015, 41.6476, 0, 0, 0),
	(1624, -1700.04, -474.923, 41.6476, 0, 0, 0),
	(1625, -1704.54, -480.435, 41.6476, 0, 0, 0),
	(1626, -1277.51, 630.053, 143.235, 0, 0, 0),
	(1627, -1715.45, -447.152, 42.6417, 0, 0, 0),
	(1628, -1697.02, -422.413, 46.0117, 0, 0, 0),
	(1629, -1678.47, -401.459, 47.5282, 0, 0, 0),
	(1630, -1291.82, 650.426, 141.5, 0, 0, 0),
	(1631, -1662.5, -378.897, 48.8931, 0, 0, 0),
	(1632, -1668.4, -384.699, 48.8931, 0, 0, 0),
	(1633, -1248.74, 642.844, 142.713, 0, 0, 0),
	(1634, -1219.02, 664.826, 144.533, 0, 0, 0),
	(1635, -1656.45, -372.435, 49.348, 0, 0, 0),
	(1636, -1651.5, -369.455, 49.8367, 0, 0, 0),
	(1637, -1647.2, -363.046, 49.8367, 0, 0, 0),
	(1638, -1255.2, 667.081, 142.814, 0, 0, 0),
	(1639, -1564.39, -300.409, 48.219, 0, 0, 0),
	(1640, -1555, -290.189, 48.2697, 0, 0, 0),
	(1641, -1569.75, -295.147, 48.2697, 0, 0, 0),
	(1642, -1196.74, 693.112, 147.414, 0, 0, 0),
	(1643, -1560.74, -285.31, 48.2697, 0, 0, 0),
	(1644, -1574.84, -290.163, 48.2697, 0, 0, 0),
	(1645, -1566.2, -280.207, 48.2697, 0, 0, 0),
	(1646, -1582.59, -277.938, 48.2697, 0, 0, 0),
	(1647, -1165.61, 726.712, 155.603, 0, 0, 0),
	(1648, -1583.75, -265.635, 48.2697, 0, 0, 0),
	(1649, -1560.78, -274.774, 48.2697, 0, 0, 0),
	(1650, -1117.75, 761.473, 164.281, 0, 0, 0),
	(1651, -1130.78, 784.444, 163.876, 0, 0, 0),
	(1652, -1555.56, -279.626, 48.2697, 0, 0, 0),
	(1653, -1550.16, -284.294, 48.2697, 0, 0, 0),
	(1654, -1100.55, 798, 167.246, 0, 0, 0),
	(1655, -884.083, -1072.47, 2.52234, 0, 0, 0),
	(1656, -1546.23, -284.057, 48.3539, 0, 0, 0),
	(1657, -1542.75, -278.651, 48.2697, 0, 0, 0),
	(1658, -1541.34, -276.738, 48.2697, 0, 0, 0),
	(1659, -1537.98, -272.374, 48.2697, 0, 0, 0),
	(1660, -1536.69, -270.686, 48.2697, 0, 0, 0),
	(1661, -869.552, -1103.78, 6.43152, 0, 0, 0),
	(1662, -869.486, -1105.71, 2.4718, 0, 0, 0),
	(1663, -1067.62, 795.719, 166.977, 0, 0, 0),
	(1664, -1531.74, -265.226, 48.3539, 0, 0, 0),
	(1665, -1533.31, -260.163, 48.2697, 0, 0, 0),
	(1666, -1538.18, -254.914, 48.2697, 0, 0, 0),
	(1667, -1543.09, -248.914, 48.2697, 0, 0, 0),
	(1668, -1056.4, 761.301, 167.314, 0, 0, 0),
	(1669, -1317.82, -939.27, 9.71716, 0, 0, 0),
	(1670, -1064.78, 726.87, 165.46, 0, 0, 0),
	(1671, -1308.96, -931.187, 13.3568, 0, 0, 0),
	(1672, -1310.85, -931.82, 13.3568, 0, 0, 0),
	(1673, -1317.98, -934.457, 13.3568, 0, 0, 0),
	(1674, -1319.74, -935.051, 13.3568, 0, 0, 0),
	(1675, -1319.68, -935.064, 16.3561, 0, 0, 0),
	(1676, -1318.15, -934.484, 16.3561, 0, 0, 0),
	(1677, -1310.72, -931.78, 16.3561, 0, 0, 0),
	(1678, -997.332, 681.666, 160.675, 0, 0, 0),
	(1679, -1309.08, -931.174, 16.3561, 0, 0, 0),
	(1680, -1329.23, -938.505, 15.3451, 0, 0, 0),
	(1681, -1331.17, -939.218, 15.3451, 0, 0, 0),
	(1682, -1338.3, -941.815, 15.3451, 0, 0, 0),
	(1683, -1339.17, -941.486, 15.3451, 0, 0, 0),
	(1684, -1329.26, -938.532, 12.3458, 0, 0, 0),
	(1685, -1331.17, -939.218, 12.3458, 0, 0, 0),
	(1686, -974.149, 684.409, 158.029, 0, 0, 0),
	(1687, -1338.4, -941.947, 12.3458, 0, 0, 0),
	(1688, -1339.08, -941.486, 12.3458, 0, 0, 0),
	(1689, -931.424, 690.989, 153.463, 0, 0, 0),
	(1690, -908.703, 693.745, 151.424, 0, 0, 0),
	(1691, -1549.42, -91.0286, 54.9253, 0, 0, 0),
	(1692, -884.624, 699.429, 151.256, 0, 0, 0),
	(1693, -1465.15, -34.5099, 55.0432, 0, 0, 0),
	(1694, -1467.48, 34.7473, 54.5377, 0, 0, 0),
	(1695, -1515.49, 23.7495, 56.8125, 0, 0, 0),
	(1696, -853.029, 695.13, 148.981, 0, 0, 0),
	(1697, -819.363, 696.593, 148.105, 0, 0, 0),
	(1698, -765.837, 650.571, 145.695, 0, 0, 0),
	(1699, -1570.79, 22.4044, 59.5421, 0, 0, 0),
	(1700, -753.31, 620.334, 142.831, 0, 0, 0),
	(1701, -1629.94, 36.3033, 62.929, 0, 0, 0),
	(1702, -733.147, 593.697, 142.477, 0, 0, 0),
	(1703, -704.149, 588.382, 142.275, 0, 0, 0),
	(1704, -685.965, 596.242, 143.623, 0, 0, 0),
	(1705, -668.308, 638.967, 149.52, 0, 0, 0),
	(1706, -700.853, 646.998, 155.367, 0, 0, 0),
	(1707, -1116.8, 304.549, 66.5179, 0, 0, 0),
	(1708, -1038.51, 312.092, 67.2594, 0, 0, 0),
	(1709, -1026.2, 360.475, 71.3539, 0, 0, 0),
	(1710, -1135.89, 375.745, 71.2865, 0, 0, 0),
	(1711, -1190.03, 292.338, 69.8879, 0, 0, 0),
	(1712, -661.688, 678.923, 153.901, 0, 0, 0),
	(1713, -896.637, -5.26154, 43.7876, 0, 0, 0),
	(1714, -699.666, 705.982, 158.198, 0, 0, 0),
	(1715, -842.242, -25.0945, 40.3839, 0, 0, 0),
	(1716, -930.33, 19.4769, 48.556, 0, 0, 0),
	(1717, -606.198, 672.251, 151.593, 0, 0, 0),
	(1718, -888.198, 42.633, 49.1458, 0, 0, 0),
	(1719, -913.042, 108.198, 55.6498, 0, 0, 0),
	(1720, -559.648, 663.64, 145.476, 0, 0, 0),
	(1721, -564.422, 684.567, 146.622, 0, 0, 0),
	(1722, -971.433, 122.097, 57.0483, 0, 0, 0),
	(1723, -998.215, 158.189, 62.3055, 0, 0, 0),
	(1724, -533.499, 709.688, 153.143, 0, 0, 0),
	(1725, -949.24, 196.853, 67.3773, 0, 0, 0),
	(1726, -902.202, 191.789, 69.433, 0, 0, 0),
	(1727, -830.4, 115.068, 56.0374, 0, 0, 0),
	(1728, -498.462, 683.314, 151.845, 0, 0, 0),
	(1729, -816.949, 178.207, 72.2131, 0, 0, 0),
	(1730, -819.376, 267.903, 86.3839, 0, 0, 0),
	(1731, -495.257, 739.16, 163.017, 0, 0, 0),
	(1732, -877.411, 306.396, 84.1428, 0, 0, 0),
	(1733, -494.097, 795.89, 184.332, 0, 0, 0),
	(1734, -881.499, 363.613, 85.3561, 0, 0, 0),
	(1735, -536.677, 818.242, 197.508, 0, 0, 0),
	(1736, -596.769, 851.433, 211.477, 0, 0, 0),
	(1737, 367.793, 73.7802, 97.9597, 0, 0, -0.296843),
	(1738, 376.563, 70.5626, 97.9597, 0, 0, -0.24737),
	(1739, 380.993, 69.0198, 97.9766, 0, 0, -0.148422),
	(1740, -658.431, 886.193, 229.304, 0, 0, 0),
	(1741, 389.776, 65.8022, 97.9766, 0, 0, -0.24737),
	(1742, 405.125, 62.8747, 97.9766, 0, 0, -1.83053),
	(1743, -747.323, 808.154, 215.133, 0, 0, 0),
	(1744, 312.936, -218.888, 54.2175, 0, 0, 0),
	(1745, -655.2, 802.826, 198.974, 0, 0, 0),
	(1746, 310.892, -218.004, 54.2175, 0, 0, 0),
	(1747, 307.332, -216.633, 54.2175, 0, 0, 0),
	(1748, 307.53, -213.376, 54.2175, 0, 0, 0),
	(1749, 309.481, -208.009, 54.2175, 0, 0, 0),
	(1750, -587.077, 806.677, 191.24, 0, 0, 0),
	(1751, 311.301, -203.446, 54.2175, 0, 0, 0),
	(1752, 313.253, -198.092, 54.2175, 0, 0, 0),
	(1753, 315.481, -194.809, 54.2175, 0, 0, 0),
	(1754, 319.358, -196.273, 54.2175, 0, 0, 0),
	(1755, -596.097, 780.659, 189.303, 0, 0, 0),
	(1756, 321.231, -197.024, 54.2175, 0, 0, 0),
	(1757, 346.721, -199.675, 54.2175, 0, 0, 0),
	(1758, 344.69, -205.042, 54.2175, 0, 0, 0),
	(1759, -565.622, 761.248, 185.41, 0, 0, 0),
	(1760, 342.976, -209.644, 54.2175, 0, 0, 0),
	(1761, 340.905, -214.813, 54.2175, 0, 0, 0),
	(1762, 339.138, -219.429, 54.2175, 0, 0, 0),
	(1763, -579.56, 732.765, 184.214, 0, 0, 0),
	(1764, 337.081, -224.782, 54.2175, 0, 0, 0),
	(1765, 335.169, -227.393, 54.2175, 0, 0, 0),
	(1766, 331.398, -225.982, 54.2175, 0, 0, 0),
	(1767, 329.486, -225.204, 54.2175, 0, 0, 0),
	(1768, 335.116, -227.301, 58.0088, 0, 0, 0),
	(1769, 337.134, -224.875, 58.0088, 0, 0, 0),
	(1770, -597.56, 764.057, 189.303, 0, 0, 0),
	(1771, 339.112, -219.481, 58.0088, 0, 0, 0),
	(1772, 340.879, -214.813, 58.0088, 0, 0, 0),
	(1773, 342.923, -209.538, 58.0088, 0, 0, 0),
	(1774, 344.743, -204.949, 58.0088, 0, 0, 0),
	(1775, 346.695, -199.662, 58.0088, 0, 0, 0),
	(1776, -664.523, 742.167, 174.273, 0, 0, 0),
	(1777, 335.051, -227.275, 58.0088, 0, 0, 0),
	(1778, 331.398, -225.877, 58.0088, 0, 0, 0),
	(1779, 329.354, -225.099, 58.0088, 0, 0, 0),
	(1780, 312.91, -218.862, 54.2175, 0, 0, 0),
	(1781, 310.985, -218.044, 54.2175, 0, 0, 0),
	(1782, 234.343, -108.013, 74.3363, 0, 0, 0),
	(1783, 234.356, -107.947, 78.3466, 0, 0, 0),
	(1784, 239.947, -122.176, 70.0901, 0, 0, 0),
	(1785, -824.202, 805.688, 202.782, 0, 0, 0),
	(1786, 203.815, -98.5978, 69.4835, 0, 0, 0),
	(1787, 211.371, -101.367, 73.2748, 0, 0, 0),
	(1788, -867.099, 784.76, 191.931, 0, 0, 0),
	(1789, 203.723, -98.6374, 73.2748, 0, 0, 0),
	(1790, 206.295, -86.0044, 69.3824, 0, 0, 0),
	(1791, -912.211, 777.191, 186.994, 0, 0, 0),
	(1792, 231.152, -131.341, 63.7546, 0, 0, 0),
	(1793, 216.145, -147.059, 59.1545, 0, 0, 0),
	(1794, -931.912, 809.103, 184.77, 0, 0, 0),
	(1795, 213.495, -154.734, 59.104, 0, 0, 0),
	(1796, 224.69, -160.826, 59.2556, 0, 0, 0),
	(1797, -972.145, 752.215, 176.379, 0, 0, 0),
	(1798, 202.273, -133.134, 63.485, 0, 0, 0),
	(1799, -999.6, 817.029, 173.042, 0, 0, 0),
	(1800, 202.088, -148.892, 61.463, 0, 0, 0),
	(1801, 204.778, -141.402, 65.4733, 0, 0, 0),
	(1802, -998.532, 768.633, 171.577, 0, 0, 0),
	(1803, 201.943, -148.958, 65.4733, 0, 0, 0),
	(1804, 230.98, -131.209, 63.7546, 0, 0, 0),
	(1805, 176.11, -82.6549, 72.7693, 0, 0, 0),
	(1806, 176.11, -82.6418, 76.8132, 0, 0, 0),
	(1807, 161.235, -79.1868, 68.7084, 0, 0, 0),
	(1808, 159.864, -83.0769, 68.7084, 0, 0, 0),
	(1809, 137.196, -72, 68.0513, 0, 0, 0),
	(1810, -1413.55, 462.198, 109.198, 0, 0, 0),
	(1811, 144.501, -82.7077, 64.4623, 0, 0, 0),
	(1812, 141.415, -90.4088, 68.4557, 0, 0, 0),
	(1813, -1371.49, 444.066, 105.845, 0, 0, 0),
	(1814, 144.171, -82.7473, 68.4557, 0, 0, 0),
	(1815, 141.455, -90.3824, 72.4659, 0, 0, 0),
	(1816, 144.264, -82.6945, 72.4659, 0, 0, 0),
	(1817, -1308.13, 448.892, 100.959, 0, 0, 0),
	(1818, 127.134, -107.802, 60.7047, 0, 0, 0),
	(1819, 144.105, -113.288, 62.693, 0, 0, 0),
	(1820, -1294.3, 454.114, 97.6227, 0, 0, 0),
	(1821, 147.547, -103.16, 62.693, 0, 0, 0),
	(1822, -1258.67, 446.888, 94.7245, 0, 0, 0),
	(1823, 79.1209, -58.0352, 67.9333, 0, 0, 0),
	(1824, 75.8505, -62.3077, 67.9333, 0, 0, 0),
	(1825, -1277.92, 497.037, 97.8755, 0, 0, 0),
	(1826, 75.8242, -62.4132, 72.1289, 0, 0, 0),
	(1827, 79.0418, -58.167, 72.1289, 0, 0, 0),
	(1828, 75.8242, -62.4132, 76.1223, 0, 0, 0),
	(1829, 79.0418, -58.2066, 76.1223, 0, 0, 0),
	(1830, -1343.14, 481.451, 102.745, 0, 0, 0),
	(1831, 69.2835, -56.6242, 69.197, 0, 0, 0),
	(1832, 61.8198, -53.9209, 73.0051, 0, 0, 0),
	(1833, 69.4154, -56.7033, 73.0051, 0, 0, 0),
	(1834, 61.8725, -53.8813, 77.0154, 0, 0, 0),
	(1835, 69.4549, -56.6901, 77.0154, 0, 0, 0),
	(1836, -1215.88, 457.78, 92.0454, 0, 0, 0),
	(1837, -1217.74, 506.545, 95.6512, 0, 0, 0),
	(1838, 51.2967, -74.1231, 63.6366, 0, 0, 0),
	(1839, 54.1187, -66.6461, 67.63, 0, 0, 0),
	(1840, 51.3363, -74.3209, 67.63, 0, 0, 0),
	(1841, -1174.56, 440.281, 86.8389, 0, 0, 0),
	(1842, 38.6374, -71.6967, 63.9231, 0, 0, 0),
	(1843, -1158.87, 481.82, 86.0806, 0, 0, 0),
	(1844, 47.7363, -84.567, 61.7495, 0, 0, 0),
	(1845, 45.178, -91.9253, 65.7598, 0, 0, 0),
	(1846, 47.8418, -84.356, 65.7598, 0, 0, 0),
	(1847, -1122.46, 486.237, 82.34, 0, 0, 0),
	(1848, 45.1121, -91.8725, 69.7532, 0, 0, 0),
	(1849, 47.8681, -84.5011, 69.7532, 0, 0, 0),
	(1850, 65.1429, -80.4527, 62.8953, 0, 0, 0),
	(1851, -1087.35, 479.156, 81.5143, 0, 0, 0),
	(1852, 67.5824, -73.4637, 66.6864, 0, 0, 0),
	(1853, 65.011, -80.5187, 66.6864, 0, 0, 0),
	(1854, -1094.89, 427.358, 75.8696, 0, 0, 0),
	(1855, 61.9253, -91.0418, 58.5311, 0, 0, 0),
	(1856, -1052.12, 432.554, 77.2512, 0, 0, 0),
	(1857, -1009.52, 479.037, 79.5765, 0, 0, 0),
	(1858, -996.659, 518.294, 83.7554, 0, 0, 0),
	(1859, -1059.42, 515.578, 84.3788, 0, 0, 0),
	(1860, -967.411, 510.699, 82.0535, 0, 0, 0),
	(1861, -987.112, 487.2, 82.4579, 0, 0, 0),
	(1862, -968.809, 436.747, 80.7561, 0, 0, 0),
	(1863, -950.004, 465.112, 80.7898, 0, 0, 0),
	(1864, -875.934, 485.71, 87.9172, 0, 0, 0),
	(1865, -842.888, 466.866, 87.5802, 0, 0, 0),
	(1866, -848.914, 508.563, 90.8154, 0, 0, 0),
	(1867, -884.545, 517.912, 92.433, 0, 0, 0),
	(1868, -873.389, 562.813, 96.6117, 0, 0, 0),
	(1869, -904.576, 588.132, 101.178, 0, 0, 0),
	(1870, -924.752, 561.297, 100.15, 0, 0, 0),
	(1871, -958.101, 606.989, 106.3, 0, 0, 0),
	(1872, -974.308, 581.789, 103.149, 0, 0, 0),
	(1873, -1022.56, 586.853, 103.419, 0, 0, 0),
	(1874, -1107.73, 594.58, 104.447, 0, 0, 0),
	(1875, 17.578, -13.7934, 70.3092, 0, 0, 0),
	(1876, -1089.98, 548.637, 103.621, 0, 0, 0),
	(1877, -1125.38, 548.426, 102.56, 0, 0, 0),
	(1878, -1146.5, 545.987, 101.717, 0, 0, 0),
	(1879, 5.73626, -9.48132, 70.2587, 0, 0, 0),
	(1880, -1167.19, 568.563, 101.818, 0, 0, 0),
	(1881, -1193.02, 564.066, 100.336, 0, 0, 0),
	(1882, -9.41538, -48.6593, 67.3773, 0, 0, 0),
	(1883, -15.7451, -61.0813, 61.7664, 0, 0, 0),
	(1884, -18.0132, -69.033, 61.7664, 0, 0, 0),
	(1885, -27.9297, -60.633, 63.704, 0, 0, 0),
	(1886, -37.767, -59.7099, 64.041, 0, 0, 0),
	(1887, -22.3253, -21.2967, 68.9949, 0, 0, 0),
	(1888, -21.7714, -24.5011, 73.241, 0, 0, 0),
	(1889, -23.8286, -23.7099, 73.241, 0, 0, 0),
	(1890, -13.9385, -11.4066, 71.337, 0, 0, 0),
	(1891, -9.73187, -14.5319, 71.1348, 0, 0, 0),
	(1892, -9.77143, -14.7033, 75.3304, 0, 0, 0),
	(1893, -14.044, -11.4989, 75.3304, 0, 0, 0),
	(1894, -9.71868, -14.5055, 79.3407, 0, 0, 0),
	(1895, -14.1363, -11.4593, 79.3407, 0, 0, 0),
	(1896, -102.752, -11.9604, 66.5179, 0, 0, 0),
	(1897, -106.998, -8.4, 66.5011, 0, 0, 0),
	(1898, -523.253, 628.207, 137.961, 0, 0, 0),
	(1899, -106.708, -8.63736, 70.5114, 0, 0, 0),
	(1900, -102.791, -11.8549, 70.5114, 0, 0, 0),
	(1901, -106.919, -8.43956, 74.5048, 0, 0, 0),
	(1902, -520.681, 594.066, 120.825, 0, 0, 0),
	(1903, -102.857, -11.8681, 74.5048, 0, 0, 0),
	(1904, -474.303, 585.89, 128.677, 0, 0, 0),
	(1905, -102.237, 2.24176, 70.4271, 0, 0, 0),
	(1906, -501.007, 551.987, 120.589, 0, 0, 0),
	(1907, -99.5209, 9.62637, 74.4374, 0, 0, 0),
	(1908, -102.251, 2.13626, 74.4205, 0, 0, 0),
	(1909, -459.231, 537.073, 121.448, 0, 0, 0),
	(1910, -99.4286, 9.73187, 78.4308, 0, 0, 0),
	(1911, -102.251, 2.0967, 78.4308, 0, 0, 0),
	(1912, -425.921, 535.187, 122.409, 0, 0, 0),
	(1913, -116.374, -37.7275, 62.1875, 0, 0, 0),
	(1914, -406.51, 567.547, 124.599, 0, 0, 0),
	(1915, -102.343, -31.8462, 66.4337, 0, 0, 0),
	(1916, -102.369, -31.9253, 70.444, 0, 0, 0),
	(1917, -161.578, -4.2989, 62.4572, 0, 0, 0),
	(1918, -161.407, -4.08791, 66.4506, 0, 0, 0),
	(1919, -386.809, 504.145, 120.404, 0, 0, 0),
	(1920, -348.831, 515.037, 120.64, 0, 0, 0),
	(1921, -175.569, -9.86374, 58.2109, 0, 0, 0),
	(1922, -355.925, 469.688, 112.636, 0, 0, 0),
	(1923, -311.763, 474.976, 111.81, 0, 0, 0),
	(1924, -205.793, -8.18901, 56.6102, 0, 0, 0),
	(1925, -378.554, 548.651, 123.841, 0, 0, 0),
	(1926, -304.958, 430.985, 110.479, 0, 0, 0),
	(1927, -340.734, 424.127, 111.035, 0, 0, 0),
	(1928, -185.908, 65.9473, 67.866, 0, 0, 0),
	(1929, -401.262, 427.477, 112.4, 0, 0, 0),
	(1930, -450.897, 395.591, 104.767, 0, 0, 0),
	(1931, -477.257, 413.077, 103.116, 0, 0, 0),
	(1932, 174.396, 11.8681, 73.6117, 0, 0, 0),
	(1933, -500.163, 398.308, 98.2461, 0, 0, 0),
	(1934, -516.725, 433.451, 97.7913, 0, 0, 0),
	(1935, -536.769, 477.297, 103.183, 0, 0, 0),
	(1936, 207.785, 74.4791, 88.288, 0, 0, 0),
	(1937, 205.2, 67.0813, 92.0791, 0, 0, 0),
	(1938, -526.655, 516.949, 112.939, 0, 0, 0),
	(1939, 207.943, 74.5846, 92.0791, 0, 0, 0),
	(1940, 205.16, 67.0022, 96.0894, 0, 0, 0),
	(1941, 207.903, 74.5319, 96.0894, 0, 0, 0),
	(1942, -595.609, 530.374, 107.75, 0, 0, 0),
	(1943, 221.433, 80.0176, 88.1025, 0, 0, 0),
	(1944, -554.505, 541.292, 110.698, 0, 0, 0),
	(1945, 176.743, 45.2176, 87.8162, 0, 0, 0),
	(1946, -580.325, 491.486, 108.895, 0, 0, 0),
	(1947, 179.011, 44.3209, 87.8162, 0, 0, 0),
	(1948, 188.862, 40.7473, 87.8162, 0, 0, 0),
	(1949, 191.064, 39.9297, 87.8162, 0, 0, 0),
	(1950, -622.8, 488.901, 108.862, 0, 0, 0),
	(1951, 174.976, 45.8901, 84.2102, 0, 0, 0),
	(1952, 191.604, 39.8374, 84.2102, 0, 0, 0),
	(1953, -640.998, 520.457, 109.873, 0, 0, 0),
	(1954, -667.253, 471.442, 114.135, 0, 0, 0),
	(1955, 254.255, 24.6857, 83.9407, 0, 0, 0),
	(1956, 260.769, 22.2725, 83.9407, 0, 0, 0),
	(1957, 260.796, 22.3121, 88.1194, 0, 0, 0),
	(1958, 254.387, 24.6462, 88.1194, 0, 0, 0),
	(1959, -679.042, 512.044, 113.512, 0, 0, 0),
	(1960, 260.862, 22.2462, 92.1128, 0, 0, 0),
	(1961, 254.295, 24.6725, 92.1128, 0, 0, 0),
	(1962, -721.569, 490.418, 109.603, 0, 0, 0),
	(1963, -717.851, 448.695, 106.907, 0, 0, 0),
	(1964, -784.866, 459.534, 100.386, 0, 0, 0),
	(1965, -762.264, 430.774, 100.167, 0, 0, 0),
	(1966, -824.743, 421.991, 92.1128, 0, 0, 0),
	(1967, 289.477, -159.56, 64.6139, 0, 0, 0),
	(1968, 292.84, -162.646, 64.6139, 0, 0, 0),
	(1969, 296.07, -141.956, 67.7649, 0, 0, 0),
	(1970, 300, -143.459, 67.7649, 0, 0, 0),
	(1971, 303.837, -144.818, 67.7649, 0, 0, 0),
	(1972, 307.807, -146.308, 67.7649, 0, 0, 0),
	(1973, -561.033, 402.488, 101.802, 0, 0, 0),
	(1974, 315.125, -128.334, 69.9722, 0, 0, 0),
	(1975, -595.622, 393.152, 101.869, 0, 0, 0),
	(1976, 352.549, -142.919, 66.6864, 0, 0, 0),
	(1977, -615.336, 398.189, 101.616, 0, 0, 0),
	(1978, 188.769, 11.0769, 73.2241, 0, 0, 0),
	(1979, 188.664, 11.0901, 77.403, 0, 0, 0),
	(1980, -469.174, 330.04, 104.733, 0, 0, 0),
	(1981, 188.716, 11.0637, 81.3964, 0, 0, 0),
	(1982, -444.303, 342.804, 105.609, 0, 0, 0),
	(1983, -409.582, 341.446, 108.895, 0, 0, 0),
	(1984, 106.826, 54.7385, 77.7568, 0, 0, 0),
	(1985, -371.763, 343.319, 109.94, 0, 0, 0),
	(1986, 106.826, 54.9626, 81.7671, 0, 0, 0),
	(1987, -327.956, 369.719, 109.99, 0, 0, 0),
	(1988, -297.916, 379.741, 112.08, 0, 0, 0),
	(1989, 123.969, 64.7736, 79.7281, 0, 0, 0),
	(1990, -239.407, 381.495, 112.417, 0, 0, 0),
	(1991, 283.767, 47.367, 92.652, 0, 0, 0),
	(1992, -213.982, 399.455, 111.305, 0, 0, 0),
	(1993, 283.78, 47.5516, 96.6791, 0, 0, 0),
	(1994, -166.312, 423.943, 111.793, 0, 0, 0),
	(1995, 284.031, 31.1209, 88.5912, 0, 0, 0),
	(1996, 280.167, 32.5319, 88.5912, 0, 0, 0),
	(1997, 9.32308, 52.9319, 71.6571, 0, 0, 0),
	(1998, -72.9494, 428.558, 113.023, 0, 0, 0),
	(1999, -6.43517, 409.2, 120.286, 0, 0, 0),
	(2000, -476.651, 647.538, 144.381, 0, 0, 0),
	(2001, -446.031, 686.387, 153.109, 0, 0, 0),
	(2002, -425.327, 650.453, 159.192, 0, 0, 0),
	(2003, -353.354, 668.4, 169.066, 0, 0, 0),
	(2004, -298.734, 635.512, 175.688, 0, 0, 0),
	(2005, -293.525, 600.752, 181.568, 0, 0, 0),
	(2006, 14.4527, 84.7253, 74.6564, 0, 0, 0),
	(2007, -245.934, 622.075, 187.803, 0, 0, 0),
	(2008, 20.1626, 114.396, 83.2667, 0, 0, 0),
	(2009, 20.4132, 114.303, 87.277, 0, 0, 0),
	(2010, -232.668, 588.211, 190.533, 0, 0, 0),
	(2011, -150.185, 123.996, 70.2249, 0, 0, 0),
	(2012, -189.495, 618.356, 199.648, 0, 0, 0),
	(2013, -159.666, 129.429, 70.2249, 0, 0, 0),
	(2014, -185.275, 591.152, 197.812, 0, 0, 0),
	(2015, -206.888, 163.49, 74.0498, 0, 0, 0),
	(2016, -207.231, 159.481, 74.0498, 0, 0, 0),
	(2017, -126.448, 588.29, 204.703, 0, 0, 0),
	(2018, -200.677, 186.171, 80.4191, 0, 0, 0),
	(2019, -160.734, 160.919, 81.6996, 0, 0, 0),
	(2020, -158.018, 168.356, 85.693, 0, 0, 0),
	(2021, -160.747, 160.892, 85.693, 0, 0, 0),
	(2022, -230.505, 487.873, 128.761, 0, 0, 0),
	(2023, -157.965, 168.501, 89.6864, 0, 0, 0),
	(2024, -160.774, 160.892, 89.6864, 0, 0, 0),
	(2025, -174.396, 502.655, 137.405, 0, 0, 0),
	(2026, -110.031, 501.916, 143.471, 0, 0, 0),
	(2027, -66.6593, 490.009, 144.87, 0, 0, 0),
	(2028, -143.618, 175.055, 85.4235, 0, 0, 0),
	(2029, -149.868, 177.218, 85.4235, 0, 0, 0),
	(2030, -149.802, 177.297, 89.619, 0, 0, 0),
	(2031, -7.97802, 467.881, 145.83, 0, 0, 0),
	(2032, -143.749, 175.068, 89.619, 0, 0, 0),
	(2033, -149.934, 177.349, 93.6124, 0, 0, 0),
	(2034, -143.631, 175.015, 93.6124, 0, 0, 0),
	(2035, 57.5736, 449.618, 147.026, 0, 0, 0),
	(2036, 42.989, 468.804, 148.088, 0, 0, 0),
	(2037, 79.8593, 486.132, 148.189, 0, 0, 0),
	(2038, 107.024, 466.695, 147.549, 0, 0, 0),
	(2039, 119.934, 494.426, 147.33, 0, 0, 0),
	(2040, -264.04, 98.9934, 69.2645, 0, 0, 0),
	(2041, -264.04, 92.044, 69.2645, 0, 0, 0),
	(2042, -264.053, 91.8593, 73.5612, 0, 0, 0),
	(2043, -264.04, 99.0725, 73.5612, 0, 0, 0),
	(2044, 149.103, 474.58, 142.511, 0, 0, 0),
	(2045, -264.053, 91.8593, 77.5546, 0, 0, 0),
	(2046, -264.04, 98.7692, 77.5546, 0, 0, 0),
	(2047, -313.635, 84.3429, 67.6469, 0, 0, 0),
	(2048, 224.136, 513.56, 140.758, 0, 0, 0),
	(2049, -321.785, 84.3297, 71.6571, 0, 0, 0),
	(2050, -313.714, 84.356, 71.6571, 0, 0, 0),
	(2051, -321.666, 84.3692, 75.7854, 0, 0, 0),
	(2052, -313.899, 84.3429, 75.6505, 0, 0, 0),
	(2053, -302.756, 85.2132, 68.6578, 0, 0, 0),
	(2054, -304.681, 80.1758, 72.6681, 0, 0, 0),
	(2055, 232.286, 672.224, 189.96, 0, 0, 0),
	(2056, -302.862, 85.1736, 72.6512, 0, 0, 0),
	(2057, -304.721, 80.0967, 76.6615, 0, 0, 0),
	(2058, -302.796, 85.1868, 76.6615, 0, 0, 0),
	(2059, 216.382, 620.466, 187.752, 0, 0, 0),
	(2060, -333.323, 85.3451, 67.6132, 0, 0, 0),
	(2061, 151.055, 556.167, 183.742, 0, 0, 0),
	(2062, -333.31, 102.804, 67.6132, 0, 0, 0),
	(2063, 128.123, 566.149, 183.944, 0, 0, 0),
	(2064, -333.323, 85.8462, 71.2021, 0, 0, 0),
	(2065, -333.231, 88.2857, 71.2021, 0, 0, 0),
	(2066, -333.218, 98.822, 71.2021, 0, 0, 0),
	(2067, -333.204, 101.182, 71.2021, 0, 0, 0),
	(2068, 84.8571, 561.692, 182.765, 0, 0, 0),
	(2069, -357.692, 102.237, 70.5114, 0, 0, 0),
	(2070, -358.299, 95.4593, 70.5114, 0, 0, 0),
	(2071, -358.299, 91.2923, 70.5114, 0, 0, 0),
	(2072, -356.294, 94.8528, 66.2314, 0, 0, 0),
	(2073, 45.9824, 555.877, 180.069, 0, 0, 0),
	(2074, -364.418, 83.6044, 63.3671, 0, 0, 0),
	(2075, -369.455, 83.6044, 62.8784, 0, 0, 0),
	(2076, -371.103, 23.0901, 47.8484, 0, 0, 0),
	(2077, -360.488, 20.9538, 47.8484, 0, 0, 0),
	(2078, -345.191, 17.8022, 47.8484, 0, 0, 0),
	(2079, -338.835, 21.3231, 47.8484, 0, 0, 0),
	(2080, -336.224, 30.989, 47.8484, 0, 0, 0),
	(2081, -345.824, 35.0901, 47.8484, 0, 0, 0),
	(2082, -351.244, 14.5451, 47.8484, 0, 0, 0),
	(2083, -357.442, 16.9055, 47.8484, 0, 0, 0),
	(2084, -362.163, 57.6659, 54.4198, 0, 0, 0),
	(2085, -366.765, 49.3582, 54.4198, 0, 0, 0),
	(2086, 1060.46, -378.251, 68.2197, 0, 0, 0),
	(2087, -350.505, 57.6264, 54.4198, 0, 0, 0),
	(2088, -344.598, 57.5209, 54.4198, 0, 0, 0),
	(2089, 1028.91, -408.198, 66.3326, 0, 0, 0),
	(2090, -332.875, 57.1121, 54.4198, 0, 0, 0),
	(2091, -330.119, 48.3033, 54.4198, 0, 0, 0),
	(2092, 1010.1, -423.033, 65.3385, 0, 0, 0),
	(2093, 987.297, -433.134, 64.041, 0, 0, 0),
	(2094, 967.121, -451.727, 62.7942, 0, 0, 0),
	(2095, 944.36, -463.121, 61.5472, 0, 0, 0),
	(2096, -422.189, 71.7758, 64.2601, 0, 0, 0),
	(2097, 921.811, -477.824, 61.0754, 0, 0, 0),
	(2098, -431.512, 83.8418, 68.5062, 0, 0, 0),
	(2099, 906.237, -489.495, 59.4242, 0, 0, 0),
	(2100, 878.519, -498.079, 58.0762, 0, 0, 0),
	(2101, -431.67, 83.6571, 72.4996, 0, 0, 0),
	(2102, 861.547, -508.998, 57.6886, 0, 0, 0),
	(2103, 850.418, -532.695, 57.9246, 0, 0, 0),
	(2104, 844.062, -562.747, 57.9751, 0, 0, 0),
	(2105, -395.301, 146.677, 65.7091, 0, 0, 0),
	(2106, -400.681, 146.545, 65.7091, 0, 0, 0),
	(2107, -412.009, 152.69, 65.5238, 0, 0, 0),
	(2108, 861.877, -583.49, 58.1436, 0, 0, 0),
	(2109, -410.73, 159.534, 65.5238, 0, 0, 0),
	(2110, -385.029, 159.64, 65.5238, 0, 0, 0),
	(2111, 886.853, -608.294, 58.4469, 0, 0, 0),
	(2112, -383.802, 152.769, 65.5238, 0, 0, 0),
	(2113, -384.989, 159.376, 69.7194, 0, 0, 0),
	(2114, 903.007, -615.534, 58.4469, 0, 0, 0),
	(2115, -383.829, 152.875, 69.7194, 0, 0, 0),
	(2116, -385.002, 159.508, 73.7296, 0, 0, 0),
	(2117, 928.866, -639.811, 58.2278, 0, 0, 0),
	(2118, -383.815, 152.875, 73.7296, 0, 0, 0),
	(2119, 943.266, -653.38, 58.4132, 0, 0, 0),
	(2120, -385.015, 159.547, 77.74, 0, 0, 0),
	(2121, -383.815, 152.888, 77.74, 0, 0, 0),
	(2122, 959.987, -669.917, 58.4469, 0, 0, 0),
	(2123, -385.029, 159.613, 81.7333, 0, 0, 0),
	(2124, -383.776, 152.637, 81.7333, 0, 0, 0),
	(2125, 970.958, -701.354, 58.4806, 0, 0, 0),
	(2126, 979.134, -716.321, 58.2109, 0, 0, 0),
	(2127, -411.956, 152.677, 65.5238, 0, 0, 0),
	(2128, 996.818, -729.613, 57.8066, 0, 0, 0),
	(2129, -410.703, 159.666, 65.5238, 0, 0, 0),
	(2130, -410.743, 159.468, 69.7194, 0, 0, 0),
	(2131, -412.009, 152.796, 69.7194, 0, 0, 0),
	(2132, -410.703, 159.679, 73.7296, 0, 0, 0),
	(2133, -412.088, 152.558, 73.7296, 0, 0, 0),
	(2134, 980.413, -627.613, 59.2219, 0, 0, 0),
	(2135, -410.73, 159.521, 77.74, 0, 0, 0),
	(2136, -412.009, 152.769, 77.74, 0, 0, 0),
	(2137, 965.631, -608.268, 59.896, 0, 0, 0),
	(2138, -410.73, 159.534, 81.7333, 0, 0, 0),
	(2139, -412.009, 152.809, 81.7333, 0, 0, 0),
	(2140, 976.668, -580.602, 59.8455, 0, 0, 0),
	(2141, 965.354, -541.873, 59.7106, 0, 0, 0),
	(2142, 919.688, -569.618, 58.3627, 0, 0, 0),
	(2143, -452.545, 78.778, 63.1479, 0, 0, 0),
	(2144, 893.182, -540.686, 58.4974, 0, 0, 0),
	(2145, -452.505, 78.7253, 67.3268, 0, 0, 0),
	(2146, -452.558, 78.633, 71.337, 0, 0, 0),
	(2147, 924.369, -526.048, 59.7781, 0, 0, 0),
	(2148, -511.253, 100.154, 63.7883, 0, 0, 0),
	(2149, 945.851, -518.993, 60.6205, 0, 0, 0),
	(2150, -507.059, 100.721, 63.7883, 0, 0, 0),
	(2151, 970.484, -502.338, 62.137, 0, 0, 0),
	(2152, 1014.61, -469.266, 64.496, 0, 0, 0),
	(2153, 1056.37, -448.866, 66.2483, 0, 0, 0),
	(2154, 1051.16, -470.466, 64.2938, 0, 0, 0),
	(2155, -627.837, 169.727, 61.1428, 0, 0, 0),
	(2156, 1046.43, -498.185, 64.277, 0, 0, 0),
	(2157, -598.826, 147.811, 61.6652, 0, 0, 0),
	(2158, 1006.44, -511.042, 60.9912, 0, 0, 0),
	(2159, 988.075, -525.626, 60.6879, 0, 0, 0),
	(2160, -583.187, 195.297, 71.4381, 0, 0, 0),
	(2161, -583.147, 228.132, 79.4249, 0, 0, 0),
	(2162, 1009.65, -572.677, 60.5868, 0, 0, 0),
	(2163, 999.64, -594.066, 59.6263, 0, 0, 0),
	(2164, -634.655, 105.138, 57.5538, 0, 0, 0),
	(2165, -635.697, 44.2945, 42.6923, 0, 0, 0),
	(2166, 1090.42, -484.404, 65.6586, 0, 0, 0),
	(2167, -621.732, 37.8462, 43.5853, 0, 0, 0),
	(2168, -619.266, 37.8462, 43.5853, 0, 0, 0),
	(2169, -617.011, 37.9253, 43.5853, 0, 0, 0),
	(2170, 1098.53, -464.453, 67.3099, 0, 0, 0),
	(2171, -610.009, 43.3319, 43.5853, 0, 0, 0),
	(2172, 1100.12, -450.91, 67.7649, 0, 0, 0),
	(2173, -623.341, 43.1077, 43.5853, 0, 0, 0),
	(2174, -620.98, 46.5758, 43.5853, 0, 0, 0),
	(2175, -614.664, 46.5758, 43.5853, 0, 0, 0),
	(2176, 1101.02, -411.402, 67.5458, 0, 0, 0),
	(2177, -599.486, 37.8462, 43.6022, 0, 0, 0),
	(2178, -597.112, 37.8462, 43.6022, 0, 0, 0),
	(2179, 1114.31, -391.147, 68.9443, 0, 0, 0),
	(2180, -594.844, 37.833, 43.6022, 0, 0, 0),
	(2181, -592.589, 37.833, 43.6022, 0, 0, 0),
	(2182, -685.582, 223.187, 81.9524, 0, 0, 0),
	(2183, 1241.29, -566.321, 69.652, 0, 0, 0),
	(2184, 1240.6, -601.701, 69.77, 0, 0, 0),
	(2185, -743.011, 247.187, 77.3187, 0, 0, 0),
	(2186, 1250.84, -620.901, 69.5677, 0, 0, 0),
	(2187, 1265.71, -648.501, 67.9165, 0, 0, 0),
	(2188, -777.112, 319.688, 85.6593, 0, 0, 0),
	(2189, -770.796, 319.648, 85.6593, 0, 0, 0),
	(2190, 1271.16, -683.433, 66.0293, 0, 0, 0),
	(2191, 1264.72, -702.87, 64.9004, 0, 0, 0),
	(2192, 1229.51, -725.512, 60.9407, 0, 0, 0),
	(2193, 1223.1, -696.989, 60.7891, 0, 0, 0),
	(2194, -60.8835, 360.435, 113.04, 0, 0, 0),
	(2195, 1228.14, -675.152, 63.2997, 0, 0, 0),
	(2196, -34.1407, 347.908, 113.984, 0, 0, 0),
	(2197, -41.1692, 327.402, 112.788, 0, 0, 0),
	(2198, 1207.45, -620.334, 66.4337, 0, 0, 0),
	(2199, 1203.53, -598.378, 68.0513, 0, 0, 0),
	(2200, 9.15165, 323.367, 111.069, 0, 0, 0),
	(2201, 11.7495, 328.84, 111.069, 0, 0, 0),
	(2202, 1201, -575.591, 69.1296, 0, 0, 0),
	(2203, 1204.88, -557.868, 69.6014, 0, 0, 0),
	(2204, 20.9275, 324.541, 111.052, 0, 0, 0),
	(2205, 18.3692, 319.068, 111.035, 0, 0, 0),
	(2206, 8.38681, 297.706, 111.052, 0, 0, 0),
	(2207, -0.71209, 302.057, 111.035, 0, 0, 0),
	(2208, 1250.93, -515.525, 69.3488, 0, 0, 0),
	(2209, 1251.47, -494.229, 69.9048, 0, 0, 0),
	(2210, 1259.72, -480.224, 70.1743, 0, 0, 0),
	(2211, 61.3187, 389.552, 116.579, 0, 0, 0),
	(2212, 1265.75, -458.189, 70.5114, 0, 0, 0),
	(2213, 37.6747, 365.578, 116.04, 0, 0, 0),
	(2214, 1262.48, -429.93, 70.0059, 0, 0, 0),
	(2215, 1301.06, -574.18, 71.7245, 0, 0, 0),
	(2216, 1323.45, -583.042, 73.241, 0, 0, 0),
	(2217, 1341.24, -597.336, 74.6901, 0, 0, 0),
	(2218, 1354.89, -1690.59, 60.4857, 0, 0, 0),
	(2219, 1367.25, -606.633, 74.7069, 0, 0, 0),
	(2220, 1386.17, -593.446, 74.4711, 0, 0, 0),
	(2221, 1365.35, -1721.83, 65.6249, 0, 0, 0),
	(2222, 1316.89, -1698.47, 58.2278, 0, 0, 0),
	(2223, 1388.93, -569.499, 74.4879, 0, 0, 0),
	(2224, 1373.29, -555.719, 74.6732, 0, 0, 0),
	(2225, 1314.46, -1733.31, 54.6893, 0, 0, 0),
	(2226, 1348.38, -546.91, 73.8813, 0, 0, 0),
	(2227, 1289.17, -1710.55, 55.4982, 0, 0, 0),
	(2228, 1328.62, -535.952, 72.4323, 0, 0, 0),
	(2229, 1295.04, -1739.87, 54.2682, 0, 0, 0),
	(2230, 1303.05, -527.486, 71.455, 0, 0, 0),
	(2231, 1274.8, -1721.17, 54.6725, 0, 0, 0),
	(2232, 1250.86, -1734.22, 52.0271, 0, 0, 0),
	(2233, 1259.3, -1761.92, 49.6681, 0, 0, 0),
	(2234, 1358.4, -1752.17, 64.4454, 0, 0, 0),
	(2235, 1193.79, -1656.41, 43.0125, 0, 0, 0),
	(2236, 1193.46, -1622.36, 45.2197, 0, 0, 0),
	(2237, 1214.76, -1644.32, 48.6066, 0, 0, 0),
	(2238, 1210.39, -1606.56, 50.7296, 0, 0, 0),
	(2239, 1245.2, -1627.09, 53.274, 0, 0, 0),
	(2240, 1230.67, -1590.82, 53.7795, 0, 0, 0),
	(2241, 1261.7, -1616.82, 54.7399, 0, 0, 0),
	(2242, 1286.69, -1604.6, 54.8074, 0, 0, 0),
	(2243, 1936.47, 3891.57, 32.9531, 0, 0, 0),
	(2244, 1327.58, -1553.16, 54.0491, 0, 0, 0),
	(2245, 1915.77, 3909.2, 33.4249, 0, 0, 0),
	(2246, 1323.26, -1559.53, 51.4374, 0, 0, 0),
	(2247, 1330.68, -1559.68, 54.0491, 0, 0, 0),
	(2248, 1334.36, -1566.24, 54.4535, 0, 0, 0),
	(2249, 1905.51, 3923.05, 32.734, 0, 0, 0),
	(2250, 1341.51, -1577.76, 54.4366, 0, 0, 0),
	(2251, 1889, 3927.8, 33.4081, 0, 0, 0),
	(2252, 1880.32, 3920.74, 33.2058, 0, 0, 0),
	(2253, 1315.75, -1526.51, 51.7913, 0, 0, 0),
	(2254, 1342.18, -1526.93, 54.6388, 0, 0, 0),
	(2255, 1845.88, 3914.53, 33.4586, 0, 0, 0),
	(2256, 1841.83, 3928.5, 33.7113, 0, 0, 0),
	(2257, 1360.68, -1556.32, 56.3744, 0, 0, 0),
	(2258, 1382.1, -1544.55, 57.1157, 0, 0, 0),
	(2259, 1379.14, -1514.93, 58.4132, 0, 0, 0),
	(2260, 1808.87, 3907.95, 33.7281, 0, 0, 0),
	(2261, 1404.01, -1496.32, 59.9465, 0, 0, 0),
	(2262, 1401.86, -1490.78, 59.7781, 0, 0, 0),
	(2263, 1786.46, 3912.96, 34.9077, 0, 0, 0),
	(2264, 1411.89, -1490.77, 60.6542, 0, 0, 0),
	(2265, 1781.59, 3911.22, 34.9077, 0, 0, 0),
	(2266, 1408.83, -1486.71, 60.6542, 0, 0, 0),
	(2267, 1437.23, -1491.8, 63.6198, 0, 0, 0),
	(2268, 561.508, -1751.71, 29.2799, 0, 0, 0),
	(2269, 557.802, -1759.7, 29.2968, 0, 0, 0),
	(2270, 554.677, -1766.36, 29.2968, 0, 0, 0),
	(2271, 552.053, -1771.99, 29.2968, 0, 0, 0),
	(2272, 550.444, -1775.45, 29.2968, 0, 0, 0),
	(2273, 566.387, -1778.27, 29.3473, 0, 0, 0),
	(2274, 559.121, -1777.28, 33.4418, 0, 0, 0),
	(2275, 560.07, -1777.11, 33.4418, 0, 0, 0),
	(2276, 550.167, -1770.51, 33.4418, 0, 0, 0),
	(2277, 552.607, -1765.28, 33.4418, 0, 0, 0),
	(2278, 555.758, -1758.51, 33.4418, 0, 0, 0),
	(2279, 559.477, -1750.54, 33.4418, 0, 0, 0),
	(2280, 561.692, -1747.36, 33.4418, 0, 0, 0),
	(2281, -3089.24, 221.051, 14.115, 0, 0, 0),
	(2282, -3105.32, 246.593, 12.4806, 0, 0, 0),
	(2283, -3105.94, 286.629, 8.95898, 0, 0, 0),
	(2284, -3108.57, 303.877, 8.36926, 0, 0, 0),
	(2285, -3110.7, 335.116, 7.49304, 0, 0, 0),
	(2286, -3093.85, 349.147, 7.54358, 0, 0, 0),
	(2287, -3102.05, 367.371, 7.10547, 0, 0, 0),
	(2288, -3088.72, 392.242, 11.5033, 0, 0, 0),
	(2289, -3059.63, 453.284, 6.34729, 0, 0, 0),
	(2290, -3047.79, 483.073, 6.76855, 0, 0, 0),
	(2291, -3039.51, 492.607, 6.76855, 0, 0, 0),
	(2292, -3031.82, 525.125, 7.40881, 0, 0, 0),
	(2293, -3037.04, 544.602, 7.49304, 0, 0, 0),
	(2294, -3037.21, 558.818, 7.49304, 0, 0, 0),
	(2295, -3029.96, 568.523, 7.81323, 0, 0, 0),
	(2296, -3077.96, 658.853, 11.6549, 0, 0, 0),
	(2297, -3107.87, 718.945, 20.6527, 0, 0, 0),
	(2298, -3101.64, 743.908, 21.2762, 0, 0, 0),
	(2299, -3017.01, 746.611, 27.7803, 0, 0, 0),
	(2300, -2992.79, 707.578, 28.6564, 0, 0, 0),
	(2301, -2994.63, 682.774, 25, 0, 0, 0),
	(2302, -2972.86, 642.976, 25.8425, 0, 0, 0),
	(2303, -2977.04, 609.402, 20.2314, 0, 0, 0),
	(2304, -3225.15, 911.156, 13.9802, 0, 0, 0),
	(2305, -3228.94, 927.152, 13.9634, 0, 0, 0),
	(2306, -3232.87, 934.958, 13.7949, 0, 0, 0),
	(2307, -3238.35, 952.695, 13.1882, 0, 0, 0),
	(2308, -3251.2, 1027.58, 11.7561, 0, 0, 0),
	(2309, -3254.27, 1063.66, 11.1326, 0, 0, 0),
	(2310, -3232.51, 1068.3, 11.0146, 0, 0, 0),
	(2311, -3231.73, 1081.6, 10.7957, 0, 0, 0),
	(2312, -3228.34, 1092.15, 10.7451, 0, 0, 0),
	(2313, -3228.94, 1101.07, 10.5765, 0, 0, 0),
	(2314, -3210.07, 1144.51, 9.88574, 0, 0, 0),
	(2315, -3205.75, 1152.18, 9.64978, 0, 0, 0),
	(2316, -3200.4, 1165.44, 9.64978, 0, 0, 0),
	(2317, -3195.19, 1179.51, 9.64978, 0, 0, 0),
	(2318, -3193.7, 1208.4, 9.41394, 0, 0, 0),
	(2319, -3194.16, 1229.68, 10.0374, 0, 0, 0),
	(2320, -3187.31, 1273.96, 12.6659, 0, 0, 0),
	(2321, -3191, 1297.74, 19.0688, 0, 0, 0),
	(2322, 1907.89, 3870.16, 32.8857, 0, 0, 0),
	(2323, 1902.37, 3866.9, 33.0542, 0, 0, 0),
	(2324, 1895.55, 3873.82, 32.751, 0, 0, 0),
	(2325, 1899.14, 3875.88, 32.751, 0, 0, 0),
	(2326, 1888.34, 3893.35, 33.5092, 0, 0, 0),
	(2327, 1894.47, 3896.1, 33.189, 0, 0, 0),
	(2328, 1857.73, 3854.66, 33.0879, 0, 0, 0),
	(2329, 1832.61, 3868.6, 34.2843, 0, 0, 0),
	(2330, 1834.3, 3863.58, 34.3011, 0, 0, 0),
	(2331, 1813.71, 3854.06, 34.318, 0, 0, 0),
	(2332, 1807.74, 3851.02, 34.3517, 0, 0, 0),
	(2333, 1733.58, 3895.27, 35.548, 0, 0, 0),
	(2334, 1718.77, 3885.75, 34.8909, 0, 0, 0),
	(2335, 1728.51, 3851.82, 34.7729, 0, 0, 0),
	(2336, 1691.59, 3865.66, 34.9077, 0, 0, 0),
	(2337, 1661.39, 3819.9, 35.4637, 0, 0, 0),
	(2338, 1973.74, 3815.13, 33.4081, 0, 0, 0),
	(2339, 1943.79, 3804.53, 32.0264, 0, 0, 0),
	(2340, 1932.59, 3804.79, 32.9363, 0, 0, 0),
	(2341, 1925.08, 3824.73, 32.4308, 0, 0, 0),
	(2342, 1880.62, 3810.53, 32.7678, 0, 0, 0),
	(2343, 1898.99, 3781.66, 32.8689, 0, 0, 0),
	(2344, 1843.49, 3778.05, 33.5765, 0, 0, 0),
	(2345, 1864.26, 3790.72, 32.8521, 0, 0, 0),
	(2346, 1826.73, 3729.6, 33.9473, 0, 0, 0),
	(2347, 1774.63, 3742.87, 34.6549, 0, 0, 0),
	(2348, 1777.32, 3738.21, 34.6549, 0, 0, 0),
	(2349, 1748.7, 3783.73, 34.8235, 0, 0, 0),
	(2350, 1746.12, 3788.23, 34.8235, 0, 0, 0),
	(2351, 1733.58, 3808.67, 35.1099, 0, 0, 0),
	(2352, 1763.93, 3823.7, 34.7561, 0, 0, 0),
	(2353, 1760.14, 3821.51, 34.7561, 0, 0, 0),
	(2354, 1777.56, 3799.89, 34.5201, 0, 0, 0),
	(2355, 1642.64, 3727.34, 35.0593, 0, 0, 0),
	(2356, 1639.21, 3731.27, 35.0593, 0, 0, 0),
	(2357, 1532.9, 3722.36, 34.8066, 0, 0, 0),
	(2358, 1501.52, 3695.17, 35.2109, 0, 0, 0),
	(2359, 1500.74, 3679.23, 34.5201, 0, 0, 0),
	(2360, 1480.33, 3678.8, 34.2675, 0, 0, 0),
	(2361, 1430.65, 3671.35, 34.8235, 0, 0, 0),
	(2362, 1425.64, 3669.56, 34.8235, 0, 0, 0),
	(2363, 1435.57, 3656.69, 34.3854, 0, 0, 0),
	(2364, 1436.08, 3639.03, 34.9414, 0, 0, 0),
	(2365, 1407.06, 3655.85, 34.4191, 0, 0, 0),
	(2366, 1385.22, 3659.51, 34.9246, 0, 0, 0),
	(2367, 1725.48, 4642.43, 43.9224, 0, 0, 0),
	(2368, 1673.62, 4658.18, 43.4169, 0, 0, 0),
	(2369, 1682.86, 4689.59, 43.063, 0, 0, 0),
	(2370, 1719.03, 4677.36, 43.6527, 0, 0, 0),
	(2371, 1663.9, 4739.8, 42.0015, 0, 0, 0),
	(2372, 1662.07, 4776.16, 42.0688, 0, 0, 0),
	(2373, 31.0681, 6596.65, 32.8184, 0, 0, 0),
	(2374, 11.4593, 6578.25, 33.0542, 0, 0, 0),
	(2375, -15.2176, 6557.18, 33.2227, 0, 0, 0),
	(2376, -166.892, 6439.69, 31.9084, 0, 0, 0),
	(2377, -159.785, 6432.59, 31.9084, 0, 0, 0),
	(2378, -149.829, 6422.62, 31.9084, 0, 0, 0),
	(2379, -149.947, 6416.1, 31.9084, 0, 0, 0),
	(2380, -156.884, 6409.13, 31.9084, 0, 0, 0),
	(2381, -213.468, 6396.25, 33.071, 0, 0, 0),
	(2382, -227.156, 6377.47, 31.7568, 0, 0, 0),
	(2383, -247.596, 6370.13, 31.8748, 0, 0, 0),
	(2384, -280.51, 6350.7, 32.5992, 0, 0, 0),
	(2385, -302.374, 6326.81, 32.8857, 0, 0, 0),
	(2386, -332.36, 6302.23, 33.0879, 0, 0, 0),
	(2387, 1.7011, 6612.5, 32.0769, 0, 0, 0),
	(2388, -26.5187, 6597.17, 31.8579, 0, 0, 0),
	(2389, -44.4923, 6581.95, 32.1611, 0, 0, 0),
	(2390, -347.684, 6225.19, 31.8748, 0, 0, 0),
	(2391, -379.767, 6252.37, 31.8411, 0, 0, 0),
	(2392, -360.211, 6260.57, 31.8916, 0, 0, 0),
	(2393, -356.967, 6207.49, 31.8411, 0, 0, 0),
	(2394, -374.743, 6190.94, 31.723, 0, 0, 0),
	(2395, -454.958, 6197.38, 29.5494, 0, 0, 0),
	(2396, -437.895, 6272.16, 30.0549, 0, 0, 0),
	(2397, -407.314, 6314.15, 28.926, 0, 0, 0),
	(2398, -480.712, 6266.22, 13.6263, 0, 0, 0),
	(2399, -453.165, 6336.88, 13.0535, 0, 0, 0),
	(2400, -368.255, 6341.59, 29.8359, 0, 0, 0),
	(2401, -272.413, 6401.02, 31.4872, 0, 0, 0),
	(2402, -245.842, 6414.3, 31.4535, 0, 0, 0),
	(2403, -229.912, 6445.79, 31.1838, 0, 0, 0),
	(2404, -188.914, 6409.49, 32.2792, 0, 0, 0),
	(2405, -130.708, 6551.93, 29.8696, 0, 0, 0),
	(2406, -41.5516, 6637.49, 31.0828, 0, 0, 0),
	(2407, -9.67912, 6654.18, 31.6893, 0, 0, 0),
	(2408, 35.2088, 6663.18, 32.178, 0, 0, 0),
	(2409, 56.6637, 6646.46, 32.2623, 0, 0, 0),
	(2410, -103.345, 6330.69, 31.5714, 0, 0, 0),
	(2411, -106.523, 6333.88, 31.5714, 0, 0, 0),
	(2412, -107.591, 6339.77, 31.5714, 0, 0, 0),
	(2413, -102.29, 6345.07, 31.5714, 0, 0, 0),
	(2414, -98.9407, 6348.42, 31.5714, 0, 0, 0),
	(2415, -93.4813, 6353.92, 31.5714, 0, 0, 0),
	(2416, -90.1451, 6357.2, 31.5714, 0, 0, 0),
	(2417, -84.8835, 6362.47, 31.5714, 0, 0, 0),
	(2418, -84.9494, 6362.4, 35.4974, 0, 0, 0),
	(2419, -90.422, 6356.93, 35.4974, 0, 0, 0),
	(2420, -93.5077, 6353.84, 35.4974, 0, 0, 0),
	(2421, -98.967, 6348.4, 35.4974, 0, 0, 0),
	(2422, -102.29, 6345.07, 35.4974, 0, 0, 0),
	(2423, -107.525, 6339.82, 35.4974, 0, 0, 0),
	(2424, -106.668, 6334.04, 35.4974, 0, 0, 0),
	(2425, -103.147, 6330.5, 35.4974, 0, 0, 0),
	(2426, -710.018, 5768.73, 17.5018, 0, 0, 0),
	(2427, -706.075, 5766.82, 17.5018, 0, 0, 0),
	(2428, -702.092, 5765.04, 17.5018, 0, 0, 0),
	(2429, -698.242, 5763.23, 17.5018, 0, 0, 0),
	(2430, -694.338, 5761.41, 17.5018, 0, 0, 0),
	(2431, -690.29, 5759.92, 17.5018, 0, 0, 0),
	(2432, -687.455, 5759.13, 17.5018, 0, 0, 0),
	(2433, -685.648, 5762.77, 17.5018, 0, 0, 0),
	(2434, -683.763, 5766.83, 17.5018, 0, 0, 0),
	(2435, -682.022, 5770.59, 17.5018, 0, 0, 0),
	(2436, 100.958, 3645.34, 39.7435, 0, 0, 0),
	(2437, 101.13, 3652.43, 40.4176, 0, 0, 0),
	(2438, 97.7802, 3682.01, 39.7267, 0, 0, 0),
	(2439, 105.534, 3728.84, 40.4681, 0, 0, 0),
	(2440, 101.921, 3734.9, 39.5077, 0, 0, 0),
	(2441, 76.1538, 3757.57, 39.7435, 0, 0, 0),
	(2442, 51.9824, 3742.11, 40.249, 0, 0, 0),
	(2443, 44.7824, 3740.76, 39.6593, 0, 0, 0),
	(2444, 30.8571, 3736.23, 40.6198, 0, 0, 0),
	(2445, 26.6242, 3740.2, 40.6534, 0, 0, 0),
	(2446, 40.6813, 3715.79, 39.6593, 0, 0, 0),
	(2447, 10.0747, 3698.16, 39.6088, 0, 0, 0),
	(2448, 22.6154, 3671.83, 39.7435, 0, 0, 0),
	(2449, 68.0967, 3693.26, 40.6534, 0, 0, 0),
	(2450, 84.6725, 3718, 40.3502, 0, 0, 0),
	(2451, 78.1451, 3732.38, 40.3165, 0, 0, 0),
	(2452, 47.9604, 3701.92, 40.6703, 0, 0, 0),
	(2453, 41.4593, 3705.15, 40.704, 0, 0, 0),
	(2454, 1982.99, 3026.25, 47.9495, 0, 0, 0),
	(2455, 2204.52, 3311.38, 46.2814, 0, 0, 0),
	(2456, 2200.58, 3318, 47.0564, 0, 0, 0),
	(2457, 2175.59, 3322.09, 46.1633, 0, 0, 0),
	(2458, 2167.9, 3330.83, 46.5172, 0, 0, 0),
	(2459, 2162.86, 3375.03, 46.5172, 0, 0, 0),
	(2460, 2165.88, 3379.67, 46.433, 0, 0, 0),
	(2461, 2388.96, 3310.69, 47.6461, 0, 0, 0),
	(2462, 2388.75, 3341.26, 47.9832, 0, 0, 0),
	(2463, 2178.74, 3496.3, 45.9106, 0, 0, 0),
	(2464, 2356.68, 2519.04, 47.7135, 0, 0, 0),
	(2465, 2352.45, 2523.42, 47.6798, 0, 0, 0),
	(2466, 2354.43, 2540.97, 47.6967, 0, 0, 0),
	(2467, 2359.36, 2541.77, 47.6798, 0, 0, 0),
	(2468, 2363.16, 2556.24, 46.9553, 0, 0, 0),
	(2469, 2356.51, 2552.8, 46.652, 0, 0, 0),
	(2470, 2332.76, 2524.02, 46.6183, 0, 0, 0),
	(2471, 2320.36, 2535.86, 47.8147, 0, 0, 0),
	(2472, 2313.97, 2549.68, 47.6798, 0, 0, 0),
	(2473, 2319.11, 2553.96, 47.6798, 0, 0, 0),
	(2474, 2336.15, 2566.67, 47.7979, 0, 0, 0),
	(2475, 2338.06, 2570.55, 47.7135, 0, 0, 0),
	(2476, 2334.87, 2589.27, 47.663, 0, 0, 0),
	(2477, 2326.87, 2589.26, 46.6351, 0, 0, 0),
	(2478, 2337.01, 2604.78, 46.6688, 0, 0, 0),
	(2479, 2331.82, 2610.25, 46.652, 0, 0, 0),
	(2480, 2357.3, 2609.42, 47.0059, 0, 0, 0),
	(2481, 1142.32, 2663.78, 38.1597, 0, 0, 0),
	(2482, 1142.32, 2654.57, 38.1428, 0, 0, 0),
	(2483, 1142.36, 2651.27, 38.126, 0, 0, 0),
	(2484, 1142.32, 2643.53, 38.1428, 0, 0, 0),
	(2485, 1141.25, 2641.73, 38.1428, 0, 0, 0),
	(2486, 1136.2, 2641.73, 38.1428, 0, 0, 0),
	(2487, 1132.91, 2641.73, 38.1428, 0, 0, 0),
	(2488, 1125.15, 2641.73, 38.1428, 0, 0, 0),
	(2489, 1121.25, 2641.73, 38.1428, 0, 0, 0),
	(2490, 1114.63, 2641.73, 38.1428, 0, 0, 0),
	(2491, 1107.07, 2641.73, 38.1428, 0, 0, 0),
	(2492, 1106.1, 2648.94, 38.126, 0, 0, 0),
	(2493, 1106.1, 2652.78, 38.126, 0, 0, 0),
	(2494, 980.097, 2666.27, 40.0132, 0, 0, 0),
	(2495, 564.396, 2599.21, 43.8718, 0, 0, 0),
	(2496, 506.36, 2610.17, 43.8718, 0, 0, 0),
	(2497, 471.257, 2607.47, 44.4615, 0, 0, 0),
	(2498, 404.294, 2584.66, 43.5179, 0, 0, 0),
	(2499, 382.919, 2576.27, 44.5626, 0, 0, 0),
	(2500, 366.963, 2571.77, 44.5795, 0, 0, 0),
	(2501, 348.382, 2565.71, 43.5179, 0, 0, 0),
	(2502, 397.991, 2637.22, 44.6637, 0, 0, 0),
	(2503, 392.545, 2634.07, 44.6637, 0, 0, 0),
	(2504, 385.371, 2632.51, 44.6637, 0, 0, 0),
	(2505, 379.714, 2629.24, 44.6637, 0, 0, 0),
	(2506, 372.396, 2627.62, 44.6637, 0, 0, 0),
	(2507, 367.108, 2624.55, 44.6637, 0, 0, 0),
	(2508, 359.565, 2622.76, 44.6637, 0, 0, 0),
	(2509, 354.356, 2619.76, 44.6637, 0, 0, 0),
	(2510, 346.84, 2618, 44.6637, 0, 0, 0),
	(2511, 341.789, 2615.12, 44.6637, 0, 0, 0),
	(2512, 194.809, 3030.92, 44.0066, 0, 0, 0),
	(2513, 191.103, 3082.01, 43.4674, 0, 0, 0),
	(2514, 241.78, 3107.79, 42.4901, 0, 0, 0),
	(2515, 162.673, 3119.74, 43.4169, 0, 0, 0),
	(2516, 247.424, 3169.87, 42.7766, 0, 0, 0),
	(2517, 509.288, 3100.13, 41.2938, 0, 0, 0),
	(2518, 524.703, 3080.52, 40.8726, 0, 0, 0),
	(2519, 361.767, 2976.73, 41.6813, 0, 0, 0),
	(2520, 412.523, 2965.28, 41.8835, 0, 0, 0),
	(2521, 429.534, 2993.64, 40.9736, 0, 0, 0),
	(2522, 890.941, 2855.01, 56.9978, 0, 0, 0),
	(2523, 866.492, 2878.44, 57.9246, 0, 0, 0),
	(2524, 852, 2857.56, 58.3964, 0, 0, 0),
	(2525, -2587.69, 1910.97, 167.499, 0, 0, 0),
	(2526, -2797.77, 1431.47, 100.925, 0, 0, 0),
	(2527, -1804.96, 436.418, 128.829, 0, 0, 0),
	(2528, -151.793, 910.615, 235.64, 0, 0, 0),
	(2529, -85.6615, 834.673, 235.909, 0, 0, 0),
	(2530, 228.738, 765.837, 204.973, 0, 0, 0),
	(2531, 318.541, 552.132, 156.007, 0, 0, 0),
	(2532, 315.916, 502.009, 153.177, 0, 0, 0),
	(2533, 331.398, 465.244, 151.239, 0, 0, 0),
	(2534, 346.365, 440.281, 148.037, 0, 0, 0),
	(2535, 374.453, 427.675, 145.678, 0, 0, 0),
	(2536, -1038.07, 222.171, 64.3612, 0, 0, 0),
	(2537, -57.7319, -92.611, 57.7729, 0, 0, 0),
	(2538, 228.198, 338.466, 105.559, 0, 0, 0),
	(2539, 356.862, 173.486, 103.065, 0, 0, 0),
	(2540, 89.5912, 2.43956, 68.3041, 0, 0, 0),
	(2541, -1430.07, -211.108, 46.5004, 0, 0, 0),
	(2542, -1205.76, -324.659, 37.8564, 0, 0, 0),
	(2543, -1204.91, -326.347, 37.8228, 0, 0, 0),
	(2544, -846.778, -340.141, 38.6652, 0, 0, 0),
	(2545, -867.218, -186.976, 37.8396, 0, 0, 0),
	(2546, -721.187, -415.569, 34.9751, 0, 0, 0),
	(2547, -164.73, 233.684, 94.9099, 0, 0, 0),
	(2548, 236.664, 219.218, 106.284, 0, 0, 0),
	(2549, 237.521, 217.319, 106.284, 0, 0, 0),
	(2550, 238.259, 215.842, 106.284, 0, 0, 0),
	(2551, 265.648, 213.534, 106.267, 0, 0, 0),
	(2552, 264.87, 211.582, 106.267, 0, 0, 0),
	(2553, 264.356, 210.013, 106.267, 0, 0, 0),
	(2554, 380.914, 323.341, 103.554, 0, 0, 0),
	(2555, 1153.67, -326.822, 69.197, 0, 0, 0),
	(2556, 1077.84, -776.031, 58.2109, 0, 0, 0),
	(2557, -2294.52, 355.503, 174.593, 0, 0, 0),
	(2558, -2295.48, 358.22, 174.593, 0, 0, 0),
	(2559, -1827.05, 785.011, 138.298, 0, 0, 0),
	(2560, -2072.47, -317.262, 13.3063, 0, 0, 0),
	(2561, -2975.12, 380.084, 14.9912, 0, 0, 0),
	(2562, -2957.96, 487.859, 15.463, 0, 0, 0),
	(2563, -3040.96, 593.09, 7.89746, 0, 0, 0),
	(2564, -1091.42, 2708.6, 18.9509, 0, 0, 0),
	(2565, 540.264, 2670.92, 42.1531, 0, 0, 0),
	(2566, 1171.98, 2702.55, 38.1597, 0, 0, 0),
	(2567, 1822.51, 3683.16, 34.2675, 0, 0, 0),
	(2568, 1968.11, 3743.6, 32.3297, 0, 0, 0),
	(2569, 2683.07, 3286.71, 55.2285, 0, 0, 0),
	(2570, 1701.31, 6426.55, 32.751, 0, 0, 0),
	(2571, 1735.27, 6410.52, 35.0256, 0, 0, 0),
	(2572, 174.185, 6637.85, 31.5714, 0, 0, 0),
	(2573, 155.736, 6642.9, 31.5883, 0, 0, 0),
	(2574, -386.756, 6046.05, 31.4872, 0, 0, 0),
	(2575, -1391.01, -590.426, 30.3077, 0, 0, 0),
	(2576, -1315.86, -834.712, 16.9458, 0, 0, 0),
	(2577, -1314.9, -836.018, 16.9458, 0, 0, 0),
	(2578, -1570.63, -546.976, 34.9583, 0, 0, 0),
	(2579, -1415.96, -211.899, 46.5004, 0, 0, 0),
	(2580, -1286.11, -213.389, 42.4396, 0, 0, 0),
	(2581, -1282.62, -210.963, 42.4396, 0, 0, 0),
	(2582, -1289.22, -226.813, 42.4396, 0, 0, 0),
	(2583, -1285.83, -224.532, 42.4396, 0, 0, 0),
	(2584, 285.719, 143.631, 104.16, 0, 0, 0),
	(2585, 526.906, -160.681, 57.082, 0, 0, 0),
	(2586, -30.1978, -723.811, 44.2256, 0, 0, 0),
	(2587, -28.0352, -724.615, 44.2256, 0, 0, 0),
	(2588, -1109.71, -1690.77, 4.35901, 0, 0, 0),
	(2589, -821.657, -1082.02, 11.1157, 0, 0, 0),
	(2590, -717.626, -915.877, 19.2036, 0, 0, 0),
	(2591, -526.549, -1222.92, 18.4454, 0, 0, 0),
	(2592, -660.752, -854.07, 24.4777, 0, 0, 0),
	(2593, -712.945, -819.007, 23.7194, 0, 0, 0),
	(2594, -710.097, -818.993, 23.7194, 0, 0, 0),
	(2595, -537.811, -854.426, 29.2799, 0, 0, 0),
	(2596, -596.123, -1161.38, 22.3209, 0, 0, 0),
	(2597, -594.593, -1161.39, 22.3209, 0, 0, 0),
	(2598, -984.105, -2640.61, 13.9802, 0, 0, 2.57264),
	(2599, -611.947, -704.809, 31.2344, 0, 0, 0),
	(2600, -614.611, -704.756, 31.2344, 0, 0, 0),
	(2601, -618.33, -707.103, 30.0381, 0, 0, 0),
	(2602, -618.251, -709.094, 30.0381, 0, 0, 0),
	(2603, -303.415, -829.701, 32.4139, 0, 0, 0),
	(2604, -301.741, -830.11, 32.4139, 0, 0, 0),
	(2605, -258.752, -723.323, 33.4586, 0, 0, 0),
	(2606, -256.167, -716.097, 33.5092, 0, 0, 0),
	(2607, -254.4, -692.387, 33.5934, 0, 0, 0),
	(2608, -203.842, -861.389, 30.2572, 0, 0, 0),
	(2609, 111.363, -775.385, 31.4366, 0, 0, 0),
	(2610, 114.382, -776.466, 31.403, 0, 0, 0),
	(2611, 112.642, -819.389, 31.3356, 0, 0, 0),
	(2612, 119.024, -883.78, 31.1165, 0, 0, 0),
	(2613, 147.64, -1035.8, 29.3304, 0, 0, 0),
	(2614, 146.031, -1035.13, 29.3304, 0, 0, 0),
	(2615, 5.16923, -919.833, 29.5494, 0, 0, 0),
	(2616, 24.4747, -946.062, 29.3473, 0, 0, 0),
	(2617, 288.989, -1256.82, 29.4315, 0, 0, 0),
	(2618, 130.009, -1292.69, 29.2631, 0, 0, 0),
	(2619, 129.613, -1292, 29.2631, 0, 0, 0),
	(2620, 129.02, -1291.07, 29.2631, 0, 0, 0),
	(2621, -941.051, -2954.19, 19.844, 0, 0, 2.57264),
	(2622, 33.3758, -1348.14, 29.4821, 0, 0, 0),
	(2623, -56.9275, -1752.18, 29.4147, 0, 0, 0),
	(2624, 2558.82, 350.862, 108.609, 0, 0, 0),
	(2625, 2558.44, 389.512, 108.609, 0, 0, 0),
	(2626, -1042.46, -2745.32, 21.3436, 0, 0, -0.494739),
	(2627, -68.7429, -820.589, 326.174, 0, 0, 1.83053),
	(2628, 2928.82, 2794.58, 40.6703, 0, 0, 0),
	(2629, 2933.12, 2790.32, 40.0974, 0, 0, 0),
	(2630, 2935.65, 2786.64, 39.7435, 0, 0, 0),
	(2631, 2938.07, 2782.36, 39.4572, 0, 0, 0),
	(2632, 2940.61, 2778.08, 39.2719, 0, 0, 0),
	(2633, 2943.75, 2772.63, 39.2212, 0, 0, 0),
	(2634, 2949.03, 2771.43, 39.019, 0, 0, 0),
	(2635, 2953.56, 2774.74, 39.3392, 0, 0, 0),
	(2636, 2960.04, 2777.12, 39.9795, 0, 0, 0),
	(2637, 2966.06, 2779.31, 39.0359, 0, 0, 0),
	(2638, 2972.89, 2781.63, 38.918, 0, 0, 0),
	(2639, 2974.38, 2787.43, 39.7773, 0, 0, 0),
	(2640, 2973.19, 2793.85, 40.704, 0, 0, 0),
	(2641, 2968.66, 2797.24, 41.0073, 0, 0, 0),
	(2642, 2964.58, 2794.73, 40.6703, 0, 0, 0),
	(2643, 2965.95, 2790.36, 40.0132, 0, 0, 0),
	(2644, 2968.68, 2785.17, 39.3224, 0, 0, 0),
	(2645, 2963.22, 2785.53, 39.7942, 0, 0, 0),
	(2646, 2956.63, 2784.53, 41.0916, 0, 0, 0),
	(2647, 2952.01, 2782.29, 40.4513, 0, 0, 0),
	(2648, 2947.73, 2778.38, 39.3055, 0, 0, 0),
	(2649, 2945.17, 2781.93, 39.5919, 0, 0, 0),
	(2650, 2947.46, 2786.03, 40.2828, 0, 0, 0),
	(2651, 2942.74, 2787.44, 39.9795, 0, 0, 0),
	(2652, 2940.5, 2791.9, 40.3502, 0, 0, 0),
	(2653, 2935.94, 2794.46, 40.5692, 0, 0, 0),
	(2654, 2932.79, 2800.56, 41.1758, 0, 0, 0),
	(2655, 2932.15, 2806.21, 42.1194, 0, 0, 0),
	(2656, 2937.52, 2805.2, 41.6476, 0, 0, 0),
	(2657, 2941.93, 2802.37, 41.0579, 0, 0, 0),
	(2658, 2943.38, 2797.67, 40.7883, 0, 0, 0),
	(2659, 2946.99, 2794.27, 40.6198, 0, 0, 0),
	(2660, 2951.76, 2794.47, 40.7715, 0, 0, 0),
	(2661, 2947, 2804.68, 41.3949, 0, 0, 0),
	(2662, 2941.94, 2808.7, 41.8667, 0, 0, 0),
	(2663, 2947.12, 2812.67, 41.9846, 0, 0, 0),
	(2664, 2948.28, 2809.15, 41.4454, 0, 0, 0),
	(2665, -1042.46, -2745.32, 21.3436, 0, 0, -0.494739),
	(2666, -31.5956, -1091.01, 26.0447, -0.00186575, 0.00113656, -0.4508),
	(2667, -32.8484, -1102.18, 26.4154, 0, 0, 1.1379),
	(2668, -727.622, -1500.92, 4.99927, 0, 0, 0.296843),
	(2669, -984.198, -2640.66, 13.9802, 0, 0, 2.52317),
	(2670, -1006.11, -1396.65, 1.57874, 0, 0, -2.77054),
	(2671, -1106.81, -3471.13, 13.9297, 0, 0, -2.0779),
	(2672, 268.76, -1155.42, 29.2799, 0, 0, 1.58316),
	(2673, 268.563, -1154.84, 29.2799, 0, 0, 1.43474),
	(2674, 1466.32, 6543.59, 14.1487, 0, 0, 1.63264),
	(2675, 365.578, 3568.27, 33.3575, 0, 0, 1.92948),
	(2676, 1224.66, 2728.51, 37.9912, 0, 0, 3.06738),
	(2677, -990.607, -2660.47, 13.3737, 0.00288027, 0.00733169, 1.07085),
	(2678, -990.62, -2660.47, 13.3737, -0.000423175, 0.0101919, 1.07087),
	(2679, -1042.46, -2745.32, 21.3436, 0, 0, -0.494739),
	(2680, 984.066, -1531.83, 30.7964, 0, 0, -3.06738),
	(2681, -33.2044, -153.086, 57.0652, 0, 0, -0.395791),
	(2682, 137.235, -1707.76, 29.2799, 0, 0, 2.37475),
	(2683, -813.719, -183.679, 37.5531, 0, 0, 2.02843),
	(2684, -1282.3, -1117.07, 6.98755, 0, 0, 1.48422),
	(2685, 1212.84, -472.853, 66.1978, 0, 0, 1.23685),
	(2686, 1931.21, 3730.59, 32.8352, 0, 0, -2.57264),
	(2687, -277.662, 6227.85, 31.6893, 0, 0, 0.692635),
	(2688, 1864.64, 3746.99, 33.0205, 0, 0, 0.395791),
	(2689, 323.842, 179.71, 103.571, 0, 0, 1.1379),
	(2690, -1155.45, -1426.38, 4.94873, 0, 0, -0.940004),
	(2691, 1321.53, -1652.97, 52.2631, 0, 0, -0.989478),
	(2692, -3169.03, 1076.85, 20.8213, 0, 0, 2.62212),
	(2693, -294.554, 6200.45, 31.4872, 0, 0, -2.4737),
	(2694, -313.345, 6048.7, 31.3019, 0, 0, 0),
	(2695, 301.569, -599.182, 43.2821, 0, 0, 0),
	(2696, 306.831, -601.477, 43.2821, 0, 0, 0),
	(2697, 291.099, -588.092, 43.1809, 0, 0, 0),
	(2698, 309.495, -577.49, 44.1919, 0, 0, 0),
	(2699, 344.334, -586.325, 28.7913, 0, 0, 0),
	(2700, 332.321, -595.648, 43.2821, 0, 0, 0),
	(2701, 330.303, -601.2, 43.2821, 0, 0, 0),
	(2702, 338.888, -583.952, 74.1509, 0, 0, 0),
	(2703, 337.688, -588.409, 74.1509, 0, 0, -1.48422),
	(2704, 352.18, -587.815, 74.1509, 0, 0, -1.92948),
	(2705, 352.18, -587.815, 74.1509, 0, 0, -1.92948),
	(2706, 337.556, -588.356, 74.1509, 0, 0, -1.38527),
	(2707, -1042.46, -2745.32, 21.3436, 0, 0, -0.494739),
	(2708, 287.657, -583.121, 43.3663, 0, 0, -1.92948),
	(2709, -1105.91, -822.198, 14.2667, 0, 0, 0),
	(2710, 482.558, -995.248, 30.6783, 0, 0, 3.06738),
	(2711, -1096.25, -832.193, 14.2667, 0, 0, 0),
	(2712, -1117.19, -861.706, 13.5758, 0, 0, 0.593687),
	(2713, 461.143, -975.257, 25.6908, 0, 0, 2.2758),
	(2714, 445.767, -986.031, 25.3033, 0.00196984, 0.000944725, -1.60375),
	(2715, 445.741, -988.826, 25.3033, -0.000976956, -0.00000381094, -1.56299),
	(2716, 445.635, -991.516, 25.3033, -0.00000381094, -0.000976956, -1.5786),
	(2717, 445.727, -994.141, 25.3033, -0.000976962, 0.00000190744, -1.5747),
	(2718, 445.807, -996.804, 25.3033, -0.0000123313, -0.000976886, -1.59604),
	(2719, 437.341, -986.018, 25.3033, 0.00000190744, 0.000976962, 1.56689),
	(2720, 437.552, -988.76, 25.3033, -0.00000476127, 0.000976952, 1.58054),
	(2721, 437.473, -991.648, 25.3033, 0.00000285957, 0.00097696, 1.56494),
	(2722, 437.525, -994.22, 25.3033, -0.000977049, 0.00195401, 1.5708),
	(2723, 437.473, -996.884, 25.3033, 0.00000190744, 0.000976962, 1.56689),
	(2724, -1083.43, -816.527, 31.2513, 0, 0, -1.03895),
	(2725, 462.673, -980.677, 43.6864, 0, 0, 2.22633),
	(2726, 448.127, -981.073, 44.074, 0.00000286034, -0.00293106, -1.56884),
	(2727, 136.141, -720.343, 33.1216, 0, 0, 2.72106),
	(2728, 136.141, -720.343, 33.1216, 0, 0, 2.72106),
	(2729, 132.897, -723.073, 32.751, 0.000318676, -0.0021613, 2.79091),
	(2730, 128.993, -721.754, 32.751, 0.00191588, -0.00104985, 2.78249),
	(2731, 124.971, -720.396, 32.751, -0.00104043, -0.00192101, 2.79231),
	(2732, 121.16, -718.866, 32.751, -0.00241874, -0.00165554, 2.77124),
	(2733, 117.547, -717.31, 32.751, -0.000795998, -0.000566433, 2.80774),
	(2734, 113.749, -716.004, 32.751, -0.00328977, 0.00125978, 2.80493),
	(2735, 110.084, -714.818, 32.751, 0.000799556, 0.0005614, 2.79512),
	(2736, 148.062, -691.727, 33.1216, 0, 0, -1.92948),
	(2737, 148.062, -691.727, 33.1216, 0, 0, -1.92948),
	(2738, 155.143, -697.859, 33.4755, 0.00760956, -0.000570835, 2.81054),
	(2739, 457.464, -1012.36, 28.3195, 0, 0, 2.12738),
	(2740, 457.464, -1012.36, 28.3195, 0, 0, 2.12738),
	(2741, 450.264, -1017.98, 28.8418, 0.0163555, 0.017825, 1.59961),
	(2742, 450.251, -1017.98, 28.8418, 0.0163555, 0.017825, 1.59961),
	(2743, 450.264, -1017.98, 28.8418, 0.0163555, 0.017825, 1.59961),
	(2744, 454.8, -1016.24, 28.7576, 0.00471505, 0.0150641, -1.41646),
	(2745, 223.714, 213.916, 105.053, 0.0122261, -0.0078419, -2.02537),
	(2746, 453.204, -1017.06, 27.8645, -0.0303933, 0.0480936, -0.271733),
	(2747, 440.413, -1022.16, 28.1509, -0.000920766, 0.00032657, 0.889135),
	(2748, 459.574, -980.743, 25.2021, 0.00327628, 0.00567656, -1.6904),
	(2749, 440.598, -1017.23, 28.2183, -0.0107044, 0.0253474, -0.985127),
	(2750, 446.98, -1014.74, 28.37, -0.147434, 0.171742, 2.27138),
	(2751, 433.899, -1020.17, 28.3026, 0.0364936, 0.0264085, -2.60993),
	(2752, 436.76, -1020.46, 28.2351, 0.0468471, 0.0274149, -2.83905),
	(2753, 434.36, -1016.1, 28.7238, 0.64117, -0.271348, 1.22235),
	(2754, 431.789, -1015.75, 28.8081, 0.995478, -0.687286, 1.20989),
	(2755, 434.479, -1014.44, 28.2183, -0.0419511, 0.0131756, 0.96224),
	(2756, 0, 0, 0, 0, 0, 0),
	(2757, 0, 0, 0, 0, 0, 0),
	(2758, 0, 0, 0, 0, 0, 0),
	(2759, 0, 0, 0, 0, 0, 0),
	(2760, 0, 0, 0, 0, 0, 0),
	(2761, 0, 0, 0, 0, 0, 0),
	(2762, 447.099, -974.558, 25.219, -0.00348124, 0.00342724, 1.30266),
	(2763, 445.292, -986.057, 25.219, -0.0000160947, -0.000976831, -1.60375),
	(2764, 0, 0, 0, 0, 0, 0),
	(2765, 441.851, -1013.87, 27.8645, -0.0156292, 0.0150461, -1.8526),
	(2766, 0, 0, 0, 0, 0, 0),
	(2767, 445.741, -986.044, 25, -0.0000160947, -0.000976831, -1.60375),
	(2768, 0, 0, 0, 0, 0, 0),
	(2769, 0, 0, 0, 0, 0, 0),
	(2770, 445.147, -991.53, 25.2358, 0.00000381094, 0.000976956, -1.5786),
	(2771, 0, 0, 0, 0, 0, 0),
	(2772, 0, 0, 0, 0, 0, 0),
	(2773, 443.143, -1021.23, 28.7913, -3.03123, -0.0526621, 2.76641),
	(2774, 0, 0, 0, 0, 0, 0),
	(2775, 0, 0, 0, 0, 0, 0),
	(2776, 0, 0, 0, 0, 0, 0),
	(2777, 0, 0, 0, 0, 0, 0),
	(2778, 0, 0, 0, 0, 0, 0),
	(2779, 0, 0, 0, 0, 0, 0),
	(2780, 0, 0, 0, 0, 0, 0),
	(2781, 445.741, -986.044, 25.556, -0.0000160947, -0.000976831, -1.60375),
	(2782, 445.714, -994.207, 25.5392, 0.0000142855, 0.00488514, -1.57664),
	(2783, 0, 0, 0, 0, 0, 0),
	(2784, 0, 0, 0, 0, 0, 0),
	(2785, 0, 0, 0, 0, 0, 0),
	(2786, 0, 0, 0, 0, 0, 0),
	(2787, 0, 0, 0, 0, 0, 0),
	(2788, 0, 0, 0, 0, 0, 0),
	(2789, 0, 0, 0, 0, 0, 0),
	(2790, 0, 0, 0, 0, 0, 0),
	(2791, 0, 0, 0, 0, 0, 0),
	(2792, 0, 0, 0, 0, 0, 0),
	(2793, 0, 0, 0, 0, 0, 0),
	(2794, 0, 0, 0, 0, 0, 0),
	(2795, 0, 0, 0, 0, 0, 0),
	(2796, 0, 0, 0, 0, 0, 0),
	(2797, 0, 0, 0, 0, 0, 0),
	(2798, 0, 0, 0, 0, 0, 0),
	(2799, 0, 0, 0, 0, 0, 0),
	(2800, 0, 0, 0, 0, 0, 0),
	(2801, 0, 0, 0, 0, 0, 0),
	(2802, 445.741, -986.044, 25.455, -0.0000160947, -0.000976831, -1.60375),
	(2803, 453.521, -1015.86, 27.9993, 0.0222134, 0.0347442, -0.0453059),
	(2804, 442.193, -1016.8, 28.6227, -3.05738, -0.0124261, -3.05876),
	(2805, 444.251, -1017.51, 28.1846, -0.00346288, 0.022798, 0.000730339),
	(2806, 450.264, -981.046, 44.074, -0.00333444, 0.00113629, -1.05163),
	(2807, 448.101, -981.086, 44.074, -0.000973243, -0.00390906, -1.56885),
	(2808, 448.101, -981.086, 44.074, 0.00000475772, -0.00488516, -1.56885),
	(2809, -1045.13, -2325.75, 13.9297, 0, 0, 0),
	(2810, -335.578, -135.481, 38.5809, -0.000975052, 0.0000610877, -1.69593),
	(2811, -334.958, -138.369, 38.5809, 0.00168581, -0.00138955, -2.02219),
	(2812, -1119.31, -859.358, 13.104, -0.0127991, -0.0035763, -1.62287),
	(2813, 1292.07, 1449.14, 99.1055, -0.0214827, 0.00882526, -3.12699),
	(2814, -1027.54, -715.688, 19.7935, 0.0499548, -0.0539758, 2.24396),
	(2815, -1115.66, -857.433, 13.0366, -0.0148875, -0.010004, 0.637305),
	(2816, -1125.38, -861.046, 13.6937, -0.389427, 0.13759, 2.58089),
	(2817, -1127.45, -864.633, 13.5927, -0.205291, -0.361084, 1.24851),
	(2818, -1119.82, -861.798, 13.0703, -0.00652152, 0.00441812, -1.72338),
	(2819, -1109.05, -856.114, 13.9297, -0.22709, 0.438621, 2.05785),
	(2820, -1114.92, -851.459, 12.9355, -0.0332184, -0.0100228, 0.144373),
	(2821, -1121.16, -861.719, 13.7444, -0.224453, 0.363284, 1.98548),
	(2822, -1129.53, -861.152, 13.0535, -0.00441123, -0.00855215, -0.218078),
	(2823, -1122.95, -862.549, 13.7612, 2.96661, -0.245236, 0.734847),
	(2824, -1120.22, -863.974, 18.8162, -0.00235982, 0.00641926, -0.866237),
	(2825, -1115.66, -857.433, 13.0366, -0.0148875, -0.010004, 0.637305),
	(2826, -1115.64, -857.433, 12.9355, -0.0100714, -0.00696018, 0.637331),
	(2827, -1115.64, -857.433, 12.9355, -0.0100714, -0.00696018, 0.637331),
	(2828, -1126.06, -865.147, 12.9692, 0.00462449, -0.00637684, -2.41921),
	(2829, -1115.64, -857.433, 12.9355, -0.0100714, -0.00696018, 0.637331),
	(2830, -1115.64, -857.433, 12.9355, -0.0100714, -0.00696018, 0.637331),
	(2831, 445.741, -986.044, 25.1011, -0.0000160947, -0.000976831, -1.60375),
	(2832, -1123.42, -812.413, 15.8506, 0.0792858, -0.0408143, 1.06241),
	(2833, -1115.64, -857.42, 12.885, -0.00963855, -0.00827236, 0.637327),
	(2834, 0, 0, 0, 0, 0, 0),
	(2835, 0, 0, 0, 0, 0, 0),
	(2836, -1112.33, -855.204, 12.9355, -0.0100664, -0.0069675, 0.638786),
	(2837, 0, 0, 0, 0, 0, 0),
	(2838, -1112.33, -855.204, 12.9355, -0.0100664, -0.0069675, 0.638786),
	(2839, -1115.64, -857.433, 12.885, -0.0100714, -0.00696018, 0.637331),
	(2840, -1115.64, -857.433, 12.885, -0.0100714, -0.00696018, 0.637331),
	(2841, -1115.64, -857.446, 12.885, -0.0100714, -0.00696018, 0.637331),
	(2842, -1115.64, -857.446, 12.885, -0.0100714, -0.00696018, 0.637331),
	(2843, 0, 0, 0, 0, 0, 0),
	(2844, -1115.64, -857.433, 12.885, -0.00963855, -0.00827236, 0.637327),
	(2845, -1115.64, -857.433, 12.885, -0.0100714, -0.00696018, 0.637331),
	(2846, 0, 0, 0, 0, 0, 0),
	(2847, 0, 0, 0, 0, 0, 0),
	(2848, 0, 0, 0, 0, 0, 0),
	(2849, -1115.64, -857.433, 12.885, -0.0100714, -0.00696018, 0.637331),
	(2850, -1120.01, -859.49, 12.9019, -0.00465237, 0.016648, -2.67655),
	(2851, -1115.64, -857.433, 12.885, -0.0100714, -0.00696018, 0.637331),
	(2852, -1119.61, -861.376, 13.2726, -0.0108894, -0.000864626, -1.77204),
	(2853, -1115.66, -857.433, 13.2557, -0.0113835, -0.00739305, 0.637326),
	(2854, 0, 0, 0, 0, 0, 0),
	(2855, -1115.66, -857.433, 13.2388, -0.0113835, -0.00739305, 0.637326),
	(2856, -1115.66, -857.433, 13.2388, -0.0100714, -0.00696018, 0.637331),
	(2857, -1115.66, -857.433, 13.2388, -0.0100714, -0.00696018, 0.637331),
	(2858, 0, 0, 0, 0, 0, 0),
	(2859, 0, 0, 0, 0, 0, 0),
	(2860, 0, 0, 0, 0, 0, 0),
	(2861, -1112.33, -855.191, 13.2388, -0.0113782, -0.00740133, 0.638781),
	(2862, -1115.68, -857.42, 13.3737, -0.0140021, -0.00826907, 0.638772),
	(2863, -1119.85, -860.308, 13.3905, -0.00762778, 0.000219586, -3.01785),
	(2864, 0, 0, 0, 0, 0, 0),
	(2865, -1115.67, -857.42, 13.3905, -0.0144359, -0.00695721, 0.638779),
	(2866, -1123.25, -862.734, 13.4242, -0.0113455, 0.00143636, 0.621388),
	(2867, -1115.68, -857.42, 13.3737, -0.0135683, -0.00958093, 0.638766),
	(2868, -1115.66, -857.433, 13.2726, -0.0135752, -0.00957106, 0.637311),
	(2869, -1125.63, -865.609, 13.2894, 0.000275818, -0.00787233, 0.602537),
	(2870, -1123.27, -862.734, 13.3063, -0.00918444, -0.000779033, 0.622824),
	(2871, -1112.33, -855.204, 13.2726, -0.0140021, -0.00826907, 0.638772),
	(2872, -366.541, -130.589, 37.9744, 0.00134724, -0.00171981, -2.45603),
	(2873, -1115.64, -857.446, 12.8176, -0.0100714, -0.00696018, 0.637331),
	(2874, -1119.9, -843.244, 12.6659, -0.00872194, 0.00859102, 2.15802),
	(2875, -1115.64, -857.446, 12.8176, -0.0100714, -0.00696018, 0.637331),
	(2876, -1115.64, -857.433, 12.8176, -0.00875919, -0.00652726, 0.637334),
	(2877, -1115.64, -857.446, 12.8176, -0.0105043, -0.00564799, 0.637335),
	(2878, -1118.94, -859.833, 12.8345, -0.0109184, -0.000339716, -1.8683),
	(2879, 445.807, -996.804, 25.2697, -0.000976886, 0.0000123313, -1.59604),
	(2880, 437.327, -986.031, 25.2697, 0.000976962, -0.00000190744, 1.56689),
	(2881, 445.701, -994.167, 25.2697, -0.00000190744, -0.000976962, -1.5747),
	(2882, -1048.3, -853.754, 4.51062, -0.00576418, -0.00416755, 2.26619),
	(2883, 450.251, -1018.01, 28.1509, 0.0153092, 0.0226954, 1.59954),
	(2884, -1048.3, -853.754, 5.21826, 0.00107893, -0.00584432, 2.26621),
	(2885, -1059.74, -861.152, 5.21826, -0.0179786, -0.00502119, -0.816368),
	(2886, 0, 0, 0, 0, 0, 0),
	(2887, -1048.3, -853.754, 5.21826, 0.00107893, -0.00584432, 2.26621),
	(2888, -1048.31, -853.767, 5.69006, 0.00299631, -0.00826715, 2.26621),
	(2889, -1095.85, -832.8, 38.0923, -0.00181512, 0.00359629, 2.01566),
	(2890, -1095.73, -831.982, 38.0923, -0.00323957, 0.00138376, 2.72899),
	(2891, -1095.85, -832.8, 38.0923, -0.00181512, 0.00359629, 2.01566),
	(2892, -1097.34, -834.053, 40.0806, -0.000949639, 0.000229444, -2.04493),
	(2893, 0, 0, 0, 0, 0, 0),
	(2894, 0, 0, 0, 0, 0, 0),
	(2895, 132.778, -722.967, 32.7003, -0.000806199, -0.000551816, 2.77125),
	(2896, 102.396, -691.345, 32.6835, -0.00185532, 0.0011535, -1.75595),
	(2897, 131.538, -722.941, 32.7003, 0.00106329, 0.00190846, 2.76843),
	(2898, 132.897, -723.086, 32.7003, -0.000559716, 0.000800735, 2.79091),
	(2899, 118.062, -697.055, 32.6329, 0.0105161, -0.0286734, 2.53045),
	(2900, 105.046, -712.84, 32.5487, -0.0443187, -0.119311, -0.080894),
	(2901, 157.305, -729.89, 32.6835, 0.00700997, 0.0174105, 2.15475),
	(2902, 132.897, -723.086, 32.7003, -0.000559716, 0.000800735, 2.79091),
	(2903, 0, 0, 0, 0, 0, 0),
	(2904, -39.5209, -993.297, 28.7576, 0.0117622, -0.0131115, -0.219378),
	(2905, -223.081, -1328.61, 30.392, -0.00578103, -0.0049811, 1.60372),
	(2906, 135.27, -723.547, 32.6329, 0.00595133, 0.00192886, -2.73605),
	(2907, 133.108, -724.721, 32.6329, -0.00209112, 0.00556304, -1.18199),
	(2908, 145.859, -727.569, 32.6329, 0.0041983, -0.00574182, 2.27688),
	(2909, 121.134, -718.892, 32.6329, 0.00598436, -0.00182382, 2.77125),
	(2910, 132.778, -723.112, 32.6329, 0.00576098, -0.00312546, 2.79092),
	(2911, 132.897, -723.099, 32.6329, 0.00576098, -0.00312546, 2.79092),
	(2912, -56.9011, -1117.64, 25.8425, 0.000709413, -0.000671709, 0.0545858),
	(2913, 132.897, -723.086, 32.5487, -0.000800735, -0.000559716, 2.79091),
	(2914, 140.347, -743.947, 32.4476, -0.0791153, 0.0981288, 1.12578),
	(2915, 132.897, -723.086, 32.5487, -0.000800735, -0.000559716, 2.79091),
	(2916, 130.892, -723.587, 32.4982, -0.000970727, -0.000110216, 1.79691),
	(2917, 132.897, -723.086, 32.4982, 0.000559716, -0.000800735, 2.79091),
	(2918, 745.332, -326.413, 49.0278, 0.269097, 0.020894, 0.056443),
	(2919, 132.897, -723.086, 32.4982, 0.000559716, -0.000800735, 2.79091),
	(2920, 132.897, -723.099, 32.8689, 0.00464143, -0.00152385, 2.79091),
	(2921, 107.248, -694.721, 32.8521, -0.000115482, -0.00488381, 2.81054),
	(2922, 128.98, -721.767, 32.7678, -0.000803085, -0.000556339, 2.78249),
	(2923, 132.897, -723.099, 32.7678, -0.000559716, 0.000800735, 2.79091),
	(2924, 132.897, -723.086, 32.4308, -0.000559716, 0.000800735, 2.79091),
	(2925, -1526.27, -292.141, 48.3539, 0.0289406, -0.0500232, -0.657319),
	(2926, -538.259, -680.255, 32.5319, 0.00182514, 0.0504106, -0.0449707),
	(2927, 263.13, -843.007, 28.6901, -0.000799581, 0.0241778, -3.1326),
	(2928, 439.477, -352.22, 46.8037, -0.0470667, 0.114305, 0.499949),
	(2929, 132.897, -723.086, 32.7847, -0.00328086, 0.00128281, 2.79091),
	(2930, 342.527, -1680.92, 32.1274, -0.00954218, 0.00231581, -2.24631),
	(2931, 132.897, -723.086, 32.7003, -0.000559716, 0.000800735, 2.79091),
	(2932, 155.13, -697.859, 33.4755, 0.00601904, -0.0017059, 2.81054),
	(2933, 105.969, -697.2, 33.4081, 0.00215975, -0.0262195, 2.82874),
	(2934, 127.108, -738.251, 262.835, -0.0396351, -0.0782601, 1.12887),
	(2935, 121.701, -742.523, 262.734, 0.00000445732, 0.00218467, -0.647547),
	(2936, 126.857, -741.323, 262.802, -0.00801085, 0.0233228, 0.266889),
	(2937, 122.387, -741.323, 262.549, -0.000580817, 0.000785564, -0.297479),
	(2938, 0, 0, 0, 0, 0, 0),
	(2939, 122.387, -741.323, 262.549, -0.000580817, 0.000785564, -0.297479),
	(2940, 121.701, -741.218, 259.212, 0.382197, -0.399553, -0.768179),
	(2941, 0, 0, 0, 0, 0, 0),
	(2942, 122.387, -741.336, 263.509, 0.00351856, 0.000171286, -0.29748),
	(2943, -337.253, -137.037, 39.0022, 0, 0, 0),
	(2944, -1042.46, -2745.32, 21.3436, 0, 0, -0.494739),
	(2945, -1042.46, -2745.32, 21.3436, 0, 0, -0.494739),
	(2946, -1042.46, -2745.32, 21.3436, 0, 0, -0.494739),
	(2947, -1171.79, -855.455, 14.1655, 0, 0, -1.92948),
	(2948, -1042.46, -2745.32, 21.3436, 0, 0, -0.494739),
	(2949, -1042.46, -2745.32, 21.3436, 0, 0, -0.494739),
	(2950, -1042.46, -2745.32, 21.3436, 0, 0, -0.494739),
	(2951, -1042.46, -2745.32, 21.3436, 0, 0, -0.494739),
	(2952, -1042.46, -2745.32, 21.3436, 0, 0, -0.494739),
	(2953, -1846.09, -762.837, -37.5634, 0, 0, 0),
	(2954, -1831.87, -751.055, 8.48718, 0, 0, 2.2758),
	(2955, -1818.28, -767.908, 8.21753, 0, 0, -2.91896),
	(2956, -1851.53, -767.499, 7.37512, 0, 0, -2.72106),
	(2957, 1135.4, 111.316, 35.9187, 0, 0, 0),
	(2958, -1042.46, -2745.32, 21.3436, 0, 0, -0.494739),
	(2959, 1147.71, 119.697, 81.8176, 0, 0, -0.346317),
	(2960, 1156.04, 123.758, 81.8513, 0, 0, 0.593687),
	(2961, 1131.18, 119.631, 80.8403, 0, 0, -1.78106),
	(2962, 670.068, -1616.04, -36.822, 0, 0, 0),
	(2963, 685.068, -1607.04, 9.17798, 0, 0, 2.2758),
	(2964, 675.297, -1609.86, 9.59924, 0, 0, 1.3358),
	(2965, 696.659, -1600.69, 9.63293, 0, 0, 1.43474),
	(2966, 2256.19, -450.218, 42.9956, 0, 0, 0),
	(2967, 2271.84, -440.136, 88.9451, 0, 0, -1.1379),
	(2968, 2258.84, -440.123, 88.9451, 0, 0, 1.53369),
	(2969, 2282.32, -436.035, 88.9451, 0, 0, 1.83053),
	(2970, -1504.52, 351.976, 56.1216, 0, 0, 0),
	(2971, -1490.85, 362.716, 102.728, 0, 0, 1.73159),
	(2972, -1506.55, 356.993, 102.29, 0, 0, 1.53369),
	(2973, -1463.53, 377.473, 99.4425, 0, 0, 2.4737),
	(2974, -1559.1, -1151.22, -43.3766, 0, 0, 0),
	(2975, -1544.1, -1142.22, 2.62341, 0, 0, -1.78106),
	(2976, -1526.14, -1109.21, 2.62341, 0, 0, -0.346317),
	(2977, -1583.14, -1157.97, 2.62341, 0, 0, -0.395791),
	(2978, -277.352, -2564.06, -40.0066, 0, 0, 0),
	(2979, -260.967, -2552.04, 5.99341, 0, 0, 1.92948),
	(2980, -287.697, -2560.33, 5.99341, 0, 0, 1.53369),
	(2981, -235.081, -2550.57, 5.99341, 0, 0, 1.63264),
	(2982, -1039.69, -190.464, -8.22778, 0, 0, 0),
	(2983, -1024.69, -181.464, 37.7722, 0, 0, -1.08843),
	(2984, -989.156, -163.938, 37.7722, 0, 0, 1.88001),
	(2985, -1058.65, -182.637, 37.7722, 0, 0, 1.23685),
	(2986, -304.754, -192.178, -6.62708, 0, 0, 0),
	(2987, -290.901, -182.387, 39.3898, 0, 0, -0.791582),
	(2988, -270.673, -169.477, 39.3898, 0, 0, -1.03895),
	(2989, -326.334, -184.668, 39.3898, 0, 0, -1.83053),
	(2990, -477.738, 1510.21, 343.007, 0, 0, 0),
	(2991, -462.738, 1519.21, 389.007, 0, 0, 1.92948),
	(2992, -486.29, 1517.99, 389.9, 0, 0, 0.346317),
	(2993, -447.666, 1523.01, 387.423, 0, 0, -1.18737),
	(2994, -486.633, 1513.99, 389.546, 0, 0, 2.0779),
	(2995, 1601.99, 3217.4, -5.59924, 0, 0, 0),
	(2996, 1616.99, 3226.4, 40.4008, 0, 0, 1.78106),
	(2997, 1581.15, 3216.66, 40.4008, 0, 0, 1.58316),
	(2998, 1647.27, 3241.5, 40.4681, 0, 0, 2.0779),
	(2999, 2713.05, 1357.22, -21.4886, 0, 0, 0),
	(3000, 2728.76, 1365.86, 24.5114, 0, 0, -1.83053),
	(3001, 2712.09, 1362.5, 24.5114, 0, 0, 1.73159),
	(3002, 2757.42, 1381.64, 24.5114, 0, 0, 0.148422),
	(3003, 2264.87, 2302.75, 16.2043, 0, 0, 0),
	(3004, 2279.92, 2312.72, 62.0696, 0, 0, 2.77054),
	(3005, 2285.5, 2322.2, 61.7157, 0, 0, -0.494739),
	(3006, 2251.83, 2310.47, 72.5165, 0, 0, 1.38527),
	(3007, 2525.52, 3289.62, 5.50476, 0, 0, 0),
	(3008, 2540.52, 3298.62, 51.5048, 0, 0, -0.0989478),
	(3009, 2558.4, 3308.28, 52.8022, 0, 0, -0.89053),
	(3010, 2509.99, 3297.35, 51.9934, 0, 0, 1.3358),
	(3011, 3285.38, 3381.04, 66.5348, 0, 0, 0),
	(3012, -829.404, 861.422, 157.086, 0, 0, 0),
	(3013, -814.404, 870.422, 203.086, 0, 0, -2.2758),
	(3014, -793.371, 869.644, 203.153, 0, 0, -0.296843),
	(3015, -852.699, 863.618, 202.9, 0, 0, 2.0779),
	(3016, 3300.38, 3392.37, 112.08, 0, 0, -1.28632),
	(3017, 3274.85, 3375.38, 118.668, 0, 0, -2.67159),
	(3018, 3312.78, 3397.89, 118.634, 0, 0, -1.03895),
	(3019, 2226.32, 5069.4, 1.3429, 0, 0, 0),
	(3020, 2241.32, 5078.4, 47.3429, 0, 0, 2.67159),
	(3021, 2262.66, 5078.44, 46.2814, 0, 0, 0),
	(3022, 2219.37, 5078.56, 48.4044, 0, 0, -1.3358),
	(3023, -478.477, 5078.58, 84.7157, 0, 0, 0),
	(3024, -463.49, 5087.53, 130.733, 0, 0, -0.791582),
	(3025, -434.796, 5102.56, 133.159, 0, 0, 2.2758),
	(3026, -495.811, 5074.93, 128.845, 0, 0, 2.62212),
	(3027, 2611.64, 2999.99, -6.66077, 0, 0, 0),
	(3028, 2626.64, 3008.99, 39.3392, 0, 0, 1.08843),
	(3029, 2578.95, 2993.99, 44.5795, 0, 0, 1.83053),
	(3030, 2642.87, 3030.95, 41.9341, 0, 0, 0.395791),
	(3031, -2478.8, 2507.07, -43.7642, 0, 0, 0),
	(3032, -2463.8, 2516.07, 2.23584, 0, 0, 0.841056),
	(3033, -2441.02, 2535.03, 3.65125, 0, 0, -1.73159),
	(3034, -2504.62, 2508.87, 0.803711, 0, 0, 0.940004),
	(3035, -2975.76, 1285.48, -8.6322, 0, 0, 0),
	(3036, -2960.76, 1294.48, 37.3678, 0, 0, 1.68211),
	(3037, -3000.01, 1283.88, 31.7062, 0, 0, 0.296843),
	(3038, -2934.32, 1307.62, 42.0688, 0, 0, -1.23685),
	(3039, -2411.84, 700.727, 213.01, 0, 0, 0),
	(3040, -2396.84, 709.727, 259.01, 0, 0, -0.89053),
	(3041, -2365.29, 716.532, 248.041, 0, 0, 2.52317),
	(3042, -2409.48, 708.211, 263.998, 0, 0, 1.83053),
	(3043, -404.143, 2561.25, 44.0234, 0, 0, 0),
	(3044, -389.143, 2570.25, 90.0234, 0, 0, -0.395791),
	(3045, -406.549, 2562.76, 90.6469, 0, 0, 1.97896),
	(3046, -371.209, 2587.74, 88.1868, 0, 0, -1.23685),
	(3047, -1741.92, -3061.33, -31.8682, 0, 0, 0),
	(3048, -1726.92, -3052.33, 14.1318, 0, 0, -2.2758),
	(3049, -1696.87, -3029.08, 14.1318, 0, 0, -0.89053),
	(3050, -1758.4, -3063.47, 14.1824, 0, 0, 0.197896),
	(3051, -930.653, -3245.81, -31.6996, 0, 0, 0),
	(3052, -915.653, -3236.81, 14.3004, 0, 0, 1.23685),
	(3053, -956.281, -3231.34, 14.3004, 0, 0, -2.12738),
	(3054, -891.244, -3231.15, 14.3004, 0, 0, -0.593687),
	(3055, 1644.55, -245.756, 208.916, 0, 0, 0),
	(3056, 1665.61, -233.947, 258.286, 0, 0, 2.96843),
	(3057, 1638.29, -238.457, 251.327, 0, 0, 1.43474),
	(3058, 1699.45, -225.099, 271.092, 0, 0, 1.53369),
	(3059, 125.433, -720.04, 32.4813, 0.000599279, -0.000771572, -0.250055),
	(3060, -452.796, -288.58, 34.9414, 0, 0, 0),
	(3061, -493.49, -327.073, 42.3048, 0, 0, 0),
	(3062, -452.809, -288.554, 34.9414, 0, 0, 0),
	(3063, -490.668, -327.706, 69.5004, 0, 0, 0),
	(3064, -490.523, -327.877, 42.3048, 0, 0, 0),
	(3065, -444, -332.215, 78.1611, 0, 0, 0),
	(3066, -493.596, -327.284, 69.5004, 0, 0, 0),
	(3067, -418.747, -344.743, 24.2249, 0, 0, 0),
	(3068, -436.167, -359.842, 34.9414, 0, 0, 0),
	(3069, -428.018, -345.429, 24.2249, 0, 0, 0),
	(3070, -436.062, -359.684, 34.9414, 0, 0, 0),
	(3071, -487.596, -328.378, 69.5004, 0, 0, 0),
	(3072, -487.503, -328.088, 42.3048, 0, 0, 0),
	(3073, -1042.46, -2745.32, 21.3436, 0, 0, -0.494739),
	(3074, -1042.46, -2745.32, 21.3436, 0, 0, -0.494739),
	(3075, 140.163, -767.604, 242.144, 0, 0, 1.97896),
	(3076, -1042.46, -2745.32, 21.3436, 0, 0, -0.494739),
	(3077, -1120.15, -838.945, 13.3568, 0, 0, 0),
	(3078, -1109.54, -831.046, 13.3231, 0, 0, 2.22633),
	(3079, 864.105, -1337.72, 26.011, 0, 0, 1.97896),
	(3080, 859.622, -1342.64, 25.5897, -0.0038938, 0.00295014, 1.56106),
	(3081, 860.189, -1350.3, 25.6234, -0.00385067, 0.00300622, 1.5321),
	(3082, 860.308, -1357.79, 25.6571, -0.00587919, -0.00086907, 1.53401),
	(3083, -1107.38, -832.154, 37.6879, 0, 0, -2.2758),
	(3084, 837.956, -1375.44, 26.2975, 0, 0, 0),
	(3085, 830.901, -1366.19, 26.0278, -0.00401927, 0.000271043, 0.946161),
	(3086, -1472.29, -330.343, 44.8154, 0, 0, 0),
	(3087, -1342.73, -872.215, 16.8616, 0, 0, 0),
	(3088, 169.596, -1634.02, 29.2799, 0, 0, 0),
	(3089, 81.3495, 274.8, 110.209, 0, 0, 0),
	(3090, 1591.46, 6450.62, 25.3033, 0, 0, 0),
	(3091, -2193.59, 4290.09, 49.1626, 0, 0, 0),
	(3092, 132.884, -723.099, 32.4982, -0.0024047, -0.00167587, 2.7881),
	(3093, -1437.52, 77.7758, 52.3304, 0, 0, 0.0494739),
	(3094, 132.541, -723.89, 32.4813, 0.0000920608, -0.000972617, -1.38205),
	(3095, -321.468, -1539.56, 27.7465, 0, 0, -0.593687),
	(3096, -346.971, -1563.93, 25.219, 0, 0, 0),
	(3097, -325.015, -1524.15, 27.5275, 0, 0, -1.53369),
	(3098, -1126.92, -863.908, 13.559, 0, 0, -0.593687),
	(3099, -1073.89, -827.565, 19.0352, 0, 0, 0),
	(3100, -1074.26, -827.552, 27.022, 0, 0, 0),
	(3101, -1117.58, -860.941, 13.559, 0, 0, 0.643161),
	(3102, -1115.64, -857.42, 12.885, -0.00963855, -0.00827236, 0.637327),
	(3103, -1112.32, -855.204, 12.885, -0.0100664, -0.0069675, 0.638786),
	(3104, -1123.25, -862.721, 12.9187, -0.00697721, 0.00138301, 0.622829),
	(3105, -1125.78, -865.622, 12.9187, 0.00441612, -0.00652287, 0.657778),
	(3106, -1095.85, -832.787, 38.0923, -0.00138404, 0.00169034, 2.01566),
	(3107, -1075.87, -813.455, 31.1501, -0.000916968, -0.000337089, 2.27535),
	(3108, -1039.04, -851.974, 5.03296, 0, 0, 2.02843),
	(3109, -1038.75, -851.908, 5.21, 0, 0, 1.83053),
	(3110, -1048.29, -853.741, 5.21826, 0.00233045, -0.00642998, 2.26621),
	(3111, -1110.79, -836.492, 19.0015, 0, 0, 0),
	(3112, 294.237, -584.229, 43.1641, 0, 0, -1.18737),
	(3113, 238.233, 215.96, 106.284, 0, 0, 0),
	(3114, 265.714, 213.969, 106.267, 0, 0, 0),
	(3115, 1166.84, -456.132, 66.8044, 0, 0, 0),
	(3116, 2031.28, 4857.24, 42.8777, 0, 0, 0),
	(3117, 2032.8, 4859, 42.8271, 0, 0, 0),
	(3118, 2024.77, 4863.6, 42.8608, 0, 0, 0),
	(3119, 2024.9, 4863.55, 42.8608, 0, 0, 0),
	(3120, 2018.18, 4870.22, 42.844, 0, 0, 0),
	(3121, 2012.15, 4876.51, 42.8608, 0, 0, 0),
	(3122, 2003.02, 4885.33, 42.8608, 0, 0, 0),
	(3123, 1998.21, 4890, 42.8777, 0, 0, 0),
	(3124, 2034.25, 4860.37, 42.8608, 0, 0, 0),
	(3125, 1991.88, 4896.38, 42.8777, 0, 0, 0),
	(3126, 1986.01, 4902.28, 42.844, 0, 0, 0),
	(3127, 2028.16, 4866.3, 42.8945, 0, 0, 0),
	(3128, 2021.17, 4873.2, 42.8777, 0, 0, 0),
	(3129, 2014.96, 4879.38, 42.8777, 0, 0, 0),
	(3130, 2005.94, 4888.3, 42.8777, 0, 0, 0),
	(3131, 2001.09, 4893.14, 42.8777, 0, 0, 0),
	(3132, 1995.03, 4899.14, 42.8945, 0, 0, 0),
	(3133, 1988.14, 4905.71, 42.844, 0, 0, 0),
	(3134, 2006.9, 4926.46, 42.8608, 0, 0, 0),
	(3135, 2015.45, 4917.38, 42.844, 0, 0, 0),
	(3136, 2038.07, 4867.62, 42.8608, 0, 0, 0),
	(3137, 2024.68, 4908.65, 42.8271, 0, 0, 0),
	(3138, 2034.59, 4899.44, 42.844, 0, 0, 0),
	(3139, 2028.88, 4879.66, 42.8608, 0, 0, 0),
	(3140, 2042.61, 4891.31, 42.844, 0, 0, 0),
	(3141, 2049.77, 4884.21, 42.844, 0, 0, 0),
	(3142, 2055.56, 4878.29, 42.844, 0, 0, 0),
	(3143, 2015.74, 4903.91, 42.8608, 0, 0, 0),
	(3144, 2049.55, 4873.28, 42.8608, 0, 0, 0),
	(3145, 2006.64, 4907.16, 42.8777, 0, 0, 0),
	(3146, 2045.21, 4877.27, 42.8608, 0, 0, 0),
	(3147, 2039.05, 4883.75, 42.8608, 0, 0, 0),
	(3148, 1998.55, 4906.77, 42.8777, 0, 0, 0),
	(3149, 2031.85, 4891.23, 42.8777, 0, 0, 0),
	(3150, 2022.26, 4900.27, 42.8777, 0, 0, 0),
	(3151, 2001.6, 4897.94, 42.8608, 0, 0, 0),
	(3152, 2016.26, 4906.51, 42.8777, 0, 0, 0),
	(3153, 2009.27, 4912.76, 42.8608, 0, 0, 0),
	(3154, 2010.53, 4897.49, 42.844, 0, 0, 0),
	(3155, 2004.05, 4918.33, 42.8777, 0, 0, 0),
	(3156, 2006, 4921.95, 42.8608, 0, 0, 0),
	(3157, 2003.49, 4890.73, 42.8777, 0, 0, 0),
	(3158, 2017.45, 4910.22, 42.844, 0, 0, 0),
	(3159, 2013.16, 4872.4, 42.8103, 0, 0, 0),
	(3160, 2032.46, 4895.8, 42.8777, 0, 0, 0),
	(3161, 2039.67, 4888.89, 42.8608, 0, 0, 0),
	(3162, 2047.57, 4880.62, 42.8608, 0, 0, 0),
	(3163, 2020.75, 4879.23, 42.844, 0, 0, 0),
	(3164, 2024.68, 4889.25, 42.844, 0, 0, 0),
	(3165, 2018.57, 4895.6, 42.844, 0, 0, 0),
	(3166, 2017.37, 4874.18, 42.8777, 0, 0, 0),
	(3167, 2025.05, 4869.3, 42.8945, 0, 0, 0),
	(3168, 2030.62, 4872.29, 42.8945, 0, 0, 0),
	(3169, 2036.8, 4877.26, 42.8608, 0, 0, 0),
	(3170, 2031.49, 4885.57, 42.8608, 0, 0, 0),
	(3171, 2023.25, 4882.83, 42.8777, 0, 0, 0),
	(3172, 2012.08, 4890.61, 42.8777, 0, 0, 0),
	(3173, 2007.49, 4884.12, 42.9114, 0, 0, 0),
	(3174, 2021.37, 4864.19, 42.844, 0, 0, 0),
	(3175, 2029.15, 4862.45, 42.8271, 0, 0, 0),
	(3176, 1990.58, 4894.71, 42.8271, 0, 0, 0),
	(3177, 1986.25, 4904.99, 42.8777, 0, 0, 0),
	(3178, 1991.76, 4910.51, 42.8777, 0, 0, 0),
	(3179, 1996.97, 4913.97, 42.8608, 0, 0, 0),
	(3180, 1999.46, 4917.02, 42.8777, 0, 0, 0),
	(3181, 2002.34, 4902.95, 42.8945, 0, 0, 0),
	(3182, 2010.09, 4903.6, 42.8777, 0, 0, 0),
	(3183, 1996.09, 4897.85, 42.8945, 0, 0, 0),
	(3184, 1996.89, 4888.22, 42.8777, 0, 0, 0),
	(3185, 2041.96, 4871.97, 42.8608, 0, 0, 0),
	(3186, 1556.68, -2638.56, 43.0125, 0, 0, 0),
	(3187, 1555.44, -2647.08, 41.5802, 0, 0, 0),
	(3188, 1560.67, -2653.54, 40.3839, 0, 0, 0),
	(3189, 1549.09, -2653.98, 40.249, 0, 0, 0),
	(3190, 1540.91, -2649.92, 40.6366, 0, 0, 0),
	(3191, 1541.16, -2638.89, 42.7598, 0, 0, 0),
	(3192, 1549.31, -2638.31, 43.0125, 0, 0, 0),
	(3193, 1557.63, -2661.53, 39.255, 0, 0, 0),
	(3194, 1568.69, -2661.45, 38.682, 0, 0, 0),
	(3195, 1566.96, -2642.7, 42.0183, 0, 0, 0),
	(3196, 1551.71, -2628.96, 44.7311, 0, 0, 0),
	(3197, 1544.94, -2627.55, 44.9333, 0, 0, 0),
	(3198, 1563.35, -2630.36, 44.2762, 0, 0, 0),
	(3199, 1560.94, -2644.56, 41.9004, 0, 0, 0),
	(3200, 1545.53, -2645.74, 41.597, 0, 0, 0),
	(3201, 1533.69, -2639.96, 42.4059, 0, 0, 0),
	(3202, 1533.49, -2634.12, 43.6022, 0, 0, 0),
	(3203, 1534.55, -2650.43, 40.249, 0, 0, 0),
	(3204, 1541.37, -2657.49, 39.1538, 0, 0, 0),
	(3205, 1570.21, -2635.21, 43.1978, 0, 0, 0),
	(3206, 1570.54, -2635.16, 43.1978, 0, 0, 0),
	(3207, 1562.98, -2636.22, 43.2653, 0, 0, 0),
	(3208, 1560.13, -2620.89, 46.2982, 0, 0, 0),
	(3209, 1551.47, -2620.46, 46.3656, 0, 0, 0),
	(3210, 1525.41, -2639.85, 42.3385, 0, 0, 0),
	(3211, 1525.38, -2631.85, 44.0066, 0, 0, 0),
	(3212, 1530.32, -2627.63, 44.8828, 0, 0, 0),
	(3213, 1539.23, -2630.72, 44.2931, 0, 0, 0),
	(3214, 2806.98, 4787.12, 47.1575, 0, 0, 0),
	(3215, 2808.16, 4777.83, 47.1069, 0, 0, 0),
	(3216, 2815.82, 4781.05, 47.781, 0, 0, 0),
	(3217, 2817.35, 4791.42, 48.0505, 0, 0, 0),
	(3218, 2819.87, 4800.87, 48.219, 0, 0, 0),
	(3219, 2824.29, 4795.62, 48.8088, 0, 0, 0),
	(3220, 2827.07, 4785.98, 48.792, 0, 0, 0),
	(3221, 2826.04, 4779.51, 48.4718, 0, 0, 0),
	(3222, 2821.34, 4775.3, 48.0337, 0, 0, 0),
	(3223, 2820.82, 4785.34, 48.2358, 0, 0, 0),
	(3224, 2808.69, 4797.77, 47.2924, 0, 0, 0),
	(3225, 2800.29, 4793.93, 46.7532, 0, 0, 0),
	(3226, 2797.74, 4783.57, 46.5677, 0, 0, 0),
	(3227, 2799.03, 4777.48, 46.5677, 0, 0, 0),
	(3228, 2811.77, 4769.37, 47.1575, 0, 0, 0),
	(3229, 2802.47, 4766.82, 46.6351, 0, 0, 0),
	(3230, 2791.89, 4790.69, 46.3824, 0, 0, 0),
	(3231, 2792.65, 4801.67, 46.433, 0, 0, 0),
	(3232, 2799.53, 4808, 46.652, 0, 0, 0),
	(3233, 2814.57, 4799.3, 47.7473, 0, 0, 0),
	(3234, 2785.34, 4785.02, 46.2645, 0, 0, 0),
	(3235, 2782.42, 4790.62, 46.2307, 0, 0, 0),
	(3236, 2781.86, 4799.64, 46.0791, 0, 0, 0),
	(3237, 3304.1, 5040.24, 22.7084, 0, 0, 0),
	(3238, 3301.27, 5047.89, 22.7084, 0, 0, 0),
	(3239, 3304.66, 5053.21, 22.4725, 0, 0, 0),
	(3240, 3313.02, 5048.02, 21.7649, 0, 0, 0),
	(3241, 3322.15, 5043.28, 21.4952, 0, 0, 0),
	(3242, 3330.13, 5040.83, 21.074, 0, 0, 0),
	(3243, 3329.27, 5048.23, 19.9451, 0, 0, 0),
	(3244, 3315.64, 5055.23, 21.4279, 0, 0, 0),
	(3245, 3320.57, 5051.12, 20.8044, 0, 0, 0),
	(3246, 3316.27, 5035.79, 22.9106, 0, 0, 0),
	(3247, 3315.8, 5027.62, 24.4271, 0, 0, 0),
	(3248, 3305.24, 5031.02, 23.2476, 0, 0, 0),
	(3249, 3296.84, 5034.98, 23.0791, 0, 0, 0),
	(3250, 3294.94, 5041.96, 23.0117, 0, 0, 0),
	(3251, 3297.72, 5047.77, 22.8264, 0, 0, 0),
	(3252, 3301.41, 5059.98, 22.641, 0, 0, 0),
	(3253, 3307.6, 5059.69, 22.2704, 0, 0, 0),
	(3254, 3337.91, 5046.54, 19.5575, 0, 0, 0),
	(3255, 3345.23, 5041.45, 19.5406, 0, 0, 0),
	(3256, 3346.8, 5032.89, 20.2146, 0, 0, 0),
	(3257, 3338.2, 5035.75, 20.9897, 0, 0, 0),
	(3258, 3331.69, 5034.57, 21.6132, 0, 0, 0),
	(3259, 1019.22, -2511.71, 28.4711, 0, 0, 1.43474),
	(3260, -1982.04, -241.82, 34.9077, 0, 0, 2.52317),
	(3261, 1249.23, -350.374, 69.197, 0, 0, -0.197896),
	(3262, 853.279, -2207.42, 30.6615, 0, 0, -1.63264),
	(3263, 2813.83, 4652.25, 45.6747, 0, 0, 0),
	(3264, 2815.5, 4645.73, 45.4052, 0, 0, 0),
	(3265, 2815.56, 4645.54, 45.4052, 0, 0, 0),
	(3266, 2817.77, 4636.91, 45.641, 0, 0, 0),
	(3267, 2823.6, 4630.92, 46.1128, 0, 0, 0),
	(3268, 2830.67, 4619.78, 46.8711, 0, 0, 0),
	(3269, 2826.95, 4618.5, 46.652, 0, 0, 0),
	(3270, 2823.07, 4617.61, 46.5846, 0, 0, 0),
	(3271, 2814.75, 4617.73, 45.7421, 0, 0, 0),
	(3272, 2810.69, 4624.77, 45.3546, 0, 0, 0),
	(3273, 2806.92, 4631.1, 45.186, 0, 0, 0),
	(3274, 2804.98, 4637.37, 45.0007, 0, 0, 0),
	(3275, 2804.39, 4648.1, 45.0176, 0, 0, 0),
	(3276, 2808.07, 4642.48, 45.0681, 0, 0, 0),
	(3277, 2812.64, 4640.32, 45.3546, 0, 0, 0),
	(3278, 2810.73, 4648.52, 45.5399, 0, 0, 0),
	(3279, 2815.2, 4631.21, 45.7421, 0, 0, 0),
	(3280, 2820.78, 4641.38, 45.6241, 0, 0, 0),
	(3281, 2820.16, 4651.66, 46.0286, 0, 0, 0),
	(3282, 2824.44, 4643.35, 46.0286, 0, 0, 0),
	(3283, 2826.13, 4636.35, 46.2982, 0, 0, 0),
	(3284, 2818.91, 4617.75, 46.2307, 0, 0, 0),
	(3285, 2820.69, 4609.41, 46.3151, 0, 0, 0),
	(3286, 2818.67, 4602.36, 46.0286, 0, 0, 0),
	(3287, 2824.22, 4596.36, 46.5004, 0, 0, 0),
	(3288, 2830.42, 4613.12, 46.7362, 0, 0, 0),
	(3289, 2829.27, 4592.58, 46.5846, 0, 0, 0),
	(3290, 2834.16, 4605.42, 47.0227, 0, 0, 0),
	(3291, 2832.55, 4596.01, 46.9216, 0, 0, 0),
	(3292, 2829.02, 4602.3, 46.5509, 0, 0, 0),
	(3293, 2835.63, 4600.15, 47.1069, 0, 0, 0),
	(3294, 2814.74, 4609.17, 45.7252, 0, 0, 0),
	(3295, 2821.79, 4590.28, 46.2307, 0, 0, 0),
	(3296, 2818.6, 4593.15, 45.9612, 0, 0, 0),
	(3297, 2825.63, 4607.5, 46.5509, 0, 0, 0),
	(3298, 2815.31, 4597.86, 45.6915, 0, 0, 0),
	(3299, 2811.35, 4613.12, 45.5062, 0, 0, 0),
	(3300, 2820.2, 4627.96, 46.1465, 0, 0, 0),
	(3301, 2814.49, 4626.07, 45.7252, 0, 0, 0),
	(3302, 2810.84, 4632.9, 45.2704, 0, 0, 0),
	(3303, 2988.08, 3481.67, 72.4828, 0, 0, -0.148422),
	(3304, -202.549, 3652.22, 51.7238, 0, 0, 0.148422),
	(3305, -127.793, 1921.53, 197.306, 0, 0, -0.0494739),
	(3306, 1006.46, -1556.08, 30.8301, 0, 0, 1.53369),
	(3307, 1320.18, -1650.01, 52.145, 0, 0, 0),
	(3308, -263.789, -2485.82, 7.29089, 0, 0, -2.62212),
	(3309, 1193.7, -1767.9, 39.4572, 0, 0, -0.841056),
	(3310, 903.837, -1576.33, 30.7964, 0, 0, 0),
	(3311, -258.277, -2492.58, 6.22925, 0.00149569, -0.00159239, -2.27687),
	(3312, 68.8747, -1570, 29.5831, 0, 0, 0.791582),
	(3313, 101.235, -1073.55, 29.3641, 0, 0, 1.1379),
	(3314, -259.78, -2496.7, 5.97656, -0.000333594, -0.000918245, -2.26774),
	(3315, -73.3714, -2004.83, 18.2601, 0, 0, -0.148422),
	(3316, -260.149, -2501.71, 6.06079, 0.00353155, 0.00390019, -2.28144),
	(3317, -647.051, -1148.4, 9.61609, 0, 0, 2.72106),
	(3318, -1184.93, -1510.02, 4.64539, 0, 0, -0.989478),
	(3319, -1578.22, -1026.95, 13.0029, 0, 0, 0.544213),
	(3320, -216.092, -2515.38, 5.80811, -0.00000571076, -0.000976947, 1.55911),
	(3321, -216.462, -2507.31, 5.80811, -0.000000954228, -0.000976963, 1.56884),
	(3322, -266.637, -2501.54, 5.80811, 0.000332193, 0.000918753, -2.26468),
	(3323, -216.633, -2502.09, 5.80811, -0.000976962, -0.00000190744, 1.5747),
	(3324, -619.081, -82.0352, 41.1926, 0, 0, -0.0494739),
	(3325, -632.492, -121.886, 39.2212, 0, 0, 1.3358),
	(3326, -269.116, -2504.57, 5.62268, 0.000919006, -0.000331491, -2.26316),
	(3327, -944.703, 313.16, 71.337, 0, 0, 3.06738),
	(3328, -1684.59, 58.0352, 64.0242, 0, 0, 2.37475),
	(3329, -340.536, 266.044, 85.6761, 0, 0, 0.148422),
	(3330, -267.046, -2517.19, 6.06079, 0.00291215, 0.0051807, -2.26469),
	(3331, 638.189, 205.754, 97.589, 0, 0, -0.346317),
	(3332, 1142.55, -370.853, 67.0403, 0, 0, 3.11686),
	(3333, 187.358, 1240.06, 225.58, 0, 0, -1.48422),
	(3334, -3151.96, 1099.82, 20.8718, 0, 0, -2.02843),
	(3335, -1555.05, 129.349, 56.863, 0.00304476, 0.00263769, 2.5086),
	(3336, 886.774, 0.105495, 78.751, 0, 0, 2.52317),
	(3337, -239.341, -2530.83, 6.22925, -0.000164542, -0.000963008, -1.90925),
	(3338, 586.879, 2722.84, 42.0857, 0, 0, 1.58316),
	(3339, 180.119, 2793.2, 45.641, 0, 0, -1.38527),
	(3340, 1873.17, 2525.66, 45.6578, 0, 0, 0),
	(3341, 1953.26, 3753.06, 32.1948, 0, 0, 0.445265),
	(3342, 1694.86, 4784.89, 41.9678, 0, 0, 1.53369),
	(3343, 53.011, 6338.32, 31.3693, 0, 0, 0.395791),
	(3344, -288.897, -2535.3, -3.62781, -0.221245, -0.0617277, 0.656893),
	(3345, 100.932, -1069.09, 29.0608, 0.00882642, 0.0227765, 2.11842),
	(3346, -1134.53, 2682.92, 18.5128, 0, 0, 2.2758),
	(3347, -1532.33, 78.3429, 56.762, 0, 0, -0.346317),
	(3348, -642.119, -112.695, 38.1597, -0.00086392, -0.0126722, 1.43466),
	(3349, -1013.33, -2679.38, 13.34, 0.000960702, -0.000177509, -1.93621),
	(3350, -1009.08, -2674.01, 13.34, 0.00209697, 0.000612799, -1.9295),
	(3351, -999.112, -2677.61, 13.34, 0.000376843, 0.000901359, 0.7788),
	(3352, -1005.49, -2688.55, 13.34, 0.00018697, 0.00217666, 0.472092),
	(3353, -1007.25, -1424.61, 4.42639, 0.0619885, -0.00447969, 2.00044),
	(3354, -1105.41, -3483.8, 13.2894, -0.000609957, -0.000763159, -2.91937),
	(3355, 1437.15, 6539.58, 15.126, -0.0825427, 0.01016, 2.02152),
	(3356, 255.666, -1150.64, 28.6395, 0.0015352, -0.00574137, 2.42366),
	(3357, 1451.21, 6539.96, 14.8059, -0.0466191, 0.0568812, 3.10351),
	(3358, 1453.45, 6548.98, 14.3173, -0.0342271, 0.0634835, 1.63225),
	(3359, 351.231, 3565.44, 32.8521, 0.00459135, 0.00256961, 1.83023),
	(3360, -750.686, -1501.27, 5.67322, 0.00472017, -0.00125895, -0.237524),
	(3361, 104.743, -1077.61, 29.0103, 0.00263699, 0.00304537, -0.34648),
	(3362, -742.062, -1501.21, 4.89819, 0.000778205, 0.00059064, -0.272354),
	(3363, 850.246, -2501.41, 40.6703, 0, 0, 2.72106),
	(3364, -769.081, -1466.16, 4.71277, -0.000956471, -0.00019905, -1.16044),
	(3365, -767.275, -1457.33, 5.57214, -0.00108413, -0.00872629, -1.818),
	(3366, -762.224, -1448.03, 5.10034, -0.0010176, -0.00274875, -2.27992),
	(3367, 540.079, -889.872, 12.3795, 0, 0, -1.08843),
	(3368, -50.5978, -1091.5, 25.7413, -0.000629875, -0.000746804, -2.97213),
	(3369, -47.367, -1092.66, 25.8088, 0.000724553, -0.000655349, -3.04137),
	(3370, -44.0308, -1093.74, 25.7751, -0.000674156, -0.000707087, -3.09392),
	(3371, -40.7209, -1095.1, 25.9773, -0.00204349, -0.000772605, -3.06212),
	(3372, -49.8593, -1101.89, 25.9941, -0.000279799, 0.00093604, -0.989869),
	(3373, -46.4835, -1102.89, 25.7076, -0.000299466, 0.000929935, -0.947711),
	(3374, -56.6506, -1097.76, 25.7413, -0.000210839, 0.000953942, -1.13575),
	(3375, -51.811, -1107.07, 26.011, -0.000592175, -0.00760793, 2.80493),
	(3376, -48.844, -1107.97, 25.9604, -0.000796791, -0.000565317, 2.80493),
	(3377, -45.9165, -1109.04, 26.011, 0.00193185, -0.00102017, 2.81334),
	(3378, -43.1209, -1110.12, 25.7751, -0.00352221, -0.0000603285, 2.78108),
	(3379, -43.2132, -1110.37, 25.7751, -0.00327451, 0.00129892, 2.78108),
	(3380, -42.8703, -1109.87, 25.7751, -0.000568105, 0.000794806, 2.81194),
	(3381, -30.5538, -1090.34, 25.9941, -0.00064897, 0.00652197, -0.445133),
	(3382, -1100.84, -3510.63, 14.7722, 0.00231138, -0.00753041, -1.22389),
	(3383, -1096.79, -3501.39, 13.896, -0.0680481, -0.131535, -2.04444),
	(3384, -1082.81, -3483.42, 14.9407, -0.00362459, -0.00612018, -2.08357),
	(3385, -1077.02, -3470.18, 14.4857, -0.0910702, -0.163563, -2.07784),
	(3386, -1070.72, -3460.15, 14.452, -0.147877, -0.0450166, -2.84795),
	(3387, -1049.37, -3471.43, 14.7384, -0.000484314, 0.000848468, 2.60816),
	(3388, -1081.75, -3520.1, 14.2836, -0.0203205, 0.0120651, -0.539085),
	(3389, -1071.3, -3529.36, 13.5758, 0.0283583, -0.0148407, -0.484745),
	(3390, -1034.7, -3481.02, 14.7722, -0.00545695, 0.00363029, 2.61103),
	(3391, -1060.5, -3534.11, 14.0813, -0.0055209, 0.00353228, -0.494855),
	(3392, 104.73, -1077.6, 28.9934, -0.0005614, 0.000799556, -0.346475),
	(3393, -476.136, -365.749, 24.2249, 0, 0, -1.23685),
	(3394, -1032.55, -3548.85, 15.0754, -0.00681877, 0.0039439, -0.516259),
	(3395, -1021.95, -3536.9, 15.0586, 0.0118988, 0.0191641, 1.07564),
	(3396, -1115.66, -857.433, 13.0872, -0.0100714, -0.00696018, 0.637331),
	(3397, 0, 0, 0, 0, 0, 0),
	(3398, 0, 0, 0, 0, 0, 0),
	(3399, 0, 0, 0, 0, 0, 0),
	(3400, 0, 0, 0, 0, 0, 0),
	(3401, 122.413, -741.31, 263.021, 0, 0, -0.296843),
	(3402, 0, 0, 0, 0, 0, 0),
	(3403, 0, 0, 0, 0, 0, 0),
	(3404, 0, 0, 0, 0, 0, 0),
	(3405, -1114.56, -830.822, 12.9019, -0.000308813, 0.000926873, 2.21402),
	(3406, -1114.33, -830.73, 12.9019, -0.00154341, 0.00154618, 2.21247),
	(3407, -1114.56, -830.809, 12.9019, 0.000308813, -0.000926873, 2.21402),
	(3408, -1110.83, -835.965, 12.9019, -0.000927111, -0.000308097, 2.21247),
	(3409, -1114.56, -830.822, 12.9019, -0.000308813, 0.000926873, 2.21402),
	(3410, -1074.67, -812.426, 31.1501, -0.000921514, -0.000324454, 2.24786),
	(3411, -1074.66, -812.4, 31.1501, -0.000921514, -0.000324454, 2.24786),
	(3412, -1059.01, -756.251, 19.1868, 0.0146888, 0.0330928, 0.843367),
	(3413, -141.547, -171.798, 93.6124, -1.8825, 0.723808, -1.24623),
	(3414, -1074.63, -812.426, 31.9253, -0.00157169, 0.00151742, 2.2494),
	(3415, -1114.58, -830.835, 12.8345, 0.00401579, -0.00587092, 2.21402),
	(3416, -1110.88, -855.059, 13.4073, 2.98157, 0.155229, 2.20153),
	(3417, -1126.22, -862.602, 13.104, 0.0142334, 0.0109146, 0.762353),
	(3418, -1115.66, -857.433, 13.104, -0.0100714, -0.00696018, 0.637331),
	(3419, -1115.64, -857.433, 12.9355, -0.0100714, -0.00696018, 0.637331),
	(3420, -1103.82, -863.736, 6.09448, -0.0921427, 0.136542, -1.15195),
	(3421, -1115.66, -857.433, 13.0366, -0.0148875, -0.010004, 0.637305),
	(3422, -1117.32, -853.424, 12.9861, -0.0181923, -0.0164178, 0.0572051),
	(3423, -1115.66, -857.433, 13.0366, -0.0161998, -0.0104369, 0.637299),
	(3424, -1115.64, -857.446, 12.8176, -0.0105043, -0.00564799, 0.637335),
	(3425, -344.334, -137.604, 38.5809, 0.000975052, -0.0000610877, -1.69593),
	(3426, -543.811, -363.626, 34.5538, 0.0107513, -0.00389781, 1.57274),
	(3427, -1114.56, -830.822, 12.6322, -0.000308813, 0.000926873, 2.21402),
	(3428, -1114.58, -830.835, 12.8345, 0.00401579, -0.00587092, 2.21402),
	(3429, -1132.11, -844.615, 13.1208, 0.040998, 0.0469674, -0.339191),
	(3430, -1114.56, -830.822, 12.9019, -0.000308813, 0.000926873, 2.21402),
	(3431, -1114.58, -830.835, 12.8345, 0.00401579, -0.00587092, 2.21402),
	(3432, 0, 0, 0, 0, 0, 0),
	(3433, -1114.56, -830.822, 12.9019, -0.000308813, 0.000926873, 2.21402),
	(3434, -1114.56, -830.822, 12.6322, -0.000308813, 0.000926873, 2.21402),
	(3435, -1122.29, -842.479, 12.6827, -0.00666644, 0.0100805, -0.892181),
	(3436, 1320.05, -1662.11, 51.2351, 0, 0, 2.2758),
	(3437, 1320.05, -1662.09, 51.2351, 0, 0, 2.2758),
	(3438, 1320.05, -1662.09, 51.2351, 0, 0, 2.2758),
	(3439, 2019.35, 4890.94, 42.6923, 0, 0, 0),
	(3440, -202.655, 3652.73, 51.7238, 0, 0, 0),
	(3441, -127.899, 1922.07, 197.306, 0, 0, 0),
	(3442, 2818.81, 4623.57, 46.0286, 0, 0, 0),
	(3443, 2988.11, 3482.18, 72.4828, 0, 0, 0),
	(3444, -1163.79, 163.385, 63.9399, 0, 0, 2.91896),
	(3445, 1260.65, -2575.77, 43.1304, 0, 0, 0.197896),
	(3446, 1233.22, -455.591, 66.7201, 0, 0, -1.78106),
	(3447, 896.426, -1036.19, 35.1099, 0, 0, 0),
	(3448, 696.211, -305.42, 59.2388, 0, 0, 1.73159),
	(3449, 53.3934, 160.629, 104.7, 0, 0, -1.88001),
	(3450, -82.9451, -1399.42, 29.3136, 0, 0, -3.11686),
	(3451, -1957.75, 1784.12, 175.098, 0, 0, 0.296843),
	(3452, 493.49, -570.923, 24.5619, 0, 0, -1.63264),
	(3453, 510.422, -550.312, 25.6066, 0, 0, -0.0989478),
	(3454, 564.949, -497.512, 25.8762, 0, 0, 2.96843),
	(3455, 608.809, -459.297, 24.7303, 0, 0, 3.01791),
	(3456, 661.385, -423.152, 24.663, 0, 0, 2.42422),
	(3457, 706.259, -622.088, 27.2073, 0, 0, 2.86949),
	(3458, 724.615, -694.233, 27.0725, 0, 0, 1.53369),
	(3459, 706.879, -790.167, 24.5787, 0, 0, 0),
	(3460, 722.018, -914.545, 25.4213, 0, 0, 1.53369),
	(3461, 832.8, -2314.69, 30.4762, 0, 0, -0.148422),
	(3462, 818.835, -2365.23, 30.1392, 0, 0, -1.63264),
	(3463, 1018.65, -3033.3, 5.89233, 0, 0, 3.01791),
	(3464, 1151.53, -2982.65, 5.89233, 0, 0, 0),
	(3465, 1246.38, -2920.11, 9.31287, 0, 0, -3.06738),
	(3466, 926.057, -2529.73, 28.3026, 0, 0, 3.01791),
	(3467, 893.552, -2538.44, 28.4205, 0, 0, 1.53369),
	(3468, -378.409, -2658.33, 5.99341, 0, 0, -2.37475),
	(3469, -197.393, -1711.57, 32.6498, 0, 0, 2.32527),
	(3470, -224.888, -1672.73, 34.4528, 0, 0, -1.48422),
	(3471, -256.193, -1542.51, 31.9253, 0, 0, -2.42422),
	(3472, -251.037, -1530.18, 31.5714, 0, 0, -0.643161),
	(3473, -355.925, -1476.7, 30.0212, 0, 0, 1.58316),
	(3474, -315.31, -1388.99, 32.1948, 0, 0, -3.06738),
	(3475, -332.571, -1314.82, 31.5377, 0, 0, -1.43474),
	(3476, -169.305, -1026.98, 27.2748, 0, 0, 2.82001),
	(3477, 471.046, -731.169, 27.4432, 0, 0, 1.53369),
	(3478, -761.829, 351.508, 87.9846, 0, 0, 0),
	(3479, -2233.65, 180.607, 174.593, 0, 0, -2.67159),
	(3480, -937.754, -1065.78, 2.16846, 0, 0, -0.989478),
	(3481, -1087.74, -1151.41, 2.15161, 0, 0, 2.0779),
	(3482, -1135.85, -1084.27, 2.16846, 0, 0, -1.03895),
	(3483, -1143.92, -1026.01, 2.13477, 0, 0, -1.03895),
	(3484, -1179.26, -990.04, 2.13477, 0, 0, -2.62212),
	(3485, -1219.35, -1051.81, 8.4198, 0, 0, -1.18737),
	(3486, -1174.44, -1153.54, 5.65637, 0, 0, -1.28632),
	(3487, -1162.79, -1247.89, 6.7854, 0, 0, -1.18737),
	(3488, -1023.51, -1477.53, 4.99927, 0, 0, -0.989478),
	(3489, -965.512, -1564.52, 5.01611, 0, 0, -1.18737),
	(3490, -1269.9, -1917.16, 5.85864, 0, 0, -0.791582),
	(3491, -1144.5, -2040.88, 13.1545, 0, 0, 2.32527),
	(3492, 793.516, 537.534, 125.914, 0, 0, 2.42422),
	(3493, 494.532, 220.84, 104.733, 0, 0, -1.92948),
	(3494, -39.8505, -74.6242, 58.5648, 0, 0, -0.346317),
	(3495, -22.9846, -87.4813, 57.2675, 0, 0, 1.1379),
	(3496, 145.556, -240.949, 51.4879, 0, 0, 2.77054),
	(3497, 814.971, -109.371, 80.5875, 0, 0, 1.03895),
	(3498, 955.596, -193.925, 73.2073, 0, 0, 2.62212),
	(3499, 1152.63, -431.829, 67.0066, 0, 0, 1.23685),
	(3500, 1082.51, -787.358, 58.3458, 0, 0, -3.11686),
	(3501, 1133.24, -1358.73, 34.5538, 0, 0, -1.58316),
	(3502, 1148.94, -1338.47, 34.6549, 0, 0, 0),
	(3503, 1179.72, -1378.93, 34.9919, 0, 0, 0.0494739),
	(3504, 1442.98, -1481.16, 63.2153, 0, 0, -0.197896),
	(3505, 1444.15, -1677.86, 65.3553, 0, 0, -2.67159),
	(3506, 1371.89, -1843.87, 57.5707, 0, 0, -2.96843),
	(3507, 1165.94, -1484.89, 34.8403, 0, 0, 3.11686),
	(3508, 1008, -1402.65, 29.1787, 0, 0, -2.2758),
	(3509, 737.802, -1262.97, 26.2975, 0, 0, -0.0494739),
	(3510, 1332.13, -1659.22, 51.2351, 0, 0, 2.12738),
	(3511, 1748.62, -1586.64, 112.585, 0, 0, 0.148422),
	(3512, 531.218, -1738.81, 30.8806, 0, 0, -1.28632),
	(3513, 485.723, -1477, 29.2799, 0, 0, -3.01791),
	(3514, 427.807, -1508.19, 29.2799, 0, 0, -1.83053),
	(3515, 338.004, -1594.34, 29.3136, 0, 0, 2.32527),
	(3516, -0.553844, -1227.39, 29.2799, 0, 0, 3.01791),
	(3517, -62.0176, -1218.55, 28.6901, 0, 0, -1.58316),
	(3518, 124.127, -1675.78, 29.3978, 0, 0, -2.32527),
	(3519, 146.835, -1703.42, 29.2799, 0, 0, 0.0989478),
	(3520, 526.853, -1966.04, 24.9832, 0, 0, -1.78106),
	(3521, 1277.74, -1912.05, 38.5978, 0, 0, 1.78106),
	(3522, 668.123, 1746.2, 179.445, 0, 0, -2.17685),
	(3523, -275.525, 2210.03, 129.806, 0, 0, 0.791582),
	(3524, -37.2396, 1893.68, 195.352, 0, 0, -1.28632),
	(3525, -393.956, 1132.06, 322.618, 0, 0, -2.77054),
	(3526, -412.563, 1071.01, 323.832, 0, 0, -2.52317),
	(3527, -146.413, 1447.82, 293.889, 0, 0, 0.89053),
	(3528, -441.073, 1595.21, 358.458, 0, 0, -2.2758),
	(3529, -1512.26, 1523.43, 111.608, 0, 0, 1.23685),
	(3530, -1154.36, 926.743, 198.233, 0, 0, 0.692635),
	(3531, -396.752, 877.477, 230.787, 0, 0, 2.02843),
	(3532, 86.4264, 811.332, 211.106, 0, 0, -2.22633),
	(3533, 351.93, 935.459, 203.423, 0, 0, -2.17685),
	(3534, 287.565, 931.873, 209.674, 0, 0, -0.989478),
	(3535, -3175.83, 1243.46, 6.9707, 0, 0, -0.148422),
	(3536, -1820.53, 1919.27, 138.214, 0, 0, -2.52317),
	(3537, -1578.3, 2099.45, 68.5568, 0, 0, 2.67159),
	(3538, -3200.18, 1271.66, 9.12744, 0, 0, 1.28632),
	(3539, -3152.65, 842.36, 2.60657, 0, 0, 1.97896),
	(3540, -3161.14, 1113.65, 20.855, 0, 0, 1.73159),
	(3541, -2942.43, 457.292, 15.3114, 0, 0, 2.2758),
	(3542, 168.818, 2219.27, 90.175, 0, 0, 2.42422),
	(3543, 212.888, 2102.02, 110.85, 0, 0, -2.32527),
	(3544, 851.723, 2169.88, 52.2799, 0, 0, 1.83053),
	(3545, 1030.92, 2462.73, 45.9275, 0, 0, 2.37475),
	(3546, 1393.71, 2162.31, 97.7576, 0, 0, 2.32527),
	(3547, 1524.21, 1710.5, 110.007, 0, 0, -1.73159),
	(3548, -466.444, 6288.17, 13.6095, 0, 0, 1.68211),
	(3549, 415.081, 6633.1, 28.2183, 0, 0, 2.32527),
	(3550, 2851.77, 1426.63, 24.5619, 0, 0, -1.08843),
	(3551, 434.941, 6457.5, 28.825, 0, 0, -2.22633),
	(3552, -155.552, 6139.37, 32.3297, 0, 0, -0.692635),
	(3553, -151.437, 6061.33, 30.8975, 0, 0, -0.643161),
	(3554, 2328.67, 2571.9, 46.6688, 0, 0, -1.38527),
	(3555, 1067.72, 2648.9, 39.5414, 0, 0, 0.643161),
	(3556, 255.125, 2590.85, 45.4052, 0, 0, 2.67159),
	(3557, 281.736, 6789.23, 15.682, 0, 0, -1.73159),
	(3558, -214.207, 6573.03, 2.45496, 0, 0, 0.692635),
	(3559, -437.908, -308.229, 34.9077, 0, 0, 0),
	(3560, -302.993, 2541.34, 74.4037, 0, 0, -2.42422),
	(3561, -239.354, 2599.21, 52.6, 0, 0, 1.3358),
	(3562, 605.763, 3178.81, 38.3788, 0, 0, -1.63264),
	(3563, -2171.74, 4290.82, 49.011, 0, 0, 2.17685),
	(3564, 699.376, 3115.13, 44.074, 0, 0, -1.48422),
	(3565, -2324.33, 4120.81, 27.9824, 0, 0, -0.346317),
	(3566, 1751.64, 3011.16, 64.1084, 0, 0, 0.89053),
	(3567, -1061.56, 4966.98, 209.303, 0, 0, 0.940004),
	(3568, 2049.72, 3204.92, 45.186, 0, 0, 2.67159),
	(3569, -519.6, 5294, 74.2689, 0, 0, -0.346317),
	(3570, -439.213, 5625.98, 61.7325, 0, 0, 0.0494739),
	(3571, 1559.82, 3916.68, 30.8806, 0, 0, -2.4737),
	(3572, 1704.28, 3845.7, 34.9246, 0, 0, -1.63264),
	(3573, -431.71, 5840.76, 45.2197, 0, 0, 1.83053),
	(3574, 2067.52, 3826.87, 32.2454, 0, 0, -1.58316),
	(3575, -157.292, 6180.87, 31.3693, 0, 0, -0.791582),
	(3576, 2573.47, 3903.49, 40.9231, 0, 0, 0.24737),
	(3577, 2893.03, 3742.71, 44.1919, 0, 0, 2.86949),
	(3578, 3867.48, 4463.7, 2.70764, 0, 0, 1.58316),
	(3579, -155.116, 6178.79, 31.3019, 0, 0, 0),
	(3580, 2932.77, 4618.71, 48.7076, 0, 0, 2.37475),
	(3581, 2577.18, 4660.93, 34.0652, 0, 0, 2.42422),
	(3582, 501.758, 5605.42, 797.901, 0, 0, 3.06738),
	(3583, 1901.89, 4925.05, 48.8594, 0, 0, 2.72106),
	(3584, 1643.96, 4856.8, 42.0015, 0, 0, 0.940004),
	(3585, 1840.09, 4578.32, 32.0938, 0, 0, -1.3358),
	(3586, 1443.47, 6331.87, 23.9722, 0, 0, 0.0989478),
	(3587, 1278.46, 4303.74, 33.5765, 0, 0, 2.22633),
	(3588, 1536.88, 6342.46, 24.1069, 0, 0, 2.62212),
	(3589, 713.446, 4092.44, 34.7223, 0, 0, 0),
	(3590, 357.969, 4415.89, 63.5018, 0, 0, 1.88001),
	(3591, -453.758, -309.033, 34.9077, 0, 0, 0),
	(3592, 67.7275, 3759.94, 39.7267, 0, 0, -2.96843),
	(3593, 95.3934, 3655.37, 39.7435, 0, 0, 2.37475),
	(3594, 862.945, 3676.05, 32.7847, 0, 0, -0.197896),
	(3595, 2577.98, 6132.15, 170.886, 0, 0, 1.08843),
	(3596, -2309.25, 4377.34, 9.68347, 0, 0, -1.73159),
	(3597, 3090.82, 6013.04, 124.936, 0, 0, -0.346317),
	(3598, 2193.45, 5608.05, 53.6447, 0, 0, -1.78106),
	(3599, -453.508, -308.308, 34.9077, 0, 0, -2.67159),
	(3600, 3377.89, 5502.83, 22.9443, 0, 0, -1.18737),
	(3601, 3352.05, 5153.09, 20.0798, 0, 0, 1.73159),
	(3602, -436.418, -336.053, 23.7869, -0.000797978, 0.00056364, -2.80073),
	(3603, -440.36, -337.556, 23.8037, -0.000292846, -0.00216496, -2.76703),
	(3604, -444.409, -338.98, 23.8037, 0.00055125, 0.000806587, -2.76984),
	(3605, -448.193, -340.338, 23.7869, -0.00029589, -0.00216454, -2.76984),
	(3606, -1473.4, 125.38, 55.6498, 0, 0, 0.445265),
	(3607, -642.132, -112.695, 38.0081, 0.000687385, -0.0186539, 1.43471),
	(3608, -422.084, -343.78, 24.2249, 0, 0, 1.88001),
	(3609, -422.084, -343.78, 24.2249, 0, 0, 1.88001),
	(3610, -436.352, -336.804, 23.989, -0.000559154, -0.000801128, -2.78951),
	(3611, -440.202, -337.78, 23.989, -0.000571438, -0.000792412, -2.82034),
	(3612, -444.171, -339.007, 23.989, 0.000796395, -0.000565875, -2.80633),
	(3613, -448.009, -340.668, 23.989, 0.000560278, 0.000800342, -2.79231),
	(3614, -451.886, -342.145, 23.989, -0.00466639, -0.0014456, -2.82454),
	(3615, -455.908, -343.688, 23.989, -0.00488267, -0.000156556, -2.79371),
	(3616, -459.574, -345.297, 23.989, -0.00324829, -0.00136317, -2.74168),
	(3617, -621.27, -1640.22, 26.1289, 0, 0, 0),
	(3618, -621.27, -1640.22, 26.1289, 0, 0, 2.62212),
	(3619, 2747.29, 3472.88, 55.6666, 0, 0, 0),
	(3620, 2747.29, 3472.88, 55.6666, 0, 0, -1.88001),
	(3621, -499.174, -342.686, 34.4865, 0, 0, -2.42422),
	(3622, 1283.41, -1601.21, 54.2175, 0, 0, -2.0779),
	(3623, -267.033, -2517.22, 6.22925, 0.000918753, -0.000332193, -2.26468),
	(3624, -1640.82, 127.385, 61.7325, 0, 0, -1.3358),
	(3625, -7.13406, -655.622, 33.4418, 0, 0, -2.96843),
	(3626, -1570.8, 127.279, 58.3121, 0, 0, 0),
	(3627, -67.5297, -1668.26, 29.4989, 0, 0, -0.89053),
	(3628, -1529.25, -581.393, 33.5765, 0, 0, 0),
	(3629, -340.325, -138.686, 38.3114, 0, 0, -1.83053),
	(3630, -40.8923, -1674.79, 29.4484, 0, 0, 2.42422),
	(3631, -809.789, -1078.11, 12.6154, 0, 0, 0.494739),
	(3632, -1584.28, 101.446, 60.2499, 0, 0, 0.791582),
	(3633, 68.7297, -1383.74, 29.2968, 0, 0, 1.78106),
	(3634, -1526.02, 117.046, 72.4828, 0, 0, 2.42422),
	(3635, 458.862, -802.602, 27.359, 0, 0, 1.53369),
	(3636, -618.264, -706.708, 30.0381, 0, 0, 0),
	(3637, -262.009, -2012.45, 30.1392, 0, 0, 0),
	(3638, -273.231, -2024.76, 30.1392, 0, 0, 0),
	(3639, -1410.25, -98.7824, 52.4315, 0, 0, 0),
	(3640, -1409.63, -100.708, 52.3641, 0, 0, 0),
	(3641, -3144.32, 1127.54, 20.855, 0, 0, 0),
	(3642, 2564.64, 2584.67, 38.0754, 0, 0, 0),
	(3643, -867.64, -186.079, 37.8396, 0, 0, 0),
	(3644, -1529.22, -581.42, 33.5765, 0, 0, 0),
	(3645, 108.33, -1078.56, 29.0103, -0.000799556, -0.0005614, -0.346475),
	(3646, 1686.74, 4815.89, 42.0015, 0, 0, 0),
	(3647, 1702.95, 4933.62, 42.052, 0, 0, 0),
	(3648, -499.24, -342.778, 34.4865, 0, 0, 0),
	(3649, -499.24, -342.778, 34.4865, 0, 0, 0),
	(3650, -499.24, -342.778, 34.4865, 0, 0, 0),
	(3651, 28.2462, -1339.5, 29.4821, 0, 0, 0),
	(3652, -43.2659, -1748.53, 29.4147, 0, 0, 0),
	(3653, -5.34066, -669.877, 32.3297, 0, 0, -3.11686),
	(3654, 3259.03, -155.209, 18.6139, 0, 0, -2.37475),
	(3655, -891.758, -851.763, 20.5516, 0, 0, 0.296843),
	(3656, -941.512, -791.486, 15.9348, 0, 0, 0),
	(3657, -812.585, -933.125, 16.8784, 0, 0, 0),
	(3658, -812.242, -737.565, 28.0498, 0, 0, 0),
	(3659, -1183.86, -665.393, 22.9106, 0, 0, 0),
	(3660, -1174.84, -666.58, 22.4557, 0.0319432, -0.000440251, -2.41617),
	(3661, -523.174, -957.824, 23.5341, 0, 0, 0),
	(3662, -527.222, -967.952, 23.0286, 0.00461143, -0.0025334, 1.3271),
	(3663, -1563.8, -363.851, 46.5341, 0, 0, 2.96843),
	(3664, -1513.4, -715.437, 27.2241, 0, 0, 0),
	(3665, -1507.08, -706.971, 26.9883, 0, 0, 0),
	(3666, -1677.67, -307.015, 51.8081, 0, 0, 0),
	(3667, -1494.26, -256.444, 50.3422, 0, 0, 0),
	(3668, -1521.48, -435.877, 35.4301, 0, 0, 0),
	(3669, -1183.96, -287.525, 37.9238, 0, 0, 0),
	(3670, -1188.71, -279.93, 37.3173, -0.00311207, 0.00424245, 2.07556),
	(3671, -1513.16, -714.91, 27.2748, 0, 0, 0),
	(3672, -1506.79, -706.681, 26.8872, 0.0303822, 0.0449803, 0.855248),
	(3673, 137.644, -1593.93, 29.381, 0, 0, 0.940004),
	(3674, -762.712, -796.193, 27.8645, 0, 0, 0.296843),
	(3675, 177.244, -76.3912, 68.5231, 0, 0, -0.346317),
	(3676, -1263.81, -1405.42, 4.24097, 0, 0, -0.89053),
	(3677, 1777.09, 3750.94, 33.8293, 0, 0, 0.445265),
	(3678, 2867.54, 4418.23, 49.0278, 0, 0, 1.83053),
	(3679, 132.818, 6535.17, 31.3524, 0, 0, -1.63264),
	(3680, 400.127, 2637.26, 44.4952, 0, 0, -0.989478),
	(3681, 928.484, 2705.16, 40.5018, 0, 0, 0),
	(3682, 923.116, 2697.92, 40.1985, -0.00750807, 0.0090582, 1.5017),
	(3683, 25.3582, 2777.43, 57.6886, 0.000839447, 0.00280828, -2.15172),
	(3684, 28.9978, 2781.26, 57.9414, 0, 0, 0),
	(3685, 561.785, 2723.22, 42.052, 0, 0, 0),
	(3686, 468.686, 2515.86, 48.9099, 0, 0, 0),
	(3687, 277.767, 2602.36, 44.5121, 0, 0, 0),
	(3688, 535.793, -224.334, 50.578, 0, 0, 0),
	(3689, 530.004, -225.046, 49.8872, 0.082515, -0.00346564, 0.100447),
	(3690, -173.222, 109.635, 69.6688, -0.0479021, 0.0138855, -2.21337),
	(3691, -171.481, 114.738, 70.2249, 0, 0, 0),
	(3692, 87.6923, -206.242, 54.4872, 0, 0, 0),
	(3693, 278.73, -145.596, 65.2036, 0, 0, 0),
	(3694, 61.9385, 22.0747, 69.5004, 0, 0, 0),
	(3695, 506.585, -1691.8, 29.2461, 0, 0, 0),
	(3696, 509.855, -1686.74, 28.7406, 0.0286386, -0.0259646, 0.821339),
	(3697, -151.095, -1478.02, 32.8521, 0, 0, 0),
	(3698, 51.7187, -1712.04, 29.3136, 0, 0, 0),
	(3699, 288.409, -1583.87, 30.5267, 0, 0, 0),
	(3700, 38.756, -1489.19, 29.2799, 0, 0, 0),
	(3701, -892.444, -1208.56, 4.98242, 0, 0, 0),
	(3702, -893.499, -1198.39, 4.3927, 0.000035151, 0.00402824, 2.04331),
	(3703, -1319.22, -1066.91, 6.56628, 0.00562591, 0.0250223, -2.63249),
	(3704, -1313.17, -1064.03, 7.00439, 0, 0, 0),
	(3705, -1304.11, -1514.04, 4.30847, 0, 0, 0),
	(3706, -1099.08, -1468.92, 5.03296, 0, 0, 0),
	(3707, -1300.8, -1302.25, 4.67908, 0, 0, 0),
	(3708, -910.51, -724.246, 19.9114, 0, 0, 0),
	(3709, -727.688, -918.897, 19.0015, 0, 0, 0),
	(3710, -693.587, -631.859, 31.5377, 0, 0, 0),
	(3711, -354.396, -672.303, 31.8748, 0, 0, 0),
	(3712, -353.776, -664.589, 31.3861, 0.0236096, -0.0242753, 1.50219),
	(3713, -1174.69, -667.081, 22.4557, 0.0345272, 0.000540407, -2.41617),
	(3714, -1178.89, -672.646, 22.877, 0, 0, 0),
	(3715, 2259.32, 3824.77, 34.1326, 0, 0, 0),
	(3716, 2256.13, 3830.31, 33.745, 0.0124089, -0.0047563, 2.09635),
	(3717, 1406.6, 3587.67, 34.4528, 0.00241333, -0.00256622, -1.23742),
	(3718, 1404.62, 3595.16, 34.8403, 0, 0, 0),
	(3719, 1682.52, 3677.56, 34.6044, 0, 0, 0),
	(3720, 1918.44, 3709.48, 32.5319, 0, 0, 0),
	(3721, 1736.36, 3931.95, 34.6718, 0, 0, 0),
	(3722, 2467.34, 4057.33, 37.5699, 0, 0, 0),
	(3723, 2473.24, 4053.93, 37.1487, 0.00542985, -0.0104373, -0.445112),
	(3724, 2831.72, 4842.63, 45.0513, -0.104928, -0.0451361, -2.78145),
	(3725, 2838.07, 4845.76, 45.3209, 0, 0, 0),
	(3726, 2474.1, 4051.46, 37.1487, 0.0125325, -0.00396515, -0.507685),
	(3727, 2935.45, 4310.15, 51.134, 0, 0, 0),
	(3728, 2771.97, 4487, 47.6798, 0, 0, 0),
	(3729, 2852.48, 4540, 45.1018, 0, 0, 0),
	(3730, -499.2, -342.752, 34.4865, 0, 0, 0),
	(3731, -499.2, -342.752, 34.4865, 0, 0, 0),
	(3732, 23.9604, -976.062, 28.7744, -0.00354495, -0.00191345, 2.07073),
	(3733, -96.5407, -1090.92, 25.6403, 0.073816, 0.0266096, -0.401205),
	(3734, -1452.58, 584.466, 374.886, 0, 0, -2.2758),
	(3735, -267.138, -2517.19, 5.80811, 0.000332193, 0.000918753, -2.26468),
	(3736, 229.16, -957.165, 29.3304, 0, 0, -2.02843),
	(3737, 201.89, -995.552, 30.0886, 0, 0, -2.32527),
	(3738, 215.776, -938.308, 24.1406, 0, 0, -0.494739),
	(3739, 251.96, -884.268, 30.2909, 0, 0, 1.68211),
	(3740, 196.866, -852.884, 30.948, 0, 0, 1.73159),
	(3741, 208.378, -885.732, 31.4872, 0, 0, 2.52317),
	(3742, 186.923, -909.666, 30.6783, 0, 0, 1.78106),
	(3743, 158.176, -913.451, 30.156, 0, 0, 1.38527),
	(3744, 174.527, -939.851, 30.0886, 0, 0, -2.02843),
	(3745, 151.029, -961.424, 30.0886, 0, 0, 2.82001),
	(3746, 132.224, -988.312, 29.3473, 0, 0, -2.77054),
	(3747, 176.875, -1004.85, 29.3304, 0, 0, 1.18737),
	(3748, 1206.73, -1339.9, 35.2109, 0, 0, -2.2758),
	(3749, 1194.98, -1302.44, 35.093, 0, 0, 0.395791),
	(3750, 1222.23, -1298.73, 35.2109, 0, 0, -1.48422),
	(3751, 1191.98, -1267.04, 35.1604, 0, 0, 1.23685),
	(3752, 1232.23, -1278.7, 35.0425, 0, 0, -0.0989478),
	(3753, 1169.25, -1244.9, 34.6212, 0, 0, 2.17685),
	(3754, 1150.01, -1279.02, 34.6381, 0, 0, 2.96843),
	(3755, 1151.58, -1335.23, 34.6718, 0, 0, -2.4737),
	(3756, 1161.76, -1367.29, 34.7391, 0, 0, 2.72106),
	(3757, 1189.6, -1385.63, 35.1099, 0, 0, 0),
	(3758, 343.068, -2076.58, 20.5516, 0, 0, -0.494739),
	(3759, 311.222, -2103.84, 17.7883, 0, 0, -0.346317),
	(3760, 295.754, -2066.6, 17.6703, 0, 0, 1.83053),
	(3761, 305.222, -2040.32, 20.2314, 0, 0, -0.692635),
	(3762, 338.163, -2043.73, 21.2256, 0, 0, -2.57264),
	(3763, 374.202, -2053.13, 21.7311, 0, 0, 1.97896),
	(3764, 392.677, -2045.51, 22.6747, 0, 0, -0.445265),
	(3765, 388.101, -2026.55, 23.3993, 0, 0, 1.08843),
	(3766, 399.455, -2009.31, 23.3151, 0, 0, 1.1379),
	(3767, 373.701, -1991.24, 24.2249, 0, 0, 0.296843),
	(3768, 343.081, -1981.05, 24.2417, 0, 0, -1.92948),
	(3769, 325.925, -1983.2, 23.6183, 0, 0, 2.2758),
	(3770, 408.646, -2022.61, 23.1465, 0, 0, 2.62212),
	(3771, 288.343, -2086.55, 17.0806, 0, 0, -0.989478),
	(3772, -1479.18, -680.07, 28.3026, 0, 0, 0.296843),
	(3773, -1453.24, -645.218, 29.6505, 0, 0, -0.89053),
	(3774, -1431.77, -663.349, 26.803, 0, 0, 2.32527),
	(3775, -1480.04, -697.516, 26.4154, 0, 0, -2.62212),
	(3776, -1448.99, -621.244, 30.7795, 0, 0, 2.32527),
	(3777, -1691.51, -262.365, 51.8755, 0, 0, -0.593687),
	(3778, -1696.97, -287.327, 51.8755, 0, 0, 0.940004),
	(3779, -1752.07, -260.73, 50.241, 0, 0, 1.28632),
	(3780, -1789.4, -253.015, 47.1575, 0, 0, 0.940004),
	(3781, -1820.77, -231.257, 43.1304, 0, 0, -1.58316),
	(3782, -1793.17, -153.93, 70.7473, 0, 0, -2.82001),
	(3783, -1680.87, -131.578, 59.7612, 0, 0, -1.43474),
	(3784, -1637.18, -146.624, 57.5538, 0, 0, -2.42422),
	(3785, -1623.93, -183.481, 55.7003, 0, 0, 2.17685),
	(3786, -1626.29, -232.022, 54.1838, 0, 0, 2.91896),
	(3787, -1651.6, -287.855, 51.8586, 0, 0, 0.593687),
	(3788, -1727.18, -192.804, 58.4469, 0, 0, 0.395791),
	(3789, -1937.72, 2039.92, 140.826, 0, 0, -1.73159),
	(3790, -1921.31, 2093.88, 134.507, 0, 0, -2.96843),
	(3791, -1908.95, 2087.1, 140.371, 0, 0, -0.791582),
	(3792, -1862.78, 2098.87, 137.944, 0, 0, 2.12738),
	(3793, -1854.47, 2065.45, 141.078, 0, 0, 2.91896),
	(3794, -1876.69, 2025.18, 140.067, 0, 0, 1.97896),
	(3795, -1904.16, 1989.98, 140.573, 0, 0, -0.0989478),
	(3796, -1812.37, 2062.54, 132.418, 0, 0, 1.92948),
	(3797, 294.145, 2823.16, 43.4337, 0, 0, 2.17685),
	(3798, 286.774, 2844.32, 44.6974, 0, 0, -2.62212),
	(3799, 275.934, 2879.06, 43.6022, 0, 0, -0.445265),
	(3800, 311.064, 2898.59, 46.2645, 0, 0, 2.12738),
	(3801, 329.077, 2878.76, 43.4506, 0, 0, 2.91896),
	(3802, 380.848, 2879.51, 48.1516, 0, 0, 1.97896),
	(3803, 339.706, 2824.73, 51.6227, 0, 0, 0.841056),
	(3804, 262.734, 2840, 43.5685, 0, 0, -1.08843),
	(3805, 120.29, -721.609, 33.3575, 0.000688667, 0.000692962, 0.00621761),
	(3806, -1564.11, -365.13, 46.5341, 0, 0, 0),
	(3807, -762.818, -796.286, 27.8645, 0, 0, 3.11686),
	(3808, 137.024, -1593.42, 29.3978, 0, 0, -2.32527),
	(3809, -52.4176, -1677.82, 28.8755, -0.0272682, 0.0107998, -2.25833),
	(3810, -54.4615, -1680.07, 28.6395, -0.0236254, 0.0123731, -2.2415),
	(3811, -56.5846, -1682.44, 29.0271, -0.000318082, -0.000923733, -2.23405),
	(3812, -49.5956, -1693.11, 28.926, -0.0080706, 0.00899579, 0.381643),
	(3813, -46.2989, -1691.74, 29.0439, -0.0110185, 0.0183791, 0.355016),
	(3814, -52.4308, -1694.33, 28.8081, -0.0144227, -0.00171931, 0.332453),
	(3815, -58.7736, -1685.06, 29.0608, 0.00154222, 0.00154737, -2.21093),
	(3816, -42.9626, -1690.38, 28.8586, 0.014561, 0.016082, 0.370252),
	(3817, -60.778, -1687.77, 28.9597, -0.000278329, -0.000936478, -2.14858),
	(3818, -998.4, -1402.48, 0.112793, 0.0444419, 0.0150279, 0.32661),
	(3819, -989.578, -1399.71, 0.315063, -0.0161472, -0.0161113, 0.34216),
	(3820, -929.829, -1457.24, 0.837402, 0.000863378, -0.00480826, -1.21546),
	(3821, -981.455, -1396.6, 0.0454102, 0.0130739, 0.00136263, 0.312855),
	(3822, -972.712, -1393.38, 0.315063, -0.00151434, -0.00373293, 0.310058),
	(3823, -963.969, -1391.12, 0.416138, 0.0562697, 0.0197761, 0.326443),
	(3824, -954.237, -1387.49, -0.106201, 0.0951336, 0.0312053, 0.314569),
	(3825, -981.363, -1375.42, 0.854248, 0.00166163, -0.00366973, -1.21041),
	(3826, -998.242, -2652.92, 13.3737, -0.00293894, -0.00730837, -2.08677),
	(3827, -999.574, -2655.45, 13.7949, 0.000252273, 0.000943831, -2.09316),
	(3828, -1000.62, -2658.51, 13.7949, 0.000252273, 0.000943831, -2.09316),
	(3829, -988.576, -2658.46, 13.66, 0.00144848, 0.00163545, 1.04844),
	(3830, -996.013, -2649.31, 13.3063, 0.00759182, 0.00210098, -2.06913),
	(3831, -986.558, -2654.64, 13.5421, 0.000943427, -0.000253778, 1.04525),
	(3832, -989.802, -2661.19, 13.4579, 0.213425, -0.0965173, 1.03468),
	(3833, -991.174, -2663.26, 13.4747, 0.000256783, 0.000942614, 1.03887),
	(3834, -2187.98, -408.857, 13.1545, 0, 0, -2.2758),
	(3835, -2186.6, -422.215, 12.4469, 0.017549, 0.0697557, -0.203516),
	(3836, -2183, -422.98, 12.6996, 0.00867729, -0.124647, -0.138707),
	(3837, -2179.49, -423.389, 12.7839, -0.00846323, -0.126552, 0.00846323),
	(3838, -2175.89, -423.046, 12.885, 0.00805666, -0.173443, 0.0846365),
	(3839, -2190.18, -421.292, 12.6827, -0.0450535, -0.147463, -0.331164),
	(3840, -2192.52, -420.158, 12.6996, -0.0163324, -0.0820391, -0.34324),
	(3841, -2195.27, -419.71, 12.6827, -0.0304234, -0.136024, -0.29048),
	(3842, -499.174, -342.884, 34.4865, 0, 0, 0),
	(3843, -499.213, -342.87, 34.4865, 0, 0, 0),
	(3844, 265.503, -1149.09, 28.6227, -0.00396552, 0.188879, -3.13636),
	(3845, 262.602, -1149.13, 28.825, -0.0227261, 0.208216, -3.13019),
	(3846, 259.332, -1149.07, 28.7576, -0.0105311, 0.140585, 3.10424),
	(3847, 256.484, -1149.13, 28.8081, -0.00447281, 0.125143, 3.13564),
	(3848, 253.358, -1148.93, 28.7406, 0.0421011, 0.132661, 3.10209),
	(3849, 250.127, -1149.06, 28.7406, 0.00132684, 0.208381, 3.0824),
	(3850, 265.292, -1162.56, 28.6564, 0.0337636, -0.212572, -0.0026515),
	(3851, 262.365, -1162.52, 28.6732, -0.015889, 0.00071824, -0.00344873),
	(3852, 1217.29, 2716.36, 37.5363, -0.00205907, 0.000730069, -0.0379994),
	(3853, 1220.15, 2717.54, 37.9575, 0.000683381, 0.000698176, 0.0214172),
	(3854, 1223.39, 2716.96, 37.8396, 0.000693913, 0.000687709, -0.00898162),
	(3855, 1226.58, 2717.2, 37.9575, -0.00484321, 0.000638989, 0.021419),
	(3856, 1230.09, 2716.81, 37.7047, 0.000687709, -0.000693913, -0.00898114),
	(3857, 1205.49, 2710.88, 37.8733, 0.0048279, 0.000745899, -3.1188),
	(3858, 1230.11, 2710.51, 38.0081, -0.0283305, -0.000504825, 3.12846),
	(3859, 1226.74, 2710.77, 37.6205, -0.000690579, -0.000691056, -3.1409),
	(3860, 1223.47, 2711.24, 37.5194, -0.0020709, -0.000695827, -3.13676),
	(3861, 1220.18, 2711.47, 37.671, 0.000695337, -0.000686269, -3.12847),
	(3862, 1217.18, 2711.18, 37.6373, -0.00207329, 0.000688669, -3.13952),
	(3863, 1237.78, 2724.16, 37.907, 0.000424251, 0.00088004, -2.46922),
	(3864, 1229.89, 2696.64, 37.3846, 0.00760126, -0.000672435, -3.13675),
	(3865, 1226.78, 2696.53, 37.6373, 0.0173009, 0.00181572, 3.11187),
	(3866, 1223.78, 2696.81, 37.5026, 0.0175713, 0.011293, 3.08967),
	(3867, 1220.43, 2696.7, 37.5026, 0.0159486, 0.00317375, 3.10633),
	(3868, 1217.33, 2696.62, 37.5026, 0.00772486, 0.00606162, 3.1008),
	(3869, 1286.43, -1595.5, 54.2175, 0, 0, 0.445265),
	(3870, 1249.19, 2717.7, 37.5363, -0.0000347014, 0.000976348, 1.64185),
	(3871, 1250.82, 2715.1, 37.4015, 0.0000457028, -0.000975894, 1.66439),
	(3872, 1249.65, 2711.21, 37.9744, 0.00125563, -0.00580892, 1.66625),
	(3873, 344.651, 3583.73, 33.0542, -0.0108665, -0.0929593, -1.55207),
	(3874, 344.809, 3580.47, 32.8689, -0.00973087, -0.0607588, -1.53713),
	(3875, 345.086, 3577.44, 33.0879, 0.00463423, -0.0183963, -1.49224),
	(3876, 345.323, 3574.56, 33.0374, 0.0250302, -0.0307902, -1.53208),
	(3877, 345.56, 3571.33, 33.1721, 0.0411424, -0.0236229, -1.48284),
	(3878, 345.969, 3568.39, 33.0037, 0.0500101, -0.0262631, -1.48664),
	(3879, 346.233, 3565.54, 32.7003, 0.029442, -0.0199567, -1.46415),
	(3880, 346.418, 3562.59, 32.6498, -0.0126215, -0.0215433, -1.56328),
	(3881, 346.009, 3559.74, 32.6498, -0.0198787, -0.0354902, -1.75056),
	(3882, 2603.6, 3299.58, 53.6278, 0, 0, 0.643161),
	(3883, -1755.32, 71.0242, 68.0344, 0, 0, -0.89053),
	(3884, -1112.51, -825.231, 19.3048, 0, 0, 0),
	(3885, -1111.64, -824.651, 19.3048, 0, 0, 0),
	(3886, -1111.73, -824.598, 19.3048, 0, 0, 0),
	(3887, -1687.5, 59.2484, 63.8557, -0.0117295, 0.128829, 1.88829),
	(3888, -1111.94, -824.796, 19.3048, 0, 0, 0),
	(3889, -1111.94, -824.796, 19.3048, 0, 0, 0),
	(3890, -1111.94, -824.796, 19.3048, 0, 0, 0),
	(3891, 1845.18, 2608.29, 45.5736, 0, 0, 0),
	(3892, 1844.98, 2608.13, 45.5736, 0, 0, 0),
	(3893, -1111.94, -824.796, 19.3048, 0, 0, 0),
	(3894, -1111.67, -825.125, 19.3048, 0, 0, 0),
	(3895, -1111.42, -824.585, 19.3048, 0, 0, 0),
	(3896, -1111.42, -824.585, 19.3048, 0, 0, 0),
	(3897, -1111.85, -824.756, 19.3048, 0, 0, 0),
	(3898, -1093.42, -811.042, 19.389, 0, 0, 0),
	(3899, -1093.36, -810.514, 19.2542, 0, 0, 0),
	(3900, 1818.76, 2608.3, 45.5905, 0, 0, 0),
	(3901, 1818.76, 2608.3, 45.5905, 0, 0, 0),
	(3902, -1303.96, -394.747, 36.6937, 0, 0, 1.38527),
	(3903, -1486.17, -377.552, 40.1479, 0, 0, 2.37475),
	(3904, 1796.23, 2617.03, 45.5568, 0, 0, 0),
	(3905, 1795.96, 2617.08, 45.5568, 0, 0, 0),
	(3906, 24.3297, -1347.06, 29.4821, 0, 0, -1.53369),
	(3907, -46.8923, -1758.47, 29.4147, 0, 0, 0.841056),
	(3908, -1091.58, -809.169, 19.2542, 0, 0, 0),
	(3909, 1831.98, 2695.9, 45.422, 0, 0, 0),
	(3910, -1091.56, -809.196, 19.2542, 0, 0, 0),
	(3911, -1091.55, -809.169, 19.2542, 0, 0, 0),
	(3912, 1833.53, 2692.01, 45.422, 0, 0, 0),
	(3913, 1830.76, 2699.49, 45.422, 0, 0, 0),
	(3914, -1061.38, -827.433, 19.2036, 0, 0, 0),
	(3915, -705.903, -914.294, 19.2036, 0, 0, 1.58316),
	(3916, 1769.26, 2749.04, 45.422, 0, 0, 0),
	(3917, -1221.61, -908.281, 12.3121, 0, 0, 0.593687),
	(3918, -1061.42, -827.341, 19.2036, 0, 0, 0),
	(3919, 1774.11, 2747.49, 45.422, 0, 0, 0),
	(3920, 1764.32, 2751.22, 45.422, 0, 0, 0),
	(3921, -661.754, -933.429, 21.8154, 0, 0, -3.11686),
	(3922, 1655.66, 2744.49, 45.4388, 0, 0, 0),
	(3923, -1106.23, -846.066, 19.3048, 0, 0, 0),
	(3924, 809.921, -2159.24, 29.6168, 0, 0, 0),
	(3925, -1106.43, -846.171, 19.3048, 0, 0, 0),
	(3926, 1651.13, 2742.26, 45.4388, 0, 0, 0),
	(3927, -1106.43, -846.171, 19.3048, 0, 0, 0),
	(3928, 1660.42, 2747.33, 45.4388, 0, 0, 0),
	(3929, 22.9319, -1105.54, 29.7854, 0, 0, 2.77054),
	(3930, -1107.19, -845.13, 19.3048, 0, 0, 0),
	(3931, 842.123, -1035.49, 28.1846, 0, 0, 0),
	(3932, 1580.94, 2672.93, 45.4725, 0, 0, 0),
	(3933, -1107.19, -845.196, 19.3048, 0, 0, 0),
	(3934, -1107.92, -843.745, 19.3048, 0, 0, 0),
	(3935, -1108.14, -843.824, 19.3048, 0, 0, 0),
	(3936, -1108.75, -842.716, 19.3048, 0, 0, 0),
	(3937, 1577.79, 2668.31, 45.4725, 0, 0, 0),
	(3938, 1584.49, 2678.73, 45.4725, 0, 0, 0),
	(3939, -1108.93, -842.914, 19.3048, 0, 0, 0),
	(3940, 1134.08, -982.549, 46.3993, 0, 0, -1.3358),
	(3941, 1548.18, 2583.85, 45.3883, 0, 0, 0),
	(3942, -1107.01, -845.209, 19.3048, 0, 0, 0),
	(3943, 1547.79, 2578.35, 45.3883, 0, 0, 0),
	(3944, -1106.74, -844.945, 19.3048, 0, 0, 0),
	(3945, 1548.3, 2589.2, 45.3883, 0, 0, 0),
	(3946, -1106.14, -846.158, 19.3048, 0, 0, 0),
	(3947, -1105.96, -845.842, 19.3048, 0, 0, 0),
	(3948, 1555.23, 2476.51, 45.3883, 0, 0, 0),
	(3949, -1106.9, -844.932, 19.3048, 0, 0, 0),
	(3950, 1557.93, 2471.47, 45.3883, 0, 0, 0),
	(3951, 1551.82, 2482.07, 45.3883, 0, 0, 0),
	(3952, -1106.66, -844.985, 19.3048, 0, 0, 0),
	(3953, 1660.46, 2409.49, 45.4052, 0, 0, 0),
	(3954, 1665.32, 2408.8, 45.4052, 0, 0, 0),
	(3955, 1654.52, 2409.9, 45.3883, 0, 0, 0),
	(3956, 1164.95, -323.341, 69.197, 0, 0, 1.78106),
	(3957, -1106.32, -845.473, 19.3048, 0, 0, 0),
	(3958, 1755.42, 2423.95, 45.422, 0, 0, 0),
	(3959, -1107.16, -845.116, 19.3048, 0, 0, 0),
	(3960, 1759.75, 2425.74, 45.422, 0, 0, 0),
	(3961, 1750.75, 2421.1, 45.4052, 0, 0, 0),
	(3962, -1106.11, -846.026, 19.3048, 0, 0, 0),
	(3963, 253.78, -51.0989, 69.9385, 0, 0, 1.23685),
	(3964, 372.488, 326.862, 103.554, 0, 0, -1.73159),
	(3965, 1810.47, 2481.94, 45.4388, 0, 0, 0),
	(3966, -1108.29, -843.31, 19.3048, 0, 0, 0),
	(3967, 1812.09, 2485.85, 45.4388, 0, 0, 0),
	(3968, 1809.24, 2476.88, 45.4388, 0, 0, 0),
	(3969, -1061.37, -828.224, 19.4227, 0, 0, 0),
	(3970, -1062.05, -827.182, 19.4227, 0, 0, 0),
	(3971, -1108.71, -842.901, 19.3048, 0, 0, 0),
	(3972, -1107.77, -843.64, 19.3048, 0, 0, 0),
	(3973, 2567.64, 292.536, 108.727, 0, 0, 0),
	(3974, -1111.25, -824.743, 19.3048, 0, 0, 0),
	(3975, -1094.11, -811.648, 19.3553, 0, 0, 0),
	(3976, -1093.52, -811.266, 19.3553, 0, 0, 0),
	(3977, -1093.04, -810.804, 19.3553, 0, 0, 0),
	(3978, -1094.02, -811.754, 19.3553, 0, 0, 0),
	(3979, -1091.31, -809.552, 19.3553, 0, 0, 0),
	(3980, -1090.85, -809.103, 19.3553, 0, 0, 0),
	(3981, -1091.78, -809.908, 19.3553, 0, 0, 0),
	(3982, 1286.76, -1604.57, 54.8242, 0, 0, 0),
	(3983, -1077.15, -830.189, 19.0352, 0, 0, 0),
	(3984, 1820.74, 2621.39, 45.7927, 0, 0, 0),
	(3985, 1820.74, 2621.39, 45.7927, 0, 0, 0),
	(3986, 1820.74, 2621.39, 45.7927, 0, 0, 0),
	(3987, -1077.15, -830.163, 19.0352, 0, 0, 0),
	(3988, -1077.15, -830.136, 19.0352, 0, 0, 0),
	(3989, -1092.26, -818.611, 19.0352, 0, 0, 0),
	(3990, 1820.69, 2621.45, 45.7927, 0, 0, 0),
	(3991, -1091.53, -818.374, 19.0352, 0, 0, 0),
	(3992, -1091.64, -818.387, 19.0352, 0, 0, 0),
	(3993, -1092.57, -818.914, 19.0352, 0, 0, 0),
	(3994, 1269.94, -1906.96, 39.4235, 0, 0, 0),
	(3995, -1098.55, -835.477, 19.0015, 0, 0, 0),
	(3996, 1820.69, 2621.35, 63.1311, 0, 0, 0),
	(3997, 1820.69, 2621.35, 63.1311, 0, 0, 0),
	(3998, -1098.95, -835.16, 19.0015, 0, 0, 0),
	(3999, -1098.34, -836.149, 19.0015, 0, 0, 0),
	(4000, 2677.56, 3279.38, 55.2285, 0, 0, -0.494739),
	(4001, 1845.61, 2699.29, 45.7927, 0, 0, 0),
	(4002, -1094.28, -844.075, 23.0286, 0, 0, 0),
	(4003, -1094.81, -843.692, 23.0286, 0, 0, 0),
	(4004, -1093.87, -844.536, 23.0286, 0, 0, 0),
	(4005, 1845.55, 2699.31, 45.759, 0, 0, 0),
	(4006, 1959.77, 3740.25, 32.3297, 0, 0, -0.989478),
	(4007, 1692.41, 3761.26, 34.6886, 0, 0, -2.22633),
	(4008, 549.336, 2671.03, 42.1531, 0, 0, 1.63264),
	(4009, 1845.53, 2699.14, 62.9963, 0, 0, 0),
	(4010, 1845.53, 2699.14, 62.9963, 0, 0, 0),
	(4011, -1118.85, 2700.01, 18.5465, 0, 0, -2.37475),
	(4012, -3173.55, 1088.65, 20.8381, 0, 0, -2.02843),
	(4013, 1772.44, 2759.76, 45.7252, 0, 0, 0),
	(4014, 1772.44, 2759.76, 45.7252, 0, 0, 0),
	(4015, 1772.52, 2759.7, 63.0637, 0, 0, 0),
	(4016, -3039.16, 584.4, 7.89746, 0, 0, 0.296843),
	(4017, -1094.61, -844.338, 19.0015, 0, 0, 0),
	(4018, -1095.11, -844.035, 19.0015, 0, 0, 0),
	(4019, -1094.57, -845.064, 19.0015, 0, 0, 0),
	(4020, 1650.59, 2755.02, 45.6747, 0, 0, 0),
	(4021, 1650.58, 2755.02, 45.6747, 0, 0, 0),
	(4022, 1650.61, 2755.12, 63.0637, 0, 0, 0),
	(4023, 1650.61, 2755.12, 63.0637, 0, 0, 0),
	(4024, -236.809, 6202.19, 31.9253, 0, 0, 2.32527),
	(4025, -1089.81, -840.831, 37.7554, 0, 0, 0),
	(4026, 1697.35, 4923.07, 42.052, 0, 0, -0.593687),
	(4027, -1089.92, -840.831, 37.7554, 0, 0, 0),
	(4028, -1089.96, -840.831, 37.7554, 0, 0, 0),
	(4029, 1572.55, 2678.51, 45.3883, 0, 0, 0),
	(4030, 1572.55, 2678.51, 45.3883, 0, 0, 0),
	(4031, 1572.41, 2678.56, 62.9121, 0, 0, 0),
	(4032, 1572.41, 2678.56, 62.9121, 0, 0, 0),
	(4033, -1112.03, -848.07, 13.4747, 0, 0, 0),
	(4034, 1537.91, 2585.27, 45.5231, 0, 0, 0),
	(4035, 1537.93, 2585.27, 45.5231, 0, 0, 0),
	(4036, -1112.23, -847.187, 13.4242, 0, 0, 0),
	(4037, -1112.22, -847.279, 13.4242, 0, 0, 0),
	(4038, -1111.56, -848.426, 13.4747, 0, 0, 0),
	(4039, 1537.9, 2585.41, 62.8616, 0, 0, 0),
	(4040, 1727.88, 6415.49, 35.0256, 0, 0, -1.97896),
	(4041, 1537.89, 2585.41, 62.8616, 0, 0, 0),
	(4042, -1108.25, -842.294, 13.6769, 0, 0, 0),
	(4043, -331.332, 6085.35, 31.4535, 0, 0, -2.32527),
	(4044, -220.708, 6188.65, 31.0491, 0.000384223, 0.000898238, -2.37919),
	(4045, 1543.64, 2470.76, 45.5062, 0, 0, 0),
	(4046, 1543.65, 2470.76, 45.5062, 0, 0, 0),
	(4047, 1543.61, 2470.85, 62.7437, 0, 0, 0),
	(4048, 1543.6, 2470.85, 62.7437, 0, 0, 0),
	(4049, 474.013, -1310.85, 29.2124, 0, 0, -2.62212),
	(4050, -218.743, 6190.65, 31.0491, -0.00167932, -0.00139738, -2.39703),
	(4051, -1123.71, -851.552, 13.4747, 0, 0, 0),
	(4052, 1659.23, 2397.78, 45.5568, 0, 0, 0),
	(4053, 1659.24, 2397.78, 45.5568, 0, 0, 0),
	(4054, 1659.15, 2397.76, 62.8953, 0, 0, 0),
	(4055, 1659.15, 2397.76, 62.8953, 0, 0, 0),
	(4056, -216.818, 6192.99, 31.0996, 0.00036602, 0.000905808, -2.33884),
	(4057, -1108.07, -842.505, 13.6769, 0, 0, 0),
	(4058, 1760.12, 2413.16, 45.5399, 0, 0, 0),
	(4059, 1760.12, 2413.16, 45.5568, 0, 0, 0),
	(4060, 1760.19, 2413.17, 62.8953, 0, 0, 0),
	(4061, 1760.16, 2413.17, 62.8953, 0, 0, 0),
	(4062, 1821.31, 2476.85, 45.5231, 0, 0, 0),
	(4063, 1821.32, 2476.85, 45.5231, 0, 0, 0),
	(4064, -214.563, 6195.17, 30.7457, 0.000360568, 0.000907992, -2.32681),
	(4065, 1821.52, 2476.76, 62.8447, 0, 0, 0),
	(4066, 1821.52, 2476.76, 62.8447, 0, 0, 0),
	(4067, -212.4, 6197.55, 30.8975, 0.00166469, 0.00141478, -2.37622),
	(4068, -210.251, 6199.75, 30.9143, 0.000897378, -0.000386226, -2.38366),
	(4069, -1057.86, -839.763, 5.10034, 0, 0, 0),
	(4070, -208.167, 6201.6, 30.7627, -0.000131461, 0.00218071, -2.3777),
	(4071, -1058.49, -840.33, 5.10034, 0, 0, 0),
	(4072, -1057.23, -839.327, 5.10034, 0, 0, 0),
	(4073, -225.798, 6193.99, 31.285, -0.000899379, 0.000381545, 0.768357),
	(4074, -1073.25, -826.971, 5.47107, 0, 0, 0),
	(4075, -1073.08, -826.998, 5.47107, 0, 0, 0),
	(4076, -223.437, 6196, 30.9985, 0.00164337, 0.00143949, 0.795257),
	(4077, -1087.31, -829.385, 5.47107, 0, 0, 0),
	(4078, -1087.19, -829.385, 5.47107, 0, 0, 0),
	(4079, -1086.26, -827.196, 5.47107, 0, 0, 0),
	(4080, -1086.28, -827.196, 5.47107, 0, 0, 0),
	(4081, -1089.2, -829.648, 5.47107, 0, 0, 0),
	(4082, -1089.2, -829.622, 5.47107, 0, 0, 0),
	(4083, -1091.56, -826.404, 5.47107, 0, 0, 0),
	(4084, -1091.56, -826.338, 5.47107, 0, 0, 0),
	(4085, -1093.96, -823.358, 5.47107, 0, 0, 0),
	(4086, -1093.96, -823.332, 5.47107, 0, 0, 0),
	(4087, -1088.64, -824.229, 5.47107, 0, 0, 0),
	(4088, -1088.68, -824.215, 5.47107, 0, 0, 0),
	(4089, -220.484, 6199.03, 30.8975, -0.00090304, 0.000372797, 0.78777),
	(4090, -1091.12, -821.064, 5.47107, 0, 0, 0),
	(4091, -1091.14, -821.064, 5.47107, 0, 0, 0),
	(4092, -1096.39, -820.286, 5.47107, 0, 0, 0),
	(4093, -1096.39, -820.246, 5.47107, 0, 0, 0),
	(4094, -218.571, 6200.81, 31.0154, 0.000384223, 0.000898238, 0.762399),
	(4095, -1093.21, -817.16, 5.47107, 0, 0, 0),
	(4096, -216.475, 6202.58, 31.1838, -0.000915679, 0.000340573, 0.858634),
	(4097, -1093.86, -816.646, 5.47107, 0, 0, 0),
	(4098, -1092.76, -817.846, 5.47107, 0, 0, 0),
	(4099, -212.782, 6206.39, 30.9817, 0.000377516, 0.000901077, 0.777307),
	(4100, -1074.83, -818.426, 5.47107, 0, 0, 0),
	(4101, -1074.88, -818.426, 5.47107, 0, 0, 0),
	(4102, 1445.09, -2222.11, 61.7325, 0, 0, 0),
	(4103, -238.497, 6196.63, 31.0491, 0.000901359, 0.000376843, 2.36279),
	(4104, -1078.07, -814.022, 5.47107, 0, 0, 0),
	(4105, -1078.07, -814.048, 5.47107, 0, 0, 0),
	(4106, -1081.67, -816.686, 5.47107, 0, 0, 0),
	(4107, -1081.65, -816.686, 5.47107, 0, 0, 0),
	(4108, -1078.48, -821.341, 5.47107, 0, 0, 0),
	(4109, -1078.48, -821.275, 5.47107, 0, 0, 0),
	(4110, -240.593, 6199.37, 30.9985, -0.000903597, -0.000371445, 2.35083),
	(4111, -243.389, 6201.23, 31.2175, 0.000380875, -0.000899663, 2.37175),
	(4112, -1090.34, -847.767, 4.88135, 0, 0, 0),
	(4113, -1089.72, -848.229, 4.88135, 0, 0, 0),
	(4114, -1090.64, -847.015, 4.88135, 0, 0, 0),
	(4115, -245.301, 6203.87, 30.8806, -0.000903875, -0.000370768, 2.34933),
	(4116, -1073.25, -850.84, 4.94873, 0, 0, 0),
	(4117, -1073.25, -850.84, 4.94873, 0, 0, 0),
	(4118, -1079.45, -855.666, 5.20142, 0, 0, 0),
	(4119, 1445.01, -2222.15, 61.7495, 0, 0, 0),
	(4120, -1079.43, -855.679, 5.20142, 0, 0, 0),
	(4121, -1059.22, -876.105, 5.0835, 0, 0, 0),
	(4122, -1061.59, -877.675, 5.0498, 0, 0, 0),
	(4123, -54.8176, -1106.24, 26.0784, -0.00898082, 0.000698002, 2.83293),
	(4124, -1056.67, -874.985, 5.13403, 0, 0, 0),
	(4125, -1056.63, -874.919, 5.13403, 0, 0, 0),
	(4126, -57.7714, -1105.45, 25.8594, -0.000573654, 0.00079081, 2.82594),
	(4127, -1147.28, -847.16, 14.452, 0, 0, 0),
	(4128, -1147.28, -847.16, 14.452, 0, 0, 0),
	(4129, -60.5934, -1104.5, 25.8425, -0.0159838, -0.0315932, 2.79902),
	(4130, -1119.92, -837.732, 13.4073, 0, 0, 0),
	(4131, -62.9143, -1103.58, 25.7076, -0.0116575, -0.0730464, 2.76916),
	(4132, -1119.92, -837.732, 13.4073, 0, 0, 0),
	(4133, -50.5714, -1091.56, 25.9941, 0.00075719, -0.000617351, -2.93882),
	(4134, -244.431, 6325.13, 32.4139, 0, 0, 0),
	(4135, 415.385, -1621.78, 29.3136, 0, 0, 0),
	(4136, -244.378, 6325.13, 32.4139, 0, 0, 0),
	(4137, 415.385, -1621.78, 29.3136, 0, 0, 0),
	(4138, -249.429, 6330.24, 32.4139, 0, 0, 0),
	(4139, -249.415, 6330.24, 32.4139, 0, 0, 0),
	(4140, -249.165, 6332.85, 32.4139, 0, 0, 0),
	(4141, -249.429, 6332.19, 32.4139, 0, 0, 0),
	(4142, -248.413, 6333.23, 32.4139, 0, 0, 0),
	(4143, -252.633, 6325.75, 32.4139, 0, 0, 0),
	(4144, -252.066, 6325.23, 32.4139, 0, 0, 0),
	(4145, -253.147, 6326.29, 32.4139, 0, 0, 0),
	(4146, -247.965, 6320.77, 32.4139, 0, 0, 0),
	(4147, -247.464, 6320.19, 32.4139, 0, 0, 0),
	(4148, -247.464, 6320.19, 32.4139, 0, 0, 0),
	(4149, -248.44, 6321.35, 32.4139, 0, 0, 0),
	(4150, -255.191, 6321.4, 32.4139, 0, 0, 0),
	(4151, -255.152, 6321.4, 32.4139, 0, 0, 0),
	(4152, -257.749, 6330.94, 32.4139, 0, 0, 0),
	(4153, -257.749, 6330.91, 32.4139, 0, 0, 0),
	(4154, 135.415, -1594.85, 29.4652, 0, 0, -2.17685),
	(4155, -159.336, -1474.65, 32.4476, 0, 0, 0),
	(4156, -165.125, -1476.82, 31.9927, -0.0445136, -0.0276088, -2.32261),
	(4157, 442.536, -1602.87, 28.7406, -0.0329064, 0.0215627, 0.9127),
	(4158, 447.231, -1597.83, 29.2799, 0, 0, 0),
	(4159, 285.152, -1579.33, 30.5267, 0, 0, 0),
	(4160, 8.0044, -1523.31, 29.3136, 0, 0, 0),
	(4161, 48.4484, -1619.34, 29.3473, 0, 0, 0),
	(4162, 143.064, -727.675, 33.1216, 0, 0, 1.3358),
	(4163, 299.578, -584.875, 43.2821, 0, 0, 0),
	(4164, 299.288, -585.574, 43.2821, 0, 0, 0),
	(4165, 299.776, -584.004, 43.2653, 0, 0, 0),
	(4166, 303.824, -581.974, 43.2821, 0, 0, 0),
	(4167, 303.481, -581.591, 43.2821, 0, 0, 0),
	(4168, 304.549, -582.092, 43.2821, 0, 0, 0),
	(4169, 325.437, -589.582, 43.2821, 0, 0, 0),
	(4170, 324.818, -589.385, 43.2821, 0, 0, 0),
	(4171, 326.004, -589.859, 43.2821, 0, 0, 0),
	(4172, 327.64, -593.868, 43.2821, 0, 0, 0),
	(4173, 327.903, -593.341, 43.2821, 0, 0, 0),
	(4174, 327.402, -594.541, 43.2821, 0, 0, 0),
	(4175, 415.371, -1621.78, 29.3136, 0, 0, 0),
	(4176, 415.371, -1621.78, 29.3136, 0, 0, 0),
	(4177, 416.571, -1653.57, 29.2799, 0, 0, 0),
	(4178, 416.571, -1653.57, 29.2799, 0, 0, 0),
	(4179, 392.413, -1635.43, 29.2799, 0, 0, 0),
	(4180, 392.479, -1635.43, 29.2799, 0, 0, 0),
	(4181, 400.879, -1609.74, 29.2799, 0, 0, 0),
	(4182, 400.879, -1609.74, 29.2799, 0, 0, 0),
	(4183, -448.154, -348.079, 34.4865, 0, 0, 0),
	(4184, -448.365, -349.16, 34.4865, 0, 0, 0),
	(4185, -447.982, -347.182, 34.4865, 0, 0, 0),
	(4186, -447.204, -340.932, 34.4865, 0, 0, 0),
	(4187, -447.547, -342, 34.4865, 0, 0, 0),
	(4188, -447.099, -340.048, 34.4865, 0, 0, 0),
	(4189, -446.308, -333.864, 34.4865, 0, 0, 0),
	(4190, -446.387, -334.879, 34.4865, 0, 0, 0),
	(4191, -446.031, -333.02, 34.4865, 0, 0, 0),
	(4192, -444.092, -357.771, 34.5875, 0, 0, 0),
	(4193, 313.371, -596.149, 43.2821, 0, 0, 0),
	(4194, -445.134, -357.679, 34.5875, 0, 0, 0),
	(4195, 313.345, -596.215, 43.2821, 0, 0, 0),
	(4196, -443.143, -357.903, 34.5875, 0, 0, 0),
	(4197, -438.185, -341.525, 42.3048, 0, 0, 0),
	(4198, -438.224, -342.422, 42.3048, 0, 0, 0),
	(4199, 317.446, -578.927, 43.299, 0, 0, 0),
	(4200, -438.105, -340.497, 42.3048, 0, 0, 0),
	(4201, 316.721, -578.624, 43.2821, 0, 0, 0),
	(4202, -472.391, -332.677, 42.3048, 0, 0, 0),
	(4203, -471.442, -332.782, 42.3048, 0, 0, 0),
	(4204, -473.327, -332.532, 42.3048, 0, 0, 0),
	(4205, 317.908, -578.993, 43.2821, 0, 0, 0),
	(4206, -473.499, -340.971, 42.3048, 0, 0, 0),
	(4207, -474.409, -340.879, 42.3217, 0, 0, 0),
	(4208, -472.563, -341.222, 42.3048, 0, 0, 0),
	(4209, -507.6, -332.255, 42.3048, 0, 0, 0),
	(4210, -507.547, -331.279, 42.3048, 0, 0, 0),
	(4211, -507.824, -333.086, 42.3048, 0, 0, 0),
	(4212, -440.281, -322.365, 34.9077, 0, 0, 0),
	(4213, -440.281, -322.747, 34.9077, 0, 0, 0),
	(4214, -451.793, -308.36, 34.9077, 0, 0, 0),
	(4215, -451.451, -308.123, 34.9077, 0, 0, 0),
	(4216, -444.224, -320.123, 34.9077, 0, 0, 0),
	(4217, -444.963, -320.927, 34.9077, 0, 0, 0),
	(4218, -442.853, -320.123, 34.9077, 0, 0, 0),
	(4219, -457.002, -288.804, 34.9077, 0, 0, 0),
	(4220, -457.978, -289.648, 34.9077, 0, 0, 0),
	(4221, -455.908, -288.804, 34.9077, 0, 0, 0),
	(4222, -500.571, -325.437, 42.3217, 0, 0, 0),
	(4223, 259.846, -1257.52, 28.6901, -0.00159467, -0.00149326, -2.27992),
	(4224, -501.666, -325.886, 42.3048, 0, 0, 0),
	(4225, -499.503, -325.701, 42.3048, 0, 0, 0),
	(4226, -442.774, -316.444, 34.9077, 0, 0, 0),
	(4227, -442.998, -316.444, 34.9077, 0, 0, 0),
	(4228, -447.112, -306.171, 34.9077, 0, 0, 0),
	(4229, -447.244, -306.237, 34.9077, 0, 0, 0),
	(4230, -449.38, -300.462, 34.9077, 0, 0, 0),
	(4231, -449.565, -300.712, 34.9077, 0, 0, 0),
	(4232, -452.769, -292.18, 34.9077, 0, 0, 0),
	(4233, -452.901, -292.365, 34.9077, 0, 0, 0),
	(4234, 103.807, -1077.15, 28.5385, -0.000560839, 0.000799949, -0.347878),
	(4235, 100.193, -1068.03, 29.0776, 0.00230806, 0.0106771, 2.07232),
	(4236, -1119.69, -859.253, 13.0872, -0.015719, -0.00242665, -2.92216),
	(4237, 18.8176, -1108.95, 29.7854, 0, 0, 0),
	(4238, 28.8264, -1339.36, 29.4821, 0, 0, 0),
	(4239, -44.1099, -1749.52, 29.4147, 0, 0, 0),
	(4240, 133.78, -1709.09, 29.2799, 0, 0, 0),
	(4241, 344.545, -1688.22, 32.515, 0, 0, 0),
	(4242, 321.31, 180.897, 103.571, 0, 0, 0),
	(4243, -30.2901, -150.409, 57.0652, 0, 0, 0),
	(4244, -353.42, -54.2769, 49.0278, 0, 0, 0),
	(4245, 378.725, 333.059, 103.554, 0, 0, 0),
	(4246, 311.763, -283.319, 54.1501, 0, 0, 0),
	(4247, -1307.96, -391.24, 36.6937, 0, 0, 0),
	(4248, -1478.68, -375.099, 39.1538, 0, 0, 0),
	(4249, -1192.84, -767.855, 17.3165, 0, 0, 0),
	(4250, -822.237, -185.011, 37.5531, 0, 0, 0),
	(4251, -1828.25, 797.947, 138.18, 0, 0, 0),
	(4252, 1126.52, -980.189, 45.4052, 0, 0, 0),
	(4253, 2570.4, 297.112, 108.727, 0, 0, 0),
	(4254, 2549.29, 385.002, 108.609, 0, 0, 0),
	(4255, 1323.84, -1651.67, 52.2631, 0, 0, 0),
	(4256, 1210.11, -470.347, 66.1978, 0, 0, 0),
	(4257, -2959.5, 387.138, 14.0308, 0, 0, 0),
	(4258, -2957.54, 481.873, 15.682, 0, 0, 0),
	(4259, -3047.82, 585.837, 7.89746, 0, 0, 0),
	(4260, -2967.88, 390.949, 15.0417, 0, 0, 0),
	(4261, -1820.97, 793.2, 138.113, 0, 0, 0),
	(4262, -1103.51, -825.877, 14.2667, 0, 0, 0.89053),
	(4263, 2678.39, 3280.59, 55.2285, 0, 0, 0),
	(4264, 2680.23, 3264.13, 55.2285, 0, 0, 0),
	(4265, 620.756, 269.011, 103.082, 0, 0, 0),
	(4266, -82.2725, -822.752, 326.073, 0, 0, -1.43474),
	(4267, -75.6527, -821.103, 326.174, 0, 0, -0.742109),
	(4268, -75.6527, -821.103, 326.174, 0, 0, -0.742109),
	(4269, -75.6527, -821.103, 326.174, 0, 0, -0.742109),
	(4270, -75.6527, -821.103, 326.174, 0, 0, -0.742109),
	(4271, -75.6527, -821.103, 326.174, 0, 0, -0.742109),
	(4272, -75.6527, -821.103, 326.174, 0, 0, -0.742109),
	(4273, -75.6527, -821.103, 326.174, 0, 0, -0.742109),
	(4274, -75.6527, -821.103, 326.174, 0, 0, -0.742109),
	(4275, -75.6527, -821.103, 326.174, 0, 0, -0.742109),
	(4276, -75.6527, -821.103, 326.174, 0, 0, -0.742109),
	(4277, -1121.41, -811.925, 16.1033, 0.0822738, -0.0299135, 1.09744),
	(4278, 72.8176, -1399.19, 29.3641, 0, 0, -1.53369),
	(4279, -1559.01, 116.176, 56.6608, 0.00831634, 0.0216847, 1.61503),
	(4280, -1536.94, 130.589, 57.3685, 0, 0, 0),
	(4281, -1529.27, -581.407, 33.5765, 0, 0, 0),
	(4282, -1537.44, 119.618, 56.7788, 0, 0, 0),
	(4283, -1531.9, 78.7253, 56.745, 0, 0, -0.593687),
	(4284, -1531.9, 78.7253, 56.745, 0, 0, -0.593687),
	(4285, -1524.49, 82.6022, 56.1553, -0.0473052, 0.0107643, 0.160063),
	(4286, -1527.96, 82.2593, 56.2058, -0.0118828, 0.0157879, 0.0173666),
	(4287, -1531.46, 83.3275, 56.2902, -0.00385727, 0.0260241, -0.750522),
	(4288, -1534, 85.6484, 56.3239, -0.00188055, 0.0119382, -0.76836),
	(4289, -1509.48, 91.8593, 55.7847, 0, 0, -2.96843),
	(4290, -1507.44, 84.3956, 55.6498, -0.00839064, 0.0699216, -1.41532),
	(4291, -1509.48, 92.5846, 55.8184, 0, 0, -2.96843),
	(4292, -1526.14, 78.0659, 61.3114, 0, 0, -2.96843),
	(4293, -1526.14, 78.0659, 61.3114, 0, 0, -2.96843),
	(4294, -1526.23, 73.7934, 61.2102, 0.00109906, -0.00188808, -1.44382),
	(4295, -1546.18, 840.475, 182.175, -0.0356206, 0.0933899, 2.43619),
	(4296, -1518.67, 90.4879, 55.8857, 0.0278973, 0.045608, -1.59405),
	(4297, -1513.93, 84.9363, 55.5992, -0.0110235, 0.0801035, 0.256279),
	(4298, -1524.99, 90.6462, 56.071, 0.00697633, 0.0266156, -1.86999),
	(4299, -1750.93, 77.7231, 67.411, -0.00954022, 0.038216, 2.30873),
	(4300, -1746.5, 81.3758, 67.2087, -0.0274523, 0.0147423, 2.28913),
	(4301, -1524.5, 82.6022, 56.1553, -0.048683, 0.0106538, 0.16007),
	(4302, -1736.36, 88.9582, 66.7032, -0.0360003, 0.0460487, 2.18026),
	(4303, -1529.47, 80.967, 56.2733, -0.0146587, 0.00873427, -3.10767),
	(4304, -1524.82, 83.6044, 56.1216, -0.0300737, 0.0162838, 0.578312),
	(4305, -1712.57, 88.1802, 65.3385, -0.147857, 0.0161224, 1.8184),
	(4306, -1520.24, 94.7209, 56.0879, 0.0475833, 0.0328579, 0.70125),
	(4307, -1707.49, 102.554, 64.715, -0.0487881, 0.0249639, 2.01906),
	(4308, -1531.91, 82.5758, 56.307, -0.00699445, 0.0205359, 1.95627),
	(4309, -1714.97, 100.233, 65.1868, 0.0861622, 0.0854329, 1.89446),
	(4310, -1513.46, 88.4835, 55.5319, 0.000797539, 0.0819565, 1.26418),
	(4311, -1531.45, 82.0088, 56.2902, -0.00184504, 0.0266048, 2.70211),
	(4312, -1527.97, 82.233, 56.1384, -0.0105157, 0.0255012, 0.0118801),
	(4313, -1729.74, 75.8374, 66.5011, -0.0837966, 0.0257761, 1.75183),
	(4314, -1672.23, 98.9407, 63.5692, -0.0296172, 0.014697, 1.31178),
	(4315, -1524.55, 82.5626, 56.0879, -0.0458166, 0.00949782, 0.160022),
	(4316, 1315.62, -1606.83, 52.0439, 0.0313472, -0.0159902, -2.4586),
	(4317, -1545.43, 104.123, 56.7788, 0, 0, 0.89053),
	(4318, -1516.85, 851.407, 181.585, 0, 0, 0),
	(4319, -1506.07, 1511.92, 115.281, 0, 0, 0),
	(4320, -1501.33, 856.906, 181.585, 0, 0, 0.544213),
	(4321, -1490.28, 852.356, 181.585, 0, 0, 0),
	(4322, -1553.05, 872.505, 181.703, 0, 0, -1.08843),
	(4323, -1464.05, 831.547, 183.742, 0, 0, 1.83053),
	(4324, -1464.05, 831.547, 183.742, 0, 0, 1.83053),
	(4325, -1471.29, 829.622, 182.377, -0.0129919, -0.134029, -2.84711),
	(4326, -1542.03, 888.382, 181.08, 0.0209743, -0.0502897, -2.78604),
	(4327, -1545.52, 886.378, 180.911, 0.0118322, -0.0253734, -2.81876),
	(4328, -1548.57, 883.754, 180.861, 0.0000751638, 0.00352193, -2.78951),
	(4329, -1551.3, 880.549, 180.895, -0.00361956, 0.00847702, -2.78808),
	(4330, -1552.93, 872.031, 181.686, 0, 0, -0.989478),
	(4331, -1526.98, 887.749, 181.788, 0, 0, 1.88001),
	(4332, -1526.94, 887.631, 181.788, 0, 0, 1.92948),
	(4333, -1209.59, -170.677, 79.6608, 0.00083897, 0.000500588, -0.494862),
	(4334, -1530.16, 886.853, 181.889, 0.0242183, -0.00637926, -2.80343),
	(4335, -1525.73, 883.582, 181.265, -0.00993018, 0.0125774, 1.59604),
	(4336, -1565.75, -289.648, 47.7979, -0.0129976, -0.0019617, 0.194432),
	(4337, -1548.54, 884.163, 180.81, 0.000301974, 0.0021637, -2.77546),
	(4338, 1286.65, -1604.6, 54.8242, 0, 0, 0),
	(4339, 1286.73, -1604.49, 54.8242, 0, 0, 0),
	(4340, 1445.04, -2222.15, 61.7495, 0, 0, 0),
	(4341, 1285.83, -1622.65, 54.2344, 0, 0, 0),
	(4342, -1567.41, -288.369, 48.2021, 0.225192, -1.31079, 0.223221),
	(4343, -1565.41, -287.697, 48.455, -0.417154, -0.0102438, 0.138479),
	(4344, -1561.33, 863.842, 181.754, -0.0681624, 0.038635, -1.19004),
	(4345, -1564.52, 849.165, 183.051, -0.0778402, 0.0911601, -1.10668),
	(4346, -1571.79, 847.174, 183.81, -0.0899998, 0.0886703, -1.05797),
	(4347, -1571.72, 850.747, 183.489, -0.0888051, 0.0895244, -1.01172),
	(4348, 0, 0, 0, 0, 0, 0),
	(4349, -1555.66, 849.284, 182.226, -0.0545203, 0.0873502, -1.09265),
	(4350, -1568, 856.009, 182.748, -0.090024, 0.0693868, -1.05679),
	(4351, -1565.88, 853.266, 182.832, -0.0844107, 0.0740782, -1.03117),
	(4352, -1544.33, 847.886, 181.518, -0.04505, 0.0363073, -1.09311),
	(4353, -1555.75, 866.558, 181.4, -0.0481379, 0.0259766, -1.11599),
	(4354, -1563.28, 845.13, 183.22, -0.0663022, 0.101152, -1.06967),
	(4355, -1553.71, 862.879, 181.518, -0.0393249, 0.063273, -1.1272),
	(4356, -1557.27, 853.253, 182.141, -0.0620356, 0.0730372, -1.16299),
	(4357, 1170.28, -1640.77, 36.9297, 0, 0, 2.57264),
	(4358, 1163.93, -1650.66, 36.8792, 0.00818403, 0.00889273, 2.73459),
	(4359, 1168.65, -1642.4, 36.9128, 0, 0, -0.148422),
	(4360, 1170.46, -1640.6, 36.9465, 0, 0, 2.72106),
	(4361, -1551.69, 841.332, 182.242, -0.0318057, 0.0895217, -0.764861),
	(4362, -1540.44, 852.066, 181.282, -0.0707319, 0.00461746, -1.17103),
	(4363, -1567.4, 824.954, 184.77, -0.0329651, 0.0686669, -0.366673),
	(4364, -1551.32, 880.523, 180.827, -0.00337657, 0.00711679, -2.78809),
	(4365, -1548.59, 883.741, 180.81, 0.00143557, 0.00376392, -2.78951),
	(4366, 1147.79, -1652.94, 36.4579, 0, 0, -1.08843),
	(4367, 1159.99, -1662.51, 36.0872, -0.0209612, 0.0638534, -2.65148),
	(4368, 1155.1, -1653.55, 36.1208, -0.00818652, -0.00990621, -2.64676),
	(4369, 1156.97, -1664.39, 36.2051, -0.00630042, -0.0121806, -2.66811),
	(4370, 1152.92, -1656.54, 36.104, -0.0049487, -0.0118601, -2.66668),
	(4371, 1147.9, -1652.82, 36.4579, 0, 0, -1.03895),
	(4372, 1297.16, -1617.97, 54.5714, 0, 0, -2.82001),
	(4373, 1246.98, -1593.39, 53.5436, 0, 0, -2.52317),
	(4374, 1323.14, -1597.41, 51.9597, -0.0151209, 0.00493318, 0.569392),
	(4375, 1249.36, -1580.14, 54.4366, -0.0015458, -0.00154379, -2.21556),
	(4376, 1280.49, -1578.16, 51.1003, -0.0976602, 0.0284179, -0.907415),
	(4377, 1246.97, -1593.18, 53.5773, 0, 0, -2.52317),
	(4378, 1286.51, -1574.37, 50.4264, -0.00939639, -0.0699305, -0.761737),
	(4379, 1159.03, -1649.79, 36.4747, -0.00119518, 0.00892827, 0.419678),
	(4380, -881.051, -139.332, 37.4352, 0.0251366, -0.0373808, 2.88498),
	(4381, 1278.28, -1580.14, 51.3531, -0.106975, 0.00682209, -0.689165),
	(4382, 1284.03, -1582.39, 51.2183, -0.0330307, 0.0810749, -1.02114),
	(4383, 1276.69, -1586.45, 51.7744, -0.0108574, 0.0611017, 2.17503),
	(4384, 1303.52, -1607.85, 53.8301, -0.000134883, -0.0352969, -0.125151),
	(4385, 1261.12, -1597.13, 52.6337, 0.0213176, 0.00217853, 0.268162),
	(4386, 1156.89, -1664.33, 36.2051, -0.0039524, -0.0101836, -2.67094),
	(4387, -935.71, -142.338, 37.3341, -0.00078387, 0.0028243, -1.02934),
	(4388, 1155.1, -1653.57, 36.1208, -0.00450572, -0.00755132, -2.64674),
	(4389, 1285.86, -1575.2, 50.4769, -0.0904797, -0.0405944, -1.06451),
	(4390, 1274.11, -1577.59, 51.8755, 0.157453, 0.168451, 1.99558),
	(4391, 1152.91, -1656.54, 36.104, -0.00661677, -0.0108421, -2.66668),
	(4392, 1155.1, -1653.57, 36.0703, -0.00450572, -0.00755132, -2.64674),
	(4393, 1317.94, -1552.79, 50.022, -0.0311967, -0.108657, 2.42372),
	(4394, 1159.96, -1662.51, 36.0366, -0.0219665, 0.062177, -2.65148),
	(4395, 1152.57, -1653.22, 36.0366, -0.00827991, -0.0107557, 1.31483),
	(4396, 1287.22, -1575.4, 50.4432, -0.0552353, -0.109294, -0.99177),
	(4397, 1395.48, 1152.7, 114.355, 0, 0, 0),
	(4398, 1410.62, 1114.38, 114.826, 0, 0, 0.0494739),
	(4399, 1532.08, 1728.26, 109.906, 0, 0, 0),
	(4400, 1413.15, 1121.09, 114.405, -0.00000285957, 0.00097696, 1.57665),
	(4401, 1413.84, 1117.05, 114.405, -0.00195686, 0.000971325, 1.57665),
	(4402, 1409.88, 1147.37, 114.321, 0, 0, 0),
	(4403, 1402.19, 1116.98, 114.405, 0.00000285957, -0.00097696, 1.57665),
	(4404, 1401.86, 1120.98, 114.405, -0.000963709, -0.00196063, 1.58443),
	(4405, 1410.67, 1114.51, 114.826, 0, 0, 0.0494739),
	(4406, 1409.67, 1147.38, 114.321, 0, 0, 0),
	(4407, 1410.65, 1118.27, 114.405, -0.000976861, -0.0000142149, 1.5999),
	(4408, 1405.45, 1116.84, 114.405, -0.000984663, 0.00195019, -1.56299),
	(4409, 1376.65, 1123.37, 113.866, -0.0389598, -0.0370812, 0.812865),
	(4410, 1378.68, 1130.48, 113.9, -0.000846256, 0.00341957, 0.879964),
	(4411, 1387.65, 1120.6, 114.338, 0.000991932, -0.0220212, 1.21387),
	(4412, 1382.99, 1126.96, 114.018, -0.10361, -0.019823, 0.921755),
	(4413, 1382.45, 1122.57, 114.152, -0.00172885, -0.0415688, 1.15738),
	(4414, 1387.32, 1123.56, 114.304, -0.0194918, -0.0275521, 1.11117),
	(4415, 1377.88, 1128.51, 113.917, -0.00911254, -0.00498341, 0.867751),
	(4416, 1425.42, 1117.11, 114.034, -0.00111713, 0.0293072, 1.58035),
	(4417, 1372.93, 1121.97, 113.799, -0.0341848, -0.0294013, 0.893469),
	(4418, 1392.74, 1122.42, 114.388, -0.000199399, -0.00292427, 1.43463),
	(4419, 1421.74, 1121.09, 114.22, -0.0000940029, 0.0693837, 1.5735),
	(4420, 1381.32, 1120.39, 114.135, -0.0124563, -0.0362259, 1.11289),
	(4421, 1378.09, 1119.02, 114.034, -0.0171817, -0.0332773, 1.14554),
	(4422, 1383.31, 1115.92, 114.237, -0.00522788, -0.0268717, 1.25792),
	(4423, 1401.85, 1120.96, 114.355, -0.00000665925, 0.000976941, 1.58443),
	(4424, 1413.13, 1121.06, 114.355, 0.00000285957, -0.00097696, 1.57665),
	(4425, 1413.14, 1121.06, 114.355, -0.00000285957, 0.00097696, 1.57665),
	(4426, 1419.45, 1116.24, 114.287, 0.000776973, 0.0255604, 1.28027),
	(4427, 1413.84, 1117.03, 114.355, -0.00000285957, 0.00097696, 1.57665),
	(4428, 1409.35, 1064.64, 114.321, 0, 0, -3.11686),
	(4429, 1409.35, 1064.64, 114.321, 0, 0, -3.11686),
	(4430, 1419.39, 1057.4, 114.405, -0.00000952382, 0.00488515, -1.5669),
	(4431, -315.679, -2697.73, 7.54358, 0, 0, 0),
	(4432, 1441.2, 1114.13, 114.237, 0, 0, -1.48422),
	(4433, 1441.2, 1114.13, 114.237, 0, 0, -1.48422),
	(4434, 415.345, -2051.88, 22.3546, 0, 0, 0),
	(4435, 1448.55, 1111.53, 115.012, -0.000810659, 0.00783533, 1.52827),
	(4436, -292.721, -2689.56, 6.44836, 0, 0, 0),
	(4437, 1407.11, 1127.88, 114.321, 0, 0, 0.24737),
	(4438, -318.369, -2718.13, 7.54358, 0, 0, -2.2758),
	(4439, 0, 0, 0, 0, 0, 0),
	(4440, -307.767, -2707.74, 6.14502, 0, 0, -2.32527),
	(4441, -307.767, -2707.74, 6.14502, 0, 0, -2.32527),
	(4442, -312.369, -2719.45, 5.57214, 0.000363979, -0.00090663, -0.807262),
	(4443, -303.996, -2711.46, 5.57214, 0.00145056, 0.00163361, -0.808767),
	(4444, -307.451, -2723.84, 5.57214, -0.00090023, -0.000379532, -0.77283),
	(4445, -299.763, -2715.96, 5.57214, 0.00090023, 0.000379532, -0.77283),
	(4446, -280.642, -2699.39, 6.14502, 0, 0, -2.2758),
	(4447, -280.642, -2699.39, 6.14502, 0, 0, -2.2758),
	(4448, -311.011, -2675.35, 5.58899, 0.000966457, 0.00704699, 0.741603),
	(4449, -294.462, -2650.15, 5.62268, -0.00257298, 0.00535724, -1.0056),
	(4450, -270.659, -2695.52, 6.06079, -0.00366189, 0.00377809, -0.792257),
	(4451, -283.873, -2639.49, 5.60583, -0.00154341, 0.00154618, -0.92912),
	(4452, -302.637, -2658.3, 5.60583, -0.00490092, 0.00435183, -0.808759),
	(4453, -294.818, -2640.47, 5.60583, -0.00164875, 0.00143333, -0.787769),
	(4454, -267.64, -2642.07, 5.57214, -0.00116075, 0.00269143, -0.756447),
	(4455, -289.648, -2635.9, 5.62268, -0.000887603, 0.00279344, -0.955483),
	(4456, -289.253, -2644.01, 5.62268, -0.00164013, 0.00144318, -0.799755),
	(4457, -312.382, -2719.46, 5.5553, -0.0016347, 0.00144933, -0.807261),
	(4458, -284.242, -2631.71, 5.62268, -0.00145109, 0.00163314, -1.04524),
	(4459, -307.477, -2723.87, 5.5553, -0.00165941, 0.00142097, -0.772829),
	(4460, -298.484, -2653.7, 5.60583, -0.00218163, 0.000115246, -0.74902),
	(4461, -638.677, -675.692, 31.2175, 0.0449118, -0.00343795, -3.14082),
	(4462, -638.598, -681.745, 30.9143, 0.0477264, -0.00264597, -3.10767),
	(4463, -642.462, -687.033, 30.6447, 0.0518634, -0.0199393, -3.13762),
	(4464, -559.503, -742.114, 32.296, 0.0437179, -0.00261854, -3.03991),
	(4465, -273.376, -2620.05, 5.5553, -0.001339, 0.00172623, -1.17866),
	(4466, -289.174, -2627.79, 5.5553, -0.00463111, -0.00155489, -0.92295),
	(4467, -279.613, -2621.17, 5.5553, -0.00515451, 0.00105563, -1.21378),
	(4468, -301.807, -2639.85, 5.5553, -0.00288645, -0.00394125, 2.16112),
	(4469, -284.927, -2624.69, 5.5553, -0.00471747, -0.00126897, -1.04525),
	(4470, -315.231, -2729.49, 6.14502, 0, 0, 2.42422),
	(4471, -315.231, -2729.49, 6.14502, 0, 0, 2.42422),
	(4472, -314.796, -2739.2, 5.89233, -0.00145547, 0.00162924, 0.814782),
	(4473, -60.989, 360.422, 113.04, 0, 0, 0),
	(4474, -60.989, 360.422, 113.04, 0, 0, 0),
	(4475, -60.989, 360.422, 113.04, 0, 0, 0),
	(4476, -50.4, 348.527, 112.4, 0, 0, 1.18737),
	(4477, -50.4, 348.527, 112.4, 0, 0, 1.18737),
	(4478, -570.435, 310.76, 84.4799, 0, 0, 0),
	(4479, -58.1934, 342.277, 111.557, 0.0675324, -0.0242247, 2.70407),
	(4480, -61.5429, 335.09, 110.884, 0.091438, -0.025089, 2.70844),
	(4481, -43.0418, 311.248, 112.686, 0, 0, 0),
	(4482, -54.422, 339.785, 111.524, 0.0630873, -0.0323958, 2.72551),
	(4483, -57.4418, 333.059, 110.9, 0.0767752, -0.0540034, 2.71787),
	(4484, -1138.95, -857.407, 13.104, 0.0233513, 0.0121191, -1.70695),
	(4485, 12.1187, 281.222, 113.023, 0, 0, 0.742109),
	(4486, 12.1187, 281.222, 113.023, 0, 0, 0.742109),
	(4487, 1.67473, 285.073, 112.804, 0.0311969, 0.00687965, 1.18705),
	(4488, -71.3275, 315.455, 108.423, 0.126031, -0.0354237, 2.71049),
	(4489, -79.8198, 298.114, 106.014, 0.02262, 0.0462625, 2.63748),
	(4490, -67.1736, 313.411, 108.373, 0.118046, -0.0620845, 2.6664),
	(4491, -69.3231, 308.36, 107.615, 0.13793, -0.0605207, 2.73198),
	(4492, -65.0506, 318.91, 109.148, 0.107349, -0.0852957, 2.68577),
	(4493, -69.178, 320.558, 109.148, 0.114767, -0.0682273, 2.77856),
	(4494, -63.8769, 330.224, 110.395, 0.0904269, -0.023106, 2.59712),
	(4495, -75.1121, 296.294, 105.778, 0.0460761, 0.0399444, 2.77437),
	(4496, -66.8703, 325.543, 109.856, 0.112023, -0.0333947, 2.50353),
	(4497, -71.7231, 308.941, 107.564, 0.138803, -0.0544844, 2.70183),
	(4498, -72.4352, 303.521, 106.671, 0.177633, -0.0612106, 2.97822),
	(4499, -63.6132, 317.552, 109.081, 0.129678, -0.048368, 2.63865),
	(4500, -77.1429, 303.587, 106.519, 0.172895, -0.0419172, 2.6125),
	(4501, -67.6747, 319.108, 109.013, 0.141938, -0.028323, 2.64313),
	(4502, -69.6923, 314.031, 108.306, 0.121453, -0.0455786, 2.75631),
	(4503, -59.9604, 327.376, 110.26, 0.0788148, -0.0514263, 2.72207),
	(4504, -58.2066, 342.264, 111.507, 0.0699336, -0.0261731, 2.70415),
	(4505, -64.8396, 324.277, 109.738, 0.114461, -0.0542282, 2.18089),
	(4506, -61.556, 335.077, 110.833, 0.0897909, -0.0261399, 2.70848),
	(4507, -54.844, 338.862, 111.389, 0.0649155, -0.0370675, 2.72424),
	(4508, -62.3473, 318.699, 109.721, 0, 0, 1.18737),
	(4509, -62.3473, 318.699, 109.721, 0, 0, 1.18737),
	(4510, -70.378, 359.433, 112.535, 0, 0, -0.395791),
	(4511, -73.0945, 310.787, 108.238, 0.140053, -0.0360888, 2.70491),
	(4512, -955.991, 327.785, 71.455, 0, 0, 1.53369),
	(4513, -954.079, 332.796, 71.1853, 0, 0, 1.63264),
	(4514, 1249.35, -1580.15, 54.4366, -0.00278207, -0.00216095, -2.21556),
	(4515, -1105.85, -822.04, 14.2667, 0, 0, -2.4737),
	(4516, -1526.24, 73.7802, 61.2102, 0.000851106, 0.00201207, -1.44382),
	(4517, -269.051, -2623.95, 5.94287, -0.00119705, 0.00473623, -1.07568),
	(4518, -1183.6, -1496.03, 4.19043, 0.000291496, -0.000932464, 2.17676),
	(4519, -1451.78, -694.681, 26.3312, 0, 0, 0),
	(4520, -1451.72, -694.747, 26.3312, 0, 0, 0),
	(4521, -1423.42, -671.051, 26.7186, 0, 0, 2.17685),
	(4522, -1428.59, -676.431, 26.23, -0.00178341, -0.00126184, 0.588078),
	(4523, -1424.77, -674.637, 26.23, -0.0030627, -0.00174054, 0.638807),
	(4524, -1431.69, -678.976, 26.1626, 0.0347965, -0.056733, 0.574971),
	(4525, -1434.63, -681.046, 25.9436, 0.034125, -0.0563645, 0.6445),
	(4526, -1423.24, -671.301, 26.7186, 0, 0, 2.17685),
	(4527, -1422.51, -675.547, 26.2638, -0.00944164, -0.0265008, -1.54587),
	(4528, -1428.59, -676.457, 26.23, 0.000861382, -0.000460955, 0.588079),
	(4529, -1432.55, -662.387, 26.3817, -0.00274054, 0.00562391, 0.685576),
	(4530, -1435.71, -665.604, 26.4154, -0.0207002, 0.0567842, 0.492829),
	(4531, -1438.09, -668.571, 26.2975, 0.0304399, -0.047464, 0.4659),
	(4532, -1430.14, -667.345, 26.3817, 0.000341384, 0.00215783, 0.329654),
	(4533, -1428.45, -666.079, 26.3817, 0.0008314, -0.000513063, 0.464989),
	(4534, -1432.27, -669.837, 26.348, 0.0100043, 0.033963, 0.0212509),
	(4535, -1434.15, -670.879, 26.3817, 0.0269484, -0.00342609, 0.00211893),
	(4536, -1448.61, -673.319, 26.0615, 0.0182915, 0.00887618, 0.562091),
	(4537, -1446.74, -672.264, 26.0784, 0.0204169, 0.0157666, 0.603869),
	(4538, -1449.4, -677.103, 26.0278, -0.0134335, 0.00390376, 1.42738),
	(4539, -1443.02, -688.114, 25.8762, -0.000794806, 0.000568104, -2.81194),
	(4540, -1443.31, -671.051, 26.1121, -0.00811624, 0.0275669, 0.91083),
	(4541, -1448.48, -679.16, 26.0278, 0.0194843, -0.00177968, 1.48855),
	(4542, -1443.96, -676.325, 26.0278, 0.000976723, -0.0000217131, 1.52634),
	(4543, -1437.65, -684.488, 25.8257, 0.000438326, 0.000873115, 0.640264),
	(4544, -1428.59, -676.457, 26.1626, 0.000460956, 0.000861382, 0.588078),
	(4545, -1424.78, -674.651, 26.1626, 0.000438961, 0.000872796, 0.638808),
	(4546, -1431.69, -679.002, 26.1121, 0.0370556, -0.0546241, 0.574991),
	(4547, -1434.63, -681.059, 25.8762, 0.0367491, -0.0554889, 0.644565),
	(4548, -1448.41, -689.367, 26.3649, 0, 0, 0.742109),
	(4549, -1446.82, -681.165, 26.3143, 0.0349247, 0.0302732, 2.52968),
	(4550, -1448.4, -689.38, 26.3649, 0, 0, 0.89053),
	(4551, -1456.1, -679.846, 26.5165, 0, 0, 2.42422),
	(4552, -1456.1, -679.846, 26.5165, 0, 0, 2.42422),
	(4553, -1457.08, -685.82, 26.4828, 0.00936783, 0.00788172, 0.826815),
	(4554, -1446.84, -681.191, 26.3143, 0.0358255, 0.0285396, 2.5297),
	(4555, -1455.67, -691.477, 26.3312, 0, 0, 0),
	(4556, -1546.4, 839.578, 182.647, 0, 0, 2.42422),
	(4557, -1729.57, 92.5319, 66.1641, 0, 0, 1.97896),
	(4558, -1729.6, 75.5209, 66.4843, 0, 0, 1.73159),
	(4559, -1042.46, -2745.32, 21.3436, 0, 0, -0.494739),
	(4560, -289.569, -2643.71, 5.60583, 0, 0, -0.791582),
	(4561, -1568.06, 823.78, 184.804, 0, 0, -0.494739),
	(4562, -1555.94, 830.149, 183.557, 0, 0, -1.28632),
	(4563, -1746.18, 81.0725, 67.2087, 0, 0, 2.2758),
	(4564, -1566.75, 836.967, 184.5, 0, 0, 0.742109),
	(4565, -1750.62, 77.4066, 67.3942, 0, 0, 2.2758),
	(4566, -1042.46, -2745.32, 21.3436, 0, 0, -1.73159),
	(4567, -1707.28, 102.171, 64.7318, 0, 0, 1.97896),
	(4568, -1698.05, 94.5099, 65.0352, 0, 0, 0.593687),
	(4569, -1674.46, 99.2703, 63.5355, 0, 0, 1.3358),
	(4570, 1291.03, -1593.88, 54.2175, 0, 0, 2.42422),
	(4571, -1561.78, 839.855, 183.843, 0, 0, -2.4737),
	(4572, 1286.94, -1604.35, 54.8242, 0, 0, -2.86949),
	(4573, -1525.65, 81.6132, 56.5934, 0, 0, -0.494739),
	(4574, -1736.08, 88.6286, 66.7032, 0, 0, 2.17685),
	(4575, -1545.98, 838.22, 182.327, 0, 0, 0.24737),
	(4576, -1556.64, 832.484, 183.658, 0, 0, -0.0494739),
	(4577, -1723.31, 93.0857, 65.8103, 0, 0, 1.97896),
	(4578, 1291.03, -1597.13, 54.2175, 0, 0, 1.48422),
	(4579, 1151.01, -1651.49, 36.4916, 0, 0, -1.08843),
	(4580, -284.479, -2631.34, 5.60583, 0, 0, -1.03895),
	(4581, -1557.19, 841.464, 183.254, 0, 0, -2.96843),
	(4582, -289.912, -2635.56, 5.60583, 0, 0, -0.940004),
	(4583, 1269.6, -1601.46, 53.4088, 0, 0, -1.03895),
	(4584, 1284.3, -1575.11, 50.6959, 0, 0, -1.73159),
	(4585, -1530.34, 112.18, 72.4828, 0, 0, -0.742109),
	(4586, -1542.71, 851.459, 181.282, 0, 0, -1.23685),
	(4587, -273.56, -2619.71, 7.37512, 0, 0, 0),
	(4588, -303.916, -2658.91, 5.60583, 0, 0, -0.791582),
	(4589, -271.292, -2623.86, 6.04395, 0, 0, 3.01791),
	(4590, -274.563, -2619.55, 6.7179, 0, 0, -2.72106),
	(4591, -268.47, -2623.2, 6.38098, 0, 0, -1.03895),
	(4592, -279.059, -2635.37, 5.60583, 0, 0, -1.08843),
	(4593, -284.163, -2639.14, 5.60583, 0, 0, -0.89053),
	(4594, -294.831, -2649.73, 5.60583, 0, 0, -0.940004),
	(4595, 1167.9, -1654.81, 38.0923, 0, 0, -2.0779),
	(4596, -299.789, -2688.98, 6.26306, 0, 0, 0.89053),
	(4597, -1620.92, 75.4813, 60.9407, 0, 0, 1.53369),
	(4598, -272.73, -2620.79, 6.70105, 0, 0, 0.692635),
	(4599, 1233.71, -1621.11, 51.3026, 0, 0, 2.12738),
	(4600, 1273.36, -1599.85, 54.1501, 0, 0, -2.4737),
	(4601, -1534.11, 859.675, 181.518, 0, 0, 2.02843),
	(4602, -1570.72, 831.178, 185.208, 0, 0, -0.89053),
	(4603, -1563.96, 814.233, 185.545, 0, 0, -0.544213),
	(4604, -1551.94, 852.989, 182.158, 0, 0, -0.445265),
	(4605, -285.165, -2624.44, 5.50476, 0, 0, -1.03895),
	(4606, -1042.46, -2745.32, 21.3436, 0, 0, -0.494739),
	(4607, -1720.33, 97.7407, 65.4564, 0, 0, 2.0779),
	(4608, 1320.76, -1548.55, 50.7466, 0, 0, 2.17685),
	(4609, 1250.99, -1579.62, 54.5377, 0, 0, 0.395791),
	(4610, 1284.33, -1595.84, 54.2175, 0, 0, -2.67159),
	(4611, 1291.99, -1596.42, 54.2175, 0, 0, 2.4737),
	(4612, -295.134, -2640.17, 5.60583, 0, 0, -0.742109),
	(4613, -994.312, -222.158, 37.8901, 0, 0, 0.791582),
	(4614, 1322.1, -1582.43, 52.1113, 0, 0, 1.38527),
	(4615, -298.905, -2653.52, 5.60583, 0, 0, -0.742109),
	(4616, -1042.46, -2745.32, 21.3436, 0, 0, -0.494739),
	(4617, -1309.02, -165.877, 44.3942, 0, 0, -1.48422),
	(4618, -1326.03, -241.015, 42.6249, 0, 0, 2.2758),
	(4619, -1286.76, -277.82, 38.5809, 0, 0, -2.62212),
	(4620, -1241.04, -259.899, 39.1033, 0, 0, -2.42422),
	(4621, -1419.84, -238.879, 46.3656, 0, 0, 0.643161),
	(4622, -1420.98, -252.316, 46.3656, 0, 0, 2.17685),
	(4623, -1368.29, -332.44, 38.9685, 0, 0, -2.72106),
	(4624, -1372.13, -334.47, 38.918, 0, 0, -2.62212),
	(4625, -459.574, -311.802, 34.9077, 0, 0, -1.1379),
	(4626, -1107.13, -825.323, 14.2667, 0, 0, 0),
	(4627, -1107.13, -825.323, 14.2667, 0, 0, -0.940004),
	(4628, -1102.26, -819.587, 14.2667, 0, 0, 0),
	(4629, -1102.26, -819.587, 14.2667, 0, 0, 2.91896),
	(4630, -454.51, -340.8, 34.3517, 0, 0, 0),
	(4631, -460.286, -288.593, 35.8176, 0, 0, 0),
	(4632, -463.701, -289.938, 35.8176, 0, 0, 0),
	(4633, -466.932, -291.363, 35.8345, 0, 0, 0),
	(4634, -469.886, -284.308, 35.8345, 0, 0, 0),
	(4635, -466.523, -282.923, 35.8345, 0, 0, 0),
	(4636, -462.831, -281.38, 35.8345, 0, 0, 0),
	(4637, -459.033, -279.679, 35.8345, 0, 0, 0),
	(4638, -455.077, -278.163, 35.8345, 0, 0, 0),
	(4639, -448.47, -283.569, 35.8176, 0, 0, 0),
	(4640, -451.437, -285.138, 35.8176, 0, 0, 0),
	(4641, -454.945, -286.431, 35.8176, 0, 0, 0),
	(4642, 313.846, -578.888, 44.1919, 0, 0, 0),
	(4643, 307.873, -581.525, 44.1919, 0, 0, 0),
	(4644, -1249.29, -1426.11, 4.30847, 0, 0, 2.12738),
	(4645, -1119.1, -1531.24, 11.082, 0, 0, 1.78106),
	(4646, -1233.38, -1428.57, 4.32532, 0, 0, -2.57264),
	(4647, -245.301, -2518.35, 6.06079, -0.000264865, 0.00487798, -1.46231),
	(4648, -267.059, -2517.19, 5.97656, -0.000332193, -0.000918753, -2.26468),
	(4649, -340.615, -139.015, 38.3619, -0.000128911, -0.000968422, -1.83547),
	(4650, 1981.04, 4800.2, 42.608, 0, 0, 0);

-- Dumping structure for table pgrp.server_processors
CREATE TABLE IF NOT EXISTS `server_processors` (
  `id` int NOT NULL AUTO_INCREMENT,
  `position_id` int DEFAULT NULL,
  `input_item_id` int DEFAULT NULL,
  `input_item_amount` int DEFAULT NULL,
  `output_item_id` int DEFAULT NULL,
  `output_item_amount` int DEFAULT NULL,
  `time` int DEFAULT NULL,
  `ped_model` int unsigned DEFAULT NULL,
  PRIMARY KEY (`id`)
) ENGINE=InnoDB AUTO_INCREMENT=6 DEFAULT CHARSET=armscii8 COLLATE=armscii8_bin;

-- Dumping data for table pgrp.server_processors: ~5 rows (approximately)
INSERT INTO `server_processors` (`id`, `position_id`, `input_item_id`, `input_item_amount`, `output_item_id`, `output_item_amount`, `time`, `ped_model`) VALUES
	(1, 3259, 364, 40, 366, 1, 1000, 1822107721),
	(2, 3260, 274, 20, 275, 1, 1000, 228715206),
	(3, 3261, 4, 20, 277, 1, 1000, 228715206),
	(4, 3303, 368, 40, 369, 1, 1000, 1822107721),
	(5, 3304, 365, 40, 289, 1, 5000, 1822107721);

-- Dumping structure for table pgrp.server_shops
CREATE TABLE IF NOT EXISTS `server_shops` (
  `id` int NOT NULL AUTO_INCREMENT,
  `name` varchar(255) CHARACTER SET armscii8 COLLATE armscii8_bin NOT NULL,
  `position_id` int NOT NULL,
  `ped_position_id` int NOT NULL,
  `type` int NOT NULL,
  `owner_id` int NOT NULL,
  PRIMARY KEY (`id`)
) ENGINE=InnoDB AUTO_INCREMENT=44 DEFAULT CHARSET=armscii8 COLLATE=armscii8_bin;

-- Dumping data for table pgrp.server_shops: ~42 rows (approximately)
INSERT INTO `server_shops` (`id`, `name`, `position_id`, `ped_position_id`, `type`, `owner_id`) VALUES
	(1, 'Davis 24/7 Shop', 357, 3906, 0, 0),
	(2, 'Pillbox Hill Ammunation', 361, 3929, 1, 0),
	(3, 'Rockford Ammunation', 365, 3902, 1, 0),
	(4, 'Little Seoul Ammunation', 366, 3921, 1, 0),
	(5, 'Vinewood Ammunation', 367, 3963, 1, 0),
	(6, 'Hafen Ammunation', 368, 3924, 1, 0),
	(7, 'La Mesa Ammunation', 369, 3931, 1, 0),
	(8, 'East Highway Ammunation', 370, 3973, 1, 0),
	(9, 'Sandy Shores Ammunation', 371, 4007, 1, 0),
	(10, 'Paleto Bay Ammunation', 372, 4043, 1, 0),
	(11, 'Route 68 Ammunation', 373, 4011, 1, 0),
	(12, 'West Highway Ammunation', 374, 4012, 1, 0),
	(13, 'Paleto Bay 24/7 Shop', 375, 4040, 0, 0),
	(14, 'Grapeseed 24/7 Shop', 376, 4026, 0, 0),
	(15, 'Sandy Shores 24/7 Shop', 377, 4006, 0, 0),
	(16, 'Harmony 24/7 Shop', 378, 4008, 0, 0),
	(17, 'West Highway 24/7 Shop', 379, 4016, 0, 0),
	(18, 'Morningwood 24/7 Shop', 380, 3903, 0, 0),
	(19, 'Little Seoul 24/7 Shop', 381, 3915, 0, 0),
	(20, 'Vespucci 24/7 Shop', 382, 3917, 0, 0),
	(21, 'Mirror Park 24/7 Shop', 383, 3940, 0, 0),
	(22, 'Vinewood 24/7 Shop', 384, 3964, 0, 0),
	(23, 'Davis 24/7 Shop', 385, 3907, 0, 0),
	(24, 'La Mesa 24/7 Shop', 386, 3956, 0, 0),
	(25, 'East Highway 24/7 Shop', 387, 4000, 0, 0),
	(26, 'Mechaniker Shop', 439, 4049, 4, 0),
	(27, 'FIB Ausruestung', 482, 483, 2, 2),
	(29, 'LSPD Waffenkammer', 2709, 4515, 2, 1),
	(30, 'Indisches Deli', 3086, 0, 5, 0),
	(31, 'Giovannis Restaurant', 3087, 0, 5, 0),
	(32, 'Bishops Chicken', 3088, 0, 5, 0),
	(33, 'Up n Atom Burger', 3089, 0, 5, 0),
	(34, 'Up n Atom Diner', 3090, 0, 5, 0),
	(35, 'Hookies Diner', 3091, 0, 5, 0),
	(36, 'LSMD Apotheke', 4625, 4625, 2, 3),
	(37, 'Papierfabrik', 3617, 3618, 7, 0),
	(38, 'Baumarkt', 3619, 3620, 7, 0),
	(39, 'Banham Canyon', 4260, 0, 0, 0),
	(40, 'Richman Glen', 4261, 0, 0, 0),
	(41, 'Grand Senora Tankstelle', 4263, 0, 0, 0),
	(42, 'LSPD Munition', 4626, 4627, 2, 1),
	(43, 'LSPD Ausruestung', 4628, 4629, 2, 1);

-- Dumping structure for table pgrp.server_shop_items
CREATE TABLE IF NOT EXISTS `server_shop_items` (
  `id` int NOT NULL AUTO_INCREMENT,
  `shop_id` int NOT NULL,
  `item_id` int NOT NULL,
  `price` int NOT NULL,
  `min_price` int NOT NULL,
  `max_price` int NOT NULL,
  `min_rank` int NOT NULL,
  PRIMARY KEY (`id`)
) ENGINE=InnoDB AUTO_INCREMENT=360 DEFAULT CHARSET=armscii8 COLLATE=armscii8_bin;

-- Dumping data for table pgrp.server_shop_items: ~318 rows (approximately)
INSERT INTO `server_shop_items` (`id`, `shop_id`, `item_id`, `price`, `min_price`, `max_price`, `min_rank`) VALUES
	(8, 27, 173, 100, 100, 101, 0),
	(9, 27, 174, 100, 100, 101, 0),
	(10, 26, 31, 4701, 3000, 5000, 0),
	(11, 26, 32, 3281, 3000, 5000, 0),
	(12, 26, 27, 3769, 3000, 5000, 0),
	(13, 27, 12, 200, 200, 201, 0),
	(14, 27, 13, 200, 200, 201, 0),
	(15, 27, 14, 200, 200, 201, 0),
	(16, 27, 30, 20, 20, 21, 0),
	(17, 27, 147, 100, 100, 101, 0),
	(18, 27, 148, 100, 100, 101, 0),
	(19, 27, 149, 100, 100, 101, 0),
	(20, 27, 150, 100, 100, 101, 0),
	(21, 27, 163, 100, 100, 101, 0),
	(22, 27, 164, 100, 100, 101, 0),
	(23, 27, 151, 100, 100, 101, 0),
	(24, 27, 152, 100, 100, 101, 0),
	(25, 27, 153, 100, 100, 101, 0),
	(26, 27, 154, 100, 100, 101, 0),
	(27, 27, 155, 100, 100, 101, 0),
	(28, 27, 156, 100, 100, 101, 0),
	(29, 27, 157, 100, 100, 101, 0),
	(30, 27, 158, 100, 100, 101, 0),
	(31, 27, 159, 100, 100, 101, 0),
	(32, 27, 160, 100, 100, 101, 0),
	(33, 27, 161, 100, 100, 101, 0),
	(34, 27, 162, 100, 100, 101, 0),
	(35, 27, 165, 100, 100, 101, 0),
	(36, 27, 166, 100, 100, 101, 0),
	(37, 27, 167, 100, 100, 101, 0),
	(38, 27, 168, 100, 100, 101, 0),
	(39, 27, 169, 100, 100, 101, 0),
	(40, 27, 170, 100, 100, 101, 0),
	(41, 27, 171, 100, 100, 101, 0),
	(42, 27, 172, 100, 100, 101, 0),
	(45, 27, 281, 100, 100, 101, 0),
	(46, 27, 282, 100, 100, 101, 0),
	(47, 27, 283, 100, 100, 101, 0),
	(48, 27, 284, 100, 100, 101, 0),
	(51, 27, 179, 1000, 1000, 1001, 0),
	(52, 27, 184, 1000, 1000, 1001, 4),
	(53, 27, 238, 50, 50, 51, 0),
	(54, 27, 243, 50, 50, 51, 4),
	(57, 43, 173, 100, 100, 101, 0),
	(58, 43, 174, 100, 100, 101, 0),
	(59, 43, 12, 200, 200, 201, 0),
	(60, 43, 13, 200, 200, 201, 0),
	(61, 43, 14, 200, 200, 201, 0),
	(62, 43, 30, 20, 20, 21, 0),
	(63, 43, 309, 100, 100, 101, 0),
	(64, 43, 310, 100, 100, 101, 0),
	(65, 43, 311, 100, 100, 101, 0),
	(66, 43, 312, 100, 100, 101, 0),
	(67, 43, 313, 100, 100, 101, 0),
	(68, 43, 314, 100, 100, 101, 0),
	(69, 43, 319, 100, 100, 101, 10),
	(70, 43, 320, 100, 100, 101, 10),
	(71, 29, 179, 1000, 1000, 1001, 0),
	(72, 42, 238, 50, 50, 51, 0),
	(73, 29, 177, 1000, 1000, 1001, 2),
	(74, 42, 236, 50, 50, 51, 2),
	(75, 29, 183, 1000, 1000, 1001, 4),
	(76, 42, 242, 50, 50, 51, 4),
	(77, 29, 182, 1000, 1000, 1001, 6),
	(78, 42, 241, 50, 50, 51, 6),
	(79, 29, 184, 1000, 1000, 1001, 8),
	(80, 42, 243, 50, 50, 51, 8),
	(102, 43, 305, 200, 200, 201, 0),
	(103, 43, 306, 200, 200, 201, 0),
	(104, 43, 307, 200, 200, 201, 0),
	(105, 43, 308, 200, 200, 201, 0),
	(110, 1, 29, 50, 50, 50, 0),
	(111, 1, 14, 50, 50, 51, 0),
	(112, 1, 13, 50, 50, 51, 0),
	(113, 1, 12, 50, 50, 51, 0),
	(114, 1, 10, 50, 50, 51, 0),
	(115, 1, 8, 50, 50, 51, 0),
	(116, 1, 322, 20, 20, 21, 0),
	(118, 31, 358, 64, 50, 75, 0),
	(119, 31, 359, 75, 75, 100, 0),
	(120, 31, 360, 97, 75, 100, 0),
	(121, 31, 361, 102, 100, 150, 0),
	(122, 31, 362, 80, 50, 100, 0),
	(123, 30, 355, 85, 50, 100, 0),
	(124, 30, 356, 53, 50, 125, 0),
	(125, 30, 357, 84, 40, 85, 0),
	(127, 30, 337, 34, 25, 50, 0),
	(128, 30, 354, 40, 25, 50, 0),
	(129, 30, 336, 28, 25, 50, 0),
	(130, 32, 343, 114, 100, 150, 0),
	(131, 32, 344, 97, 75, 100, 0),
	(132, 32, 345, 193, 175, 200, 0),
	(133, 32, 346, 94, 50, 100, 0),
	(134, 32, 347, 89, 75, 125, 0),
	(135, 1, 321, 200, 200, 201, 0),
	(136, 1, 336, 73, 70, 100, 0),
	(137, 1, 337, 92, 70, 100, 0),
	(138, 1, 338, 135, 100, 150, 0),
	(139, 1, 339, 198, 150, 200, 0),
	(140, 1, 340, 250, 250, 251, 0),
	(141, 1, 341, 91, 80, 100, 0),
	(142, 1, 342, 92, 80, 100, 0),
	(143, 36, 290, 50, 50, 51, 0),
	(144, 36, 291, 50, 50, 51, 0),
	(145, 36, 292, 50, 50, 51, 0),
	(146, 36, 293, 50, 50, 51, 0),
	(147, 36, 294, 50, 50, 51, 0),
	(148, 36, 295, 50, 50, 51, 0),
	(149, 36, 296, 50, 50, 51, 0),
	(150, 36, 297, 50, 50, 51, 0),
	(151, 36, 298, 50, 50, 51, 0),
	(152, 36, 299, 50, 50, 51, 0),
	(153, 36, 173, 50, 50, 51, 0),
	(154, 36, 174, 50, 50, 51, 0),
	(155, 37, 5, 30, 30, 30, 0),
	(156, 38, 2, 427, 349, 450, 0),
	(157, 13, 29, 50, 50, 50, 0),
	(158, 13, 14, 50, 50, 51, 0),
	(159, 13, 13, 50, 50, 51, 0),
	(160, 13, 12, 50, 50, 51, 0),
	(161, 13, 10, 50, 50, 51, 0),
	(162, 13, 8, 50, 50, 51, 0),
	(163, 13, 322, 20, 20, 21, 0),
	(164, 13, 321, 200, 200, 201, 0),
	(165, 13, 336, 77, 70, 100, 0),
	(166, 13, 337, 78, 70, 100, 0),
	(167, 13, 338, 128, 100, 150, 0),
	(168, 13, 339, 179, 150, 200, 0),
	(169, 13, 340, 250, 250, 251, 0),
	(170, 13, 341, 85, 80, 100, 0),
	(171, 13, 342, 84, 80, 100, 0),
	(172, 14, 29, 50, 50, 50, 0),
	(173, 14, 14, 50, 50, 51, 0),
	(174, 14, 13, 50, 50, 51, 0),
	(175, 14, 12, 50, 50, 51, 0),
	(176, 14, 10, 50, 50, 51, 0),
	(177, 14, 8, 50, 50, 51, 0),
	(178, 14, 322, 20, 20, 21, 0),
	(179, 14, 321, 200, 200, 201, 0),
	(180, 14, 336, 71, 70, 100, 0),
	(181, 14, 337, 90, 70, 100, 0),
	(182, 14, 338, 118, 100, 150, 0),
	(183, 14, 339, 152, 150, 200, 0),
	(184, 14, 340, 250, 250, 251, 0),
	(185, 14, 341, 93, 80, 100, 0),
	(186, 14, 342, 92, 80, 100, 0),
	(187, 15, 29, 50, 50, 50, 0),
	(188, 15, 14, 50, 50, 51, 0),
	(189, 15, 13, 50, 50, 51, 0),
	(190, 15, 12, 50, 50, 51, 0),
	(191, 15, 10, 50, 50, 51, 0),
	(192, 15, 8, 50, 50, 51, 0),
	(193, 15, 322, 20, 20, 21, 0),
	(194, 15, 321, 200, 200, 201, 0),
	(195, 15, 336, 86, 70, 100, 0),
	(196, 15, 337, 87, 70, 100, 0),
	(197, 15, 338, 146, 100, 150, 0),
	(198, 15, 339, 191, 150, 200, 0),
	(199, 15, 340, 250, 250, 251, 0),
	(200, 15, 341, 93, 80, 100, 0),
	(201, 15, 342, 91, 80, 100, 0),
	(202, 16, 29, 50, 50, 50, 0),
	(203, 16, 14, 50, 50, 51, 0),
	(204, 16, 13, 50, 50, 51, 0),
	(205, 16, 12, 50, 50, 51, 0),
	(206, 16, 10, 50, 50, 51, 0),
	(207, 16, 8, 50, 50, 51, 0),
	(208, 16, 322, 20, 20, 21, 0),
	(209, 16, 321, 200, 200, 201, 0),
	(210, 16, 336, 99, 70, 100, 0),
	(211, 16, 337, 70, 70, 100, 0),
	(212, 16, 338, 124, 100, 150, 0),
	(214, 16, 339, 171, 150, 200, 0),
	(215, 16, 340, 250, 250, 251, 0),
	(216, 16, 341, 94, 80, 100, 0),
	(217, 16, 342, 97, 80, 100, 0),
	(218, 17, 29, 50, 50, 50, 0),
	(219, 17, 14, 50, 50, 51, 0),
	(220, 17, 13, 50, 50, 51, 0),
	(221, 17, 12, 50, 50, 51, 0),
	(222, 17, 10, 50, 50, 51, 0),
	(223, 17, 8, 50, 50, 51, 0),
	(224, 17, 322, 20, 20, 21, 0),
	(225, 17, 321, 200, 200, 201, 0),
	(226, 17, 336, 91, 70, 100, 0),
	(227, 17, 337, 72, 70, 100, 0),
	(228, 17, 338, 128, 100, 150, 0),
	(229, 17, 339, 193, 150, 200, 0),
	(230, 17, 340, 250, 250, 251, 0),
	(231, 17, 341, 89, 80, 100, 0),
	(232, 17, 342, 85, 80, 100, 0),
	(233, 18, 29, 50, 50, 50, 0),
	(234, 18, 14, 50, 50, 51, 0),
	(235, 18, 13, 50, 50, 51, 0),
	(236, 18, 12, 50, 50, 51, 0),
	(237, 18, 10, 50, 50, 51, 0),
	(238, 18, 8, 50, 50, 51, 0),
	(239, 18, 322, 20, 20, 21, 0),
	(240, 18, 321, 200, 200, 201, 0),
	(241, 18, 336, 82, 70, 100, 0),
	(242, 18, 337, 87, 70, 100, 0),
	(243, 18, 338, 138, 100, 150, 0),
	(244, 18, 339, 150, 150, 200, 0),
	(245, 18, 340, 250, 250, 251, 0),
	(246, 18, 341, 82, 80, 100, 0),
	(247, 18, 342, 96, 80, 100, 0),
	(248, 19, 29, 50, 50, 50, 0),
	(249, 19, 14, 50, 50, 51, 0),
	(250, 19, 13, 50, 50, 51, 0),
	(251, 19, 12, 50, 50, 51, 0),
	(252, 19, 10, 50, 50, 51, 0),
	(253, 19, 8, 50, 50, 51, 0),
	(254, 19, 322, 20, 20, 21, 0),
	(255, 19, 321, 200, 200, 201, 0),
	(256, 19, 336, 86, 70, 100, 0),
	(257, 19, 337, 98, 70, 100, 0),
	(258, 19, 338, 143, 100, 150, 0),
	(259, 19, 339, 187, 150, 200, 0),
	(260, 19, 340, 250, 250, 251, 0),
	(261, 19, 341, 95, 80, 100, 0),
	(262, 19, 342, 96, 80, 100, 0),
	(263, 20, 29, 50, 50, 50, 0),
	(264, 20, 14, 50, 50, 51, 0),
	(265, 20, 13, 50, 50, 51, 0),
	(266, 20, 12, 50, 50, 51, 0),
	(267, 20, 10, 50, 50, 51, 0),
	(268, 20, 8, 50, 50, 51, 0),
	(269, 20, 322, 20, 20, 21, 0),
	(270, 20, 321, 200, 200, 201, 0),
	(271, 20, 336, 99, 70, 100, 0),
	(272, 20, 337, 81, 70, 100, 0),
	(273, 20, 338, 117, 100, 150, 0),
	(274, 20, 339, 151, 150, 200, 0),
	(275, 20, 340, 250, 250, 251, 0),
	(276, 20, 341, 96, 80, 100, 0),
	(277, 20, 342, 82, 80, 100, 0),
	(278, 21, 29, 50, 50, 50, 0),
	(279, 21, 14, 50, 50, 51, 0),
	(280, 21, 13, 50, 50, 51, 0),
	(281, 21, 12, 50, 50, 51, 0),
	(282, 21, 10, 50, 50, 51, 0),
	(283, 21, 8, 50, 50, 51, 0),
	(284, 21, 322, 20, 20, 21, 0),
	(285, 21, 321, 200, 200, 201, 0),
	(286, 21, 336, 72, 70, 100, 0),
	(287, 21, 337, 96, 70, 100, 0),
	(288, 21, 338, 124, 100, 150, 0),
	(289, 21, 339, 159, 150, 200, 0),
	(290, 21, 340, 250, 250, 251, 0),
	(291, 21, 341, 83, 80, 100, 0),
	(292, 21, 342, 84, 80, 100, 0),
	(293, 22, 29, 50, 50, 50, 0),
	(294, 22, 14, 50, 50, 51, 0),
	(295, 22, 13, 50, 50, 51, 0),
	(296, 22, 12, 50, 50, 51, 0),
	(297, 22, 10, 50, 50, 51, 0),
	(298, 22, 8, 50, 50, 51, 0),
	(299, 22, 322, 20, 20, 21, 0),
	(300, 22, 321, 200, 200, 201, 0),
	(301, 22, 336, 95, 70, 100, 0),
	(302, 22, 337, 84, 70, 100, 0),
	(303, 22, 338, 142, 100, 150, 0),
	(304, 22, 339, 156, 150, 200, 0),
	(305, 22, 340, 250, 250, 251, 0),
	(306, 22, 341, 98, 80, 100, 0),
	(307, 22, 342, 81, 80, 100, 0),
	(308, 23, 29, 50, 50, 50, 0),
	(309, 23, 14, 50, 50, 51, 0),
	(310, 23, 13, 50, 50, 51, 0),
	(311, 23, 12, 50, 50, 51, 0),
	(312, 23, 10, 50, 50, 51, 0),
	(313, 23, 8, 50, 50, 51, 0),
	(314, 23, 322, 20, 20, 21, 0),
	(315, 23, 321, 200, 200, 201, 0),
	(316, 23, 336, 70, 70, 100, 0),
	(317, 23, 337, 77, 70, 100, 0),
	(318, 23, 338, 145, 100, 150, 0),
	(319, 23, 339, 169, 150, 200, 0),
	(320, 23, 340, 250, 250, 251, 0),
	(321, 23, 341, 90, 80, 100, 0),
	(322, 23, 342, 85, 80, 100, 0),
	(323, 24, 29, 50, 50, 50, 0),
	(324, 24, 14, 50, 50, 51, 0),
	(325, 24, 13, 50, 50, 51, 0),
	(326, 24, 12, 50, 50, 51, 0),
	(327, 24, 10, 50, 50, 51, 0),
	(328, 24, 8, 50, 50, 51, 0),
	(329, 24, 322, 20, 20, 21, 0),
	(330, 24, 321, 200, 200, 201, 0),
	(331, 24, 336, 75, 70, 100, 0),
	(332, 24, 337, 76, 70, 100, 0),
	(333, 24, 338, 106, 100, 150, 0),
	(334, 24, 339, 169, 150, 200, 0),
	(335, 24, 340, 250, 250, 251, 0),
	(336, 24, 341, 95, 80, 100, 0),
	(337, 24, 342, 93, 80, 100, 0),
	(338, 25, 29, 50, 50, 50, 0),
	(339, 25, 14, 50, 50, 51, 0),
	(340, 25, 13, 50, 50, 51, 0),
	(341, 25, 12, 50, 50, 51, 0),
	(342, 25, 10, 50, 50, 51, 0),
	(343, 25, 8, 50, 50, 51, 0),
	(344, 25, 322, 20, 20, 21, 0),
	(345, 25, 321, 200, 200, 201, 0),
	(346, 25, 336, 71, 70, 100, 0),
	(347, 25, 337, 83, 70, 100, 0),
	(348, 25, 338, 102, 100, 150, 0),
	(349, 25, 339, 168, 150, 200, 0),
	(350, 25, 340, 250, 250, 251, 0),
	(351, 25, 341, 94, 80, 100, 0),
	(352, 25, 342, 99, 80, 100, 0),
	(353, 2, 41, 1677, 1250, 1750, 0),
	(354, 2, 65, 5319, 4500, 8750, 0),
	(355, 2, 62, 7465, 6000, 8500, 0),
	(356, 2, 74, 9419, 7000, 9500, 0),
	(357, 2, 66, 8341, 7000, 9500, 0),
	(358, 38, 286, 3828, 1999, 5000, 0),
	(359, 38, 28, 35495, 29999, 40000, 0);

-- Dumping structure for table pgrp.server_tattoo_shops
CREATE TABLE IF NOT EXISTS `server_tattoo_shops` (
  `id` int NOT NULL AUTO_INCREMENT,
  `position_id` int NOT NULL DEFAULT '0',
  PRIMARY KEY (`id`)
) ENGINE=InnoDB AUTO_INCREMENT=7 DEFAULT CHARSET=armscii8 COLLATE=armscii8_bin;

-- Dumping data for table pgrp.server_tattoo_shops: ~6 rows (approximately)
INSERT INTO `server_tattoo_shops` (`id`, `position_id`) VALUES
	(1, 2688),
	(2, 2689),
	(3, 2690),
	(4, 2691),
	(5, 2692),
	(6, 2693);

-- Dumping structure for table pgrp.server_tattoo_shop_items
CREATE TABLE IF NOT EXISTS `server_tattoo_shop_items` (
  `id` int NOT NULL AUTO_INCREMENT,
  `tattoo_shop_id` int NOT NULL DEFAULT '0',
  `collection` int unsigned NOT NULL DEFAULT '0',
  `overlay` int unsigned NOT NULL DEFAULT '0',
  `category` int NOT NULL DEFAULT '0',
  `label` varchar(255) CHARACTER SET armscii8 COLLATE armscii8_bin NOT NULL DEFAULT '0',
  `price` int NOT NULL DEFAULT (0),
  PRIMARY KEY (`id`)
) ENGINE=InnoDB AUTO_INCREMENT=1911 DEFAULT CHARSET=armscii8 COLLATE=armscii8_bin;

-- Dumping data for table pgrp.server_tattoo_shop_items: ~896 rows (approximately)
INSERT INTO `server_tattoo_shop_items` (`id`, `tattoo_shop_id`, `collection`, `overlay`, `category`, `label`, `price`) VALUES
	(1, 1, 598190139, 4266025802, 0, 'Hair 1', 5042),
	(2, 1, 598190139, 1738249473, 0, 'Hair 2', 7468),
	(3, 1, 2896097998, 2871537844, 0, 'Hair 3', 6187),
	(4, 1, 598190139, 1907377338, 0, 'Hair 4', 8314),
	(5, 1, 598190139, 3601638846, 0, 'Hair 5', 5879),
	(6, 1, 1616273011, 291473683, 0, 'Lock & Load', 7793),
	(7, 1, 598190139, 2886326865, 0, 'Hair 6', 7746),
	(8, 1, 598190139, 3340764833, 0, 'Hair 7', 6834),
	(9, 1, 2896097998, 2739649799, 0, 'Hair 8', 6935),
	(10, 1, 4292880523, 1006238992, 0, 'Hair 9', 6723),
	(11, 1, 987639353, 2600021455, 0, 'Scythed Corpse & Reaper', 5864),
	(12, 1, 1099237437, 312784106, 0, 'Ignition', 8333),
	(13, 1, 598190139, 2932289758, 0, 'Hair 10', 5467),
	(14, 1, 3931095891, 2832397278, 0, 'Spades', 8975),
	(15, 1, 62137527, 3743413818, 0, 'Hair 11', 7435),
	(16, 1, 1026837500, 1570835960, 0, 'Stunt Skull', 7482),
	(17, 1, 598190139, 956403122, 0, 'Hair 12', 5296),
	(18, 1, 598190139, 3833488553, 0, 'Hair 13', 6422),
	(19, 1, 598190139, 1708846359, 0, 'Hair 14', 8341),
	(20, 1, 2896097998, 2708151610, 0, 'Hair 15', 6183),
	(21, 1, 2896097998, 4059820632, 0, 'Hair 16', 8035),
	(22, 1, 598190139, 4001387825, 0, 'Hair 17', 7702),
	(23, 1, 598190139, 1019960998, 0, 'Hair 18', 6127),
	(24, 1, 598190139, 111650251, 0, 'Hair 19', 7634),
	(25, 1, 2896097998, 3312042882, 0, 'Beautiful Eye', 5738),
	(26, 1, 1099237437, 2945667774, 0, 'Sparkey', 8521),
	(27, 1, 3931095891, 2061696383, 0, 'Bandage', 7765),
	(28, 1, 3093597567, 2349298380, 0, 'Beautiful Death', 5366),
	(29, 1, 598190139, 3888161488, 0, 'Hair 20', 8279),
	(30, 1, 598190139, 3402688533, 0, 'Hair 21', 7771),
	(31, 2, 598190139, 1336721595, 0, 'Hair 22', 5977),
	(32, 2, 598190139, 2640510190, 0, 'Hair 23', 6749),
	(33, 2, 2896097998, 3853113780, 0, 'Hair 24', 5888),
	(34, 2, 598190139, 205417419, 0, 'Hair 25', 6685),
	(35, 2, 1841427399, 3142051877, 0, 'Fooligan Tribal', 7217),
	(36, 2, 3931095891, 3380531580, 0, 'Knifed', 6426),
	(37, 2, 598190139, 730415102, 0, 'Hair 26', 6899),
	(38, 2, 598190139, 3262961517, 0, 'Hair 27', 7603),
	(39, 2, 2896097998, 885139568, 0, 'Hair 28', 6832),
	(40, 2, 598190139, 1910662659, 0, 'Hair 29', 7005),
	(41, 2, 598190139, 2394906535, 0, 'Hair 30', 7504),
	(42, 2, 598190139, 734755065, 0, 'Hair 31', 6747),
	(43, 2, 1099237437, 406171399, 0, 'Hot Piston', 6789),
	(44, 2, 3931095891, 3285495007, 0, 'Animal', 5789),
	(45, 2, 3931095891, 4045274038, 0, 'Razor Pop', 7644),
	(46, 2, 987639353, 1923683210, 0, 'Lip Drip', 5701),
	(47, 2, 4054732749, 2863393274, 0, 'Western Stylized', 5569),
	(48, 2, 598190139, 407214451, 0, 'Hair 32', 8537),
	(49, 2, 598190139, 2702216367, 0, 'Hair 33', 6824),
	(50, 2, 2437626283, 1153023110, 0, 'F King', 7023),
	(51, 2, 4292880523, 2181960574, 0, 'Hair 34', 5894),
	(52, 2, 62137527, 2954827777, 0, 'Hair 35', 7264),
	(53, 2, 598190139, 869579299, 0, 'Hair 36', 7523),
	(54, 2, 3278445300, 3939020719, 0, 'Thief', 8389),
	(55, 2, 987639353, 1768083405, 0, 'Live Fast Mono', 6291),
	(56, 2, 2896097998, 1227065524, 0, 'Hair 37', 6202),
	(57, 2, 62137527, 3444986535, 0, 'Hair 38', 7481),
	(58, 2, 598190139, 3136256028, 0, 'Hair 39', 6104),
	(59, 2, 598190139, 1796741209, 0, 'Hair 40', 6865),
	(60, 2, 4292880523, 1048444745, 0, 'Hair 41', 8413),
	(61, 3, 1616273011, 3175745814, 0, 'Hair 42', 6933),
	(62, 3, 2896097998, 2597097481, 0, 'Hair 43', 6508),
	(63, 3, 598190139, 20871853, 0, 'Hair 44', 7167),
	(64, 3, 2896097998, 1592473795, 0, 'Hair 45', 6734),
	(65, 3, 4292880523, 3193080838, 0, 'Hair 46', 8338),
	(66, 3, 4292880523, 2119318441, 0, 'Bold Dollar Sign', 7511),
	(67, 3, 598190139, 3716096011, 0, 'Hair 47', 6223),
	(68, 3, 4292880523, 736778786, 0, 'Hair 48', 6945),
	(69, 3, 3931095891, 1273491948, 0, 'Space Monkey', 7812),
	(70, 3, 598190139, 2028311766, 0, 'Hair 49', 6728),
	(71, 3, 1310977332, 2351130348, 0, 'Hair 50', 6839),
	(72, 3, 598190139, 2409666777, 0, 'Hair 51', 6582),
	(73, 3, 1099237437, 2647732253, 0, 'Hair 52', 5886),
	(74, 3, 2896097998, 965649655, 0, 'Hair 53', 7624),
	(75, 3, 2896097998, 1190448341, 0, 'Hair 54', 8721),
	(76, 3, 1841427399, 1814715152, 0, 'Dude', 7192),
	(77, 3, 4292880523, 2478880483, 0, 'Hair 55', 7321),
	(78, 3, 598190139, 3849471099, 0, 'Hair 56', 6698),
	(79, 3, 598190139, 3570770444, 0, 'Hair 57', 8112),
	(80, 3, 598190139, 2844782717, 0, 'Hair 58', 7179),
	(81, 3, 3093597567, 890225886, 0, 'Snake Head Color', 7024),
	(82, 3, 2896097998, 569279177, 0, 'Hair 59', 6882),
	(83, 3, 598190139, 2696349495, 0, 'Hair 60', 7446),
	(84, 3, 2896097998, 1200177388, 0, 'Hair 61', 6013),
	(85, 3, 598190139, 1187457341, 0, 'Hair 62', 6501),
	(86, 3, 2896097998, 2318738108, 0, 'Hair 63', 6911),
	(87, 3, 2575696819, 4073342808, 0, 'Little Fish', 6226),
	(88, 3, 2575696819, 164352862, 0, 'Eris Yellow Down Jacket', 5862),
	(89, 3, 598190139, 3936696915, 0, 'Hair 64', 6599),
	(90, 3, 1841427399, 4107928398, 0, 'Budonk-adonk!', 8234),
	(91, 4, 2896097998, 3042796966, 0, 'Hair 65', 6277),
	(92, 4, 4292880523, 689952604, 0, 'Hair 66', 6354),
	(93, 4, 598190139, 2167775177, 0, 'Hair 67', 7311),
	(94, 4, 2896097998, 2732900533, 0, 'Hair 68', 6798),
	(95, 4, 598190139, 2608255643, 0, 'Hair 69', 6941),
	(96, 4, 3931095891, 1459074393, 0, 'Sleepy', 5582),
	(97, 4, 598190139, 4085624142, 0, 'Hair 70', 7489),
	(98, 4, 598190139, 1890137027, 0, 'Hair 71', 6211),
	(99, 4, 987639353, 3136541344, 0, 'Webbed Scythe', 6402),
	(100, 4, 2437626283, 101314715, 0, 'The Rose of My Heart', 7814),
	(101, 4, 3931095891, 3486974032, 0, 'Diamonds', 6789),
	(102, 4, 598190139, 2643332496, 0, 'Hair 72', 7213),
	(103, 4, 598190139, 213451358, 0, 'Hair 73', 8356),
	(104, 4, 4054732749, 3352935961, 0, 'Hair 74', 5891),
	(105, 4, 62137527, 3507117033, 0, 'Hair 75', 7934),
	(106, 4, 1310977332, 423082762, 0, 'Hair 76', 6217),
	(107, 4, 2437626283, 332847809, 0, 'F Crown', 7045),
	(108, 4, 598190139, 636662989, 0, 'Hair 77', 7862),
	(109, 4, 987639353, 1848412233, 0, 'Pierced Third Eye', 6542),
	(110, 4, 2575696819, 152801037, 0, 'Tribal Butterfly', 5224),
	(111, 4, 3093597567, 1121411181, 0, 'Snake Head Outline', 7531),
	(112, 4, 3931095891, 2421339201, 0, 'Crowned', 6208),
	(113, 4, 598190139, 3301245729, 0, 'Hair 78', 6793),
	(114, 4, 3931095891, 2554145033, 0, 'UFO', 5942),
	(115, 4, 598190139, 334365799, 0, 'Hair 79', 7218),
	(116, 4, 598190139, 314228205, 0, 'Hair 80', 6365),
	(117, 4, 4292880523, 193320466, 0, '$100', 8127),
	(118, 4, 598190139, 4185484115, 0, 'Hair 81', 6791),
	(119, 4, 987639353, 416608645, 0, 'Live Fast Color', 7453),
	(120, 4, 598190139, 3309523023, 0, 'Hair 82', 7899),
	(121, 5, 598190139, 1068879892, 0, 'Hair 83', 5743),
	(122, 5, 987639353, 3688075283, 0, 'Hair 84', 6489),
	(123, 5, 598190139, 1171508689, 0, 'Hair 85', 7024),
	(124, 5, 3931095891, 1048452439, 0, 'Five Stars', 8391),
	(125, 5, 598190139, 1201332655, 0, 'Hair 86', 7213),
	(126, 5, 987639353, 2367596879, 0, 'Hair 87', 6622),
	(127, 5, 987639353, 1546611864, 0, 'Third Eye', 5478),
	(128, 5, 3931095891, 3414142498, 0, 'Lipstick Kiss', 6092),
	(129, 5, 2575696819, 25158851, 0, 'Surfs Up', 7023),
	(130, 5, 598190139, 3087599751, 0, 'Hair 88', 7541),
	(131, 5, 2896097998, 1993401358, 0, 'Hair 89', 6753),
	(132, 5, 2437626283, 3135056315, 0, 'Chamberlain Families', 6188),
	(133, 5, 598190139, 2745244306, 0, 'Hair 90', 7422),
	(134, 5, 2437626283, 373875385, 0, 'Faith', 6801),
	(135, 5, 1099237437, 788654614, 0, 'Sparks Flying', 7944),
	(136, 5, 598190139, 3608324028, 0, 'Hair 91', 6967),
	(137, 5, 598190139, 949938899, 0, 'Hair 92', 7213),
	(138, 5, 4292880523, 2896226467, 0, 'Hair 93', 7538),
	(139, 5, 2896097998, 2266171666, 0, 'Hair 94', 5896),
	(140, 5, 2575696819, 3539985859, 0, 'Surf LS', 8011),
	(141, 5, 3931095891, 3325082720, 0, 'Wanted', 6702),
	(142, 5, 598190139, 1647042566, 0, 'Hair 95', 7213),
	(143, 5, 3931095891, 2782640892, 0, 'LS Wings', 7895),
	(144, 5, 601646824, 2264544480, 0, 'Bright Diamond', 6217),
	(145, 5, 1026837500, 220143168, 0, 'Scorpion', 6548),
	(146, 5, 3931095891, 2617077548, 0, 'Hearts', 7882),
	(147, 5, 3931095891, 2916636437, 0, 'On/Off', 6194),
	(148, 5, 3093597567, 4256688647, 0, 'Los Muertos', 7984),
	(149, 5, 601646824, 3556888437, 0, 'Black Widow', 6537),
	(150, 5, 4292880523, 2341230109, 0, 'Script Dollar Sign', 8126),
	(151, 6, 3931095891, 1489278440, 0, 'LS Star', 6965),
	(152, 6, 987639353, 2489323905, 0, 'Scythed Corpse', 6042),
	(153, 6, 987639353, 326745369, 0, 'Oni Demon', 7913),
	(154, 6, 3931095891, 820753849, 0, 'Ice Cream', 5763),
	(155, 6, 987639353, 2432867957, 0, 'Bat Wings', 7189),
	(156, 6, 4054732749, 1906582382, 0, 'Morbid Arachnid', 6754),
	(157, 6, 601646824, 1334100948, 0, 'Hair 96', 6790),
	(158, 6, 4292880523, 1051122042, 0, 'Money Rose', 5491),
	(159, 6, 598190139, 420418200, 0, 'Skull', 6255),
	(160, 6, 2437626283, 284119670, 0, 'LS Script', 7433),
	(161, 6, 3931095891, 2562965071, 0, 'Clubs', 6601),
	(162, 6, 1026837500, 2444251856, 0, 'Flaming Quad', 7890),
	(163, 6, 2575696819, 3212230321, 0, 'Pirate Skull', 6054),
	(164, 6, 3931095891, 211084, 0, 'Ace of Spades', 7548),
	(165, 6, 4292880523, 1860213958, 0, 'Cash is King', 8496),
	(166, 6, 3278445300, 4047781074, 0, 'Sinner', 7021),
	(167, 6, 4054732749, 1785762805, 0, 'FTW', 6420),
	(168, 6, 2437626283, 3631309175, 0, 'LS Bold', 7110),
	(169, 6, 3931095891, 2888780607, 0, 'Stitches', 6783),
	(170, 6, 987639353, 1617670169, 0, 'Branched Skull', 7311),
	(171, 6, 3931095891, 335386038, 0, 'Thog\'s Sword', 8002),
	(172, 6, 1026837500, 3521621780, 0, 'Toxic Spider', 6075),
	(173, 6, 4292880523, 1819096318, 0, 'Val-de-Grace Logo', 7027),
	(174, 6, 2896097998, 4207753672, 0, 'Geo Fox', 5367),
	(175, 6, 601646824, 3716886760, 0, 'Hustle', 6477),
	(176, 6, 1841427399, 671803976, 0, 'Skull Jester', 6121),
	(177, 6, 1026837500, 2425912672, 0, 'Bat Wheel', 7567),
	(178, 6, 3931095891, 3124812540, 0, 'Green Leaf', 6892),
	(179, 6, 3931095891, 2124190452, 0, 'Teddy Bear', 7246),
	(180, 6, 3931095891, 156013410, 0, 'Assault Rifle', 5504),
	(181, 6, 3931095891, 3524701998, 0, 'Two Horns', 7051),
	(182, 1, 4054732749, 1670479428, 4, 'Muffler Helmet', 7622),
	(183, 1, 3931095891, 2067499855, 4, 'Tiger Heart', 5983),
	(184, 1, 1841427399, 1786792650, 4, 'Fooligan Impotent Rage', 6611),
	(185, 1, 601646824, 1183764954, 4, 'Weed Knuckles', 7536),
	(186, 1, 4054732749, 569662133, 4, 'Chain Fist', 5811),
	(187, 1, 1026837500, 3040764753, 4, '8 Eyed Skull', 6962),
	(188, 1, 987639353, 2239007075, 4, 'Bigness Chimp', 6705),
	(189, 1, 3093597567, 2202530885, 4, 'Electric Snake', 5487),
	(190, 1, 1926256505, 1588676114, 4, 'Winged Serpent', 7344),
	(191, 1, 2896097998, 1252285617, 4, 'Sleeve', 6580),
	(192, 1, 1026837500, 3338831235, 4, 'Big Cat', 7843),
	(193, 1, 1026837500, 1603163718, 4, 'Engine Arm', 6487),
	(194, 1, 598190139, 3026569799, 4, 'Racing Brunette', 7162),
	(195, 1, 1926256505, 2722775333, 4, 'Katana', 5941),
	(196, 1, 2437626283, 1650824840, 4, 'The Wages of Sin', 7654),
	(197, 1, 1926256505, 2121965551, 4, 'Viking Warrior', 6964),
	(198, 1, 4292880523, 709663738, 4, '$100 Bill', 6219),
	(199, 1, 2896097998, 258827560, 4, 'Peace', 6656),
	(200, 1, 62137527, 1744801848, 4, 'Los Santos Life', 8301),
	(201, 1, 3319439855, 962023066, 4, 'Piston Sleeve', 7777),
	(202, 1, 2437626283, 3397571997, 4, 'Zodiac Skull', 8888),
	(203, 2, 1616273011, 1404205290, 4, 'Bandolier', 5555),
	(204, 2, 598190139, 4144327039, 4, 'Oriental Mural', 6666),
	(205, 2, 2896097998, 505181414, 4, 'Diamond Sparkle', 4444),
	(206, 2, 484754152, 1775476370, 4, 'Python Skull', 9999),
	(207, 2, 62137527, 3813577650, 4, 'City Sorrow', 2222),
	(208, 2, 2437626283, 288425705, 4, 'Mermaid', 1111),
	(209, 2, 4054732749, 3705375134, 4, 'Cranial Rose', 5555),
	(210, 2, 4054732749, 3411806187, 4, 'Live to Ride', 6666),
	(211, 2, 3278445300, 654127400, 4, 'Honor', 7777),
	(212, 2, 1841427399, 4128689753, 4, 'The Christmas Spirit', 8888),
	(213, 2, 484754152, 1525596308, 4, 'Divine Goddess', 5555),
	(214, 2, 987639353, 372891628, 4, 'Rocket Launcher Girl', 9999),
	(215, 2, 1841427399, 3560497798, 4, 'Fooligan Clown', 2222),
	(216, 2, 598190139, 1953024330, 4, 'Burning Heart', 1111),
	(217, 2, 1026837500, 1654019571, 4, 'Kaboom', 5555),
	(218, 2, 1529191571, 718674880, 4, 'Skeleton Party', 6666),
	(219, 2, 2437626283, 1557405598, 4, 'Faith', 7777),
	(220, 2, 2896097998, 2465787273, 4, 'Stop', 8888),
	(221, 2, 1926256505, 3432492940, 4, 'Cerberus', 5555),
	(222, 2, 2896097998, 3540872033, 4, 'Mustache', 9999),
	(223, 3, 1185637852, 2474028615, 4, 'Toxic Trails', 2222),
	(224, 3, 987639353, 3417199894, 4, 'Demon Drummer', 1111),
	(225, 3, 4054732749, 3149070523, 4, 'Urban Stunter', 5555),
	(226, 3, 1026837500, 2195512507, 4, 'Tanked', 6666),
	(227, 3, 2575696819, 996857777, 4, 'Parrot', 7777),
	(228, 3, 484754152, 2511246236, 4, 'Fatal Dagger', 8888),
	(229, 3, 598190139, 1546921167, 4, 'Lady M', 5555),
	(230, 3, 2896097998, 3957824509, 4, 'Thorny Rose', 9999),
	(231, 3, 2896097998, 123359970, 4, 'Pizza', 2222),
	(232, 3, 1347816957, 1968556432, 4, 'Vice', 1111),
	(233, 3, 2437626283, 1631287453, 4, 'Brotherhood', 5555),
	(234, 3, 3278445300, 2749415457, 4, 'Horrors Of The Deep', 6666),
	(235, 3, 1347816957, 1757650301, 4, 'Suits', 7777),
	(236, 3, 2437626283, 4251607248, 4, 'Dragon', 8888),
	(237, 3, 2437626283, 4023456438, 4, 'FAMILIES', 5555),
	(238, 3, 2926609843, 238215753, 4, 'Scratch Panther', 9999),
	(239, 3, 598190139, 1680752743, 4, 'Zodiac Skull', 2222),
	(240, 3, 1841427399, 511225416, 4, 'Festive Reaper', 1111),
	(241, 3, 1347816957, 3573313498, 4, 'Banknote Rose', 5555),
	(242, 3, 3093597567, 1124688073, 4, 'Time\'s Up Outline', 6666),
	(243, 4, 987639353, 3283832315, 4, 'Laser Eyes Skull', 7777),
	(244, 4, 1026837500, 3387527107, 4, 'Piston Head', 8888),
	(245, 4, 1099237437, 1915734436, 4, 'Mk II Girl', 5555),
	(246, 4, 4054732749, 4073306562, 4, 'Ride Hard Die Fast', 6666),
	(247, 4, 1926256505, 257911811, 4, 'Tiger & Mask', 7777),
	(248, 4, 2437626283, 2385760909, 4, 'Serpent Skull', 8888),
	(249, 4, 2437626283, 1372648799, 4, 'Dope skull', 5555),
	(250, 4, 1616273011, 3749493234, 4, 'Sidearm', 9999),
	(251, 4, 1026837500, 3738051574, 4, 'Stuntman\'s End', 2222),
	(252, 4, 2437626283, 3635733626, 4, 'Lion', 1111),
	(253, 4, 2575696819, 3574336209, 4, 'Tribal Flower', 5555),
	(254, 4, 1099237437, 2970366109, 4, 'Flaming Driver', 6666),
	(255, 4, 2437626283, 1270569248, 4, 'Grim Reaper Smoking Gun', 7777),
	(256, 4, 601646824, 1323215090, 4, 'Serpent Mic', 8888),
	(257, 4, 2437626283, 1815915062, 4, 'Dragon and Dagger', 5555),
	(258, 4, 598190139, 1237582095, 4, 'Dope Skull', 9999),
	(259, 4, 1926256505, 1031130678, 4, 'Spartan Combat', 2222),
	(260, 4, 3238631853, 1617489838, 4, 'Floral Symmetry', 1111),
	(261, 4, 2896097998, 369684543, 4, 'Padlock', 5555),
	(262, 4, 2575696819, 459313194, 4, 'Tiki Tower', 9999),
	(263, 5, 2437626283, 4128025776, 4, 'R.I.P Michael', 2222),
	(264, 5, 598190139, 3372912010, 4, 'Serpents', 1111),
	(265, 5, 4054732749, 3367831962, 4, 'Macabre Tree', 5555),
	(266, 5, 1026837500, 3135143256, 4, 'Moonlight Ride', 6666),
	(267, 5, 601646824, 3908465966, 4, 'Music Is The Remedy', 7777),
	(268, 5, 4054732749, 3026762825, 4, 'Poison Scorpion', 8888),
	(269, 5, 601646824, 1174766371, 4, 'Skeleton Shot', 5555),
	(270, 5, 4054732749, 3900113481, 4, 'Good Luck', 9999),
	(271, 5, 2437626283, 481992184, 4, 'Lucky Celtic Dogs', 2222),
	(272, 5, 1347816957, 1864088729, 4, 'Get Lucky', 1111),
	(273, 5, 2896097998, 3830353675, 4, 'Triangle White', 5555),
	(274, 5, 3238631853, 3061150354, 4, 'Gabriel', 6666),
	(275, 5, 1616273011, 1832021545, 4, 'Spiked Skull', 7777),
	(276, 5, 2896097998, 3084268787, 4, 'Lightning Bolt', 8888),
	(277, 5, 3093597567, 888521890, 4, 'Time\'s Up Color', 5555),
	(278, 5, 62137527, 3389921303, 4, 'No Evil', 9999),
	(279, 5, 484754152, 3221042061, 4, 'Egyptian Mural', 2222),
	(280, 5, 3093597567, 2695606028, 4, '8 Ball Skull', 1111),
	(281, 5, 4292880523, 990002533, 4, 'All-Seeing Eye', 5555),
	(282, 5, 1616273011, 2025651359, 4, 'Serpent Revolver', 9999),
	(283, 6, 1099237437, 954687551, 4, 'Top Dead Center', 2222),
	(284, 6, 1347816957, 1126903931, 4, 'Can\'t Win Them All', 1111),
	(285, 6, 2896097998, 1885313391, 4, 'Bricks', 5555),
	(286, 6, 2437626283, 2799632591, 4, 'Dragon Mural', 6666),
	(287, 6, 3238631853, 3315100136, 4, 'Archangel & Mary', 7777),
	(288, 6, 1841427399, 3636874922, 4, 'Dude Jester', 8888),
	(289, 6, 2437626283, 2951038379, 4, 'Lady M', 5555),
	(290, 6, 598190139, 1643127889, 4, 'Racing Blonde', 9999),
	(291, 6, 1529191571, 2088037441, 4, 'My Crazy Life', 2222),
	(292, 6, 1099237437, 3365723105, 4, 'Pegassi Flames', 1111),
	(293, 6, 3278445300, 3075536586, 4, 'Mermaid\'s Curse', 5555),
	(294, 6, 3319439855, 413754974, 4, 'Scarlett', 9999),
	(295, 6, 2896097998, 3860337562, 4, 'Sunrise', 2222),
	(296, 6, 1529191571, 1045897298, 4, 'Love Hustle', 1111),
	(297, 6, 1616273011, 209273925, 4, 'Blood Money', 5555),
	(298, 6, 3093597567, 2474775961, 4, 'Skull Rider', 6666),
	(299, 6, 2575696819, 2377643231, 4, 'Mermaid L.S.', 7777),
	(300, 6, 987639353, 3406625583, 4, 'Up-n-Atomizer Design', 8888),
	(301, 6, 2437626283, 2676204428, 4, 'Mandy', 7777),
	(302, 6, 3931095891, 2658978623, 4, 'Mighty Thog', 8888),
	(303, 6, 4292880523, 2166093439, 4, 'Greed is Good', 5555),
	(304, 6, 1616273011, 3646773689, 4, 'Praying Skull', 6666),
	(305, 1, 1841427399, 3167127872, 6, 'Naughty Snow Globe', 9999),
	(306, 1, 987639353, 1028092196, 6, 'Stabbed Skull', 2222),
	(307, 1, 598190139, 1103130600, 6, 'Chinese Dragon', 1111),
	(308, 1, 1099237437, 1469016753, 6, 'Speed Demon', 5555),
	(309, 1, 1026837500, 415527077, 6, 'Golden Cobra', 6666),
	(310, 1, 2437626283, 2832926683, 6, 'Dragons', 7777),
	(311, 1, 1026837500, 1533123503, 6, 'Stunt Jesus', 8888),
	(312, 1, 1841427399, 903074431, 6, 'Fool', 5555),
	(313, 1, 2896097998, 2344767540, 6, 'Squares', 6666),
	(314, 1, 2437626283, 3844803309, 6, 'Grim Reaper', 9999),
	(315, 1, 598190139, 3480649572, 6, 'Dragon and Dagger', 2222),
	(316, 2, 3931095891, 923836315, 6, 'Love Fist', 1111),
	(317, 2, 598190139, 2254338339, 6, 'Faith', 5555),
	(318, 2, 601646824, 546586194, 6, 'LS Smoking Cartridges', 6666),
	(319, 2, 1347816957, 1424803201, 6, '8-Ball Rose', 7777),
	(320, 2, 2437626283, 4234992993, 6, 'Smoking Dagger', 8888),
	(321, 2, 987639353, 2195123131, 6, 'Minimal Sniper Rifle', 5555),
	(322, 2, 1841427399, 2426411467, 6, 'Orang-O-Tang Grenade', 6666),
	(323, 2, 3093597567, 3070680226, 6, 'Spider Color', 7777),
	(324, 2, 4054732749, 2729316790, 6, 'Bad Luck', 8888),
	(325, 2, 4054732749, 3892191131, 6, 'Ride Free', 5555),
	(326, 2, 4054732749, 4102164726, 6, 'Laughing Skull', 6666),
	(327, 3, 1347816957, 98665018, 6, 'One-armed Bandit', 7777),
	(328, 3, 2575696819, 1801787829, 6, 'Tribal Star', 8888),
	(329, 3, 598190139, 3771775702, 6, 'Serpent Skull', 5555),
	(330, 3, 598190139, 2859421780, 6, 'Melting Skull', 6666),
	(331, 3, 1099237437, 4080956098, 6, 'Eyeball Shifter', 7777),
	(332, 3, 987639353, 1133010808, 6, 'Minimal SMG', 8888),
	(333, 3, 987639353, 1978806367, 6, 'Many-eyed Goat', 5555),
	(334, 3, 1529191571, 2729535606, 6, 'Death Us Do Part', 6666),
	(335, 3, 3093597567, 2706420022, 6, 'Spider Outline', 7777),
	(336, 3, 2926609843, 2560660182, 6, 'Soundwaves', 8888),
	(337, 3, 4054732749, 3502164338, 6, 'Engulfed Skull', 5555),
	(338, 4, 4054732749, 2006001399, 6, 'Scorched Soul', 6666),
	(339, 4, 1099237437, 3966016802, 6, 'Comedy and Tragedy', 7777),
	(340, 4, 987639353, 3915751143, 6, 'Mobster Skull', 8888),
	(341, 4, 987639353, 2442320181, 6, 'Cobra Biker', 5555),
	(342, 4, 598190139, 1029633009, 6, 'Hottie', 6666),
	(343, 4, 1616273011, 2587589773, 6, 'Stylized Tiger', 7777),
	(344, 4, 2926609843, 2158448487, 6, 'Skull Waters', 8888),
	(345, 4, 2437626283, 3560438319, 6, 'Serpent Skull', 5555),
	(346, 4, 598190139, 2023349658, 6, 'Grim Reaper', 6666),
	(347, 4, 4054732749, 2357299044, 6, 'Bone Cruiser', 7777),
	(348, 4, 1616273011, 3991558277, 6, 'Rose Revolver', 8888),
	(349, 5, 1026837500, 4284465733, 6, 'Dirt Track Hero', 5555),
	(350, 5, 598190139, 3528957988, 6, 'Dragon Mural', 6666),
	(351, 5, 2926609843, 3180897789, 6, 'Pineapple Skull', 7777),
	(352, 5, 62137527, 2104378143, 6, 'LS Serpent', 8888),
	(353, 5, 62137527, 2511670695, 6, 'Presidents', 5555),
	(354, 5, 2896097998, 893595891, 6, 'Black Anchor', 6666),
	(355, 5, 2926609843, 4165780589, 6, 'Tropical Serpent', 7777),
	(356, 5, 2437626283, 2773515938, 6, 'Hottie 2', 8888),
	(357, 5, 2437626283, 671777576, 6, 'The Warrior', 5555),
	(358, 5, 987639353, 1872579977, 6, 'Minimal Advanced Rifle', 6666),
	(359, 5, 1026837500, 1091795205, 6, 'Dagger Devil', 7777),
	(360, 6, 3238631853, 2231255171, 6, 'Serpent of Death', 8888),
	(361, 6, 1026837500, 3700756846, 6, 'Quad Goblin', 5555),
	(362, 6, 2926609843, 89152577, 6, 'Glow Princess', 6666),
	(363, 6, 601646824, 310954053, 6, 'Trust', 7777),
	(364, 6, 4054732749, 1049060638, 6, 'Ride or Die', 8888),
	(365, 6, 1841427399, 3668331894, 6, 'Zombie Head', 5555),
	(366, 6, 2896097998, 861154309, 6, 'Charm', 6666),
	(367, 6, 1616273011, 3402173809, 6, 'Death Skull', 7777),
	(368, 6, 1616273011, 1013405919, 6, 'Patriot Skull', 8888),
	(369, 6, 987639353, 3128960204, 6, 'Tiger Blade', 5555),
	(370, 6, 4292880523, 4146419516, 6, 'Single', 6666),
	(371, 6, 598190139, 393127953, 6, 'Smoking Dagger', 7777),
	(372, 6, 987639353, 1570553621, 6, 'Wounded Head', 8888),
	(373, 6, 598190139, 2472121109, 6, 'Dragon', 5555),
	(374, 6, 4054732749, 2279623714, 6, 'Rose Tribute', 6666),
	(375, 6, 484754152, 1429817922, 6, 'Cross of Roses', 7777),
	(376, 1, 1099237437, 903261809, 5, 'Stick Shift', 8888),
	(377, 1, 1026837500, 3806839956, 5, 'Grave Vulture', 5555),
	(378, 1, 2926609843, 3553334856, 5, 'Smiley Glitch', 6666),
	(379, 1, 3278445300, 2263409101, 5, 'Mutiny', 7777),
	(380, 1, 2926609843, 2818180615, 5, 'Skeleton DJ', 8888),
	(381, 1, 1026837500, 2369486613, 5, 'Poison Wrench', 5555),
	(382, 1, 3319439855, 919272855, 5, 'Drive Forever', 6666),
	(383, 1, 3931095891, 1152609891, 5, 'LS Monogram', 7777),
	(384, 1, 2437626283, 1802999672, 5, 'Dagger', 8888),
	(385, 1, 2926609843, 1350717821, 5, 'Octopus Shades', 5555),
	(386, 1, 1841427399, 3627901767, 5, 'Fooligan', 6666),
	(387, 1, 2437626283, 575469485, 5, 'Oriental Mural', 7777),
	(388, 1, 2437626283, 3757969851, 5, 'Flaming Skull', 8888),
	(389, 1, 3093597567, 665823766, 5, 'You\'re Next Outline', 5555),
	(390, 1, 2896097998, 552929095, 5, 'Origami', 6666),
	(391, 1, 2437626283, 2146579978, 5, 'Serpents', 7777),
	(392, 1, 1099237437, 1810018379, 5, 'Mamba Sleeve', 8888),
	(393, 1, 484754152, 3706417613, 5, 'Geometric Design', 5555),
	(394, 1, 2926609843, 2887053677, 5, 'Soulwax', 6666),
	(395, 1, 601646824, 2785157248, 5, 'Ascension', 7777),
	(396, 1, 3238631853, 875367934, 5, 'Geisha Bloom', 8888),
	(397, 1, 2437626283, 2482605544, 5, 'Michael and Amanda', 5555),
	(398, 1, 3093597567, 422776101, 5, 'Fuck Luck Color', 6666),
	(399, 2, 598190139, 1161856504, 5, 'Brotherhood', 7777),
	(400, 2, 2896097998, 3993739909, 5, 'Triangle Black', 8888),
	(401, 2, 4054732749, 1779534675, 5, 'Mum', 6145),
	(402, 2, 4054732749, 1648112645, 5, 'Skull Chain', 7532),
	(403, 2, 1841427399, 1484369541, 5, 'Skull Bauble', 8937),
	(404, 2, 3093597567, 555692245, 5, 'Death Before Dishonor', 6842),
	(405, 2, 2926609843, 1517860551, 5, 'Music Locker', 8276),
	(406, 2, 4292880523, 2944471331, 5, 'Dollar Sign', 9221),
	(407, 2, 4054732749, 4121678705, 5, 'These Colors Don\'t Run', 6110),
	(408, 2, 2437626283, 887869022, 5, 'Virgin Mary', 7890),
	(409, 2, 598190139, 3893611420, 5, 'Dragons and Skull', 6734),
	(410, 2, 4054732749, 872613482, 5, 'Lady Mortality', 7243),
	(411, 2, 3238631853, 1697138602, 5, 'Mermaid Harpist', 9271),
	(412, 2, 2437626283, 4180095993, 5, 'Indian Ram', 6009),
	(413, 2, 2575696819, 1987172386, 5, 'Tribal Sun', 7652),
	(414, 2, 4292880523, 3168924648, 5, 'Green', 8945),
	(415, 2, 987639353, 961498856, 5, 'Snake Revolver', 7823),
	(416, 2, 2575696819, 472458130, 5, 'Crevis Yellow Down Jacket', 5349),
	(417, 2, 2926609843, 1600841937, 5, 'Headphone Splat', 7935),
	(418, 2, 2437626283, 1927683058, 5, 'Chop', 8437),
	(419, 2, 1026837500, 1448723789, 5, 'Arachnid of Death', 6562),
	(420, 2, 3093597567, 427888057, 5, 'You\'re Next Color', 7732),
	(421, 2, 601646824, 2829241526, 5, 'Zombie Rhymes', 6093),
	(422, 3, 1926256505, 3503125668, 5, 'Celtic Band', 8489),
	(423, 3, 2437626283, 2834040281, 5, 'Fiery Dragon', 7942),
	(424, 3, 3093597567, 3300816913, 5, 'Snake Outline', 6651),
	(425, 3, 1841427399, 2400061139, 5, 'Sailor Fuku Killer', 7260),
	(426, 3, 2896097998, 43105745, 5, 'Single Arrow', 5820),
	(427, 3, 2896097998, 254662409, 5, 'Bone', 6292),
	(428, 3, 1926256505, 2209775669, 5, 'Muscle Tear', 8382),
	(429, 3, 1841427399, 333732542, 5, 'Orang-O-Tang Gray', 6758),
	(430, 3, 2437626283, 2293654313, 5, 'Muertos', 7639),
	(431, 3, 2437626283, 2363480648, 5, 'Tribal', 5907),
	(432, 3, 598190139, 3166827769, 5, 'Dragons', 7901),
	(433, 3, 987639353, 198423431, 5, 'Angel & Devil', 6834),
	(434, 3, 4292880523, 4119408063, 5, 'Crew Emblem', 8742),
	(435, 3, 1026837500, 488078687, 5, 'Coffin Racer', 7637),
	(436, 3, 2896097998, 1285643631, 5, 'Pencil', 6276),
	(437, 3, 2926609843, 1323679985, 5, 'Still Slipping', 7174),
	(438, 3, 1026837500, 1531050226, 5, 'Seductive Mechanic', 9386),
	(439, 3, 598190139, 1913052480, 5, 'Virgin Mary', 6548),
	(440, 3, 987639353, 2071346161, 5, 'Demon Smile', 7580),
	(441, 3, 1026837500, 3452267707, 5, 'One Down Five Up', 5884),
	(442, 3, 484754152, 3286604016, 5, 'Intrometric', 8968),
	(443, 3, 3278445300, 1942093304, 5, 'Stylized Kraken', 6121),
	(444, 3, 598190139, 1984423066, 5, 'Flower Mural', 7659),
	(445, 4, 2896097998, 384168721, 5, 'Horseshoe', 7098),
	(446, 4, 1926256505, 2180650139, 5, 'Feather Sleeve', 8432),
	(447, 4, 3319439855, 1963590204, 5, 'Engulfed Block', 6751),
	(448, 4, 4054732749, 2066668749, 5, 'Snake Bike', 7025),
	(449, 4, 2437626283, 1495069379, 5, 'Broken Skull', 7274),
	(450, 4, 1529191571, 3618899888, 5, 'Black Tears', 8341),
	(451, 4, 484754152, 1498524677, 5, 'Heavenly Deity', 7761),
	(452, 4, 4054732749, 1593302778, 5, 'Grim Rider', 6598),
	(453, 4, 2896097998, 1851597906, 5, 'Shapes', 7286),
	(454, 4, 1347816957, 1928040960, 5, 'Queen of Roses', 6391),
	(455, 4, 3093597567, 3425142503, 5, 'Snake Shaded', 6697),
	(456, 4, 2896097998, 1332405298, 5, 'Eye Triangle', 5714),
	(457, 4, 598190139, 241827374, 5, 'Ride or Die', 7028),
	(458, 4, 4054732749, 2054090970, 5, 'Eagle Emblem', 6631),
	(459, 4, 2926609843, 363449858, 5, 'Jellyfish Shades', 7833),
	(460, 4, 3238631853, 1366782677, 5, 'Floral Raven', 7112),
	(461, 4, 1529191571, 2048866271, 5, 'Loving Los Muertos', 6227),
	(462, 4, 1099237437, 415613526, 5, 'Hot Rod Creep', 8065),
	(463, 4, 2926609843, 2486059226, 5, 'Tropical Dude', 7320),
	(464, 4, 1347816957, 1894755292, 5, 'The Gambler\'s Life', 6769),
	(465, 4, 484754152, 2049704410, 5, 'Floral Print', 7749),
	(466, 4, 2437626283, 2861152660, 5, 'Family is Forever', 7995),
	(467, 4, 987639353, 4151803387, 5, 'Centipede', 7858),
	(468, 5, 2896097998, 3600180699, 5, 'Cube', 5677),
	(469, 5, 598190139, 2327770614, 5, 'Grim Reaper Smoking Gun', 6834),
	(470, 5, 2926609843, 1776742514, 5, 'Shark Water', 6221),
	(471, 5, 2896097998, 3290549642, 5, 'Spray Can', 8190),
	(472, 5, 1926256505, 1886796781, 5, 'Spartan Mural', 6956),
	(473, 5, 3319439855, 2056773549, 5, 'Mechanical Sleeve', 7886),
	(474, 5, 987639353, 1646544183, 5, 'Nothing Mini About It', 8535),
	(475, 5, 4292880523, 1936646403, 5, 'Dollar Skull', 8451),
	(476, 5, 3319439855, 893288510, 5, 'Dialed In', 7589),
	(477, 5, 601646824, 2526351470, 5, 'Hood Skeleton', 6012),
	(478, 5, 1347816957, 636926663, 5, 'Lady Luck', 8551),
	(479, 5, 598190139, 2834677325, 5, 'Dagger', 6719),
	(480, 5, 1616273011, 2773834007, 5, 'Combat Reaper', 6890),
	(481, 5, 1026837500, 2364404600, 5, 'Biker Stallion', 7647),
	(482, 5, 2896097998, 523240077, 5, 'Smiley', 7023),
	(483, 5, 2437626283, 3835592545, 5, 'Mother', 7125),
	(484, 5, 2926609843, 2693746628, 5, 'LSUR', 8031),
	(485, 5, 987639353, 353900145, 5, 'Weapon Sleeve', 9118),
	(486, 5, 987639353, 3994666259, 5, 'Death Is Certain', 5704),
	(487, 5, 2926609843, 1549429693, 5, 'Lighthouse', 7312),
	(488, 5, 1616273011, 2480813839, 5, 'Have a Nice Day', 7303),
	(489, 5, 1926256505, 3383962959, 5, 'Samurai Tallship', 5866),
	(490, 5, 1841427399, 1981748779, 5, 'Orang-O-Tang Dude', 7675),
	(491, 6, 1841427399, 1192192191, 5, 'Bony Snowman', 7139),
	(492, 6, 598190139, 1873071312, 5, 'Lion', 8311),
	(493, 6, 601646824, 2317186020, 5, 'Peacock', 7934),
	(494, 6, 987639353, 616650319, 5, 'Armored Arm', 7048),
	(495, 6, 1529191571, 3435105851, 5, 'Lady Vamp', 8107),
	(496, 6, 2437626283, 1788721969, 5, 'Flower Mural', 8550),
	(497, 6, 3093597567, 651012186, 5, 'Fuck Luck Outline', 6710),
	(498, 6, 1347816957, 2024824081, 5, 'Skull & Aces', 7213),
	(499, 6, 2896097998, 2641166089, 5, 'Geo Pattern', 8365),
	(500, 6, 2926609843, 4034129494, 5, 'K.U.L.T. 99.1 FM', 6556),
	(501, 6, 1616273011, 3511324146, 5, 'Grenade', 7563),
	(502, 6, 62137527, 3742608980, 5, 'Seductress', 8714),
	(503, 6, 1099237437, 3686449580, 5, 'Turbo Hiss', 5912),
	(504, 6, 598190139, 2942260936, 5, 'Serpent Skull', 6235),
	(505, 6, 1926256505, 662247816, 5, 'Tiger Headdress', 9213),
	(506, 6, 987639353, 1530921811, 5, 'Fleshy Eye', 5347),
	(507, 6, 4054732749, 765481743, 5, 'Swooping Eagle', 8456),
	(508, 6, 601646824, 617185793, 5, 'Dog Fist', 7542),
	(509, 6, 2896097998, 3593204390, 5, 'Mesh Band', 6021),
	(510, 6, 1926256505, 1745422723, 5, 'Medusa', 7954),
	(511, 6, 2575696819, 1659530389, 5, 'Tribal Fish', 6958),
	(512, 6, 598190139, 1961222910, 5, 'Mermaid', 6031),
	(513, 6, 601646824, 3730715753, 5, 'Ballas 4 Life', 8652),
	(514, 6, 3278445300, 146774245, 5, 'Crackshot', 7021),
	(515, 1, 1841427399, 614061793, 7, 'B\'Donk Now Crank It Later', 6389),
	(516, 1, 4054732749, 1396060544, 7, 'American Made', 7946),
	(517, 1, 1347816957, 3380260329, 7, 'Cash is King', 5312),
	(518, 1, 987639353, 771524262, 7, 'Blue Serpent', 7824),
	(519, 1, 1841427399, 2049783993, 7, 'Erupting Skeleton', 8327),
	(520, 1, 4054732749, 402539085, 7, 'Western Insignia', 7054),
	(521, 1, 62137527, 1522216340, 7, 'Ink Me', 5087),
	(522, 1, 1026837500, 3273115719, 7, 'Demon Spark Plug', 8734),
	(523, 1, 598190139, 3397452131, 7, 'Broken Skull', 6723),
	(524, 2, 1841427399, 1295905014, 7, 'Jack Me', 5978),
	(525, 2, 987639353, 4035174728, 7, 'Smoldering Reaper', 8111),
	(526, 2, 1099237437, 3625490375, 7, 'Crank Head', 7764),
	(527, 2, 1026837500, 2931548643, 7, 'Brake Knife', 9123),
	(528, 2, 2437626283, 3186352568, 7, 'Tiki pinup', 8376),
	(529, 2, 598190139, 1179482658, 7, 'Indian Ram', 5078),
	(530, 2, 3238631853, 1773674262, 7, 'Elaborate Los Muertos', 6489),
	(531, 2, 1616273011, 820296726, 7, 'Restless Skull', 7190),
	(532, 2, 2575696819, 3583843390, 7, 'School of Fish', 7587),
	(533, 3, 598190139, 4081016755, 7, 'Fiery Dragon', 6782),
	(534, 3, 598190139, 2142924027, 7, 'Flaming Scorpion', 5241),
	(535, 3, 1099237437, 210171932, 7, 'Voodoo Skyline', 8321),
	(536, 3, 3093597567, 3283154198, 7, 'Floral Dagger', 7693),
	(537, 3, 2896097998, 1415278623, 7, 'Grub', 5023),
	(538, 3, 987639353, 1451131228, 7, 'Skull Grenade', 8187),
	(539, 3, 598190139, 3231480130, 7, 'Tribal', 6640),
	(540, 3, 598190139, 2537197293, 7, 'Skull and Sword', 7975),
	(541, 3, 1026837500, 2558127479, 7, 'Piston Angel', 6423),
	(542, 4, 2437626283, 2836763331, 7, 'Love to Hate', 8510),
	(543, 4, 4054732749, 1887452986, 7, 'Dragon\'s Fury', 7993),
	(544, 4, 2437626283, 1585118879, 7, 'Freedom', 8123),
	(545, 4, 1026837500, 2664317299, 7, 'Severed Hand', 7678),
	(546, 4, 2575696819, 2007087579, 7, 'Tribal Tiki Tower', 5934),
	(547, 4, 1099237437, 1894920198, 7, 'Sugoi Flames', 7199),
	(548, 4, 3278445300, 4163385587, 7, 'Homeward Bound', 5976),
	(549, 4, 598190139, 614909121, 7, 'The Warrior', 8289),
	(550, 4, 987639353, 2707702472, 7, 'Night Demon', 6775),
	(551, 5, 2437626283, 1073893826, 7, 'Flaming Scorpion', 8031),
	(552, 5, 1841427399, 886727521, 7, 'Gingerbread Steed', 9024),
	(553, 5, 601646824, 2227948387, 7, 'Bandana Knife', 8012),
	(554, 5, 4054732749, 1845793118, 7, 'Dusk Rider', 5314),
	(555, 5, 2437626283, 2012881910, 7, 'Trust No One', 5468),
	(556, 5, 1026837500, 1362374839, 7, 'Praying Gloves', 7472),
	(557, 5, 1616273011, 673922718, 7, 'Combat Skull', 9211),
	(558, 5, 3931095891, 2782539888, 7, 'Kifflom', 8643),
	(559, 5, 62137527, 3319432886, 7, 'Dance of Hearts', 7641),
	(560, 6, 4054732749, 4290543133, 7, 'STFU', 5383),
	(561, 6, 598190139, 4073640738, 7, 'Flaming Skull', 7098),
	(562, 6, 484754152, 956061600, 7, 'Starmetric', 7071),
	(563, 6, 2926609843, 2673862584, 7, 'Skullphones', 8256),
	(564, 6, 4292880523, 4144108005, 7, 'Diamond Crown', 7852),
	(565, 6, 987639353, 1418906858, 7, 'Three-eyed Demon', 6789),
	(566, 6, 2437626283, 3066012580, 7, 'Melting Skull', 5012),
	(567, 6, 1026837500, 2462186424, 7, 'Wheelie Mouse', 6132),
	(568, 6, 1529191571, 2766501723, 7, 'San Andreas Prayer', 7447),
	(569, 1, 601646824, 3463120940, 7, 'Graffiti Skull', 8647),
	(570, 2, 2896097998, 2861079424, 7, 'Sparkplug', 5166),
	(571, 3, 1616273011, 1173525590, 7, 'Pistol Ace', 6556),
	(572, 4, 987639353, 3014760659, 7, 'Gold Gun', 7842),
	(573, 5, 1026837500, 1848661824, 7, 'Speed Freak', 5982),
	(574, 1, 1926256505, 388715677, 1, 'Thor & Goblin', 7121),
	(575, 1, 987639353, 2967600594, 1, 'Smoking Barrel', 5241),
	(576, 1, 1926256505, 946610385, 1, 'Strike Force', 9012),
	(577, 1, 4292880523, 1198780358, 1, 'Love Money', 7974),
	(578, 1, 2896097998, 3106715816, 1, 'Cassette', 5836),
	(579, 1, 987639353, 3625580259, 1, 'Carved Pumpkin', 6301),
	(580, 1, 2575696819, 494620709, 1, 'Tribal Hammerhead', 8342),
	(581, 1, 2896097998, 4024572018, 1, 'Chemistry', 7086),
	(582, 1, 4054732749, 1200380295, 1, 'Reaper Vulture', 5482),
	(583, 1, 3278445300, 3751426808, 1, 'Bless The Dead', 5947),
	(584, 1, 4054732749, 1878368697, 1, 'Brotherhood of Bikes', 6675),
	(585, 1, 4292880523, 827974775, 1, 'Rich', 5055),
	(586, 1, 4054732749, 496410473, 1, 'Faggio', 8326),
	(587, 1, 4054732749, 1610045630, 1, 'Skeletal Chopper', 6289),
	(588, 1, 3931095891, 2657242175, 1, 'LS Panic', 5496),
	(589, 1, 1841427399, 1797082704, 1, 'Rabbit', 6647),
	(590, 1, 3093597567, 929455459, 1, 'Time To Die', 6557),
	(591, 1, 1099237437, 3742586880, 1, 'Engine Heart', 8261),
	(592, 1, 1841427399, 2174184146, 1, 'Herbal Bouquet', 5031),
	(593, 1, 1926256505, 3433822703, 1, 'Spartan Skull', 5325),
	(594, 2, 1616273011, 2499759140, 1, 'Dollar Daggers', 8253),
	(595, 2, 3238631853, 77285961, 1, 'Flying Eye', 8124),
	(596, 2, 1841427399, 61080464, 1, 'Ox', 7051),
	(597, 2, 1841427399, 2672895317, 1, 'Pig', 5432),
	(598, 2, 1347816957, 3948836842, 1, 'Blood Money', 6169),
	(599, 2, 1185637852, 2817495570, 1, 'Turbulence', 5243),
	(600, 2, 1841427399, 3725467523, 1, 'Dog', 6234),
	(601, 2, 484754152, 3498148572, 1, 'Cobra Dawn', 6032),
	(602, 2, 987639353, 3740126418, 1, 'Bullet Mouth', 7386),
	(603, 2, 3238631853, 810154442, 1, 'Eye of the Griffin', 8425),
	(604, 2, 62137527, 1830069972, 1, 'Love Gamble', 7261),
	(605, 2, 62137527, 2206772672, 1, 'Royal Takeover', 6377),
	(606, 2, 1841427399, 3395942659, 1, 'Rooster', 7842),
	(607, 2, 1026837500, 130721536, 1, 'Sugar Skull Trucker', 7452),
	(608, 2, 1529191571, 2765566124, 1, 'Death Behind', 5372),
	(609, 2, 2575696819, 939412564, 1, 'Anchor', 8452),
	(610, 2, 4292880523, 1198780358, 1, 'Love Money', 6423),
	(611, 2, 1926256505, 2846397379, 1, 'Native Warrior', 7393),
	(612, 2, 3093597567, 3878861853, 1, 'Loose Lips Outline', 6811),
	(613, 2, 4054732749, 105835401, 1, 'Bone Wrench', 8022),
	(614, 3, 4054732749, 3508235245, 1, 'Western Eagle', 8794),
	(615, 3, 3278445300, 2472790513, 1, 'Lost At Sea', 5207),
	(616, 3, 1026837500, 2477324465, 1, 'Vintage Bully', 6831),
	(617, 3, 1026837500, 3577754752, 1, 'Punk Road Hog', 5613),
	(618, 3, 601646824, 3617458360, 1, 'King of the Jungle', 9789),
	(619, 3, 3931095891, 2714014597, 1, 'LS City', 8051),
	(620, 3, 2575696819, 800453786, 1, 'Tribal Shark', 6093),
	(621, 3, 987639353, 2901333081, 1, 'Swords & City', 8642),
	(622, 3, 4292880523, 1595162603, 1, '$$$', 5268),
	(623, 3, 1026837500, 2659787169, 1, 'Punk Biker', 7352),
	(624, 3, 1841427399, 1006005360, 1, 'Snake', 7824),
	(625, 3, 3238631853, 3399860945, 1, 'Smoking Sisters', 6479),
	(626, 3, 1841427399, 3455201003, 1, 'Cash Krampus', 5137),
	(627, 3, 1841427399, 1167984459, 1, 'Dragon', 7543),
	(628, 3, 1841427399, 2469825501, 1, 'Rat', 6377),
	(629, 3, 3093597567, 4246988799, 1, 'Loose Lips Color', 7358),
	(630, 3, 1841427399, 1959890413, 1, 'Monkey', 5267),
	(631, 3, 1099237437, 1407722254, 1, 'Benefactor Demon', 9674),
	(632, 3, 1841427399, 2999273725, 1, 'Goat', 5421),
	(633, 3, 1347816957, 2368753660, 1, 'Royal Flush', 7458),
	(634, 4, 484754152, 907364848, 1, 'The Howler', 6013),
	(635, 4, 1529191571, 2792709690, 1, 'Lady Liberty', 8532),
	(636, 4, 4054732749, 462780886, 1, 'We Are The Mods!', 7202),
	(637, 4, 1529191571, 3748817012, 1, 'Royal Kiss', 5183),
	(638, 4, 4054732749, 1246243345, 1, 'Demon Rider', 6912),
	(639, 4, 3093597567, 2397965201, 1, 'Lizard', 8741),
	(640, 4, 484754152, 816551665, 1, 'Reaper Sway', 7683),
	(641, 4, 62137527, 990079224, 1, 'Gun Mic', 6214),
	(642, 4, 62137527, 2119761078, 1, 'King Fight', 8761),
	(643, 4, 2575696819, 1187637739, 1, 'Anchor', 5442),
	(644, 4, 1026837500, 2659787169, 1, 'Punk Biker', 7025),
	(645, 4, 1529191571, 2792709690, 1, 'Lady Liberty', 8347),
	(646, 4, 3093597567, 2397965201, 1, 'Lizard', 7521),
	(647, 4, 3931095891, 1329111213, 1, 'Dignity', 8924),
	(648, 4, 3931095891, 1623611883, 1, 'Davis', 5793),
	(649, 4, 4292880523, 434115743, 1, 'High Roller', 6361),
	(650, 4, 4292880523, 665432114, 1, 'Makin\' Money', 7239),
	(651, 4, 3278445300, 2048147896, 1, 'No Honor', 8701),
	(652, 4, 3278445300, 3325552056, 1, 'Dead Tales', 6231),
	(653, 4, 3093597567, 3936764676, 1, 'Royal Dagger Outline', 7735),
	(654, 5, 987639353, 1375513921, 1, 'Shrieking Dragon', 8517),
	(655, 5, 4054732749, 3224167131, 1, 'Gruesome Talons', 6510),
	(656, 5, 1099237437, 3431160951, 1, 'Futo Smoke', 6208),
	(657, 5, 1616273011, 4240712565, 1, 'Dog Tags', 5691),
	(658, 5, 1841427399, 664811465, 1, 'Dudes', 5872),
	(659, 5, 1616273011, 2453340107, 1, 'Crowned Weapons', 8794),
	(660, 5, 4054732749, 3518718614, 1, 'Demon Crossbones', 7482),
	(661, 5, 4054732749, 3191839676, 1, 'American Dream', 6081),
	(662, 5, 601646824, 2511052541, 1, 'All From The Same Tree', 7263),
	(663, 5, 601646824, 2492215418, 1, 'Night Owl', 6351),
	(664, 5, 3093597567, 547139312, 1, 'Royal Dagger Color', 8379),
	(665, 5, 1099237437, 2664015100, 1, 'Widowmaker', 5907),
	(666, 5, 1841427399, 2678663608, 1, 'Killer', 7601),
	(667, 5, 2926609843, 2696729760, 1, 'Techno Glitch', 7162),
	(668, 5, 1841427399, 2133781634, 1, 'Two Headed Beast', 7012),
	(669, 5, 4054732749, 873283678, 1, 'Western MC', 5156),
	(670, 5, 4054732749, 463561930, 1, 'Both Barrels', 5228),
	(671, 5, 4054732749, 253771760, 1, 'Unforgiven', 6482),
	(672, 5, 1347816957, 1352224647, 1, 'Lucky 7s', 8403),
	(673, 5, 1026837500, 2330000013, 1, 'Wheels of Death', 7536),
	(674, 6, 987639353, 1252162605, 1, 'Winged Skull', 8295),
	(675, 6, 1347816957, 2137077332, 1, 'In the Pocket', 5557),
	(676, 6, 1841427399, 849986267, 1, 'Fooligan Jester', 7891),
	(677, 6, 4054732749, 2330238560, 1, 'No Regrets', 6287),
	(678, 6, 1616273011, 1082588124, 1, 'Micro SMG Chain', 8001),
	(679, 6, 1841427399, 858185772, 1, 'Tiger', 7548),
	(680, 6, 987639353, 3167825681, 1, 'Branched Werewolf', 7732),
	(681, 6, 1841427399, 3629627867, 1, 'Horse', 7311),
	(682, 6, 4054732749, 2743635327, 1, 'Made In America', 6923),
	(683, 6, 2926609843, 2836096187, 1, 'Paradise Sirens', 8942),
	(684, 6, 2896097998, 1836261422, 1, 'Boombox', 7984),
	(685, 6, 2896097998, 524387820, 1, 'Stag', 6502),
	(686, 6, 3238631853, 711811694, 1, 'Ancient Queen', 5318),
	(687, 6, 2575696819, 497719213, 1, 'Los Santos Wreath', 6079),
	(688, 6, 1841427399, 1695397479, 1, 'Vile Smile', 6882),
	(689, 6, 987639353, 1308189746, 1, 'Smouldering Bat & Skull', 5421),
	(690, 6, 62137527, 3081835584, 1, 'Holy Mary', 7956),
	(691, 6, 484754152, 3356641015, 1, 'Geometric Galaxy', 7349),
	(692, 6, 1926256505, 1384666834, 1, 'Medusa\'s Gaze', 5381),
	(693, 6, 1026837500, 1567227108, 1, 'Ram Skull', 7429),
	(694, 1, 2575696819, 2493111758, 2, 'Swordfish', 8567),
	(695, 1, 4292880523, 3088129781, 2, 'Santo Capra Logo', 5992),
	(696, 1, 2896097998, 1395583642, 2, 'Sad', 8623),
	(697, 1, 2896097998, 2091368679, 2, 'Sewn Heart', 5296),
	(698, 1, 2575696819, 3202297851, 2, 'Swallow', 7243),
	(699, 1, 3093597567, 1630543134, 2, 'Executioner', 7061),
	(700, 1, 2575696819, 3813898467, 2, 'Dolphin', 6024),
	(701, 1, 4292880523, 3169944784, 2, 'Refined Hustler', 6789),
	(702, 2, 4292880523, 3108774251, 2, 'Diamond Back', 7245),
	(703, 2, 2575696819, 3390818517, 2, 'Crevis Red Down Jacket', 8012),
	(704, 2, 4292880523, 2781313634, 2, 'Money Bag', 5623),
	(705, 2, 987639353, 3429481365, 2, 'Concealed', 9031),
	(706, 2, 2575696819, 2970948711, 2, 'Hibiscus Flower', 6482),
	(707, 2, 3931095891, 4162273951, 2, 'Fatal Incursion', 7241),
	(708, 2, 3931095891, 2156244120, 2, 'Ladybug', 7612),
	(709, 2, 1185637852, 113768799, 2, 'Bombs Away', 8293),
	(710, 3, 1616273011, 3837214976, 2, 'Win Some Lose Some', 5712),
	(711, 3, 4054732749, 2088424900, 2, 'Gear Head', 6894),
	(712, 3, 1099237437, 250370184, 2, 'Sabre Turbo Eyes', 6321),
	(713, 3, 4054732749, 2051301469, 2, 'Web Rider', 7543),
	(714, 3, 601646824, 1902792892, 2, 'Davis Flames', 6821),
	(715, 3, 1347816957, 2962006719, 2, 'Rose & Aces', 5112),
	(716, 3, 3278445300, 4038930773, 2, 'See You In Hell', 7963),
	(717, 3, 601646824, 1701469496, 2, 'Beatbox Silhouette', 7372),
	(718, 4, 987639353, 4771763, 2, 'Angry Possum', 6432),
	(719, 4, 4054732749, 1923135102, 2, 'Skull Of Taurus', 5792),
	(720, 4, 4054732749, 737220320, 2, 'Gas Guzzler', 8042),
	(721, 4, 1026837500, 933419071, 2, 'Bat Cat of Spades', 7082),
	(722, 4, 3278445300, 3855904941, 2, 'Dead Lies', 5278),
	(723, 4, 1099237437, 1420701277, 2, 'Fooligan Hellfire', 7581),
	(724, 4, 1841427399, 1945952264, 2, 'Powwer', 6329),
	(725, 4, 3278445300, 928781515, 2, 'Jolly Roger', 6952),
	(726, 5, 987639353, 2110340445, 2, 'Floral Demon', 7642),
	(727, 5, 987639353, 1463788634, 2, 'Cursed Saki', 6142),
	(728, 5, 4054732749, 959314664, 2, 'Biker Mount', 7992),
	(729, 5, 2926609843, 3794920998, 2, 'Radio Tape', 5372),
	(730, 5, 1841427399, 3554588790, 2, 'All In One Night', 6023),
	(731, 5, 1347816957, 2906073001, 2, 'Cash Mouth', 7254),
	(732, 5, 1841427399, 3625447152, 2, 'Demon Skull Jester', 5061),
	(733, 5, 1099237437, 267103993, 2, 'Turbo Dragon', 8456),
	(734, 6, 1099237437, 4077533068, 2, 'Hot Rod Demon', 7652),
	(735, 6, 3238631853, 1027059614, 2, 'Abstract Skull', 6491),
	(736, 6, 987639353, 1909139465, 2, 'Blaine County', 7823),
	(737, 6, 1926256505, 3878250084, 2, 'Spartan Warrior', 5934),
	(738, 6, 2926609843, 421656072, 2, 'Skeleton Breeze', 6771),
	(739, 6, 1347816957, 3316498555, 2, 'Gambling Royalty', 5942),
	(740, 6, 1616273011, 3872053927, 2, 'Cash Money', 7632),
	(741, 6, 1529191571, 3937500408, 2, 'Two Face', 5782),
	(742, 6, 1347816957, 4018221334, 2, 'Skull of Suits', 8021),
	(743, 1, 4292880523, 717727185, 3, 'Respect', 7623),
	(744, 1, 2896097998, 1157448359, 3, 'Crossed Arrows', 6282),
	(745, 1, 2896097998, 3202106659, 3, 'Paper Plane', 5482),
	(746, 1, 1616273011, 133895676, 3, 'Bullet Proof', 6862),
	(747, 1, 1926256505, 3061120706, 3, 'Kabuto', 5282),
	(748, 1, 2896097998, 3634460845, 3, 'Skateboard', 8142),
	(749, 1, 2896097998, 3925514555, 3, 'Infinity', 7982),
	(750, 1, 2896097998, 4205853350, 3, 'Antlers', 6452),
	(751, 1, 2896097998, 823174734, 3, 'Pyramid', 5278),
	(752, 1, 1926256505, 1472355612, 3, 'Spartan Shield', 5932),
	(753, 1, 987639353, 2772939539, 3, 'Painted Micro SMG', 7261),
	(754, 1, 2896097998, 1782520810, 3, 'Shark Fin', 7421),
	(755, 1, 2575696819, 3001218220, 3, 'Shrimp', 6852),
	(756, 1, 2896097998, 3046354774, 3, 'Watch Your Step', 8062),
	(757, 1, 4292880523, 1560551467, 3, 'Makin\' Paper', 6572),
	(758, 1, 1926256505, 3066797730, 3, 'Norse Rune', 5782),
	(759, 1, 4292880523, 1058197095, 3, 'Gold Digger', 7892),
	(760, 1, 1616273011, 1306824915, 3, 'Pistol Wings', 6082),
	(761, 1, 1926256505, 2040691909, 3, 'Odin & Raven', 6023),
	(762, 1, 1926256505, 19369937, 3, 'Weathered Skull', 6278),
	(763, 1, 1616273011, 112211142, 3, 'Dual Wield Skull', 5382),
	(764, 1, 2149853087, 450544862, 3, '???', 5872),
	(765, 1, 2575696819, 2143620721, 3, 'Rock Solid', 7482),
	(766, 1, 1926256505, 2763611865, 3, 'Samurai Combat', 7251),
	(767, 1, 2896097998, 3404684333, 3, 'Triangles', 7941),
	(768, 2, 1616273011, 2254739093, 3, 'Crossed Weapons', 6072),
	(769, 2, 4054732749, 682382693, 3, 'Chopper Freedom', 7522),
	(770, 2, 1026837500, 195356001, 3, 'Feather Road Kill', 5922),
	(771, 2, 1185637852, 3644041061, 3, 'Pilot Skull', 6312),
	(772, 2, 1616273011, 2929051212, 3, 'Butterfly Knife', 6382),
	(773, 2, 4054732749, 3849147253, 3, 'Clawed Beast', 5712),
	(774, 2, 987639353, 3252813731, 3, 'Weapon King', 7852),
	(775, 2, 3278445300, 4132551387, 3, 'Finders Keepers', 7832),
	(776, 2, 1347816957, 2125316672, 3, 'Snake Eyes', 6852),
	(777, 2, 3319439855, 3110235257, 3, 'Take the Wheel', 7182),
	(778, 2, 601646824, 2507545019, 3, 'Blessed Boombox', 6762),
	(779, 2, 1099237437, 720263734, 3, 'Rearview', 6032),
	(780, 2, 3093597567, 3986835932, 3, 'Carp Shaded', 5282),
	(781, 2, 3319439855, 34276608, 3, 'Power Plant', 5642),
	(782, 2, 2896097998, 423819507, 3, 'Tooth', 6892),
	(783, 2, 3319439855, 3790954557, 3, 'Block Back', 7462),
	(784, 2, 1347816957, 3471993389, 3, 'The Table', 5772),
	(785, 2, 601646824, 3411258666, 3, 'Chamberlain Hills', 7512),
	(786, 2, 1841427399, 149146367, 3, 'Fatal Incursion Outline', 5872),
	(787, 2, 62137527, 859320876, 3, 'Love is Blind', 6242),
	(788, 2, 3278445300, 1376322385, 3, 'Pirate Captain', 7922),
	(789, 2, 987639353, 2575638837, 3, 'Charm Pattern', 6792),
	(790, 2, 3319439855, 2206744097, 3, 'Tuned to Death', 5422),
	(791, 2, 1026837500, 941227127, 3, 'Big Grills', 7622),
	(792, 2, 601646824, 2778182083, 3, 'Dollar Guns Crossed', 6912),
	(793, 3, 4054732749, 3330059108, 3, 'R.I.P. My Brothers', 7982),
	(794, 3, 3278445300, 2483818209, 3, 'Tall Ship Conflict', 8052),
	(795, 3, 2926609843, 156816089, 3, 'Speaker Tower', 7822),
	(796, 3, 1026837500, 2575423754, 3, 'Road Kill', 7052),
	(797, 3, 4054732749, 1094179010, 3, 'Freedom Wheels', 7822),
	(798, 3, 3278445300, 3223088199, 3, 'Never Surrender', 7932),
	(799, 3, 3278445300, 4107181384, 3, 'Give Nothing Back', 6922),
	(800, 3, 4054732749, 84849272, 3, 'Ride Forever', 6072),
	(801, 3, 601646824, 2057657792, 3, 'Smoking Barrels', 9452),
	(802, 3, 2926609843, 1040102774, 3, 'Record Shot', 5702),
	(803, 3, 3278445300, 2537526450, 3, 'Skull Compass', 7128),
	(804, 3, 62137527, 549954933, 3, 'Bad Angel', 8245),
	(805, 3, 987639353, 1159159158, 3, 'Gray Demon', 6567),
	(806, 3, 1026837500, 374349467, 3, 'Man\'s Ruin', 9023),
	(807, 3, 2926609843, 3249777721, 3, 'Record Head', 7389),
	(808, 3, 1347816957, 3483450103, 3, 'Play Your Ace', 6321),
	(809, 3, 601646824, 1295072992, 3, 'Los Santos Tag', 8134),
	(810, 3, 3278445300, 1678423640, 3, 'Claimed By The Beast', 6945),
	(811, 3, 3278445300, 1482211094, 3, 'X Marks The Spot', 7793),
	(812, 3, 1347816957, 3748594345, 3, 'Life\'s a Gamble', 5623),
	(813, 3, 601646824, 78521724, 3, 'Hood Heart', 7021),
	(814, 3, 1347816957, 1505585597, 3, 'Till Death Do Us Part', 8612),
	(815, 3, 3093597567, 3661636376, 3, 'Carp Outline', 7532),
	(816, 3, 3278445300, 181399885, 3, 'Torn Wings', 6971),
	(817, 3, 1347816957, 652305392, 3, 'Roll the Dice', 8292),
	(818, 4, 1099237437, 4056849373, 3, 'V8 Demon', 6942),
	(819, 4, 1616273011, 4248706915, 3, 'Explosive Heart', 5782),
	(820, 4, 3931095891, 1760547084, 3, 'LS Shield', 8021),
	(821, 4, 1347816957, 2735823101, 3, 'The Jolly Joker', 5112),
	(822, 4, 1185637852, 1605199232, 3, 'Parachute Belle', 6954),
	(823, 4, 1841427399, 1443877076, 3, 'Demon Stitches', 7581),
	(824, 4, 1026837500, 4269240224, 3, 'Full Throttle', 6329),
	(825, 4, 987639353, 4163690423, 3, 'Sniff Sniff', 6952),
	(826, 4, 2575696819, 1056297333, 3, 'Ship Arms', 8456),
	(827, 4, 3278445300, 3407610657, 3, 'Framed Tall Ship', 7182),
	(828, 4, 1347816957, 4080114242, 3, 'Show Your Hand', 5278),
	(829, 4, 3931095891, 1521235675, 3, 'Mount Chiliad', 7582),
	(830, 4, 1529191571, 826974918, 3, 'Reign Over', 5782),
	(831, 4, 1529191571, 401532197, 3, 'Dead Pretty', 6023),
	(832, 4, 2926609843, 2328495635, 3, 'Wild Dancers', 5282),
	(833, 4, 987639353, 571731574, 3, 'Witch & Skull', 5642),
	(834, 4, 1099237437, 3724966656, 3, 'Devil in the Back Seat', 6892),
	(835, 4, 3238631853, 216134256, 3, 'Adorned Wolf', 7422),
	(836, 4, 1841427399, 1425412708, 3, 'Masked Machete Killer', 6772),
	(837, 4, 2926609843, 3731130334, 3, 'Jackpot', 5942),
	(838, 4, 1926256505, 1945550351, 3, 'Ghost Dragon', 8062),
	(839, 4, 2575696819, 2808226100, 3, 'Sea Horses', 5422),
	(840, 4, 2926609843, 1745282779, 3, 'Rose Panther', 8021),
	(841, 4, 1841427399, 1946787145, 3, 'Many-Headed Beast', 5872),
	(842, 4, 1926256505, 1599340952, 3, 'Spartan & Horse', 6242),
	(843, 5, 1026837500, 2298171041, 3, 'Brapp', 7822),
	(844, 5, 1926256505, 4265059418, 3, 'Molon Labe', 7952),
	(845, 5, 2575696819, 2719306513, 3, 'Hibiscus Flower Duo', 6822),
	(846, 5, 4054732749, 1723966869, 3, 'Flaming Reaper', 5012),
	(847, 5, 3093597567, 2978173115, 3, 'Japanese Warrior', 5663),
	(848, 5, 1026837500, 2276937590, 3, 'Winged Wheel', 7254),
	(849, 5, 1841427399, 3416120087, 3, 'A Little Present For You', 5112),
	(850, 5, 1347816957, 3113091879, 3, '777', 7622),
	(851, 5, 987639353, 1760358896, 3, 'Sinner', 6789),
	(852, 5, 987639353, 2642079266, 3, 'Pumpkin Bug', 6891),
	(853, 5, 484754152, 266230635, 3, 'Geometric Design', 6423),
	(854, 5, 3931095891, 874964805, 3, 'Howitzer', 6063),
	(855, 5, 3093597567, 1904300216, 3, 'Roaring Tiger', 7282),
	(856, 5, 1185637852, 2762333887, 3, 'Balloon Pioneer', 7521),
	(857, 5, 1529191571, 788520303, 3, 'SA Assault', 6981),
	(858, 5, 1616273011, 2111374302, 3, 'Backstabber', 5122),
	(859, 5, 2926609843, 21830981, 3, 'Paradise Ukulele', 9062),
	(860, 5, 1099237437, 4267392215, 3, 'Gearhead', 8112),
	(861, 5, 3931095891, 3144788727, 3, 'Bigfoot', 5222),
	(862, 5, 1347816957, 373164468, 3, 'Wheel of Suits', 5232),
	(863, 5, 62137527, 283995288, 3, 'Sad Angel', 6932),
	(864, 5, 1841427399, 101084733, 3, 'Collector', 6832),
	(865, 5, 1026837500, 1520437442, 3, 'Majestic Finish', 5642),
	(866, 5, 1926256505, 1896039464, 3, 'Dragon Slayer', 6832),
	(867, 5, 484754152, 1232639216, 3, 'Cloaked Angel', 6932),
	(868, 6, 2926609843, 3075309328, 3, 'Tropical Sorcerer', 7532),
	(869, 6, 62137527, 3628335496, 3, 'Amazon', 6802),
	(870, 6, 1185637852, 3676649172, 3, 'Winged Bombshell', 7582),
	(871, 6, 3931095891, 4014745225, 3, 'Space Rangers', 6012),
	(872, 6, 2926609843, 1831667847, 3, 'Skull Surfer', 6954),
	(873, 6, 1347816957, 3731130334, 3, 'Jackpot', 7281),
	(874, 6, 3319439855, 2432050824, 3, 'Serpents of Destruction', 7382),
	(875, 6, 3238631853, 3428008581, 3, 'Feather Mural', 8032),
	(876, 6, 1099237437, 3095986321, 3, 'Dewbauchee Stylized', 6822),
	(877, 6, 3931095891, 2757646001, 3, 'Epsilon', 6052),
	(878, 6, 1926256505, 2444468219, 3, 'Spartan & Lion', 5642),
	(879, 6, 1099237437, 359488895, 3, 'Tempesta Girl', 5422),
	(880, 6, 3931095891, 1730799330, 3, 'Robot Bubblegum', 7432),
	(881, 6, 3319439855, 4151463841, 3, 'Talk Shit Get Hit', 5122),
	(882, 6, 1616273011, 573261452, 3, 'Wolf Insignia', 7082),
	(883, 6, 2575696819, 2049754822, 3, 'Catfish', 6922),
	(884, 6, 1529191571, 116964921, 3, 'Love the Game', 8242),
	(885, 6, 3931095891, 2666801262, 3, 'Bananas Gone Bad', 7052),
	(886, 6, 1185637852, 4027309874, 3, 'Eagle Eyes', 7422),
	(887, 6, 4054732749, 874268443, 3, 'Brothers For Life', 8322),
	(888, 6, 1026837500, 1878229535, 3, 'Racing Doll', 6122),
	(889, 6, 1347816957, 1857392409, 3, 'The Royals', 6882),
	(890, 6, 1026837500, 224191803, 3, 'Monkey Chopper', 6822),
	(891, 6, 1347816957, 2731637510, 3, 'Photo Finish', 9422),
	(892, 6, 2575696819, 2723563697, 3, 'Love Dagger', 7322),
	(893, 6, 598190139, 129664897, 3, 'Eagle and Serpent', 8252),
	(894, 6, 598190139, 3474954100, 2, 'Flaming Cross', 5422),
	(895, 6, 2437626283, 2326943501, 2, 'Ace', 8422),
	(896, 6, 2437626283, 2505862241, 2, 'Smiley', 7212);

-- Dumping structure for table pgrp.server_teams
CREATE TABLE IF NOT EXISTS `server_teams` (
  `id` int NOT NULL AUTO_INCREMENT,
  `name` varchar(255) CHARACTER SET armscii8 COLLATE armscii8_bin NOT NULL,
  `short_name` varchar(50) CHARACTER SET armscii8 COLLATE armscii8_bin NOT NULL,
  `position_id` int NOT NULL,
  `color_r` int NOT NULL,
  `color_g` int NOT NULL,
  `color_b` int NOT NULL,
  `blip_color` int NOT NULL,
  `type` int NOT NULL,
  `warns` int NOT NULL,
  `meele_name` varchar(255) CHARACTER SET armscii8 COLLATE armscii8_bin NOT NULL,
  `meele_hash` int NOT NULL,
  `money` int NOT NULL,
  PRIMARY KEY (`id`)
) ENGINE=InnoDB AUTO_INCREMENT=14 DEFAULT CHARSET=armscii8 COLLATE=armscii8_bin;

-- Dumping data for table pgrp.server_teams: ~12 rows (approximately)
INSERT INTO `server_teams` (`id`, `name`, `short_name`, `position_id`, `color_r`, `color_g`, `color_b`, `blip_color`, `type`, `warns`, `meele_name`, `meele_hash`, `money`) VALUES
	(1, 'Los Santos Police Department', 'LSPD', 349, 0, 0, 0, 38, 3, 0, 'nightstick', 1737195953, 0),
	(2, 'Federal Investigation Bureau', 'FIB', 440, 0, 0, 0, 4, 3, 0, 'flashlight', -1951375401, 0),
	(3, 'Los Santos Medical Department', 'LSMD', 480, 255, 0, 0, 1, 0, 0, 'flashlight', -1951375401, 0),
	(4, 'Department of Public Order and Safety', 'DPOS', 28, 255, 0, 213, 61, 0, 0, 'wrench', 419712736, 0),
	(5, 'Government', 'GOV', 481, 255, 255, 255, 4, 3, 0, 'flashlight', -1951375401, 0),
	(6, 'La Cosa Nostra', 'LCN', 4280, 0, 0, 0, 40, 2, 0, 'golf_club', 1141786504, 0),
	(7, 'Yakuza', 'YKZ', 4318, 255, 0, 0, 1, 2, 0, 'switchblade', -538741184, 0),
	(8, 'Marabunta Grande 13', 'MG13', 4338, 2, 137, 247, 67, 1, 0, 'Machete', -581044007, 0),
	(9, 'Brigada', 'BG', 4397, 128, 128, 128, 55, 3, 0, 'battleaxe', -853065399, 0),
	(10, 'Midnight Club', 'MNC', 4431, 252, 252, 252, 4, 2, 0, 'wrench', 419712736, 0),
	(11, 'Triaden', 'TRD', 4475, 12, 52, 250, 29, 3, 0, 'queue', -1810795771, 0),
	(13, 'Hoover Criminals', 'Hxxver', 4520, 255, 144, 0, 47, 1, 0, 'Brechstange', 0, 0);

-- Dumping structure for table pgrp.server_teams_inventories
CREATE TABLE IF NOT EXISTS `server_teams_inventories` (
  `id` int NOT NULL AUTO_INCREMENT,
  `team_id` int NOT NULL,
  `inventory_id` int NOT NULL,
  `position_id` int NOT NULL,
  PRIMARY KEY (`id`)
) ENGINE=InnoDB DEFAULT CHARSET=armscii8 COLLATE=armscii8_bin;

-- Dumping data for table pgrp.server_teams_inventories: ~0 rows (approximately)

-- Dumping structure for table pgrp.server_team_laboratories
CREATE TABLE IF NOT EXISTS `server_team_laboratories` (
  `id` int NOT NULL AUTO_INCREMENT,
  `team_id` int NOT NULL,
  `position_id` int NOT NULL,
  `fuel_inventory_id` int NOT NULL,
  `rob_inventory_id` int NOT NULL,
  `robbed` tinyint(1) NOT NULL DEFAULT '0',
  `type` int NOT NULL DEFAULT '0',
  `last_attack` datetime NOT NULL DEFAULT (curdate()),
  PRIMARY KEY (`id`)
) ENGINE=InnoDB AUTO_INCREMENT=27 DEFAULT CHARSET=armscii8 COLLATE=armscii8_bin;

-- Dumping data for table pgrp.server_team_laboratories: ~6 rows (approximately)
INSERT INTO `server_team_laboratories` (`id`, `team_id`, `position_id`, `fuel_inventory_id`, `rob_inventory_id`, `robbed`, `type`, `last_attack`) VALUES
	(21, 6, 4281, 2455, 2456, 0, 1, '2023-12-22 22:38:04'),
	(22, 7, 4319, 2501, 2502, 0, 1, '2023-12-22 23:35:37'),
	(23, 8, 4340, 2511, 2512, 0, 0, '2023-12-23 03:19:30'),
	(24, 9, 4399, 2595, 2596, 0, 1, '2023-12-23 03:56:44'),
	(25, 10, 4434, 2639, 2640, 0, 0, '2023-12-23 04:04:52'),
	(26, 11, 4478, 2685, 2686, 0, 1, '2023-12-23 04:20:09');

-- Dumping structure for table pgrp.server_tuner
CREATE TABLE IF NOT EXISTS `server_tuner` (
  `id` int NOT NULL AUTO_INCREMENT,
  `position_id` int NOT NULL DEFAULT '0',
  PRIMARY KEY (`id`)
) ENGINE=InnoDB AUTO_INCREMENT=2 DEFAULT CHARSET=armscii8 COLLATE=armscii8_bin;

-- Dumping data for table pgrp.server_tuner: ~1 rows (approximately)
INSERT INTO `server_tuner` (`id`, `position_id`) VALUES
	(1, 2943);

-- Dumping structure for table pgrp.server_tuner_categories
CREATE TABLE IF NOT EXISTS `server_tuner_categories` (
  `id` int NOT NULL AUTO_INCREMENT,
  `name` varchar(255) CHARACTER SET armscii8 COLLATE armscii8_bin NOT NULL DEFAULT '0',
  PRIMARY KEY (`id`)
) ENGINE=InnoDB AUTO_INCREMENT=26 DEFAULT CHARSET=armscii8 COLLATE=armscii8_bin;

-- Dumping data for table pgrp.server_tuner_categories: ~22 rows (approximately)
INSERT INTO `server_tuner_categories` (`id`, `name`) VALUES
	(2, 'Scheibentoenung'),
	(3, 'Primaer Farbe'),
	(4, 'Sekundaer Farbe'),
	(6, 'Xenon'),
	(7, 'Kennzeichen Farbe'),
	(8, 'Tieferlegung'),
	(9, 'Bremsen'),
	(10, 'Pearleffekt'),
	(11, 'Spoiler'),
	(12, 'Frontstossstange'),
	(13, 'Hecktstossstange'),
	(14, 'Seitenschweller'),
	(15, 'Auspuff'),
	(16, 'Ueberollkaefig'),
	(17, 'Kuellergrill'),
	(18, 'Motorhaube'),
	(19, 'Dach'),
	(20, 'Livery'),
	(21, 'Reifen Kategorien'),
	(22, 'Reifen'),
	(23, 'Hupen'),
	(24, 'Felgenfarbe');

-- Dumping structure for table pgrp.server_tuner_items
CREATE TABLE IF NOT EXISTS `server_tuner_items` (
  `id` int NOT NULL AUTO_INCREMENT,
  `category_id` int NOT NULL DEFAULT '0',
  `name` varchar(255) CHARACTER SET armscii8 COLLATE armscii8_bin NOT NULL DEFAULT '0',
  `mod_category` int NOT NULL DEFAULT '0',
  `mod_value` int NOT NULL DEFAULT '0',
  PRIMARY KEY (`id`)
) ENGINE=InnoDB AUTO_INCREMENT=2104 DEFAULT CHARSET=armscii8 COLLATE=armscii8_bin;

-- Dumping data for table pgrp.server_tuner_items: ~1.056 rows (approximately)
INSERT INTO `server_tuner_items` (`id`, `category_id`, `name`, `mod_category`, `mod_value`) VALUES
	(16, 2, 'Toenung 1', 1004, 3),
	(17, 2, 'Toenung 2', 1004, 2),
	(18, 2, 'Toenung 3', 1004, 1),
	(25, 2, 'Keine Scheibentoenung', 1004, 0),
	(26, 6, 'Standart Scheinwerfer', 1005, 0),
	(35, 6, 'Xenon Scheinwerfer', 1005, -1),
	(51, 8, 'Standart', 15, 0),
	(52, 8, 'Stufe 1', 15, 1),
	(53, 8, 'Stufe 2', 15, 2),
	(54, 8, 'Stufe 3', 15, 3),
	(55, 8, 'Stufe 4', 15, 4),
	(218, 9, 'Standart Bremsen', 12, -1),
	(219, 9, 'Bremsen Stufe 1', 12, 0),
	(475, 9, 'Bremsen Stufe 2', 12, 1),
	(731, 9, 'Bremsen Stufe 3', 12, 2),
	(732, 3, 'Metallic Black', 1000, 0),
	(733, 3, 'Metallic Graphite Black', 1000, 1),
	(734, 3, 'Metallic Black Steal', 1000, 2),
	(735, 3, 'Metallic Dark Silver', 1000, 3),
	(736, 3, 'Metallic Silver', 1000, 4),
	(737, 3, 'Metallic Blue Silver', 1000, 5),
	(738, 3, 'Metallic Steel Gray', 1000, 6),
	(739, 3, 'Metallic Shadow Silver', 1000, 7),
	(740, 3, 'Metallic Stone Silver', 1000, 8),
	(741, 3, 'Metallic Midnight Silver', 1000, 9),
	(742, 3, 'Metallic Gun Metal', 1000, 10),
	(743, 3, 'Metallic Anthracite Grey', 1000, 11),
	(744, 3, 'Matte Black', 1000, 12),
	(745, 3, 'Matte Gray', 1000, 13),
	(746, 3, 'Matte Light Grey', 1000, 14),
	(747, 3, 'Util Black', 1000, 15),
	(748, 3, 'Util Black Poly', 1000, 16),
	(749, 3, 'Util Dark silver', 1000, 17),
	(750, 3, 'Util Silver', 1000, 18),
	(751, 3, 'Util Gun Metal', 1000, 19),
	(752, 3, 'Util Shadow Silver', 1000, 20),
	(753, 3, 'Worn Black', 1000, 21),
	(754, 3, 'Worn Graphite', 1000, 22),
	(755, 3, 'Worn Silver Grey', 1000, 23),
	(756, 3, 'Worn Silver', 1000, 24),
	(757, 3, 'Worn Blue Silver', 1000, 25),
	(758, 3, 'Worn Shadow Silver', 1000, 26),
	(759, 3, 'Metallic Red', 1000, 27),
	(760, 3, 'Metallic Torino Red', 1000, 28),
	(761, 3, 'Metallic Formula Red', 1000, 29),
	(762, 3, 'Metallic Blaze Red', 1000, 30),
	(763, 3, 'Metallic Graceful Red', 1000, 31),
	(764, 3, 'Metallic Garnet Red', 1000, 32),
	(765, 3, 'Metallic Desert Red', 1000, 33),
	(766, 3, 'Metallic Cabernet Red', 1000, 34),
	(767, 3, 'Metallic Candy Red', 1000, 35),
	(768, 3, 'Metallic Sunrise Orange', 1000, 36),
	(769, 3, 'Metallic Classic Gold', 1000, 37),
	(770, 3, 'Metallic Orange', 1000, 38),
	(771, 3, 'Matte Red', 1000, 39),
	(772, 3, 'Matte Dark Red', 1000, 40),
	(773, 3, 'Matte Orange', 1000, 41),
	(774, 3, 'Matte Yellow', 1000, 42),
	(775, 3, 'Util Red', 1000, 43),
	(776, 3, 'Util Bright Red', 1000, 44),
	(777, 3, 'Util Garnet Red', 1000, 45),
	(778, 3, 'Worn Red', 1000, 46),
	(779, 3, 'Worn Golden Red', 1000, 47),
	(780, 3, 'Worn Dark Red', 1000, 48),
	(781, 3, 'Metallic Dark Green', 1000, 49),
	(782, 3, 'Metallic Racing Green', 1000, 50),
	(783, 3, 'Metallic Sea Green', 1000, 51),
	(784, 3, 'Metallic Olive Green', 1000, 52),
	(785, 3, 'Metallic Green', 1000, 53),
	(786, 3, 'Metallic Gasoline Blue Green', 1000, 54),
	(787, 3, 'Matte Lime Green', 1000, 55),
	(788, 3, 'Util Dark Green', 1000, 56),
	(789, 3, 'Util Green', 1000, 57),
	(790, 3, 'Worn Dark Green', 1000, 58),
	(791, 3, 'Worn Green', 1000, 59),
	(792, 3, 'Worn Sea Wash', 1000, 60),
	(793, 3, 'Metallic Midnight Blue', 1000, 61),
	(794, 3, 'Metallic Dark Blue', 1000, 62),
	(795, 3, 'Metallic Saxony Blue', 1000, 63),
	(796, 3, 'Metallic Blue', 1000, 64),
	(797, 3, 'Metallic Mariner Blue', 1000, 65),
	(798, 3, 'Metallic Harbor Blue', 1000, 66),
	(799, 3, 'Metallic Diamond Blue', 1000, 67),
	(800, 3, 'Metallic Surf Blue', 1000, 68),
	(801, 3, 'Metallic Nautical Blue', 1000, 69),
	(802, 3, 'Metallic Bright Blue', 1000, 70),
	(803, 3, 'Metallic Purple Blue', 1000, 71),
	(804, 3, 'Metallic Spinnaker Blue', 1000, 72),
	(805, 3, 'Metallic Ultra Blue', 1000, 73),
	(806, 3, 'Metallic Bright Blue', 1000, 74),
	(807, 3, 'Util Dark Blue', 1000, 75),
	(808, 3, 'Util Midnight Blue', 1000, 76),
	(809, 3, 'Util Blue', 1000, 77),
	(810, 3, 'Util Sea Foam Blue', 1000, 78),
	(811, 3, 'Util Lightning blue', 1000, 79),
	(812, 3, 'Util Maui Blue Poly', 1000, 80),
	(813, 3, 'Util Bright Blue', 1000, 81),
	(814, 3, 'Matte Dark Blue', 1000, 82),
	(815, 3, 'Matte Blue', 1000, 83),
	(816, 3, 'Matte Midnight Blue', 1000, 84),
	(817, 3, 'Worn Dark blue', 1000, 85),
	(818, 3, 'Worn Blue', 1000, 86),
	(819, 3, 'Worn Light blue', 1000, 87),
	(820, 3, 'Metallic Taxi Yellow', 1000, 88),
	(821, 3, 'Metallic Race Yellow', 1000, 89),
	(822, 3, 'Metallic Bronze', 1000, 90),
	(823, 3, 'Metallic Yellow Bird', 1000, 91),
	(824, 3, 'Metallic Lime', 1000, 92),
	(825, 3, 'Metallic Champagne', 1000, 93),
	(826, 3, 'Metallic Pueblo Beige', 1000, 94),
	(827, 3, 'Metallic Dark Ivory', 1000, 95),
	(828, 3, 'Metallic Choco Brown', 1000, 96),
	(829, 3, 'Metallic Golden Brown', 1000, 97),
	(830, 3, 'Metallic Light Brown', 1000, 98),
	(831, 3, 'Metallic Straw Beige', 1000, 99),
	(832, 3, 'Metallic Moss Brown', 1000, 100),
	(833, 3, 'Metallic Biston Brown', 1000, 101),
	(834, 3, 'Metallic Beechwood', 1000, 102),
	(835, 3, 'Metallic Dark Beechwood', 1000, 103),
	(836, 3, 'Metallic Choco Orange', 1000, 104),
	(837, 3, 'Metallic Beach Sand', 1000, 105),
	(838, 3, 'Metallic Sun Bleeched Sand', 1000, 106),
	(839, 3, 'Metallic Cream', 1000, 107),
	(840, 3, 'Util Brown', 1000, 108),
	(841, 3, 'Util Medium Brown', 1000, 109),
	(842, 3, 'Util Light Brown', 1000, 110),
	(843, 3, 'Metallic White', 1000, 111),
	(844, 3, 'Metallic Frost White', 1000, 112),
	(845, 3, 'Worn Honey Beige', 1000, 113),
	(846, 3, 'Worn Brown', 1000, 114),
	(847, 3, 'Worn Dark Brown', 1000, 115),
	(848, 3, 'Worn straw beige', 1000, 116),
	(849, 3, 'Brushed Steel', 1000, 117),
	(850, 3, 'Brushed Black steel', 1000, 118),
	(851, 3, 'Brushed Aluminium', 1000, 119),
	(852, 3, 'Chrome', 1000, 120),
	(853, 3, 'Worn Off White', 1000, 121),
	(854, 3, 'Util Off White', 1000, 122),
	(855, 3, 'Worn Orange', 1000, 123),
	(856, 3, 'Worn Light Orange', 1000, 124),
	(857, 3, 'Metallic Securicor Green', 1000, 125),
	(858, 3, 'Worn Taxi Yellow', 1000, 126),
	(859, 3, 'police car blue', 1000, 127),
	(860, 3, 'Matte Green', 1000, 128),
	(861, 3, 'Matte Brown', 1000, 129),
	(862, 3, 'Worn Orange', 1000, 130),
	(863, 3, 'Matte White', 1000, 131),
	(864, 3, 'Worn White', 1000, 132),
	(865, 3, 'Worn Olive Army Green', 1000, 133),
	(866, 3, 'Pure White', 1000, 134),
	(867, 3, 'Hot Pink', 1000, 135),
	(868, 3, 'Salmon pink', 1000, 136),
	(869, 3, 'Metallic Vermillion Pink', 1000, 137),
	(870, 3, 'Orange', 1000, 138),
	(871, 3, 'Green', 1000, 139),
	(872, 3, 'Blue', 1000, 140),
	(873, 3, 'Mettalic Black Blue', 1000, 141),
	(874, 3, 'Metallic Black Purple', 1000, 142),
	(875, 3, 'Metallic Black Red', 1000, 143),
	(876, 3, 'hunter green', 1000, 144),
	(877, 3, 'Metallic Purple', 1000, 145),
	(878, 3, 'Metaillic V Dark Blue', 1000, 146),
	(879, 3, 'MODSHOP BLACK1', 1000, 147),
	(880, 3, 'Matte Purple', 1000, 148),
	(881, 3, 'Matte Dark Purple', 1000, 149),
	(882, 3, 'Metallic Lava Red', 1000, 150),
	(883, 3, 'Matte Forest Green', 1000, 151),
	(884, 3, 'Matte Olive Drab', 1000, 152),
	(885, 3, 'Matte Desert Brown', 1000, 153),
	(886, 3, 'Matte Desert Tan', 1000, 154),
	(887, 3, 'Matte Foilage Green', 1000, 155),
	(888, 3, 'DEFAULT ALLOY COLOR', 1000, 156),
	(889, 3, 'Epsilon Blue', 1000, 157),
	(890, 3, 'Pure Gold', 1000, 158),
	(891, 3, 'Brushed Gold', 1000, 159),
	(892, 4, 'Metallic Black', 1001, 0),
	(893, 4, 'Metallic Graphite Black', 1001, 1),
	(894, 4, 'Metallic Black Steal', 1001, 2),
	(895, 4, 'Metallic Dark Silver', 1001, 3),
	(896, 4, 'Metallic Silver', 1001, 4),
	(897, 4, 'Metallic Blue Silver', 1001, 5),
	(898, 4, 'Metallic Steel Gray', 1001, 6),
	(899, 4, 'Metallic Shadow Silver', 1001, 7),
	(900, 4, 'Metallic Stone Silver', 1001, 8),
	(901, 4, 'Metallic Midnight Silver', 1001, 9),
	(902, 4, 'Metallic Gun Metal', 1001, 10),
	(903, 4, 'Metallic Anthracite Grey', 1001, 11),
	(904, 4, 'Matte Black', 1001, 12),
	(905, 4, 'Matte Gray', 1001, 13),
	(906, 4, 'Matte Light Grey', 1001, 14),
	(907, 4, 'Util Black', 1001, 15),
	(908, 4, 'Util Black Poly', 1001, 16),
	(909, 4, 'Util Dark silver', 1001, 17),
	(910, 4, 'Util Silver', 1001, 18),
	(911, 4, 'Util Gun Metal', 1001, 19),
	(912, 4, 'Util Shadow Silver', 1001, 20),
	(913, 4, 'Worn Black', 1001, 21),
	(914, 4, 'Worn Graphite', 1001, 22),
	(915, 4, 'Worn Silver Grey', 1001, 23),
	(916, 4, 'Worn Silver', 1001, 24),
	(917, 4, 'Worn Blue Silver', 1001, 25),
	(918, 4, 'Worn Shadow Silver', 1001, 26),
	(919, 4, 'Metallic Red', 1001, 27),
	(920, 4, 'Metallic Torino Red', 1001, 28),
	(921, 4, 'Metallic Formula Red', 1001, 29),
	(922, 4, 'Metallic Blaze Red', 1001, 30),
	(923, 4, 'Metallic Graceful Red', 1001, 31),
	(924, 4, 'Metallic Garnet Red', 1001, 32),
	(925, 4, 'Metallic Desert Red', 1001, 33),
	(926, 4, 'Metallic Cabernet Red', 1001, 34),
	(927, 4, 'Metallic Candy Red', 1001, 35),
	(928, 4, 'Metallic Sunrise Orange', 1001, 36),
	(929, 4, 'Metallic Classic Gold', 1001, 37),
	(930, 4, 'Metallic Orange', 1001, 38),
	(931, 4, 'Matte Red', 1001, 39),
	(932, 4, 'Matte Dark Red', 1001, 40),
	(933, 4, 'Matte Orange', 1001, 41),
	(934, 4, 'Matte Yellow', 1001, 42),
	(935, 4, 'Util Red', 1001, 43),
	(936, 4, 'Util Bright Red', 1001, 44),
	(937, 4, 'Util Garnet Red', 1001, 45),
	(938, 4, 'Worn Red', 1001, 46),
	(939, 4, 'Worn Golden Red', 1001, 47),
	(940, 4, 'Worn Dark Red', 1001, 48),
	(941, 4, 'Metallic Dark Green', 1001, 49),
	(942, 4, 'Metallic Racing Green', 1001, 50),
	(943, 4, 'Metallic Sea Green', 1001, 51),
	(944, 4, 'Metallic Olive Green', 1001, 52),
	(945, 4, 'Metallic Green', 1001, 53),
	(946, 4, 'Metallic Gasoline Blue Green', 1001, 54),
	(947, 4, 'Matte Lime Green', 1001, 55),
	(948, 4, 'Util Dark Green', 1001, 56),
	(949, 4, 'Util Green', 1001, 57),
	(950, 4, 'Worn Dark Green', 1001, 58),
	(951, 4, 'Worn Green', 1001, 59),
	(952, 4, 'Worn Sea Wash', 1001, 60),
	(953, 4, 'Metallic Midnight Blue', 1001, 61),
	(954, 4, 'Metallic Dark Blue', 1001, 62),
	(955, 4, 'Metallic Saxony Blue', 1001, 63),
	(956, 4, 'Metallic Blue', 1001, 64),
	(957, 4, 'Metallic Mariner Blue', 1001, 65),
	(958, 4, 'Metallic Harbor Blue', 1001, 66),
	(959, 4, 'Metallic Diamond Blue', 1001, 67),
	(960, 4, 'Metallic Surf Blue', 1001, 68),
	(961, 4, 'Metallic Nautical Blue', 1001, 69),
	(962, 4, 'Metallic Bright Blue', 1001, 70),
	(963, 4, 'Metallic Purple Blue', 1001, 71),
	(964, 4, 'Metallic Spinnaker Blue', 1001, 72),
	(965, 4, 'Metallic Ultra Blue', 1001, 73),
	(966, 4, 'Metallic Bright Blue', 1001, 74),
	(967, 4, 'Util Dark Blue', 1001, 75),
	(968, 4, 'Util Midnight Blue', 1001, 76),
	(969, 4, 'Util Blue', 1001, 77),
	(970, 4, 'Util Sea Foam Blue', 1001, 78),
	(971, 4, 'Util Lightning blue', 1001, 79),
	(972, 4, 'Util Maui Blue Poly', 1001, 80),
	(973, 4, 'Util Bright Blue', 1001, 81),
	(974, 4, 'Matte Dark Blue', 1001, 82),
	(975, 4, 'Matte Blue', 1001, 83),
	(976, 4, 'Matte Midnight Blue', 1001, 84),
	(977, 4, 'Worn Dark blue', 1001, 85),
	(978, 4, 'Worn Blue', 1001, 86),
	(979, 4, 'Worn Light blue', 1001, 87),
	(980, 4, 'Metallic Taxi Yellow', 1001, 88),
	(981, 4, 'Metallic Race Yellow', 1001, 89),
	(982, 4, 'Metallic Bronze', 1001, 90),
	(983, 4, 'Metallic Yellow Bird', 1001, 91),
	(984, 4, 'Metallic Lime', 1001, 92),
	(985, 4, 'Metallic Champagne', 1001, 93),
	(986, 4, 'Metallic Pueblo Beige', 1001, 94),
	(987, 4, 'Metallic Dark Ivory', 1001, 95),
	(988, 4, 'Metallic Choco Brown', 1001, 96),
	(989, 4, 'Metallic Golden Brown', 1001, 97),
	(990, 4, 'Metallic Light Brown', 1001, 98),
	(991, 4, 'Metallic Straw Beige', 1001, 99),
	(992, 4, 'Metallic Moss Brown', 1001, 100),
	(993, 4, 'Metallic Biston Brown', 1001, 101),
	(994, 4, 'Metallic Beechwood', 1001, 102),
	(995, 4, 'Metallic Dark Beechwood', 1001, 103),
	(996, 4, 'Metallic Choco Orange', 1001, 104),
	(997, 4, 'Metallic Beach Sand', 1001, 105),
	(998, 4, 'Metallic Sun Bleeched Sand', 1001, 106),
	(999, 4, 'Metallic Cream', 1001, 107),
	(1000, 4, 'Util Brown', 1001, 108),
	(1001, 4, 'Util Medium Brown', 1001, 109),
	(1002, 4, 'Util Light Brown', 1001, 110),
	(1003, 4, 'Metallic White', 1001, 111),
	(1004, 4, 'Metallic Frost White', 1001, 112),
	(1005, 4, 'Worn Honey Beige', 1001, 113),
	(1006, 4, 'Worn Brown', 1001, 114),
	(1007, 4, 'Worn Dark Brown', 1001, 115),
	(1008, 4, 'Worn straw beige', 1001, 116),
	(1009, 4, 'Brushed Steel', 1001, 117),
	(1010, 4, 'Brushed Black steel', 1001, 118),
	(1011, 4, 'Brushed Aluminium', 1001, 119),
	(1012, 4, 'Chrome', 1001, 120),
	(1013, 4, 'Worn Off White', 1001, 121),
	(1014, 4, 'Util Off White', 1001, 122),
	(1015, 4, 'Worn Orange', 1001, 123),
	(1016, 4, 'Worn Light Orange', 1001, 124),
	(1017, 4, 'Metallic Securicor Green', 1001, 125),
	(1018, 4, 'Worn Taxi Yellow', 1001, 126),
	(1019, 4, 'police car blue', 1001, 127),
	(1020, 4, 'Matte Green', 1001, 128),
	(1021, 4, 'Matte Brown', 1001, 129),
	(1022, 4, 'Worn Orange', 1001, 130),
	(1023, 4, 'Matte White', 1001, 131),
	(1024, 4, 'Worn White', 1001, 132),
	(1025, 4, 'Worn Olive Army Green', 1001, 133),
	(1026, 4, 'Pure White', 1001, 134),
	(1027, 4, 'Hot Pink', 1001, 135),
	(1028, 4, 'Salmon pink', 1001, 136),
	(1029, 4, 'Metallic Vermillion Pink', 1001, 137),
	(1030, 4, 'Orange', 1001, 138),
	(1031, 4, 'Green', 1001, 139),
	(1032, 4, 'Blue', 1001, 140),
	(1033, 4, 'Mettalic Black Blue', 1001, 141),
	(1034, 4, 'Metallic Black Purple', 1001, 142),
	(1035, 4, 'Metallic Black Red', 1001, 143),
	(1036, 4, 'hunter green', 1001, 144),
	(1037, 4, 'Metallic Purple', 1001, 145),
	(1038, 4, 'Metaillic V Dark Blue', 1001, 146),
	(1039, 4, 'MODSHOP BLACK1', 1001, 147),
	(1040, 4, 'Matte Purple', 1001, 148),
	(1041, 4, 'Matte Dark Purple', 1001, 149),
	(1042, 4, 'Metallic Lava Red', 1001, 150),
	(1043, 4, 'Matte Forest Green', 1001, 151),
	(1044, 4, 'Matte Olive Drab', 1001, 152),
	(1045, 4, 'Matte Desert Brown', 1001, 153),
	(1046, 4, 'Matte Desert Tan', 1001, 154),
	(1047, 4, 'Matte Foilage Green', 1001, 155),
	(1048, 4, 'DEFAULT ALLOY COLOR', 1001, 156),
	(1049, 4, 'Epsilon Blue', 1001, 157),
	(1050, 4, 'Pure Gold', 1001, 158),
	(1051, 4, 'Brushed Gold', 1001, 159),
	(1147, 10, 'Metallic Black', 1002, 0),
	(1148, 10, 'Metallic Graphite Black', 1002, 1),
	(1149, 10, 'Metallic Black Steal', 1002, 2),
	(1150, 10, 'Metallic Dark Silver', 1002, 3),
	(1151, 10, 'Metallic Silver', 1002, 4),
	(1152, 10, 'Metallic Blue Silver', 1002, 5),
	(1153, 10, 'Metallic Steel Gray', 1002, 6),
	(1154, 10, 'Metallic Shadow Silver', 1002, 7),
	(1155, 10, 'Metallic Stone Silver', 1002, 8),
	(1156, 10, 'Metallic Midnight Silver', 1002, 9),
	(1157, 10, 'Metallic Gun Metal', 1002, 10),
	(1158, 10, 'Metallic Anthracite Grey', 1002, 11),
	(1159, 10, 'Matte Black', 1002, 12),
	(1160, 10, 'Matte Gray', 1002, 13),
	(1161, 10, 'Matte Light Grey', 1002, 14),
	(1162, 10, 'Util Black', 1002, 15),
	(1163, 10, 'Util Black Poly', 1002, 16),
	(1164, 10, 'Util Dark silver', 1002, 17),
	(1165, 10, 'Util Silver', 1002, 18),
	(1166, 10, 'Util Gun Metal', 1002, 19),
	(1167, 10, 'Util Shadow Silver', 1002, 20),
	(1168, 10, 'Worn Black', 1002, 21),
	(1169, 10, 'Worn Graphite', 1002, 22),
	(1170, 10, 'Worn Silver Grey', 1002, 23),
	(1171, 10, 'Worn Silver', 1002, 24),
	(1172, 10, 'Worn Blue Silver', 1002, 25),
	(1173, 10, 'Worn Shadow Silver', 1002, 26),
	(1174, 10, 'Metallic Red', 1002, 27),
	(1175, 10, 'Metallic Torino Red', 1002, 28),
	(1176, 10, 'Metallic Formula Red', 1002, 29),
	(1177, 10, 'Metallic Blaze Red', 1002, 30),
	(1178, 10, 'Metallic Graceful Red', 1002, 31),
	(1179, 10, 'Metallic Garnet Red', 1002, 32),
	(1180, 10, 'Metallic Desert Red', 1002, 33),
	(1181, 10, 'Metallic Cabernet Red', 1002, 34),
	(1182, 10, 'Metallic Candy Red', 1002, 35),
	(1183, 10, 'Metallic Sunrise Orange', 1002, 36),
	(1184, 10, 'Metallic Classic Gold', 1002, 37),
	(1185, 10, 'Metallic Orange', 1002, 38),
	(1186, 10, 'Matte Red', 1002, 39),
	(1187, 10, 'Matte Dark Red', 1002, 40),
	(1188, 10, 'Matte Orange', 1002, 41),
	(1189, 10, 'Matte Yellow', 1002, 42),
	(1190, 10, 'Util Red', 1002, 43),
	(1191, 10, 'Util Bright Red', 1002, 44),
	(1192, 10, 'Util Garnet Red', 1002, 45),
	(1193, 10, 'Worn Red', 1002, 46),
	(1194, 10, 'Worn Golden Red', 1002, 47),
	(1195, 10, 'Worn Dark Red', 1002, 48),
	(1196, 10, 'Metallic Dark Green', 1002, 49),
	(1197, 10, 'Metallic Racing Green', 1002, 50),
	(1198, 10, 'Metallic Sea Green', 1002, 51),
	(1199, 10, 'Metallic Olive Green', 1002, 52),
	(1200, 10, 'Metallic Green', 1002, 53),
	(1201, 10, 'Metallic Gasoline Blue Green', 1002, 54),
	(1202, 10, 'Matte Lime Green', 1002, 55),
	(1203, 10, 'Util Dark Green', 1002, 56),
	(1204, 10, 'Util Green', 1002, 57),
	(1205, 10, 'Worn Dark Green', 1002, 58),
	(1206, 10, 'Worn Green', 1002, 59),
	(1207, 10, 'Worn Sea Wash', 1002, 60),
	(1208, 10, 'Metallic Midnight Blue', 1002, 61),
	(1209, 10, 'Metallic Dark Blue', 1002, 62),
	(1210, 10, 'Metallic Saxony Blue', 1002, 63),
	(1211, 10, 'Metallic Blue', 1002, 64),
	(1212, 10, 'Metallic Mariner Blue', 1002, 65),
	(1213, 10, 'Metallic Harbor Blue', 1002, 66),
	(1214, 10, 'Metallic Diamond Blue', 1002, 67),
	(1215, 10, 'Metallic Surf Blue', 1002, 68),
	(1216, 10, 'Metallic Nautical Blue', 1002, 69),
	(1217, 10, 'Metallic Bright Blue', 1002, 70),
	(1218, 10, 'Metallic Purple Blue', 1002, 71),
	(1219, 10, 'Metallic Spinnaker Blue', 1002, 72),
	(1220, 10, 'Metallic Ultra Blue', 1002, 73),
	(1221, 10, 'Metallic Bright Blue', 1002, 74),
	(1222, 10, 'Util Dark Blue', 1002, 75),
	(1223, 10, 'Util Midnight Blue', 1002, 76),
	(1224, 10, 'Util Blue', 1002, 77),
	(1225, 10, 'Util Sea Foam Blue', 1002, 78),
	(1226, 10, 'Util Lightning blue', 1002, 79),
	(1227, 10, 'Util Maui Blue Poly', 1002, 80),
	(1228, 10, 'Util Bright Blue', 1002, 81),
	(1229, 10, 'Matte Dark Blue', 1002, 82),
	(1230, 10, 'Matte Blue', 1002, 83),
	(1231, 10, 'Matte Midnight Blue', 1002, 84),
	(1232, 10, 'Worn Dark blue', 1002, 85),
	(1233, 10, 'Worn Blue', 1002, 86),
	(1234, 10, 'Worn Light blue', 1002, 87),
	(1235, 10, 'Metallic Taxi Yellow', 1002, 88),
	(1236, 10, 'Metallic Race Yellow', 1002, 89),
	(1237, 10, 'Metallic Bronze', 1002, 90),
	(1238, 10, 'Metallic Yellow Bird', 1002, 91),
	(1239, 10, 'Metallic Lime', 1002, 92),
	(1240, 10, 'Metallic Champagne', 1002, 93),
	(1241, 10, 'Metallic Pueblo Beige', 1002, 94),
	(1242, 10, 'Metallic Dark Ivory', 1002, 95),
	(1243, 10, 'Metallic Choco Brown', 1002, 96),
	(1244, 10, 'Metallic Golden Brown', 1002, 97),
	(1245, 10, 'Metallic Light Brown', 1002, 98),
	(1246, 10, 'Metallic Straw Beige', 1002, 99),
	(1247, 10, 'Metallic Moss Brown', 1002, 100),
	(1248, 10, 'Metallic Biston Brown', 1002, 101),
	(1249, 10, 'Metallic Beechwood', 1002, 102),
	(1250, 10, 'Metallic Dark Beechwood', 1002, 103),
	(1251, 10, 'Metallic Choco Orange', 1002, 104),
	(1252, 10, 'Metallic Beach Sand', 1002, 105),
	(1253, 10, 'Metallic Sun Bleeched Sand', 1002, 106),
	(1254, 10, 'Metallic Cream', 1002, 107),
	(1255, 10, 'Util Brown', 1002, 108),
	(1256, 10, 'Util Medium Brown', 1002, 109),
	(1257, 10, 'Util Light Brown', 1002, 110),
	(1258, 10, 'Metallic White', 1002, 111),
	(1259, 10, 'Metallic Frost White', 1002, 112),
	(1260, 10, 'Worn Honey Beige', 1002, 113),
	(1261, 10, 'Worn Brown', 1002, 114),
	(1262, 10, 'Worn Dark Brown', 1002, 115),
	(1263, 10, 'Worn straw beige', 1002, 116),
	(1264, 10, 'Brushed Steel', 1002, 117),
	(1265, 10, 'Brushed Black steel', 1002, 118),
	(1266, 10, 'Brushed Aluminium', 1002, 119),
	(1267, 10, 'Chrome', 1002, 120),
	(1268, 10, 'Worn Off White', 1002, 121),
	(1269, 10, 'Util Off White', 1002, 122),
	(1270, 10, 'Worn Orange', 1002, 123),
	(1271, 10, 'Worn Light Orange', 1002, 124),
	(1272, 10, 'Metallic Securicor Green', 1002, 125),
	(1273, 10, 'Worn Taxi Yellow', 1002, 126),
	(1274, 10, 'police car blue', 1002, 127),
	(1275, 10, 'Matte Green', 1002, 128),
	(1276, 10, 'Matte Brown', 1002, 129),
	(1277, 10, 'Worn Orange', 1002, 130),
	(1278, 10, 'Matte White', 1002, 131),
	(1279, 10, 'Worn White', 1002, 132),
	(1280, 10, 'Worn Olive Army Green', 1002, 133),
	(1281, 10, 'Pure White', 1002, 134),
	(1282, 10, 'Hot Pink', 1002, 135),
	(1283, 10, 'Salmon pink', 1002, 136),
	(1284, 10, 'Metallic Vermillion Pink', 1002, 137),
	(1285, 10, 'Orange', 1002, 138),
	(1286, 10, 'Green', 1002, 139),
	(1287, 10, 'Blue', 1002, 140),
	(1288, 10, 'Mettalic Black Blue', 1002, 141),
	(1289, 10, 'Metallic Black Purple', 1002, 142),
	(1290, 10, 'Metallic Black Red', 1002, 143),
	(1291, 10, 'hunter green', 1002, 144),
	(1292, 10, 'Metallic Purple', 1002, 145),
	(1293, 10, 'Metaillic V Dark Blue', 1002, 146),
	(1294, 10, 'MODSHOP BLACK1', 1002, 147),
	(1295, 10, 'Matte Purple', 1002, 148),
	(1296, 10, 'Matte Dark Purple', 1002, 149),
	(1297, 10, 'Metallic Lava Red', 1002, 150),
	(1298, 10, 'Matte Forest Green', 1002, 151),
	(1299, 10, 'Matte Olive Drab', 1002, 152),
	(1300, 10, 'Matte Desert Brown', 1002, 153),
	(1301, 10, 'Matte Desert Tan', 1002, 154),
	(1302, 10, 'Matte Foilage Green', 1002, 155),
	(1303, 10, 'DEFAULT ALLOY COLOR', 1002, 156),
	(1304, 10, 'Epsilon Blue', 1002, 157),
	(1305, 10, 'Pure Gold', 1002, 158),
	(1306, 10, 'Brushed Gold', 1002, 159),
	(1403, 12, 'Frontstossstange #1', 1, 0),
	(1404, 12, 'Frontstossstange #2', 1, 1),
	(1405, 11, 'Spoiler 1', 0, 1),
	(1406, 12, 'Frontstossstange #3', 1, 2),
	(1407, 11, 'Spoiler 2', 0, 2),
	(1408, 12, 'Frontstossstange #4', 1, 3),
	(1409, 11, 'Spoiler 3', 0, 3),
	(1410, 11, 'Spoiler 4', 0, 4),
	(1412, 12, 'Frontstossstange #6', 1, 5),
	(1413, 12, 'Frontstossstange #7', 1, 6),
	(1415, 12, 'Frontstossstange #8', 1, 7),
	(1416, 12, 'Frontstossstange #9', 1, 8),
	(1418, 11, 'Spoiler 5', 0, 5),
	(1419, 11, 'Spoiler 6', 0, 6),
	(1420, 11, 'Spoiler 7', 0, 7),
	(1421, 11, 'Spoiler 8', 0, 8),
	(1422, 11, 'Spoiler 9', 0, 9),
	(1423, 11, 'Spoiler 10', 0, 10),
	(1424, 12, 'Frontstossstange #10', 1, 9),
	(1425, 12, 'Frontstossstange #11', 1, 10),
	(1426, 13, 'Heckstossstange #1', 2, 0),
	(1427, 13, 'Hecktstossstange #2', 2, 1),
	(1428, 13, 'Hecktstossstange #3', 2, 2),
	(1429, 13, 'Hecktstossstange #4', 2, 3),
	(1430, 13, 'Hecktstossstange #5', 2, 4),
	(1431, 13, 'Hecktstossstange #6', 2, 5),
	(1432, 13, 'Hecktstossstange #7', 2, 6),
	(1433, 13, 'Hecktstossstange #8', 2, 7),
	(1434, 13, 'Hecktstossstange #9', 2, 8),
	(1435, 13, 'Hecktstossstange #10', 2, 9),
	(1436, 13, 'Hecktstossstange #11', 2, 10),
	(1437, 14, 'Seitenschweller #1', 3, 0),
	(1438, 14, 'Seitenschweller #2', 3, 1),
	(1439, 14, 'Seitenschweller #3', 3, 2),
	(1440, 14, 'Seitenschweller #4', 3, 3),
	(1441, 14, 'Seitenschweller #5', 3, 4),
	(1442, 14, 'Seitenschweller #6', 3, 5),
	(1443, 14, 'Seitenschweller #7', 3, 6),
	(1444, 15, 'Auspuff #1', 4, 0),
	(1445, 15, 'Auspuff #2', 4, 1),
	(1446, 15, 'Auspuff #3', 4, 2),
	(1447, 15, 'Auspuff #4', 4, 3),
	(1448, 15, 'Auspuff #5', 4, 4),
	(1449, 15, 'Auspuff #6', 4, 5),
	(1450, 15, 'Auspuff #7', 4, 6),
	(1451, 15, 'Auspuff #8', 4, 7),
	(1452, 15, 'Auspuff #9', 4, 8),
	(1453, 15, 'Auspuff #10', 4, 9),
	(1454, 15, 'Auspuff #11', 4, 10),
	(1455, 16, 'Ueberollkaefig #1', 5, 0),
	(1456, 16, 'Ueberollkaefig #2', 5, 1),
	(1457, 16, 'Ueberollkaefig #3', 5, 2),
	(1458, 16, 'Ueberollkaefig #4', 5, 3),
	(1459, 16, 'Ueberollkaefig #5', 5, 4),
	(1460, 17, 'Kuelergrill #1', 6, 0),
	(1461, 17, 'Kuelergrill #2', 6, 1),
	(1462, 17, 'Kuelergrill #3', 6, 2),
	(1463, 17, 'Kuelergrill #4', 6, 3),
	(1464, 17, 'Kuelergrill #5', 6, 4),
	(1465, 17, 'Kuelergrill #6', 6, 5),
	(1466, 17, 'Kuelergrill #7', 6, 6),
	(1467, 17, 'Kuelergrill #8', 6, 7),
	(1468, 18, 'Motorhaube #1', 7, 0),
	(1469, 18, 'Motorhaube #2', 7, 1),
	(1470, 18, 'Motorhaube #3', 7, 2),
	(1471, 18, 'Motorhaube #4', 7, 3),
	(1472, 18, 'Motorhaube #5', 7, 4),
	(1473, 18, 'Motorhaube #6', 7, 5),
	(1474, 18, 'Motorhaube #7', 7, 6),
	(1475, 18, 'Motorhaube #8', 7, 7),
	(1476, 18, 'Motorhaube #9', 7, 8),
	(1477, 18, 'Motorhaube #10', 7, 9),
	(1478, 18, 'Motorhaube #11', 7, 10),
	(1479, 18, 'Motorhaube #12', 7, 11),
	(1480, 19, 'Dach #1', 10, 0),
	(1481, 19, 'Dach #2', 10, 1),
	(1482, 19, 'Dach #3', 10, 2),
	(1483, 19, 'Dach #4', 10, 3),
	(1484, 19, 'Dach #5', 10, 4),
	(1485, 19, 'Dach #6', 10, 5),
	(1486, 19, 'Dach #7', 10, 6),
	(1487, 19, 'Dach #8', 10, 7),
	(1488, 19, 'Dach #9', 10, 8),
	(1489, 19, 'Dach #10', 10, 9),
	(1490, 19, 'Dach #11', 10, 10),
	(1491, 19, 'Dach #12', 10, 11),
	(1492, 11, 'Spoiler 11', 0, 11),
	(1493, 11, 'Spoiler 12', 0, 12),
	(1494, 11, 'Spoiler 13', 0, 13),
	(1495, 11, 'Spoiler 14', 0, 14),
	(1496, 11, 'Spoiler 15', 0, 15),
	(1497, 11, 'Spoiler 16', 0, 16),
	(1498, 11, 'Spoiler 17', 0, 17),
	(1499, 11, 'Spoiler 18', 0, 18),
	(1500, 11, 'Spoiler 19', 0, 19),
	(1501, 11, 'Spoiler 20', 0, 20),
	(1502, 11, 'Spoiler 21', 0, 21),
	(1503, 11, 'Spoiler 22', 0, 22),
	(1504, 11, 'Spoiler 23', 0, 23),
	(1505, 11, 'Spoiler 24', 0, 24),
	(1506, 11, 'Spoiler 25', 0, 25),
	(1507, 12, 'Frontstossstange #12', 1, 12),
	(1508, 12, 'Frontstossstange #13', 1, 13),
	(1509, 12, 'Frontstossstange #14', 1, 14),
	(1510, 12, 'Frontstossstange #15', 1, 15),
	(1511, 12, 'Frontstossstange #16', 1, 16),
	(1512, 13, 'Hecktstossstange #12', 2, 11),
	(1513, 13, 'Hecktstossstange #13', 2, 12),
	(1514, 13, 'Hecktstossstange #14', 2, 13),
	(1515, 13, 'Hecktstossstange #15', 2, 14),
	(1516, 13, 'Hecktstossstange #16', 2, 15),
	(1517, 13, 'Hecktstossstange #17', 2, 16),
	(1518, 13, 'Hecktstossstange #18', 2, 17),
	(1519, 14, 'Seitenschweller #8', 3, 7),
	(1520, 14, 'Seitenschweller #9', 3, 8),
	(1521, 14, 'Seitenschweller #10', 3, 9),
	(1522, 14, 'Seitenschweller #11', 3, 10),
	(1523, 14, 'Seitenschweller #12', 3, 11),
	(1524, 14, 'Seitenschweller #13', 3, 12),
	(1525, 14, 'Seitenschweller #14', 3, 13),
	(1526, 14, 'Seitenschweller #15', 3, 14),
	(1527, 14, 'Seitenschweller #16', 3, 15),
	(1528, 14, 'Seitenschweller #17', 3, 16),
	(1529, 14, 'Seitenschweller #18', 3, 17),
	(1530, 14, 'Seitenschweller #19', 3, 18),
	(1531, 14, 'Seitenschweller #20', 3, 19),
	(1532, 14, 'Seitenschweller #21', 3, 20),
	(1533, 14, 'Seitenschweller #22', 3, 21),
	(1534, 14, 'Seitenschweller #23', 3, 22),
	(1535, 11, 'Spoiler 26', 0, 26),
	(1536, 11, 'Spoiler 27', 0, 27),
	(1537, 11, 'Spoiler 28', 0, 28),
	(1538, 11, 'Spoiler 29', 0, 29),
	(1539, 11, 'Spoiler 30', 0, 30),
	(1540, 11, 'Spoiler 31', 0, 31),
	(1541, 11, 'Spoiler 32', 0, 32),
	(1542, 18, 'Motorhaube #13', 7, 12),
	(1543, 18, 'Motorhaube #14', 7, 13),
	(1544, 18, 'Motorhaube #15', 7, 14),
	(1545, 18, 'Motorhaube #16', 7, 15),
	(1546, 18, 'Motorhaube #17', 7, 16),
	(1547, 18, 'Motorhaube #18', 7, 17),
	(1548, 18, 'Motorhaube #19', 7, 18),
	(1549, 20, 'Livery 1', 48, 1),
	(1550, 20, 'Livery 2', 48, 2),
	(1551, 20, 'Livery 3', 48, 3),
	(1552, 20, 'Livery 4', 48, 4),
	(1553, 20, 'Livery 5', 48, 5),
	(1554, 20, 'Livery 6', 48, 6),
	(1555, 20, 'Livery 7', 48, 7),
	(1556, 20, 'Livery 8', 48, 8),
	(1557, 20, 'Livery 9', 48, 9),
	(1558, 20, 'Livery 10', 48, 10),
	(1559, 20, 'Livery 11', 48, 11),
	(1560, 20, 'Livery 12', 48, 12),
	(1561, 20, 'Livery 13', 48, 13),
	(1562, 20, 'Livery 14', 48, 14),
	(1563, 20, 'Livery 15', 48, 15),
	(1564, 20, 'Livery 16', 48, 16),
	(1565, 20, 'Livery 17', 48, 17),
	(1566, 20, 'Livery 18', 48, 18),
	(1567, 18, 'Motorhaube #21', 7, 20),
	(1568, 20, 'Livery 19', 48, 19),
	(1569, 20, 'Livery 20', 48, 20),
	(1570, 18, 'Motorhaube #22', 7, 21),
	(1571, 20, 'Livery 21', 48, 21),
	(1572, 18, 'Motorhaube #23', 7, 22),
	(1573, 20, 'Livery 22', 48, 22),
	(1574, 18, 'Motorhaube #24', 7, 23),
	(1575, 20, 'Livery 23', 48, 23),
	(1576, 18, 'Motorhaube #25', 7, 24),
	(1577, 20, 'Livery 24', 48, 24),
	(1578, 20, 'Livery 25', 48, 25),
	(1579, 18, 'Motorhaube #26', 7, 25),
	(1580, 20, 'Livery 26', 48, 26),
	(1581, 18, 'Motorhaube #27', 7, 26),
	(1582, 20, 'Livery 27', 48, 27),
	(1583, 20, 'Livery 28', 48, 28),
	(1584, 20, 'Livery 29', 48, 29),
	(1585, 20, 'Livery 30', 48, 30),
	(1586, 20, 'Livery 31', 48, 31),
	(1587, 20, 'Livery 32', 48, 32),
	(1588, 20, 'Livery 33', 48, 33),
	(1589, 20, 'Livery 34', 48, 34),
	(1590, 20, 'Livery 35', 48, 35),
	(1591, 20, 'Livery 36', 48, 36),
	(1592, 20, 'Livery 37', 48, 37),
	(1593, 20, 'Livery 38', 48, 38),
	(1594, 20, 'Livery 39', 48, 39),
	(1595, 20, 'Livery 40', 48, 40),
	(1596, 20, 'Livery 41', 48, 41),
	(1597, 20, 'Livery 42', 48, 42),
	(1598, 20, 'Livery 43', 48, 43),
	(1599, 20, 'Livery 44', 48, 44),
	(1600, 20, 'Livery 45', 48, 45),
	(1601, 20, 'Livery 46', 48, 46),
	(1602, 20, 'Livery 47', 48, 47),
	(1603, 20, 'Livery 48', 48, 48),
	(1604, 20, 'Livery 49', 48, 49),
	(1605, 20, 'Livery 50', 48, 50),
	(1610, 21, 'Muscle', 1007, 1),
	(1611, 21, 'Lowrider', 1007, 2),
	(1612, 21, 'SUV', 1007, 3),
	(1613, 21, 'Offroad', 1007, 4),
	(1614, 21, 'Tuner', 1007, 5),
	(1615, 21, 'Reifentyp #6', 1007, 6),
	(1616, 21, 'Highend', 1007, 7),
	(1617, 21, 'Bennys originals', 1007, 8),
	(1618, 21, 'Bennys bespoke', 1007, 9),
	(1619, 21, 'Open Wheel', 1007, 10),
	(1620, 21, 'Street', 1007, 11),
	(1621, 21, 'Track', 1007, 12),
	(1622, 7, 'Black on White 1', 53, 0),
	(1623, 7, 'Yellow on Black', 53, 1),
	(1624, 7, 'Blue on White', 53, 2),
	(1625, 7, 'Black on White 2', 53, 3),
	(1628, 22, 'Reifen #1', 23, 1),
	(1629, 22, 'Reifen #2', 23, 2),
	(1630, 22, 'Reifen #3', 23, 3),
	(1631, 22, 'Reifen #4', 23, 4),
	(1632, 22, 'Reifen #5', 23, 5),
	(1633, 22, 'Reifen #6', 23, 6),
	(1634, 22, 'Reifen #7', 23, 7),
	(1635, 22, 'Reifen #8', 23, 8),
	(1636, 22, 'Reifen #9', 23, 9),
	(1637, 22, 'Reifen #10', 23, 10),
	(1638, 22, 'Reifen #11', 23, 11),
	(1639, 22, 'Reifen #12', 23, 12),
	(1640, 22, 'Reifen #13', 23, 13),
	(1641, 22, 'Reifen #14', 23, 14),
	(1642, 22, 'Reifen #15', 23, 15),
	(1643, 22, 'Reifen #16', 23, 16),
	(1644, 22, 'Reifen #17', 23, 17),
	(1645, 22, 'Reifen #18', 23, 18),
	(1646, 22, 'Reifen #19', 23, 19),
	(1647, 22, 'Reifen #20', 23, 20),
	(1648, 22, 'Reifen #21', 23, 21),
	(1649, 22, 'Reifen #22', 23, 22),
	(1650, 22, 'Reifen #23', 23, 23),
	(1651, 22, 'Reifen #24', 23, 24),
	(1652, 22, 'Reifen #25', 23, 25),
	(1653, 22, 'Reifen #26', 23, 26),
	(1654, 22, 'Reifen #27', 23, 27),
	(1655, 22, 'Reifen #28', 23, 28),
	(1656, 22, 'Reifen #29', 23, 29),
	(1657, 22, 'Reifen #30', 23, 30),
	(1658, 22, 'Reifen #31', 23, 31),
	(1659, 22, 'Reifen #32', 23, 32),
	(1660, 22, 'Reifen #33', 23, 33),
	(1661, 22, 'Reifen #34', 23, 34),
	(1662, 22, 'Reifen #35', 23, 35),
	(1663, 22, 'Reifen #36', 23, 36),
	(1664, 22, 'Reifen #37', 23, 37),
	(1665, 22, 'Reifen #38', 23, 38),
	(1666, 22, 'Reifen #39', 23, 39),
	(1667, 22, 'Reifen #40', 23, 40),
	(1668, 22, 'Reifen #40', 23, 41),
	(1669, 22, 'Reifen #41', 23, 41),
	(1670, 22, 'Reifen #42', 23, 42),
	(1671, 22, 'Reifen #43', 23, 43),
	(1672, 22, 'Reifen #44', 23, 44),
	(1673, 22, 'Reifen #45', 23, 45),
	(1674, 22, 'Reifen #46', 23, 46),
	(1675, 22, 'Reifen #47', 23, 47),
	(1676, 22, 'Reifen #48', 23, 48),
	(1677, 22, 'Reifen #49', 23, 49),
	(1678, 22, 'Reifen #50', 23, 50),
	(1679, 22, 'Reifen #51', 23, 51),
	(1680, 22, 'Reifen #52', 23, 52),
	(1681, 22, 'Reifen #53', 23, 53),
	(1682, 22, 'Reifen #54', 23, 54),
	(1683, 22, 'Reifen #55', 23, 55),
	(1684, 22, 'Reifen #56', 23, 56),
	(1685, 22, 'Reifen #57', 23, 57),
	(1686, 22, 'Reifen #58', 23, 58),
	(1687, 22, 'Reifen #59', 23, 59),
	(1688, 22, 'Reifen #60', 23, 60),
	(1689, 22, 'Reifen #61', 23, 61),
	(1690, 22, 'Reifen #62', 23, 62),
	(1691, 22, 'Reifen #63', 23, 63),
	(1692, 22, 'Reifen #64', 23, 64),
	(1693, 22, 'Reifen #65', 23, 65),
	(1694, 22, 'Reifen #66', 23, 66),
	(1695, 22, 'Reifen #67', 23, 67),
	(1696, 22, 'Reifen #68', 23, 68),
	(1697, 22, 'Reifen #69', 23, 69),
	(1698, 22, 'Reifen #70', 23, 70),
	(1699, 22, 'Reifen #71', 23, 71),
	(1700, 22, 'Reifen #72', 23, 72),
	(1701, 22, 'Reifen #73', 23, 73),
	(1702, 22, 'Reifen #74', 23, 74),
	(1703, 22, 'Reifen #75', 23, 75),
	(1704, 22, 'Reifen #76', 23, 76),
	(1705, 22, 'Reifen #77', 23, 77),
	(1706, 22, 'Reifen #78', 23, 78),
	(1707, 22, 'Reifen #79', 23, 79),
	(1708, 22, 'Reifen #80', 23, 80),
	(1709, 22, 'Reifen #81', 23, 81),
	(1710, 22, 'Reifen #82', 23, 82),
	(1711, 22, 'Reifen #83', 23, 83),
	(1712, 22, 'Reifen #84', 23, 84),
	(1713, 22, 'Reifen #85', 23, 85),
	(1714, 22, 'Reifen #86', 23, 86),
	(1715, 22, 'Reifen #87', 23, 87),
	(1716, 22, 'Reifen #88', 23, 88),
	(1717, 22, 'Reifen #89', 23, 89),
	(1718, 22, 'Reifen #90', 23, 90),
	(1719, 22, 'Reifen #91', 23, 91),
	(1720, 22, 'Reifen #92', 23, 92),
	(1721, 22, 'Reifen #93', 23, 93),
	(1722, 22, 'Reifen #94', 23, 94),
	(1723, 22, 'Reifen #95', 23, 95),
	(1724, 22, 'Reifen #96', 23, 96),
	(1725, 22, 'Reifen #97', 23, 97),
	(1726, 22, 'Reifen #98', 23, 98),
	(1727, 22, 'Reifen #99', 23, 99),
	(1728, 22, 'Reifen #100', 23, 100),
	(1729, 22, 'Reifen #101', 23, 101),
	(1730, 22, 'Reifen #102', 23, 102),
	(1731, 22, 'Reifen #103', 23, 103),
	(1732, 22, 'Reifen #104', 23, 104),
	(1733, 22, 'Reifen #105', 23, 105),
	(1734, 22, 'Reifen #106', 23, 106),
	(1735, 22, 'Reifen #107', 23, 107),
	(1736, 22, 'Reifen #108', 23, 108),
	(1737, 22, 'Reifen #109', 23, 109),
	(1738, 22, 'Reifen #110', 23, 110),
	(1739, 22, 'Reifen #111', 23, 111),
	(1740, 22, 'Reifen #112', 23, 112),
	(1741, 22, 'Reifen #113', 23, 113),
	(1742, 22, 'Reifen #114', 23, 114),
	(1743, 22, 'Reifen #115', 23, 115),
	(1744, 22, 'Reifen #116', 23, 116),
	(1745, 22, 'Reifen #117', 23, 117),
	(1746, 22, 'Reifen #118', 23, 118),
	(1747, 22, 'Reifen #119', 23, 119),
	(1748, 22, 'Reifen #120', 23, 120),
	(1749, 22, 'Reifen #121', 23, 121),
	(1750, 22, 'Reifen #122', 23, 122),
	(1751, 22, 'Reifen #123', 23, 123),
	(1752, 22, 'Reifen #124', 23, 124),
	(1788, 21, 'Sport', 1007, 13),
	(1790, 23, 'LKW', 14, 1),
	(1791, 23, 'Police', 14, 2),
	(1792, 23, 'Clown', 14, 3),
	(1793, 23, 'Melodie #1', 14, 4),
	(1794, 23, 'Melodie #2', 14, 5),
	(1795, 23, 'Melodie #3', 14, 6),
	(1796, 23, 'Melodie #4', 14, 7),
	(1797, 23, 'Melodie #5', 14, 8),
	(1798, 23, 'Melodie #6', 14, 9),
	(1799, 23, 'Melodie #7', 14, 10),
	(1800, 23, 'Melodie #8', 14, 11),
	(1801, 23, 'Melodie #9', 14, 12),
	(1802, 23, 'Melodie #10', 14, 13),
	(1803, 23, 'Melodie #11', 14, 14),
	(1804, 23, 'Melodie #12', 14, 15),
	(1805, 23, 'Melodie #13', 14, 16),
	(1806, 23, 'Ton C', 14, 17),
	(1807, 23, 'Ton D', 14, 18),
	(1808, 23, 'Ton E', 14, 19),
	(1809, 23, 'Ton F', 14, 20),
	(1810, 23, 'Ton G', 14, 21),
	(1811, 23, 'Ton A', 14, 22),
	(1812, 23, 'Ton H', 14, 23),
	(1813, 23, 'Ton C', 14, 24),
	(1814, 23, 'Melodie #14', 14, 25),
	(1815, 23, 'Melodie #15', 14, 26),
	(1816, 23, 'Melodie #16', 14, 27),
	(1817, 23, 'Melodie #17', 14, 28),
	(1818, 23, 'Melodie #18', 14, 29),
	(1819, 23, 'Melodie #19', 14, 29),
	(1820, 23, 'Melodie #20', 14, 30),
	(1821, 23, 'Melodie #21', 14, 31),
	(1822, 23, 'Melodie #22', 14, 32),
	(1823, 23, 'Melodie #23', 14, 33),
	(1824, 23, 'Melodie #24', 14, 34),
	(1825, 23, 'Melodie #25', 14, 35),
	(1826, 23, 'Melodie #26', 14, 36),
	(1827, 23, 'Melodie #27', 14, 37),
	(1828, 23, 'Melodie #28', 14, 38),
	(1829, 23, 'Melodie #29', 14, 39),
	(1830, 23, 'Melodie #30', 14, 40),
	(1831, 23, 'Melodie #31', 14, 41),
	(1832, 23, 'Melodie #33', 14, 42),
	(1833, 23, 'Melodie #34', 14, 43),
	(1834, 23, 'Melodie #35', 14, 44),
	(1835, 23, 'Melodie #36', 14, 45),
	(1836, 23, 'Melodie #37', 14, 46),
	(1837, 23, 'X-Mas #1', 14, 47),
	(1838, 23, 'X-Mas #2', 14, 48),
	(1839, 23, 'X-Mas #3', 14, 49),
	(1840, 23, 'X-Mas #4', 14, 50),
	(1841, 23, 'X-Mas #5', 14, 51),
	(1842, 23, 'X-Mas #6', 14, 52),
	(1843, 24, 'Metallic Black', 1006, 0),
	(1844, 24, 'Metallic Graphite Black', 1006, 1),
	(1845, 24, 'Metallic Black Steal', 1006, 2),
	(1846, 24, 'Metallic Dark Silver', 1006, 3),
	(1847, 24, 'Metallic Silver', 1006, 4),
	(1848, 24, 'Metallic Blue Silver', 1006, 5),
	(1849, 24, 'Metallic Steel Gray', 1006, 6),
	(1850, 24, 'Metallic Shadow Silver', 1006, 7),
	(1851, 24, 'Metallic Stone Silver', 1006, 8),
	(1852, 24, 'Metallic Midnight Silver', 1006, 9),
	(1853, 24, 'Metallic Gun Metal', 1006, 10),
	(1854, 24, 'Metallic Anthracite Grey', 1006, 11),
	(1855, 24, 'Matte Black', 1006, 12),
	(1856, 24, 'Matte Gray', 1006, 13),
	(1857, 24, 'Matte Light Grey', 1006, 14),
	(1858, 24, 'Util Black', 1006, 15),
	(1859, 24, 'Util Black Poly', 1006, 16),
	(1860, 24, 'Util Dark silver', 1006, 17),
	(1861, 24, 'Util Silver', 1006, 18),
	(1862, 24, 'Util Gun Metal', 1006, 19),
	(1863, 24, 'Util Shadow Silver', 1006, 20),
	(1864, 24, 'Worn Black', 1006, 21),
	(1865, 24, 'Worn Graphite', 1006, 22),
	(1866, 24, 'Worn Silver Grey', 1006, 23),
	(1867, 24, 'Worn Silver', 1006, 24),
	(1868, 24, 'Worn Blue Silver', 1006, 25),
	(1869, 24, 'Worn Shadow Silver', 1006, 26),
	(1870, 24, 'Metallic Red', 1006, 27),
	(1871, 24, 'Metallic Torino Red', 1006, 28),
	(1872, 24, 'Metallic Formula Red', 1006, 29),
	(1873, 24, 'Metallic Blaze Red', 1006, 30),
	(1874, 24, 'Metallic Graceful Red', 1006, 31),
	(1875, 24, 'Metallic Garnet Red', 1006, 32),
	(1876, 24, 'Metallic Desert Red', 1006, 33),
	(1877, 24, 'Metallic Cabernet Red', 1006, 34),
	(1878, 24, 'Metallic Candy Red', 1006, 35),
	(1879, 24, 'Metallic Sunrise Orange', 1006, 36),
	(1880, 24, 'Metallic Classic Gold', 1006, 37),
	(1881, 24, 'Metallic Orange', 1006, 38),
	(1882, 24, 'Matte Red', 1006, 39),
	(1883, 24, 'Matte Dark Red', 1006, 40),
	(1884, 24, 'Matte Orange', 1006, 41),
	(1885, 24, 'Matte Yellow', 1006, 42),
	(1886, 24, 'Util Red', 1006, 43),
	(1887, 24, 'Util Bright Red', 1006, 44),
	(1888, 24, 'Util Garnet Red', 1006, 45),
	(1889, 24, 'Worn Red', 1006, 46),
	(1890, 24, 'Worn Golden Red', 1006, 47),
	(1891, 24, 'Worn Dark Red', 1006, 48),
	(1892, 24, 'Metallic Dark Green', 1006, 49),
	(1893, 24, 'Metallic Racing Green', 1006, 50),
	(1894, 24, 'Metallic Sea Green', 1006, 51),
	(1895, 24, 'Metallic Olive Green', 1006, 52),
	(1896, 24, 'Metallic Green', 1006, 53),
	(1897, 24, 'Metallic Gasoline Blue Green', 1006, 54),
	(1898, 24, 'Matte Lime Green', 1006, 55),
	(1899, 24, 'Util Dark Green', 1006, 56),
	(1900, 24, 'Util Green', 1006, 57),
	(1901, 24, 'Worn Dark Green', 1006, 58),
	(1902, 24, 'Worn Green', 1006, 59),
	(1903, 24, 'Worn Sea Wash', 1006, 60),
	(1904, 24, 'Metallic Midnight Blue', 1006, 61),
	(1905, 24, 'Metallic Dark Blue', 1006, 62),
	(1906, 24, 'Metallic Saxony Blue', 1006, 63),
	(1907, 24, 'Metallic Blue', 1006, 64),
	(1908, 24, 'Metallic Mariner Blue', 1006, 65),
	(1909, 24, 'Metallic Harbor Blue', 1006, 66),
	(1910, 24, 'Metallic Diamond Blue', 1006, 67),
	(1911, 24, 'Metallic Surf Blue', 1006, 68),
	(1912, 24, 'Metallic Nautical Blue', 1006, 69),
	(1913, 24, 'Metallic Bright Blue', 1006, 70),
	(1914, 24, 'Metallic Purple Blue', 1006, 71),
	(1915, 24, 'Metallic Spinnaker Blue', 1006, 72),
	(1916, 24, 'Metallic Ultra Blue', 1006, 73),
	(1917, 24, 'Metallic Bright Blue', 1006, 74),
	(1918, 24, 'Util Dark Blue', 1006, 75),
	(1919, 24, 'Util Midnight Blue', 1006, 76),
	(1920, 24, 'Util Blue', 1006, 77),
	(1921, 24, 'Util Sea Foam Blue', 1006, 78),
	(1922, 24, 'Util Lightning blue', 1006, 79),
	(1923, 24, 'Util Maui Blue Poly', 1006, 80),
	(1924, 24, 'Util Bright Blue', 1006, 81),
	(1925, 24, 'Matte Dark Blue', 1006, 82),
	(1926, 24, 'Matte Blue', 1006, 83),
	(1927, 24, 'Matte Midnight Blue', 1006, 84),
	(1928, 24, 'Worn Dark blue', 1006, 85),
	(1929, 24, 'Worn Blue', 1006, 86),
	(1930, 24, 'Worn Light blue', 1006, 87),
	(1931, 24, 'Metallic Taxi Yellow', 1006, 88),
	(1932, 24, 'Metallic Race Yellow', 1006, 89),
	(1933, 24, 'Metallic Bronze', 1006, 90),
	(1934, 24, 'Metallic Yellow Bird', 1006, 91),
	(1935, 24, 'Metallic Lime', 1006, 92),
	(1936, 24, 'Metallic Champagne', 1006, 93),
	(1937, 24, 'Metallic Pueblo Beige', 1006, 94),
	(1938, 24, 'Metallic Dark Ivory', 1006, 95),
	(1939, 24, 'Metallic Choco Brown', 1006, 96),
	(1940, 24, 'Metallic Golden Brown', 1006, 97),
	(1941, 24, 'Metallic Light Brown', 1006, 98),
	(1942, 24, 'Metallic Straw Beige', 1006, 99),
	(1943, 24, 'Metallic Moss Brown', 1006, 100),
	(1944, 24, 'Metallic Biston Brown', 1006, 101),
	(1945, 24, 'Metallic Beechwood', 1006, 102),
	(1946, 24, 'Metallic Dark Beechwood', 1006, 103),
	(1947, 24, 'Metallic Choco Orange', 1006, 104),
	(1948, 24, 'Metallic Beach Sand', 1006, 105),
	(1949, 24, 'Metallic Sun Bleeched Sand', 1006, 106),
	(1950, 24, 'Metallic Cream', 1006, 107),
	(1951, 24, 'Util Brown', 1006, 108),
	(1952, 24, 'Util Medium Brown', 1006, 109),
	(1953, 24, 'Util Light Brown', 1006, 110),
	(1954, 24, 'Metallic White', 1006, 111),
	(1955, 24, 'Metallic Frost White', 1006, 112),
	(1956, 24, 'Worn Honey Beige', 1006, 113),
	(1957, 24, 'Worn Brown', 1006, 114),
	(1958, 24, 'Worn Dark Brown', 1006, 115),
	(1959, 24, 'Worn straw beige', 1006, 116),
	(1960, 24, 'Brushed Steel', 1006, 117),
	(1961, 24, 'Brushed Black steel', 1006, 118),
	(1962, 24, 'Brushed Aluminium', 1006, 119),
	(1963, 24, 'Chrome', 1006, 120),
	(1964, 24, 'Worn Off White', 1006, 121),
	(1965, 24, 'Util Off White', 1006, 122),
	(1966, 24, 'Worn Orange', 1006, 123),
	(1967, 24, 'Worn Light Orange', 1006, 124),
	(1968, 24, 'Metallic Securicor Green', 1006, 125),
	(1969, 24, 'Worn Taxi Yellow', 1006, 126),
	(1970, 24, 'police car blue', 1006, 127),
	(1971, 24, 'Matte Green', 1006, 128),
	(1972, 24, 'Matte Brown', 1006, 129),
	(1973, 24, 'Worn Orange', 1006, 130),
	(1974, 24, 'Matte White', 1006, 131),
	(1975, 24, 'Worn White', 1006, 132),
	(1976, 24, 'Worn Olive Army Green', 1006, 133),
	(1977, 24, 'Pure White', 1006, 134),
	(1978, 24, 'Hot Pink', 1006, 135),
	(1979, 24, 'Salmon pink', 1006, 136),
	(1980, 24, 'Metallic Vermillion Pink', 1006, 137),
	(1981, 24, 'Orange', 1006, 138),
	(1982, 24, 'Green', 1006, 139),
	(1983, 24, 'Blue', 1006, 140),
	(1984, 24, 'Mettalic Black Blue', 1006, 141),
	(1985, 24, 'Metallic Black Purple', 1006, 142),
	(1986, 24, 'Metallic Black Red', 1006, 143),
	(1987, 24, 'hunter green', 1006, 144),
	(1988, 24, 'Metallic Purple', 1006, 145),
	(1989, 24, 'Metaillic V Dark Blue', 1006, 146),
	(1990, 24, 'MODSHOP BLACK1', 1006, 147),
	(1991, 24, 'Matte Purple', 1006, 148),
	(1992, 24, 'Matte Dark Purple', 1006, 149),
	(1993, 24, 'Metallic Lava Red', 1006, 150),
	(1994, 24, 'Matte Forest Green', 1006, 151),
	(1995, 24, 'Matte Olive Drab', 1006, 152),
	(1996, 24, 'Matte Desert Brown', 1006, 153),
	(1997, 24, 'Matte Desert Tan', 1006, 154),
	(1998, 24, 'Matte Foilage Green', 1006, 155),
	(1999, 24, 'DEFAULT ALLOY COLOR', 1006, 156),
	(2000, 24, 'Epsilon Blue', 1006, 157),
	(2001, 24, 'Pure Gold', 1006, 158),
	(2002, 24, 'Brushed Gold', 1006, 159),
	(2098, 25, 'test', 16, 0),
	(2099, 25, 'test', 16, 1),
	(2100, 25, 'test', 16, 2),
	(2101, 25, 'test', 16, 3),
	(2102, 25, 'test', 16, 4),
	(2103, 25, 'test', 16, 5);

-- Dumping structure for table pgrp.server_vehicles
CREATE TABLE IF NOT EXISTS `server_vehicles` (
  `id` int NOT NULL AUTO_INCREMENT,
  `owner_id` int NOT NULL DEFAULT '0',
  `key_holder_id` int NOT NULL DEFAULT '0',
  `parked` tinyint(1) NOT NULL DEFAULT '0',
  `plate` varchar(10) CHARACTER SET armscii8 COLLATE armscii8_bin NOT NULL DEFAULT '0',
  `note` varchar(50) CHARACTER SET armscii8 COLLATE armscii8_bin NOT NULL DEFAULT '0',
  `fuel` float NOT NULL DEFAULT '0',
  `type` int NOT NULL DEFAULT '0',
  `garage_id` int NOT NULL DEFAULT '0',
  `position_id` int NOT NULL DEFAULT '0',
  `trunk_id` int NOT NULL DEFAULT '0',
  `glovebox_id` int NOT NULL DEFAULT '0',
  `base_id` int NOT NULL DEFAULT '0',
  `tuning_id` int NOT NULL DEFAULT '0',
  PRIMARY KEY (`id`)
) ENGINE=InnoDB AUTO_INCREMENT=453 DEFAULT CHARSET=armscii8 COLLATE=armscii8_bin;

-- Dumping data for table pgrp.server_vehicles: ~325 rows (approximately)
INSERT INTO `server_vehicles` (`id`, `owner_id`, `key_holder_id`, `parked`, `plate`, `note`, `fuel`, `type`, `garage_id`, `position_id`, `trunk_id`, `glovebox_id`, `base_id`, `tuning_id`) VALUES
	(100, 1, 0, 1, 'LSPD', '', 133.2, 1, 40, 2810, 1911, 1912, 10, 92),
	(101, 1, 0, 1, 'LSPD', '', 108.758, 1, 40, 2811, 1913, 1914, 10, 93),
	(102, 1, 0, 1, 'LSPD', '', 159.24, 1, 40, 2812, 1915, 1916, 10, 94),
	(103, 1, 0, 1, 'LSPD', '', 100, 1, 16, 2813, 1917, 1918, 3, 95),
	(104, 1, 0, 1, 'LSPD', '', 62.78, 1, 40, 2814, 1919, 1920, 3, 96),
	(105, 1, 0, 1, 'LSPD', '', 95.17, 1, 40, 2815, 1921, 1922, 3, 97),
	(106, 1, 0, 1, 'LSPD', '', 87.82, 1, 40, 2816, 1923, 1924, 3, 98),
	(107, 1, 0, 1, 'LSPD', '', 99.9, 1, 40, 2817, 1925, 1926, 3, 99),
	(108, 1, 0, 1, 'LSPD', '', 99.06, 1, 40, 2818, 1927, 1928, 3, 100),
	(109, 1, 0, 1, 'LSPD', '', 99.8, 1, 40, 2819, 1929, 1930, 3, 101),
	(110, 1, 0, 1, 'LSPD', '', 99.88, 1, 40, 2820, 1931, 1932, 3, 102),
	(111, 1, 0, 1, 'LSPD', '', 99.81, 1, 40, 2821, 1933, 1934, 3, 103),
	(112, 1, 0, 1, 'LSPD', '', 99.82, 1, 40, 2822, 1935, 1936, 3, 104),
	(113, 1, 0, 1, 'LSPD', '', 99.82, 1, 40, 2823, 1937, 1938, 3, 105),
	(114, 1, 0, 1, 'LSPD', '', 99.8, 1, 40, 2824, 1939, 1940, 3, 106),
	(115, 1, 0, 1, 'LSPD', '', 99.95, 1, 40, 2825, 1941, 1942, 3, 107),
	(116, 1, 0, 1, 'LSPD', '', 31.7, 1, 40, 2826, 1943, 1944, 22, 108),
	(117, 1, 0, 1, 'LSPD', '', 95.27, 1, 40, 2827, 1945, 1946, 22, 109),
	(118, 1, 0, 1, 'LSPD', '', 80.13, 1, 40, 2828, 1947, 1948, 22, 110),
	(119, 1, 0, 1, 'LSPD', '', 100, 1, 40, 2829, 1949, 1950, 22, 111),
	(120, 1, 0, 1, 'LSPD', '', 100, 1, 40, 2830, 1951, 1952, 22, 112),
	(121, 1, 0, 1, 'LSPD', '', 100, 1, 40, 2831, 1953, 1954, 22, 113),
	(122, 1, 0, 1, 'LSPD', '', 88.1, 1, 40, 2832, 1955, 1956, 22, 114),
	(123, 1, 0, 1, 'LSPD', '', 100, 1, 40, 2833, 1957, 1958, 22, 115),
	(124, 1, 0, 1, 'LSPD', '', 100, 1, 40, 2834, 1959, 1960, 22, 116),
	(125, 1, 0, 1, 'LSPD', '', 100, 1, 40, 2835, 1961, 1962, 22, 117),
	(126, 1, 0, 1, 'LSPD', '', 100, 1, 40, 2836, 1963, 1964, 22, 118),
	(127, 1, 0, 1, 'LSPD', '', 100, 1, 40, 2837, 1965, 1966, 22, 119),
	(128, 1, 0, 1, 'LSPD', '', 100, 1, 40, 2838, 1967, 1968, 22, 120),
	(129, 1, 0, 1, 'LSPD', '', 174.58, 1, 40, 2839, 1969, 1970, 23, 121),
	(130, 1, 0, 1, 'LSPD', '', 100, 1, 40, 2840, 1971, 1972, 23, 122),
	(131, 1, 0, 1, 'LSPD', '', 100, 1, 40, 2841, 1973, 1974, 23, 123),
	(132, 1, 0, 1, 'LSPD', '', 100, 1, 40, 2842, 1975, 1976, 23, 124),
	(133, 1, 0, 1, 'LSPD', '', 100, 1, 40, 2843, 1977, 1978, 23, 125),
	(134, 1, 0, 1, 'LSPD', '', 100, 1, 40, 2844, 1979, 1980, 23, 126),
	(135, 1, 0, 1, 'LSPD', '', 100, 1, 40, 2845, 1981, 1982, 23, 127),
	(136, 1, 0, 1, 'LSPD', '', 100, 1, 40, 2846, 1983, 1984, 23, 128),
	(137, 1, 0, 1, 'LSPD', '', 100, 1, 40, 2847, 1985, 1986, 23, 129),
	(138, 1, 0, 1, 'LSPD', '', 100, 1, 40, 2848, 1987, 1988, 23, 130),
	(139, 1, 0, 1, 'LSPD', '', 100, 1, 40, 2849, 1989, 1990, 23, 131),
	(140, 1, 0, 1, 'LSPD', '', 99.73, 1, 40, 2850, 1991, 1992, 23, 132),
	(141, 1, 0, 1, 'LSPD', '', 100, 1, 40, 2851, 1993, 1994, 23, 133),
	(142, 1, 0, 1, 'LSPD', '', 87.68, 1, 40, 2852, 1995, 1996, 28, 134),
	(143, 1, 0, 1, 'LSPD', '', 98.6, 1, 40, 2853, 1997, 1998, 28, 135),
	(144, 1, 0, 1, 'LSPD', '', 100, 1, 40, 2854, 1999, 2000, 28, 136),
	(145, 1, 0, 1, 'LSPD', '', 100, 1, 40, 2855, 2001, 2002, 28, 137),
	(146, 1, 0, 1, 'LSPD', '', 99.92, 1, 40, 2856, 2003, 2004, 28, 138),
	(147, 1, 0, 1, 'LSPD', '', 100, 1, 40, 2857, 2005, 2006, 28, 139),
	(148, 1, 0, 1, 'LSPD', '', 100, 1, 40, 2858, 2007, 2008, 28, 140),
	(149, 1, 0, 1, 'LSPD', '', 100, 1, 40, 2859, 2009, 2010, 28, 141),
	(150, 1, 0, 1, 'LSPD', '', 100, 1, 40, 2860, 2011, 2012, 28, 142),
	(151, 1, 0, 1, 'LSPD', '', 99.69, 1, 40, 2861, 2013, 2014, 28, 143),
	(152, 1, 0, 1, 'LSPD', '', 56.75, 1, 40, 2862, 2015, 2016, 29, 144),
	(153, 1, 0, 1, 'LSPD', '', 89.14, 1, 40, 2863, 2017, 2018, 29, 145),
	(154, 1, 0, 1, 'LSPD', '', 100, 1, 40, 2864, 2019, 2020, 29, 146),
	(155, 1, 0, 1, 'LSPD', '', 100, 1, 40, 2865, 2021, 2022, 29, 147),
	(156, 1, 0, 1, 'LSPD', '', 100, 1, 40, 2866, 2023, 2024, 29, 148),
	(157, 1, 0, 1, 'LSPD', '', 94.97, 1, 40, 2867, 2025, 2026, 29, 149),
	(158, 1, 0, 1, 'LSPD', '', 82.5998, 1, 40, 2868, 2027, 2028, 27, 150),
	(159, 1, 0, 1, 'LSPD', '', 99.9, 1, 40, 2869, 2029, 2030, 27, 151),
	(160, 1, 0, 1, 'LSPD', '', 100, 1, 40, 2870, 2031, 2032, 27, 152),
	(161, 1, 0, 1, 'LSPD', '', 100, 1, 40, 2871, 2033, 2034, 27, 153),
	(162, 1, 0, 1, 'LSPD', '', 89.2099, 1, 40, 2872, 2035, 2036, 5, 154),
	(163, 1, 0, 1, 'LSPD', '', 100, 1, 40, 2873, 2037, 2038, 5, 155),
	(164, 1, 0, 1, 'LSPD', '', 99.92, 1, 40, 2874, 2039, 2040, 5, 156),
	(165, 1, 0, 1, 'LSPD', '', 99.03, 1, 40, 2875, 2041, 2042, 5, 157),
	(166, 1, 0, 1, 'LSPD', '', 98.78, 1, 40, 2876, 2043, 2044, 5, 158),
	(167, 1, 0, 1, 'LSPD', '', 142.7, 1, 40, 2877, 2045, 2046, 25, 159),
	(168, 1, 0, 1, 'LSPD', '', 81.8299, 1, 40, 2878, 2047, 2048, 25, 160),
	(172, 1, 0, 1, 'LSPD', '', 95.62, 1, 41, 2882, 2055, 2056, 21, 164),
	(173, 1, 0, 1, 'LSPD', '', 100, 1, 16, 2883, 2057, 2058, 21, 165),
	(174, 1, 0, 1, 'LSPD', '', 72.17, 1, 41, 2884, 2059, 2060, 20, 166),
	(175, 1, 0, 1, 'LSPD', '', 86.34, 1, 41, 2885, 2061, 2062, 20, 167),
	(176, 1, 0, 1, 'LSPD', '', 100, 1, 41, 2886, 2063, 2064, 20, 168),
	(177, 1, 0, 1, 'LSPD', '', 100, 1, 41, 2887, 2065, 2066, 20, 169),
	(178, 1, 0, 1, 'LSPD', '', 82.55, 1, 41, 2888, 2067, 2068, 32, 170),
	(179, 1, 0, 1, 'LSPD', '', 47.5, 1, 34, 2889, 2069, 2070, 19, 171),
	(180, 1, 0, 1, 'LSPD', '', 99.7, 1, 34, 2890, 2071, 2072, 19, 172),
	(181, 1, 0, 1, 'LSPD', '', 100, 1, 34, 2891, 2073, 2074, 19, 173),
	(182, 1, 0, 1, 'LSPD', '', 68.4997, 1, 34, 2892, 2075, 2076, 19, 174),
	(185, 2, 0, 1, 'FIB', '', 142.44, 1, 35, 2895, 2081, 2082, 11, 177),
	(186, 2, 0, 1, 'FIB', '', 94.02, 1, 35, 2896, 2083, 2084, 11, 178),
	(187, 2, 0, 1, 'FIB', '', 152.67, 1, 35, 2897, 2085, 2086, 11, 179),
	(188, 2, 0, 1, 'FIB', '', 95.99, 1, 35, 2898, 2087, 2088, 11, 180),
	(189, 2, 0, 1, 'FIB', '', 100, 1, 35, 2899, 2089, 2090, 11, 181),
	(190, 2, 0, 1, 'FIB', '', 100, 1, 35, 2900, 2091, 2092, 11, 182),
	(191, 2, 0, 1, 'FIB', '', 26.6, 1, 35, 2901, 2093, 2094, 11, 183),
	(192, 2, 0, 1, 'FIB', '', 100, 1, 35, 2902, 2095, 2096, 11, 184),
	(194, 2, 0, 1, 'FIB', '', 96.22, 1, 35, 2904, 2099, 2100, 35, 186),
	(195, 2, 0, 1, 'FIB', '', 99.63, 1, 35, 2905, 2101, 2102, 35, 187),
	(196, 2, 0, 1, 'FIB', '', 153.69, 1, 35, 2906, 2103, 2104, 35, 188),
	(197, 2, 0, 1, 'FIB', '', 86.36, 1, 35, 2907, 2105, 2106, 35, 189),
	(198, 2, 0, 1, 'FIB', '', 56.75, 1, 35, 2908, 2107, 2108, 35, 190),
	(199, 2, 0, 1, 'FIB', '', 100, 1, 35, 2909, 2109, 2110, 35, 191),
	(200, 2, 0, 1, 'FIB', '', 100, 1, 35, 2910, 2111, 2112, 35, 192),
	(201, 2, 0, 1, 'FIB', '', 100, 1, 35, 2911, 2113, 2114, 35, 193),
	(202, 2, 0, 1, 'FIB', '', 97.24, 1, 35, 2912, 2115, 2116, 36, 194),
	(203, 2, 0, 1, 'FIB', '', 100, 1, 35, 2913, 2117, 2118, 36, 195),
	(204, 2, 0, 1, 'FIB', '', 99.95, 1, 35, 2914, 2119, 2120, 36, 196),
	(205, 2, 0, 1, 'FIB', '', 100, 1, 35, 2915, 2121, 2122, 36, 197),
	(206, 2, 0, 1, 'FIB', '', 81.79, 1, 35, 2916, 2123, 2124, 41, 198),
	(207, 2, 0, 1, 'FIB', '', 100, 1, 35, 2917, 2125, 2126, 41, 199),
	(208, 2, 0, 1, 'FIB', '', 99.57, 1, 35, 2918, 2127, 2128, 41, 200),
	(209, 2, 0, 1, 'FIB', '', 100, 1, 35, 2919, 2129, 2130, 41, 201),
	(210, 2, 0, 1, 'FIB', '', 98.74, 1, 35, 2920, 2131, 2132, 38, 202),
	(211, 2, 0, 1, 'FIB', '', 99.95, 1, 35, 2921, 2133, 2134, 38, 203),
	(212, 2, 0, 1, 'FIB', '', 100, 1, 35, 2922, 2135, 2136, 37, 204),
	(213, 2, 0, 1, 'FIB', '', 69.9, 1, 35, 2923, 2137, 2138, 37, 205),
	(214, 2, 0, 1, 'FIB', '', 99.87, 1, 35, 2924, 2139, 2140, 33, 206),
	(215, 2, 0, 1, 'FIB', '', 34.07, 1, 35, 2925, 2141, 2142, 33, 207),
	(216, 2, 0, 1, 'FIB', '', 56.2199, 1, 35, 2926, 2143, 2144, 39, 208),
	(217, 2, 0, 1, 'FIB', '', 78.96, 1, 35, 2927, 2145, 2146, 40, 209),
	(218, 2, 0, 1, 'FIB', '', 99.54, 1, 35, 2928, 2147, 2148, 42, 210),
	(219, 2, 0, 1, 'FIB', '', 99.95, 1, 35, 2929, 2149, 2150, 42, 211),
	(220, 2, 0, 1, 'FIB', '', 155.04, 1, 35, 2930, 2151, 2152, 42, 212),
	(221, 2, 0, 1, 'FIB', '', 163.47, 1, 35, 2931, 2153, 2154, 10, 213),
	(222, 2, 0, 1, 'FIB', '', 100, 1, 36, 2932, 2155, 2156, 20, 214),
	(223, 2, 0, 1, 'FIB', '', 98.64, 1, 36, 2933, 2157, 2158, 20, 215),
	(224, 2, 0, 1, 'FIB', '', 97.6, 1, 31, 2934, 2159, 2160, 17, 216),
	(225, 2, 0, 1, 'FIB', '', 61, 1, 31, 2935, 2161, 2162, 17, 217),
	(226, 2, 0, 1, 'FIB', '', 131.9, 1, 31, 2936, 2163, 2164, 17, 218),
	(227, 2, 0, 1, 'FIB', '', 100, 1, 31, 2937, 2165, 2166, 18, 219),
	(228, 2, 0, 1, 'FIB', '', 100, 1, 31, 2938, 2167, 2168, 18, 220),
	(229, 2, 0, 1, 'FIB', '', 98.8, 1, 31, 2939, 2169, 2170, 18, 221),
	(230, 2, 0, 1, 'FIB', '', 88, 1, 31, 2940, 2171, 2172, 16, 222),
	(231, 2, 0, 1, 'FIB', '', 100, 1, 31, 2941, 2173, 2174, 16, 223),
	(232, 2, 0, 1, 'FIB', '', 98.5, 1, 31, 2942, 2175, 2176, 16, 224),
	(233, 2, 0, 0, 'TEST', '', 77.5, 1, 35, 3059, 2217, 2218, 43, 225),
	(234, 2, 0, 1, 'TEST', '', -0.180014, 1, 35, 3092, 2239, 2240, 44, 226),
	(235, 2, 0, 1, 'JI83FO', '', 106.08, 1, 35, 3094, 2245, 2246, 44, 227),
	(236, 2, 0, 1, '', '', 86.49, 0, 22, 3335, 2255, 2256, 50, 228),
	(237, 14, 0, 1, '', '', 99.88, 0, 16, 3337, 2257, 2258, 49, 229),
	(238, 14, 0, 1, '', '', 99.61, 0, 16, 3344, 2259, 2260, 52, 230),
	(239, 14, 0, 1, '', '', 98.02, 0, 16, 3345, 2261, 2262, 52, 231),
	(240, 2, 0, 1, '00000000', '', 98.69, 0, 22, 3348, 2263, 2264, 49, 232),
	(241, 12, 32, 1, '', '', 98.53, 0, 16, 3361, 2265, 2266, 53, 233),
	(242, 8, 0, 1, '00000000', '', 97.95, 0, 16, 3392, 2267, 2268, 51, 234),
	(252, 0, 0, 1, 'SWAT', '', 98.1, 2, 38, 3405, 2287, 2288, 11, 244),
	(253, 0, 0, 1, 'SWAT', '', 100, 2, 38, 3409, 2289, 2290, 11, 245),
	(254, 0, 0, 1, 'SWAT', '', 98.31, 2, 39, 3410, 2291, 2292, 17, 246),
	(255, 0, 0, 1, 'SWAT', '', 95.2, 2, 39, 3412, 2293, 2294, 17, 247),
	(256, 0, 0, 1, 'SWAT', '', 97.3, 2, 39, 3413, 2295, 2296, 16, 248),
	(257, 0, 0, 1, 'SWAT', '', 100, 2, 39, 3414, 2297, 2298, 16, 249),
	(258, 0, 0, 1, 'SWAT', '', 96.8399, 2, 38, 3415, 2299, 2300, 35, 250),
	(269, 0, 0, 1, 'SWAT', '', 96.4499, 2, 38, 3426, 2321, 2322, 33, 261),
	(270, 0, 0, 1, 'SWAT', '', 100, 2, 38, 3427, 2323, 2324, 33, 262),
	(271, 0, 0, 1, 'SWAT', '', 100, 2, 38, 3428, 2325, 2326, 35, 263),
	(272, 0, 0, 1, 'SWAT', '', 88.1, 2, 38, 3429, 2327, 2328, 34, 264),
	(274, 0, 0, 1, 'SWAT', '', 100, 2, 38, 3431, 2331, 2332, 35, 266),
	(275, 0, 0, 1, 'SWAT', '', 100, 2, 38, 3432, 2333, 2334, 35, 267),
	(276, 0, 0, 1, 'SWAT', '', 100, 2, 38, 3433, 2335, 2336, 11, 268),
	(277, 0, 0, 1, 'SWAT', '', 100, 2, 38, 3434, 2337, 2338, 33, 269),
	(278, 0, 0, 1, 'SWAT', '', 98.88, 2, 38, 3435, 2339, 2340, 33, 270),
	(279, -1, 0, 1, '00000000', '', 77.57, 0, 22, 3607, 2348, 2349, 50, 271),
	(280, 30, 0, 1, '00000000', '', 100, 0, 16, 3623, 2358, 2359, 49, 272),
	(281, 12, 2, 1, '00000000', '', 97.94, 0, 16, 3645, 2401, 2402, 54, 273),
	(282, 2, 0, 1, '0', '', 97.78, 0, 16, 3732, 2403, 2404, 67, 274),
	(283, 3, 0, 1, '0', '', 99.89, 0, 16, 3733, 2405, 2406, 72, 275),
	(284, 43, 0, 1, '0', '', 100, 0, 16, 3735, 2411, 2412, 52, 276),
	(285, 6, 0, 1, '0', '', 94.76, 0, 22, 3805, 2413, 2414, 49, 277),
	(286, 41, 0, 1, 'MPV', '', 92.05, 0, 16, 3887, 2427, 2428, 72, 278),
	(287, 12, 0, 1, 'Jonny', '', 119.69, 0, 16, 4223, 2439, 2440, 72, 279),
	(288, 2, 0, 1, '0', '', 99.76, 0, 16, 4234, 2441, 2442, 62, 280),
	(289, 12, 0, 1, '0', '', 99.9, 0, 16, 4235, 2443, 2444, 51, 281),
	(290, 30, 0, 1, '0', '', 96.54, 0, 16, 4236, 2445, 2446, 72, 282),
	(291, 29, 0, 1, '0', '', 98.91, 0, 16, 4277, 2447, 2448, 72, 283),
	(292, 41, 0, 1, '0', '', 99.22, 0, 16, 4279, 2453, 2454, 51, 284),
	(293, 6, 0, 1, 'LCN', '', 56.2496, 1, 46, 4295, 2457, 2458, 17, 285),
	(294, 6, 0, 1, 'MilanoPV', '', 56.02, 1, 44, 4296, 2459, 2460, 497, 286),
	(295, 6, 0, 1, 'LCN', '', 84.1897, 1, 44, 4297, 2461, 2462, 498, 287),
	(296, 6, 0, 1, 'LCN', '', 81.4494, 1, 44, 4298, 2463, 2464, 498, 288),
	(297, 6, 0, 1, 'LCN', '', 85.5997, 1, 44, 4299, 2465, 2466, 498, 289),
	(298, 6, 0, 1, 'LCN', '', 81.8896, 1, 44, 4300, 2467, 2468, 498, 290),
	(299, 6, 0, 1, 'LCN', '', 88.5498, 1, 44, 4301, 2469, 2470, 498, 291),
	(300, 6, 0, 1, 'LCN', '', 90.5298, 1, 44, 4302, 2471, 2472, 498, 292),
	(301, 6, 0, 1, 'LCN', '', 90.7997, 1, 44, 4303, 2473, 2474, 498, 293),
	(302, 6, 0, 1, 'LCN', '', 89.1497, 1, 44, 4304, 2475, 2476, 498, 294),
	(303, 6, 0, 1, 'LCN', '', 92.1797, 1, 44, 4305, 2477, 2478, 498, 295),
	(304, 6, 0, 1, 'LCN', '', 91.0497, 1, 44, 4306, 2479, 2480, 498, 296),
	(305, 6, 0, 1, 'LCN', '', 91.9298, 1, 44, 4307, 2481, 2482, 498, 297),
	(306, 6, 0, 1, 'LCN', '', 91.7298, 1, 44, 4308, 2483, 2484, 498, 298),
	(307, 6, 0, 1, 'LCN', '', 93.9498, 1, 44, 4309, 2485, 2486, 498, 299),
	(308, 6, 0, 1, 'LCN', '', 93.32, 1, 44, 4310, 2487, 2488, 498, 300),
	(309, 6, 0, 1, 'LCN', '', 89.1499, 1, 44, 4311, 2489, 2490, 498, 301),
	(310, 6, 0, 1, 'LCN', '', 93.38, 1, 44, 4312, 2491, 2492, 499, 302),
	(311, 6, 0, 1, 'LCN', '', 96.1499, 1, 44, 4313, 2493, 2494, 499, 303),
	(312, 6, 0, 1, 'LCN', '', 97.81, 1, 44, 4314, 2495, 2496, 499, 304),
	(313, 6, 0, 1, 'LCN', '', 168.28, 1, 44, 4315, 2497, 2498, 499, 305),
	(314, 6, 0, 1, 'LCN', '', 89.6199, 1, 44, 4316, 2499, 2500, 499, 306),
	(315, 7, 0, 1, '893', '', 83.1998, 1, 48, 4333, 2503, 2504, 17, 307),
	(316, 7, 0, 1, '893', '', 85.71, 1, 47, 4335, 2505, 2506, 497, 308),
	(317, 7, 0, 1, '893', '', 92.0897, 1, 47, 4336, 2507, 2508, 498, 309),
	(319, 7, 0, 1, 'YKZ', '', 99.86, 1, 47, 4342, 2513, 2514, 498, 314),
	(320, 7, 0, 1, 'YKZ', '', 93.7499, 1, 47, 4343, 2515, 2516, 498, 315),
	(321, 7, 0, 1, 'YKZ', '', 94.6298, 1, 47, 4344, 2517, 2518, 498, 316),
	(322, 7, 0, 1, 'YKZ', '', 93.3199, 1, 47, 4345, 2519, 2520, 498, 317),
	(323, 7, 0, 1, 'YKZ', '', 95.5198, 1, 47, 4346, 2521, 2522, 498, 318),
	(324, 7, 0, 1, 'YKZ', '', 94.0698, 1, 47, 4347, 2523, 2524, 498, 319),
	(326, 7, 0, 1, 'YKZ', '', 94.5798, 1, 47, 4349, 2527, 2528, 498, 321),
	(327, 7, 0, 1, 'YKZ', '', 99.91, 1, 47, 4350, 2529, 2530, 498, 322),
	(328, 7, 0, 1, 'YKZ', '', 99.95, 1, 47, 4351, 2531, 2532, 498, 323),
	(329, 7, 0, 1, 'YKZ', '', 95.1898, 1, 47, 4352, 2533, 2534, 498, 324),
	(330, 7, 0, 1, 'YKZ', '', 97.38, 1, 47, 4353, 2535, 2536, 498, 325),
	(331, 7, 0, 1, 'YKZ', '', 94.8299, 1, 47, 4354, 2537, 2538, 498, 326),
	(332, 7, 0, 1, 'YKZ', '', 95.3199, 1, 47, 4355, 2539, 2540, 498, 327),
	(333, 7, 0, 1, 'YKZ', '', 100, 1, 47, 4356, 2541, 2542, 498, 328),
	(334, 7, 0, 1, 'YKZ', '', 99.21, 1, 47, 4361, 2543, 2544, 499, 329),
	(335, 7, 0, 1, 'YKZ', '', 99.77, 1, 47, 4362, 2545, 2546, 499, 330),
	(336, 7, 0, 1, 'YKZ', '', 99.89, 1, 47, 4363, 2547, 2548, 499, 331),
	(337, 7, 0, 1, 'YKZ', '', 100, 1, 47, 4364, 2549, 2550, 499, 332),
	(338, 7, 0, 1, 'YKZ', '', 99.93, 1, 47, 4365, 2551, 2552, 499, 333),
	(339, 8, 0, 1, 'MG13', '', 62.3, 1, 51, 4374, 2553, 2554, 497, 334),
	(340, 8, 0, 1, 'MG13', '', 80.8497, 1, 51, 4376, 2555, 2556, 498, 335),
	(341, 8, 0, 1, 'MG13', '', 83.2798, 1, 51, 4378, 2557, 2558, 498, 336),
	(342, 8, 0, 1, 'MG13', '', 86.8097, 1, 51, 4379, 2559, 2560, 498, 337),
	(343, 8, 0, 1, 'MG13', '', 93.6599, 1, 51, 4380, 2561, 2562, 498, 338),
	(344, 8, 0, 1, 'MG13', '', 89.4799, 1, 51, 4381, 2563, 2564, 498, 339),
	(345, 8, 0, 1, 'MG13', '', 88.6698, 1, 51, 4382, 2565, 2566, 498, 340),
	(346, 8, 0, 1, 'MG13', '', 93.2999, 1, 51, 4383, 2567, 2568, 498, 341),
	(347, 8, 0, 1, 'MG13', '', 90.9498, 1, 51, 4384, 2569, 2570, 498, 342),
	(348, 8, 0, 1, 'MG13', '', 93.02, 1, 51, 4385, 2571, 2572, 498, 343),
	(349, 8, 0, 1, 'MG13', '', 94.3599, 1, 51, 4386, 2573, 2574, 498, 344),
	(350, 8, 0, 1, 'MG13', '', 94.6599, 1, 51, 4387, 2575, 2576, 498, 345),
	(351, 8, 0, 1, 'MG13', '', 100, 1, 51, 4388, 2577, 2578, 498, 346),
	(352, 8, 0, 1, 'MG13', '', 92.6599, 1, 51, 4389, 2579, 2580, 498, 347),
	(353, 8, 0, 1, 'MG13', '', 94.3699, 1, 51, 4390, 2581, 2582, 498, 348),
	(354, 8, 0, 1, 'MG13', '', 100, 1, 51, 4391, 2583, 2584, 498, 349),
	(355, 8, 0, 1, 'MG13', '', 99.77, 1, 51, 4392, 2585, 2586, 499, 350),
	(356, 8, 0, 1, 'MG13', '', 98.95, 1, 51, 4393, 2587, 2588, 499, 351),
	(357, 8, 0, 1, 'MG13', '', 99.11, 1, 51, 4394, 2589, 2590, 499, 352),
	(358, 8, 0, 1, 'MG13', '', 99.65, 1, 51, 4395, 2591, 2592, 499, 353),
	(359, 8, 0, 1, 'MG13', '', 98.11, 1, 51, 4396, 2593, 2594, 499, 354),
	(360, 9, 0, 1, 'Brigada', '', 99.58, 1, 53, 4407, 2597, 2598, 497, 355),
	(361, 9, 0, 1, 'BRIGADA', '', 99.76, 1, 53, 4408, 2599, 2600, 498, 356),
	(362, 9, 0, 1, 'BRIGADA', '', 99.84, 1, 53, 4409, 2601, 2602, 498, 357),
	(363, 9, 0, 1, 'BRIGADA', '', 99.5, 1, 53, 4410, 2603, 2604, 498, 358),
	(364, 9, 0, 1, 'BRIGADA', '', 99.95, 1, 53, 4411, 2605, 2606, 498, 359),
	(365, 9, 0, 1, 'BRIGADA', '', 100, 1, 53, 4412, 2607, 2608, 498, 360),
	(366, 9, 0, 1, 'BRIGADA', '', 99.82, 1, 53, 4413, 2609, 2610, 498, 361),
	(367, 9, 0, 1, 'BRIGADA', '', 99.87, 1, 53, 4414, 2611, 2612, 498, 362),
	(368, 9, 0, 1, 'BRIGADA', '', 99.77, 1, 53, 4415, 2613, 2614, 498, 363),
	(369, 9, 0, 1, 'BRIGADA', '', 99.75, 1, 53, 4416, 2615, 2616, 498, 364),
	(370, 9, 0, 1, 'BRIGADA', '', 99.79, 1, 53, 4417, 2617, 2618, 498, 365),
	(371, 9, 0, 1, 'BRIGADA', '', 100, 1, 53, 4418, 2619, 2620, 498, 366),
	(372, 9, 0, 1, 'BRIGADA', '', 100, 1, 53, 4419, 2621, 2622, 498, 367),
	(373, 9, 0, 1, 'BRIGADA', '', 100, 1, 53, 4420, 2623, 2624, 498, 368),
	(374, 9, 0, 1, 'BRIGADA', '', 100, 1, 53, 4421, 2625, 2626, 498, 369),
	(375, 9, 0, 1, 'BRIGADA', '', 100, 1, 53, 4422, 2627, 2628, 498, 370),
	(376, 9, 0, 1, 'BRIGADA', '', 100, 1, 53, 4423, 2629, 2630, 499, 371),
	(377, 9, 0, 1, 'BRIGADA', '', 100, 1, 53, 4424, 2631, 2632, 499, 372),
	(378, 9, 0, 1, 'BRIGADA', '', 100, 1, 53, 4425, 2633, 2634, 499, 373),
	(379, 9, 0, 1, 'BRIGADA', '', 100, 1, 53, 4426, 2635, 2636, 499, 374),
	(380, 9, 0, 1, 'BRIGADA', '', 100, 1, 53, 4427, 2637, 2638, 499, 375),
	(381, 9, 0, 1, 'BRIGADA', '', 100, 1, 53, 4439, 2641, 2642, 17, 376),
	(382, 10, 0, 0, 'MNC', '', 86.87, 1, 56, 4448, 2643, 2644, 497, 377),
	(383, 10, 0, 1, 'MNC', '', 88.7497, 1, 56, 4449, 2645, 2646, 498, 378),
	(384, 10, 0, 1, 'MNC', '', 91.9498, 1, 56, 4451, 2647, 2648, 498, 379),
	(385, 10, 0, 1, 'MNC', '', 92.7198, 1, 56, 4452, 2649, 2650, 498, 380),
	(386, 10, 0, 1, 'MNC', '', 89.6298, 1, 56, 4453, 2651, 2652, 498, 381),
	(387, 10, 0, 1, 'MNC', '', 99.36, 1, 56, 4454, 2653, 2654, 498, 382),
	(388, 10, 0, 1, 'MNC', '', 94.6998, 1, 56, 4455, 2655, 2656, 498, 383),
	(389, 10, 0, 1, 'MNC', '', 94.1098, 1, 56, 4456, 2657, 2658, 498, 384),
	(390, 10, 0, 1, 'MNC', '', 91.3998, 1, 56, 4457, 2659, 2660, 498, 385),
	(391, 10, 0, 1, 'MNC', '', 90.4997, 1, 56, 4458, 2661, 2662, 498, 386),
	(392, 10, 0, 1, 'MNC', '', 95.0899, 1, 56, 4459, 2663, 2664, 498, 387),
	(393, 10, 0, 1, 'MNC', '', 97.8199, 1, 56, 4460, 2665, 2666, 498, 388),
	(394, 10, 0, 1, 'MNC', '', 92.6398, 1, 56, 4461, 2667, 2668, 498, 389),
	(395, 10, 0, 1, 'MNC', '', 97.16, 1, 56, 4462, 2669, 2670, 498, 390),
	(396, 10, 0, 1, 'MNC', '', 95.6099, 1, 56, 4463, 2671, 2672, 498, 391),
	(397, 10, 0, 1, 'MNC', '', 92.3098, 1, 56, 4464, 2673, 2674, 498, 392),
	(398, 10, 0, 1, 'MNC', '', 97.7899, 1, 56, 4465, 2675, 2676, 499, 393),
	(399, 10, 0, 1, 'MNC', '', 98.6799, 1, 56, 4466, 2677, 2678, 499, 394),
	(400, 10, 0, 1, 'MNC', '', 99.13, 1, 56, 4467, 2679, 2680, 499, 395),
	(401, 10, 0, 1, 'MNC', '', 96.59, 1, 56, 4468, 2681, 2682, 499, 396),
	(402, 10, 0, 1, 'MNC', '', 99.22, 1, 56, 4469, 2683, 2684, 499, 397),
	(403, 11, 0, 1, 'Triaden', '', 98.63, 1, 59, 4484, 2687, 2688, 497, 398),
	(404, 11, 0, 1, 'TRIADEN', '', 100, 1, 59, 4488, 2689, 2690, 498, 399),
	(405, 11, 0, 1, 'TRIADEN', '', 100, 1, 59, 4489, 2691, 2692, 498, 400),
	(406, 11, 0, 1, 'TRIADEN', '', 99.84, 1, 59, 4490, 2693, 2694, 498, 401),
	(407, 11, 0, 1, 'TRIADEN', '', 100, 1, 59, 4491, 2695, 2696, 498, 402),
	(408, 11, 0, 1, 'TRIADEN', '', 99.93, 1, 59, 4492, 2697, 2698, 498, 403),
	(409, 11, 0, 1, 'TRIADEN', '', 100, 1, 59, 4493, 2699, 2700, 498, 404),
	(410, 11, 0, 1, 'TRIADEN', '', 100, 1, 59, 4494, 2701, 2702, 498, 405),
	(411, 11, 0, 1, 'TRIADEN', '', 100, 1, 59, 4495, 2703, 2704, 498, 406),
	(412, 11, 0, 1, 'TRIADEN', '', 100, 1, 59, 4496, 2705, 2706, 498, 407),
	(413, 11, 0, 1, 'TRIADEN', '', 100, 1, 59, 4497, 2707, 2708, 498, 408),
	(414, 11, 0, 1, 'TRIADEN', '', 100, 1, 59, 4498, 2709, 2710, 498, 409),
	(415, 11, 0, 1, 'TRIADEN', '', 100, 1, 59, 4499, 2711, 2712, 498, 410),
	(416, 11, 0, 1, 'TRIADEN', '', 99.8, 1, 59, 4500, 2713, 2714, 498, 411),
	(417, 11, 0, 1, 'TRIADEN', '', 100, 1, 59, 4501, 2715, 2716, 498, 412),
	(418, 11, 0, 1, 'TRIADEN', '', 99.95, 1, 59, 4502, 2717, 2718, 498, 413),
	(419, 11, 0, 1, 'TRIADEN', '', 100, 1, 59, 4503, 2719, 2720, 499, 414),
	(420, 11, 0, 1, 'TRIADEN', '', 100, 1, 59, 4504, 2721, 2722, 499, 415),
	(421, 11, 0, 1, 'TRIADEN', '', 100, 1, 59, 4505, 2723, 2724, 499, 416),
	(422, 11, 0, 1, 'TRIADEN', '', 100, 1, 59, 4506, 2725, 2726, 499, 417),
	(423, 11, 0, 1, 'TRIADEN', '', 100, 1, 59, 4507, 2727, 2728, 499, 418),
	(424, 8, 0, 1, 'MG13', '', 53.4997, 1, 52, 4514, 2729, 2730, 17, 419),
	(425, 6, 0, 1, 'LCN', '', 89.7999, 1, 46, 4516, 2731, 2732, 17, 420),
	(426, 10, 0, 1, 'MNC', '', 68.4996, 1, 58, 4517, 2733, 2734, 17, 421),
	(427, 13, 0, 1, '0', '', 100, 0, 3, 4518, 2735, 2736, 51, 422),
	(428, 13, 0, 1, 'HOOVER', '', 96.02, 1, 62, 4527, 2737, 2738, 497, 423),
	(429, 13, 0, 1, 'HOOVER', '', 99.95, 1, 62, 4528, 2739, 2740, 341, 424),
	(430, 13, 0, 1, 'HOOVER', '', 100, 1, 62, 4529, 2741, 2742, 341, 425),
	(431, 13, 0, 1, 'HOOVER', '', 99.93, 1, 62, 4530, 2743, 2744, 341, 426),
	(432, 13, 0, 1, 'HOOVER', '', 100, 1, 62, 4531, 2745, 2746, 341, 427),
	(433, 13, 0, 1, 'HOOVER', '', 100, 1, 62, 4532, 2747, 2748, 341, 428),
	(434, 13, 0, 1, 'HOOVER', '', 100, 1, 62, 4533, 2749, 2750, 341, 429),
	(435, 13, 0, 1, 'HOOVER', '', 99.89, 1, 62, 4534, 2751, 2752, 341, 430),
	(436, 13, 0, 1, 'HOOVER', '', 99.95, 1, 62, 4535, 2753, 2754, 341, 431),
	(437, 13, 0, 1, 'HOOVER', '', 100, 1, 62, 4536, 2755, 2756, 341, 432),
	(438, 13, 0, 1, 'HOOVER', '', 100, 1, 62, 4537, 2757, 2758, 341, 433),
	(439, 13, 0, 1, 'HOOVER', '', 99.95, 1, 62, 4538, 2759, 2760, 341, 434),
	(440, 13, 0, 1, 'HOOVER', '', 100, 1, 62, 4539, 2761, 2762, 341, 435),
	(441, 13, 0, 1, 'HOOVER', '', 100, 1, 62, 4540, 2763, 2764, 341, 436),
	(442, 13, 0, 1, 'HOOVER', '', 99.81, 1, 62, 4541, 2765, 2766, 341, 437),
	(443, 13, 0, 1, 'HOOVER', '', 99.95, 1, 62, 4542, 2767, 2768, 341, 438),
	(444, 13, 0, 1, 'HOOVER', '', 99.95, 1, 62, 4543, 2769, 2770, 291, 439),
	(445, 13, 0, 1, 'HOOVER', '', 100, 1, 62, 4544, 2771, 2772, 291, 440),
	(446, 13, 0, 1, 'HOOVER', '', 100, 1, 62, 4545, 2773, 2774, 291, 441),
	(447, 13, 0, 1, 'HOOVER', '', 100, 1, 62, 4546, 2775, 2776, 291, 442),
	(448, 13, 0, 1, 'HOOVER', '', 100, 1, 62, 4547, 2777, 2778, 291, 443),
	(449, 13, 0, 1, 'HOOVER', '', 100, 1, 63, 4554, 2779, 2780, 17, 444),
	(450, 41, 0, 0, '0', '', 99.13, 0, 16, 4647, 3026, 3027, 50, 445),
	(451, 41, 0, 0, '0', '', 100, 0, 16, 4648, 3028, 3029, 48, 446),
	(452, 37, 0, 1, '0', '', 98.83, 0, 16, 4649, 3030, 3031, 67, 447);

-- Dumping structure for table pgrp.server_vehicle_base
CREATE TABLE IF NOT EXISTS `server_vehicle_base` (
  `id` int NOT NULL AUTO_INCREMENT,
  `name` varchar(255) CHARACTER SET armscii8 COLLATE armscii8_bin NOT NULL DEFAULT '0',
  `hash` int unsigned NOT NULL DEFAULT '0',
  `trunk_weight` float NOT NULL DEFAULT '0',
  `trunk_slots` int NOT NULL DEFAULT '0',
  `glovebox_weight` float NOT NULL DEFAULT '0',
  `glovebox_slots` int NOT NULL DEFAULT '0',
  `max_fuel` float NOT NULL DEFAULT '0',
  `garage_type` int NOT NULL DEFAULT '0',
  `tax` int NOT NULL DEFAULT '0',
  `seats` int NOT NULL DEFAULT '0',
  `price` int NOT NULL DEFAULT '0',
  PRIMARY KEY (`id`)
) ENGINE=InnoDB AUTO_INCREMENT=500 DEFAULT CHARSET=armscii8 COLLATE=armscii8_bin;

-- Dumping data for table pgrp.server_vehicle_base: ~492 rows (approximately)
INSERT INTO `server_vehicle_base` (`id`, `name`, `hash`, `trunk_weight`, `trunk_slots`, `glovebox_weight`, `glovebox_slots`, `max_fuel`, `garage_type`, `tax`, `seats`, `price`) VALUES
	(3, 'Police Buffalo STX', 2129120863, 20, 8, 5, 4, 180, 0, 0, 4, 0),
	(4, 'Police HWY Carbonizarre', 1460975578, 20, 8, 5, 4, 180, 0, 0, 2, 0),
	(5, 'Police Coquette', 643775660, 20, 8, 5, 4, 180, 0, 0, 2, 0),
	(6, 'Police Esperanto', 2889370256, 20, 8, 5, 4, 180, 0, 0, 4, 0),
	(7, 'Police Scout', 974009537, 20, 8, 5, 4, 180, 0, 0, 4, 0),
	(8, 'Police 1', 1423269021, 20, 8, 5, 4, 180, 0, 0, 4, 0),
	(9, 'Police 3', 1912215274, 20, 8, 5, 4, 180, 0, 0, 4, 0),
	(10, 'Unmarked Armored Schafter', 1676258961, 20, 8, 5, 4, 180, 0, 0, 4, 0),
	(11, 'Unmarked Schafter', 4129450910, 20, 8, 5, 4, 180, 0, 0, 4, 0),
	(12, 'Unmarked Schlagen', 677572136, 20, 8, 5, 4, 180, 0, 0, 2, 0),
	(13, 'Unmarked Granger', 1433432356, 20, 8, 5, 4, 180, 0, 0, 8, 0),
	(14, 'Unmarked Dubsta', 2537710889, 20, 8, 5, 4, 180, 0, 0, 4, 0),
	(15, 'Unmarked Felon', 382057582, 20, 8, 5, 4, 180, 0, 0, 4, 0),
	(16, 'Supervolito2', 2623428164, 60, 12, 5, 4, 1000, 2, 0, 4, 750000),
	(17, 'Buzzard2', 745926877, 60, 12, 5, 4, 1000, 2, 0, 4, 600000),
	(18, 'Frogger', 744705981, 20, 8, 5, 4, 1000, 2, 0, 4, 0),
	(19, 'Police Maverick', 353883353, 20, 8, 5, 4, 1000, 2, 0, 4, 0),
	(20, 'Brickade', 3989239879, 700, 24, 10, 4, 520, 1, 0, 2, 0),
	(21, 'Riot', 3089277354, 100, 12, 5, 4, 360, 1, 0, 4, 0),
	(22, 'Police VSTR', 2989497839, 20, 8, 5, 4, 180, 0, 0, 4, 0),
	(23, 'Police Taligater2', 3273728391, 20, 8, 5, 4, 180, 0, 0, 4, 0),
	(25, 'Police Schlagen', 2522342363, 20, 8, 5, 4, 180, 0, 0, 2, 0),
	(27, 'Police Rinehart', 3089826315, 20, 8, 5, 4, 180, 0, 0, 4, 0),
	(28, 'Police Buffalo', 4265967360, 20, 8, 5, 4, 180, 0, 0, 4, 0),
	(29, 'Police Scout', 974009537, 20, 8, 5, 4, 180, 0, 0, 4, 0),
	(30, 'Police Bike', 1198126000, 0, 0, 0, 0, 180, 0, 0, 1, 0),
	(31, 'Police Granger2', 2852776194, 20, 8, 5, 4, 240, 0, 0, 4, 0),
	(32, 'Police Bus', 3300574124, 20, 8, 5, 4, 360, 1, 0, 8, 0),
	(33, 'Unmarked Coquette', 3569973945, 10, 4, 5, 4, 180, 0, 0, 2, 0),
	(34, 'SWAT Nightshark', 2515966736, 40, 8, 5, 4, 240, 0, 0, 4, 0),
	(35, 'Unmarked Buffalo4', 3268692738, 20, 8, 5, 4, 180, 0, 0, 4, 0),
	(36, 'Unmarked VSTR', 1586680262, 20, 8, 5, 4, 180, 0, 0, 4, 0),
	(37, 'Unmarked Tailgater', 2654956801, 20, 8, 5, 4, 180, 0, 0, 4, 0),
	(38, 'Unmarked Rinehart', 2855078098, 20, 8, 5, 4, 180, 0, 0, 4, 0),
	(39, 'Unmarked Comet6', 231910691, 10, 4, 5, 4, 180, 0, 0, 2, 0),
	(40, 'Unmarked Schlagen', 677572136, 10, 4, 5, 4, 180, 0, 0, 2, 0),
	(41, 'Unmarked Deity', 1659832959, 20, 8, 5, 4, 180, 0, 0, 4, 0),
	(42, 'Unmarked Alamo3', 15960253, 20, 8, 5, 4, 180, 0, 0, 4, 0),
	(43, 'Komoda', 3460613305, 20, 8, 5, 4, 180, 0, 0, 4, 0),
	(44, 'Jester 4', 2712905841, 10, 4, 5, 4, 180, 0, 0, 2, 0),
	(45, 'Havok', 2310691317, 8, 4, 4, 4, 600, 2, 0, 1, 350000),
	(46, 'Maverick', 2634305738, 60, 12, 8, 4, 1000, 2, 0, 4, 550000),
	(47, 'Frogger', 744705981, 60, 12, 8, 4, 1000, 2, 0, 4, 600000),
	(48, 'Benson', 2053223216, 440, 36, 10, 4, 820, 1, 0, 2, 450000),
	(49, 'Mule', 3244501995, 400, 20, 10, 4, 570, 1, 0, 2, 150000),
	(50, 'Pounder', 2112052861, 700, 24, 10, 4, 900, 1, 0, 2, 500000),
	(51, 'Burrito', 2948279460, 350, 12, 10, 4, 420, 0, 0, 4, 38500),
	(52, 'Burrito 2', 3387490166, 350, 12, 10, 4, 420, 0, 0, 4, 38500),
	(53, 'Burrito 3', 2551651283, 350, 12, 10, 4, 420, 0, 0, 4, 38500),
	(54, 'Burrito 4', 893081117, 350, 12, 10, 4, 420, 0, 0, 4, 38500),
	(55, 'Moonbeam', 525509695, 220, 18, 10, 4, 360, 0, 0, 4, 32500),
	(56, 'Adder', 3078201489, 20, 4, 4, 4, 120, 1, 0, 2, 1800000),
	(57, 'Autarch', 3981782132, 20, 4, 4, 4, 120, 1, 0, 2, 1800000),
	(58, 'Banshee 900R', 633712403, 20, 4, 4, 4, 120, 1, 0, 2, 460000),
	(59, 'Bullet', 2598821281, 20, 4, 4, 4, 120, 1, 0, 2, 1400000),
	(60, 'Cheetah', 2983812512, 20, 4, 4, 4, 120, 1, 0, 2, 1900000),
	(62, 'Entity XF', 2174267100, 20, 4, 4, 4, 120, 1, 0, 2, 1700000),
	(63, 'Entity XXR', 1748565021, 20, 4, 4, 4, 120, 1, 0, 2, 1800000),
	(64, 'Entity XF', 3003014393, 20, 4, 4, 4, 120, 1, 0, 2, 1700000),
	(65, 'Emerus', 1323778901, 20, 4, 4, 4, 120, 1, 0, 2, 1800000),
	(66, 'FMJ', 1426219628, 20, 4, 4, 4, 120, 1, 0, 2, 1800000),
	(67, 'Furia', 960812448, 20, 4, 4, 4, 120, 1, 0, 2, 1850000),
	(68, 'GP1', 1234311532, 20, 4, 4, 4, 120, 1, 0, 2, 1650000),
	(69, 'Infernus', 418536135, 20, 4, 4, 4, 120, 1, 0, 2, 1550000),
	(70, 'Itali GTB', 2246633323, 20, 4, 4, 4, 120, 1, 0, 2, 1650000),
	(71, 'Itali GTB Custom', 3812247419, 20, 4, 4, 4, 120, 1, 0, 2, 1750000),
	(72, 'Krieger', 3630826055, 20, 4, 4, 4, 120, 1, 0, 2, 1850000),
	(73, 'LE7B', 3062131285, 20, 4, 4, 4, 120, 1, 0, 2, 1650000),
	(74, 'Nero', 1034187331, 20, 4, 4, 4, 120, 1, 0, 2, 1800000),
	(75, 'Nero Custom', 1093792632, 20, 4, 4, 4, 120, 1, 0, 2, 1850000),
	(76, 'Osiris', 1987142870, 20, 4, 4, 4, 120, 1, 0, 2, 1750000),
	(77, 'Penetrator', 2536829930, 20, 4, 4, 4, 120, 1, 0, 2, 1400000),
	(78, 'Pfister 811', 2465164804, 20, 4, 4, 4, 120, 1, 0, 2, 1800000),
	(79, 'Prototipo', 2123327359, 20, 4, 4, 4, 120, 1, 0, 2, 1800000),
	(80, 'Reaper', 234062309, 20, 4, 4, 4, 120, 1, 0, 2, 1750000),
	(81, 'S80', 296357396, 20, 4, 4, 4, 120, 1, 0, 1, 1750000),
	(82, 'SC1', 2539050304, 20, 4, 4, 4, 120, 1, 0, 2, 1800000),
	(83, 'Sheava', 819197656, 20, 4, 4, 4, 120, 1, 0, 2, 400000),
	(84, 'Sultan RS', 1941029835, 20, 4, 4, 4, 120, 1, 0, 2, 300000),
	(85, 'T20', 1663218586, 20, 4, 4, 4, 120, 1, 0, 2, 1800000),
	(86, 'Taipan', 272929391, 20, 4, 4, 4, 120, 1, 0, 2, 1850000),
	(87, 'Tempesta', 272929391, 20, 4, 4, 4, 120, 1, 0, 2, 1800000),
	(88, 'Tezeract', 2882833405, 20, 4, 4, 4, 120, 1, 0, 2, 1800000),
	(89, 'Thrax', 1044193113, 20, 4, 4, 4, 120, 1, 0, 2, 1900000),
	(90, 'Tigon', 440768424, 20, 4, 4, 4, 120, 1, 0, 2, 1800000),
	(91, 'Turismo R', 408192225, 20, 4, 4, 4, 120, 1, 0, 2, 1800000),
	(92, 'Tyrant', 3918533058, 20, 4, 4, 4, 120, 1, 0, 2, 1800000),
	(93, 'Tyrus', 2067820283, 20, 4, 4, 4, 120, 1, 0, 2, 1600000),
	(94, 'Vacca', 338562499, 20, 4, 4, 4, 120, 1, 0, 2, 1650000),
	(95, 'Vagner', 1939284556, 20, 4, 4, 4, 120, 1, 0, 2, 1700000),
	(96, 'Vigilante', 3052358707, 20, 4, 4, 4, 120, 1, 0, 2, 0),
	(97, 'Virtue', 669204833, 20, 4, 4, 4, 120, 1, 0, 2, 1800000),
	(98, 'Visione', 3296789504, 20, 4, 4, 4, 120, 1, 0, 2, 1800000),
	(99, 'Voltic', 2672523198, 20, 4, 4, 4, 120, 1, 0, 2, 300000),
	(100, 'XA-21', 917809321, 20, 4, 4, 4, 120, 1, 0, 2, 1800000),
	(101, 'Zentorno', 2891838741, 20, 4, 4, 4, 120, 1, 0, 2, 1800000),
	(102, 'Zorrusso', 3945366167, 20, 4, 4, 4, 120, 1, 0, 2, 1800000),
	(103, 'Alpha Z1', 2771347558, 20, 4, 4, 4, 120, 1, 0, 1, 0),
	(104, 'Avenger', 2176659152, 20, 4, 4, 4, 120, 1, 0, 4, 0),
	(105, 'Avenger2', 408970549, 20, 4, 4, 4, 120, 1, 0, 4, 0),
	(106, 'Besra', 1824333165, 20, 4, 4, 4, 120, 1, 0, 2, 0),
	(107, 'Blimp', 4143991942, 20, 4, 4, 4, 120, 1, 0, 2, 0),
	(108, 'Blimp2', 3681241380, 20, 4, 4, 4, 120, 1, 0, 2, 0),
	(109, 'Blimp3', 3987008919, 20, 4, 4, 4, 120, 1, 0, 2, 0),
	(110, 'Bombushka', 4262088844, 20, 4, 4, 4, 120, 1, 0, 2, 0),
	(111, 'Cargoplane', 368211810, 20, 4, 4, 4, 120, 1, 0, 2, 0),
	(112, 'Cargoplane 2', 2336777441, 20, 4, 4, 4, 120, 1, 0, 2, 0),
	(113, 'Cuban 800', 3650256867, 20, 4, 4, 4, 120, 1, 0, 2, 0),
	(114, 'Dodo', 3393804037, 20, 4, 4, 4, 120, 1, 0, 2, 0),
	(115, 'Duster', 970356638, 20, 4, 4, 4, 120, 1, 0, 2, 0),
	(116, 'Howard', 3287439187, 20, 4, 4, 4, 120, 1, 0, 2, 0),
	(117, 'Hydra', 970385471, 20, 4, 4, 4, 120, 1, 0, 2, 0),
	(118, 'Jet', 1058115860, 20, 4, 4, 4, 120, 1, 0, 2, 0),
	(119, 'Lazer', 3013282534, 20, 4, 4, 4, 120, 1, 0, 2, 0),
	(120, 'Luxor', 621481054, 20, 4, 4, 4, 120, 1, 0, 2, 0),
	(121, 'Luxor2', 3080673438, 20, 4, 4, 4, 120, 1, 0, 2, 0),
	(122, 'Mammatus', 2548391185, 20, 4, 4, 4, 120, 1, 0, 2, 0),
	(123, 'Microlight', 2531412055, 20, 4, 4, 4, 120, 1, 0, 2, 0),
	(124, 'Miljet', 165154707, 20, 4, 4, 4, 120, 1, 0, 2, 0),
	(125, 'Mogul', 3545667823, 20, 4, 4, 4, 120, 1, 0, 2, 0),
	(126, 'Molotok', 1565978651, 20, 4, 4, 4, 120, 1, 0, 2, 0),
	(127, 'Nimbus', 2999939664, 20, 4, 4, 4, 120, 1, 0, 2, 0),
	(128, 'Nokota', 1036591958, 20, 4, 4, 4, 120, 1, 0, 2, 0),
	(129, 'Pyro', 2908775872, 20, 4, 4, 4, 120, 1, 0, 2, 0),
	(130, 'Rogue', 3319621991, 20, 4, 4, 4, 120, 1, 0, 2, 0),
	(131, 'Seabreeze', 3902291871, 20, 4, 4, 4, 120, 1, 0, 2, 0),
	(132, 'Shamal', 3080461301, 20, 4, 4, 4, 120, 1, 0, 2, 0),
	(133, 'Starling', 2594093022, 20, 4, 4, 4, 120, 1, 0, 2, 0),
	(134, 'Strikeforce', 1491703481, 20, 4, 4, 4, 120, 1, 0, 2, 0),
	(135, 'Stunt', 2172210288, 20, 4, 4, 4, 120, 1, 0, 2, 0),
	(136, 'Titan', 1981688531, 20, 4, 4, 4, 120, 1, 0, 2, 0),
	(137, 'Tula', 1043222410, 20, 4, 4, 4, 120, 1, 0, 2, 0),
	(138, 'Velum', 2621610858, 20, 4, 4, 4, 120, 1, 0, 2, 0),
	(139, 'Velum2', 1077420264, 20, 4, 4, 4, 120, 1, 0, 2, 0),
	(140, 'Vestra', 1341619767, 20, 4, 4, 4, 120, 1, 0, 2, 0),
	(141, 'Volatol', 447548909, 20, 4, 4, 4, 120, 1, 0, 2, 0),
	(142, 'Alkonost', 3929093893, 20, 4, 4, 4, 120, 1, 0, 2, 0),
	(143, 'avisa', 2588363614, 20, 8, 5, 4, 180, 0, 0, 1, 0),
	(144, 'Avisa', 2588363614, 20, 8, 5, 4, 180, 0, 0, 1, 0),
	(145, 'Dinghy 2', 276773164, 20, 8, 5, 4, 180, 0, 0, 4, 0),
	(146, 'Dinghy 3', 509498602, 20, 8, 5, 4, 180, 0, 0, 4, 0),
	(147, 'Dinghy 4', 867467158, 20, 8, 5, 4, 180, 0, 0, 4, 0),
	(148, 'Jetmax', 861409633, 20, 8, 5, 4, 180, 0, 0, 1, 0),
	(149, 'Kosatka', 1336872304, 20, 8, 5, 4, 180, 0, 0, 1, 0),
	(150, 'Longfin', 1861786828, 20, 8, 5, 4, 180, 0, 0, 4, 0),
	(151, 'Patrolboat', 4018222598, 20, 8, 5, 4, 180, 0, 0, 4, 0),
	(152, 'Seashark', 3264692260, 20, 8, 5, 4, 180, 0, 0, 1, 0),
	(153, 'Seashark2', 3678636260, 20, 8, 5, 4, 180, 0, 0, 1, 0),
	(154, 'Seashark3', 3983945033, 20, 8, 5, 4, 180, 0, 0, 1, 0),
	(155, 'Speeder', 231083307, 20, 8, 5, 4, 180, 0, 0, 1, 0),
	(156, 'Squalo', 400514754, 20, 8, 5, 4, 180, 0, 0, 1, 0),
	(157, 'Submersible', 771711535, 20, 8, 5, 4, 180, 0, 0, 1, 0),
	(158, 'Submersible 2', 3228633070, 20, 8, 5, 4, 180, 0, 0, 1, 0),
	(159, 'Suntrap', 4012021193, 20, 8, 5, 4, 180, 0, 0, 1, 0),
	(160, 'Toro', 1070967343, 20, 8, 5, 4, 180, 0, 0, 1, 0),
	(161, 'Toro 2', 908897389, 20, 8, 5, 4, 180, 0, 0, 1, 0),
	(162, 'Tropic', 290013743, 20, 8, 5, 4, 180, 0, 0, 1, 0),
	(163, 'Tropic 2', 1448677353, 20, 8, 5, 4, 180, 0, 0, 1, 0),
	(164, 'Tug', 2194326579, 20, 8, 5, 4, 180, 0, 0, 1, 0),
	(165, 'Asbo', 1118611807, 20, 4, 5, 4, 120, 0, 0, 2, 30000),
	(166, 'Blista', 3950024287, 20, 4, 5, 4, 120, 0, 0, 2, 29000),
	(167, 'Brioso 2', 1429622905, 20, 4, 5, 4, 180, 0, 0, 1, 100000),
	(168, 'Brioso', 1549126457, 20, 4, 5, 4, 180, 0, 0, 1, 100000),
	(169, 'Club', 2196012677, 20, 4, 5, 4, 180, 0, 0, 1, 100000),
	(170, 'Dilettante', 3164157193, 20, 4, 5, 4, 120, 0, 0, 4, 30000),
	(171, 'Issi 2', 3117103977, 20, 4, 5, 4, 180, 0, 0, 1, 100000),
	(172, 'Kanjo', 409049982, 20, 4, 5, 4, 180, 0, 0, 1, 100000),
	(173, 'Panto', 3863274624, 20, 4, 5, 4, 90, 0, 0, 2, 27500),
	(174, 'Prairie', 2844316578, 20, 4, 5, 4, 180, 0, 0, 1, 100000),
	(175, 'Rhapsody', 841808271, 20, 4, 5, 4, 120, 0, 0, 2, 31000),
	(176, 'Weevil', 1644055914, 20, 4, 5, 4, 180, 0, 0, 1, 100000),
	(177, 'Zion2', 3101863448, 20, 4, 5, 4, 180, 0, 0, 1, 100000),
	(178, 'CogCabrio', 330661258, 20, 8, 5, 4, 180, 0, 0, 1, 100000),
	(179, 'Exemplar', 4289813342, 20, 8, 5, 4, 180, 0, 0, 1, 100000),
	(180, 'F620', 3703357000, 20, 8, 5, 4, 180, 0, 0, 1, 100000),
	(181, 'Felon', 3903372712, 20, 8, 5, 4, 180, 0, 0, 1, 100000),
	(182, 'Felon2', 4205676014, 20, 8, 5, 4, 180, 0, 0, 1, 100000),
	(183, 'Jackal', 3670438162, 20, 8, 5, 4, 180, 0, 0, 1, 100000),
	(184, 'Oracle', 1348744438, 20, 8, 5, 4, 180, 0, 0, 1, 100000),
	(185, 'Oracle2', 3783366066, 20, 8, 5, 4, 180, 0, 0, 1, 100000),
	(186, 'Previon', 1416471345, 20, 8, 5, 4, 180, 0, 0, 1, 100000),
	(187, 'Sentinel', 1349725314, 20, 8, 5, 4, 180, 0, 0, 1, 100000),
	(188, 'Sentinel2', 873639469, 20, 8, 5, 4, 180, 0, 0, 1, 100000),
	(189, 'Windsor', 1581459400, 20, 8, 5, 4, 180, 0, 0, 1, 100000),
	(190, 'Windsor2', 2364918497, 20, 8, 5, 4, 180, 0, 0, 1, 100000),
	(191, 'Zion', 3172678083, 20, 8, 5, 4, 180, 0, 0, 1, 100000),
	(192, 'TriBike3', 3894672200, 20, 8, 5, 4, 180, 0, 0, 1, 100000),
	(193, 'Bmx', 1131912276, 0, 0, 0, 0, 1000, 0, 0, 1, 500),
	(194, 'Cruiser', 448402357, 0, 0, 0, 0, 1000, 0, 0, 1, 600),
	(195, 'Fixter', 3458454463, 0, 8, 0, 0, 1000, 0, 0, 1, 600),
	(196, 'Scorcher', 4108429845, 0, 0, 0, 0, 1000, 0, 0, 1, 600),
	(197, 'TriBike', 1127861609, 0, 0, 0, 0, 1000, 0, 0, 1, 600),
	(198, 'TriBike2', 3061159916, 0, 0, 0, 0, 1000, 0, 0, 1, 600),
	(199, 'Ambulance', 1171614426, 20, 8, 6, 4, 180, 0, 0, 1, 0),
	(200, 'FireTruck', 1938952078, 20, 8, 5, 4, 180, 0, 0, 1, 100000),
	(201, 'Polmav', 353883353, 20, 8, 5, 4, 180, 0, 0, 1, 100000),
	(202, 'Predator', 3806844075, 20, 8, 5, 4, 180, 0, 0, 1, 100000),
	(203, 'Riot', 3089277354, 20, 8, 5, 4, 180, 0, 0, 1, 100000),
	(204, 'Riot2', 2601952180, 20, 8, 5, 4, 180, 0, 0, 1, 100000),
	(205, 'Avarus', 2179174271, 8, 2, 3, 2, 80, 0, 0, 1, 220000),
	(206, 'Bati', 4180675781, 8, 2, 3, 2, 80, 0, 0, 2, 320000),
	(207, 'BF400', 86520421, 20, 8, 5, 4, 180, 0, 0, 1, 100000),
	(208, 'Daemon', 2006142190, 8, 2, 3, 2, 75, 0, 0, 2, 220000),
	(209, 'Daemon2', 2890830793, 8, 2, 3, 2, 75, 0, 0, 2, 225000),
	(210, 'Faggio', 2452219115, 20, 4, 5, 4, 20, 0, 0, 2, 4500),
	(211, 'Gargoyle', 741090084, 8, 2, 3, 2, 80, 0, 0, 1, 130000),
	(212, 'Hakuchou', 1265391242, 8, 2, 3, 2, 85, 0, 0, 2, 320000),
	(213, 'Lectro', 640818791, 8, 2, 3, 2, 70, 0, 0, 1, 260000),
	(215, 'Moonbeam2', 1896491931, 220, 18, 5, 4, 360, 0, 0, 2, 32000),
	(216, 'Ratloader', 3627815886, 20, 8, 5, 4, 180, 0, 0, 1, 100000),
	(217, 'SlamVan', 729783779, 120, 12, 5, 4, 165, 0, 0, 2, 29500),
	(218, 'Slamvan3', 1119641113, 20, 8, 5, 4, 180, 0, 0, 1, 100000),
	(219, 'Stalion', 1923400478, 20, 4, 5, 4, 110, 0, 0, 2, 29000),
	(220, 'Tulip', 1456744817, 20, 8, 5, 4, 180, 0, 0, 1, 100000),
	(221, 'Vamos', 4245851645, 20, 4, 5, 4, 110, 0, 0, 2, 32000),
	(222, 'Vigero', 3469130167, 20, 8, 5, 4, 180, 0, 0, 1, 100000),
	(223, 'Virgo', 3796912450, 20, 8, 5, 4, 180, 0, 0, 1, 100000),
	(224, 'Virgo2', 3395457658, 20, 8, 5, 4, 180, 0, 0, 1, 100000),
	(225, 'Virgo3', 16646064, 20, 8, 5, 4, 180, 0, 0, 1, 100000),
	(226, 'Voodoo', 2006667053, 20, 8, 5, 4, 180, 0, 0, 1, 100000),
	(227, 'Blade', 3089165662, 20, 8, 5, 4, 180, 0, 0, 1, 100000),
	(228, 'Buccaneer', 3612755468, 20, 4, 5, 4, 120, 0, 0, 1, 33000),
	(229, 'Buccaneer2', 3281516360, 20, 8, 5, 4, 180, 0, 0, 1, 100000),
	(230, 'Chino', 349605904, 20, 8, 5, 4, 180, 0, 0, 1, 100000),
	(231, 'Chino2', 2933279331, 20, 8, 5, 4, 180, 0, 0, 1, 100000),
	(232, 'Deviant', 1279262537, 20, 8, 5, 4, 180, 0, 0, 1, 100000),
	(233, 'Dominator', 80636076, 20, 8, 5, 4, 180, 0, 0, 1, 100000),
	(234, 'Dominator2', 3379262425, 20, 8, 5, 4, 180, 0, 0, 1, 100000),
	(235, 'Dominator3', 3308022675, 20, 8, 5, 4, 180, 0, 0, 1, 100000),
	(236, 'Dukes', 723973206, 20, 4, 5, 4, 110, 0, 0, 2, 32000),
	(237, 'Faction', 2175389151, 20, 8, 5, 4, 180, 0, 0, 1, 100000),
	(238, 'Faction2', 2504420315, 20, 8, 5, 4, 180, 0, 0, 1, 100000),
	(239, 'Faction3', 2255212070, 20, 4, 5, 4, 120, 0, 0, 2, 44000),
	(240, 'Hermes', 15219735, 20, 8, 5, 4, 180, 0, 0, 1, 100000),
	(241, 'Hotknife', 37348240, 20, 4, 5, 4, 90, 0, 0, 2, 58500),
	(242, 'Riata', 2762269779, 20, 8, 5, 4, 180, 0, 0, 1, 100000),
	(243, 'Bfinject', 1126868326, 20, 8, 5, 4, 180, 0, 0, 1, 100000),
	(244, 'Bifta', 3945366167, 20, 8, 5, 4, 180, 0, 0, 1, 100000),
	(245, 'Blazer', 2166734073, 8, 2, 3, 2, 60, 0, 0, 1, 65000),
	(246, 'Bodhi2', 2859047862, 20, 8, 5, 4, 180, 0, 0, 1, 100000),
	(247, 'Brawler', 2815302597, 20, 8, 5, 4, 180, 0, 0, 1, 100000),
	(248, 'Brutus', 2139203625, 20, 8, 5, 4, 180, 0, 0, 1, 100000),
	(249, 'Dloader', 1770332643, 20, 8, 5, 4, 180, 0, 0, 1, 100000),
	(250, 'Dubsta3', 3057713523, 20, 8, 5, 4, 180, 0, 0, 1, 100000),
	(251, 'Everon', 2538945576, 20, 8, 5, 4, 180, 0, 0, 1, 100000),
	(252, 'Hellion', 3932816511, 20, 8, 5, 4, 180, 0, 0, 1, 100000),
	(253, 'Kalahari', 92612664, 20, 8, 5, 4, 180, 0, 0, 1, 100000),
	(254, 'Kamacho', 4173521127, 20, 8, 5, 4, 180, 0, 0, 1, 100000),
	(255, 'Rancherxl', 1645267888, 20, 8, 5, 4, 180, 0, 0, 1, 100000),
	(256, 'Stretch', 2333339779, 20, 8, 5, 4, 180, 0, 0, 1, 100000),
	(257, 'TailgaterS', 3286105550, 20, 8, 5, 4, 180, 0, 0, 1, 100000),
	(258, 'Warrener', 579912970, 20, 8, 5, 4, 180, 0, 0, 1, 100000),
	(259, 'Washington', 1777363799, 20, 8, 5, 4, 180, 0, 0, 1, 100000),
	(260, 'Asea', 2485144969, 20, 4, 5, 4, 110, 0, 0, 4, 29000),
	(261, 'Asterope', 2391954683, 20, 8, 5, 4, 180, 0, 0, 1, 100000),
	(262, 'Cog55', 906642318, 20, 8, 5, 4, 180, 0, 0, 1, 100000),
	(263, 'Cognoscenti', 2264796000, 20, 8, 5, 4, 180, 0, 0, 1, 100000),
	(264, 'Emperor', 3609690755, 20, 4, 5, 4, 120, 0, 0, 4, 28000),
	(265, 'Emperor2', 2411965148, 20, 8, 5, 4, 180, 0, 0, 1, 100000),
	(266, 'Glendale', 75131841, 20, 8, 5, 4, 180, 0, 0, 1, 100000),
	(267, 'Ingot', 3005245074, 20, 8, 5, 4, 180, 0, 0, 1, 100000),
	(268, 'Premier', 2411098011, 20, 8, 5, 4, 180, 0, 0, 1, 100000),
	(269, 'Primo', 3144368207, 20, 8, 5, 4, 180, 0, 0, 1, 100000),
	(270, 'Primo2', 2254540506, 20, 8, 5, 4, 180, 0, 0, 1, 100000),
	(271, 'Regina', 4280472072, 20, 8, 5, 4, 180, 0, 0, 1, 100000),
	(272, 'Stafford', 321186144, 20, 8, 5, 4, 180, 0, 0, 1, 100000),
	(273, 'Stanier', 2817386317, 20, 8, 5, 4, 180, 0, 0, 1, 100000),
	(274, 'Stratum', 1723137093, 20, 8, 5, 4, 180, 0, 0, 1, 100000),
	(275, 'Coach', 2222034228, 20, 8, 5, 4, 180, 0, 0, 1, 100000),
	(276, 'Pbus2', 345756458, 20, 8, 5, 4, 180, 0, 0, 1, 100000),
	(277, 'Rallytruck', 2191146052, 20, 8, 5, 4, 180, 0, 0, 1, 100000),
	(278, 'Rentalbus', 3196165219, 20, 8, 5, 4, 180, 0, 0, 1, 100000),
	(279, 'Taxi', 3338918751, 20, 8, 5, 4, 180, 0, 0, 1, 100000),
	(280, 'Tourbus', 1941029835, 20, 8, 5, 4, 180, 0, 0, 1, 100000),
	(281, 'Trash', 1917016601, 20, 8, 5, 4, 180, 0, 0, 1, 100000),
	(282, 'Trash2', 3039269212, 20, 8, 5, 4, 180, 0, 0, 1, 100000),
	(283, 'Wastelander', 2382949506, 20, 8, 5, 4, 180, 0, 0, 1, 100000),
	(284, 'Airbus', 1283517198, 20, 8, 5, 4, 180, 0, 0, 1, 100000),
	(285, 'Bus', 3581397346, 20, 8, 5, 4, 180, 0, 0, 1, 100000),
	(286, 'CometS2', 3249425686, 20, 8, 5, 4, 180, 0, 0, 1, 100000),
	(287, 'Coquette', 108773431, 20, 8, 5, 4, 180, 0, 0, 1, 100000),
	(288, 'Coquette4', 2566281822, 20, 8, 5, 4, 180, 0, 0, 1, 100000),
	(289, 'Cypher', 1755697647, 20, 8, 5, 4, 180, 0, 0, 1, 100000),
	(290, 'Deveste', 1591739866, 20, 8, 5, 4, 180, 0, 0, 1, 100000),
	(291, 'Drafter', 686471183, 20, 8, 5, 4, 180, 0, 0, 2, 100000),
	(292, 'Elegy', 196747873, 20, 8, 5, 4, 180, 0, 0, 1, 100000),
	(293, 'Elegy2', 3728579874, 20, 8, 5, 4, 180, 0, 0, 1, 100000),
	(294, 'Euros', 2038480341, 20, 8, 5, 4, 180, 0, 0, 1, 100000),
	(295, 'Everon2', 4163619118, 20, 8, 5, 4, 180, 0, 0, 1, 100000),
	(296, 'Flashgt', 3035832600, 20, 8, 5, 4, 180, 0, 0, 1, 100000),
	(297, 'Furoregt', 3205927392, 20, 8, 5, 4, 180, 0, 0, 1, 100000),
	(298, 'Fusilade', 499169875, 20, 8, 5, 4, 180, 0, 0, 1, 100000),
	(299, 'Futo', 2016857647, 20, 8, 5, 4, 180, 0, 0, 1, 100000),
	(300, 'FutoGTX', 2787736776, 20, 8, 5, 4, 180, 0, 0, 1, 100000),
	(301, 'Gb200', 1909189272, 20, 8, 5, 4, 180, 0, 0, 1, 100000),
	(302, 'Growler', 1304459735, 20, 8, 5, 4, 180, 0, 0, 1, 100000),
	(303, 'Hotring', 1115909093, 20, 8, 5, 4, 180, 0, 0, 1, 100000),
	(304, 'Imorgon', 3162245632, 20, 8, 5, 4, 180, 0, 0, 1, 100000),
	(305, 'Issi7', 1854776567, 20, 8, 5, 4, 180, 0, 0, 1, 100000),
	(306, 'ItaliGTO', 3963499524, 20, 8, 5, 4, 180, 0, 0, 1, 100000),
	(307, 'Italirsx', 3145241962, 20, 8, 5, 4, 180, 0, 0, 1, 100000),
	(308, 'Jester', 2997294755, 20, 8, 5, 4, 180, 0, 0, 1, 100000),
	(309, 'Jester2', 3188613414, 20, 8, 5, 4, 180, 0, 0, 1, 100000),
	(310, 'Jester3', 4080061290, 20, 8, 5, 4, 180, 0, 0, 1, 100000),
	(311, 'JesterRR', 2712905841, 20, 8, 5, 4, 180, 0, 0, 1, 100000),
	(312, 'Jugular', 4086055493, 20, 8, 5, 4, 180, 0, 0, 1, 100000),
	(313, 'Khamelion', 544021352, 20, 8, 5, 4, 180, 0, 0, 1, 100000),
	(314, 'Komoda', 3460613305, 20, 8, 5, 4, 180, 0, 0, 1, 100000),
	(315, 'Kuruma', 2922118804, 20, 8, 5, 4, 180, 0, 0, 1, 100000),
	(316, 'Kuruma2', 410882957, 20, 8, 5, 4, 180, 0, 0, 1, 100000),
	(317, 'Locust', 3353694737, 20, 8, 5, 4, 180, 0, 0, 1, 100000),
	(318, 'Lynx', 482197771, 20, 8, 5, 4, 180, 0, 0, 1, 100000),
	(319, 'Massacro', 4152024626, 20, 8, 5, 4, 180, 0, 0, 1, 100000),
	(320, 'Massacro2', 3663206819, 20, 8, 5, 4, 180, 0, 0, 1, 100000),
	(321, 'Neo', 2674840994, 20, 8, 5, 4, 180, 0, 0, 1, 100000),
	(322, 'Neon', 2445973230, 20, 4, 5, 4, 200, 0, 0, 4, 1100000),
	(323, 'Ninef', 1032823388, 20, 8, 5, 4, 180, 0, 0, 1, 100000),
	(324, 'Omnis', 3517794615, 20, 8, 5, 4, 180, 0, 0, 1, 100000),
	(325, 'Panthere', 2100457220, 20, 8, 5, 4, 180, 0, 0, 1, 100000),
	(326, 'Paragon', 3847255899, 20, 8, 5, 4, 180, 0, 0, 1, 100000),
	(327, 'Paragon2', 1416466158, 20, 8, 5, 4, 180, 0, 0, 1, 100000),
	(328, 'Pariah', 867799010, 20, 8, 5, 4, 180, 0, 0, 1, 100000),
	(329, 'Penumbra', 3917501776, 20, 8, 5, 4, 180, 0, 0, 1, 100000),
	(330, 'Penumbra2', 3663644634, 20, 8, 5, 4, 180, 0, 0, 1, 100000),
	(331, 'R300', 1076201208, 20, 8, 5, 4, 180, 0, 0, 1, 100000),
	(332, 'Raiden', 2765724541, 20, 8, 5, 4, 200, 0, 0, 4, 600000),
	(333, 'Rapidgt', 2360515092, 20, 8, 5, 4, 180, 0, 0, 2, 95000),
	(334, 'Rapidgt2', 1737773231, 20, 8, 5, 4, 180, 0, 0, 2, 100000),
	(335, 'Raptor', 3620039993, 20, 8, 5, 4, 180, 0, 0, 2, 120000),
	(336, 'Remus', 1377217886, 20, 8, 5, 4, 180, 0, 0, 2, 90000),
	(337, 'Revolter', 3884762073, 20, 8, 5, 4, 180, 0, 0, 4, 700000),
	(338, 'RT3000', 3842363289, 20, 8, 5, 4, 180, 0, 0, 1, 100000),
	(339, 'Schafter2', 3039514899, 20, 8, 5, 4, 180, 0, 0, 1, 100000),
	(340, 'Schafter3', 2809443750, 20, 8, 5, 4, 180, 0, 0, 1, 100000),
	(341, 'Schafter4', 1489967196, 20, 8, 5, 4, 180, 0, 0, 1, 100000),
	(342, 'Schafter5', 3406724313, 20, 8, 5, 4, 180, 0, 0, 1, 100000),
	(343, 'Schafter6', 1922255844, 20, 8, 5, 4, 180, 0, 0, 1, 100000),
	(344, 'Schlagen', 3787471536, 20, 8, 5, 4, 180, 0, 0, 1, 100000),
	(345, 'Schwarzer', 3548084598, 20, 8, 5, 4, 180, 0, 0, 1, 100000),
	(346, 'Sentinel3', 1104234922, 20, 8, 5, 4, 180, 0, 0, 1, 100000),
	(347, 'Seven70', 2537130571, 20, 8, 5, 4, 180, 0, 0, 1, 100000),
	(348, 'Specter', 1886268224, 20, 8, 5, 4, 180, 0, 0, 1, 100000),
	(349, 'Specter2', 1074745671, 20, 8, 5, 4, 180, 0, 0, 1, 100000),
	(350, 'Streiter', 1741861769, 20, 8, 5, 4, 180, 0, 0, 1, 100000),
	(351, 'Sugoi', 987469656, 20, 8, 5, 4, 180, 0, 0, 1, 100000),
	(352, 'Sultan', 970598228, 20, 8, 5, 4, 180, 0, 0, 1, 100000),
	(353, 'Sultan2', 872704284, 20, 8, 5, 4, 180, 0, 0, 1, 100000),
	(354, 'SultanRSC', 3999278268, 20, 8, 5, 4, 180, 0, 0, 1, 100000),
	(355, 'Surano', 384071873, 20, 8, 5, 4, 180, 0, 0, 1, 100000),
	(356, 'Tampa2', 3223586949, 20, 8, 5, 4, 180, 0, 0, 1, 100000),
	(357, 'Tropos', 1887331236, 20, 8, 5, 4, 180, 0, 0, 1, 100000),
	(358, 'Vectre', 2754593701, 20, 8, 5, 4, 180, 0, 0, 1, 100000),
	(359, 'Verlierer2', 1102544804, 20, 8, 5, 4, 180, 0, 0, 1, 100000),
	(360, 'veto', 3437611258, 20, 8, 5, 4, 180, 0, 0, 1, 100000),
	(361, 'veto2', 2802050217, 20, 8, 5, 4, 180, 0, 0, 1, 100000),
	(362, 'Vstr', 1456336509, 20, 8, 5, 4, 180, 0, 0, 1, 100000),
	(363, 'ZR350', 2436313176, 20, 8, 5, 4, 180, 0, 0, 1, 100000),
	(364, 'ZR380', 540101442, 20, 8, 5, 4, 180, 0, 0, 1, 100000),
	(365, 'ZR3802', 3188846534, 20, 8, 5, 4, 180, 0, 0, 1, 100000),
	(366, 'ZR3803', 2816263004, 20, 8, 5, 4, 180, 0, 0, 1, 100000),
	(367, 'Alpha', 767087018, 20, 8, 5, 4, 180, 0, 0, 1, 100000),
	(368, 'Banshee', 3253274834, 20, 8, 5, 4, 180, 0, 0, 1, 100000),
	(369, 'Bestiagts', 1274868363, 20, 8, 5, 4, 180, 0, 0, 1, 100000),
	(370, 'Blista2', 1039032026, 20, 4, 5, 4, 120, 0, 0, 2, 28000),
	(371, 'Blista3', 3703315515, 20, 8, 5, 4, 180, 0, 0, 1, 100000),
	(372, 'Buffalo', 3990165190, 20, 8, 5, 4, 180, 0, 0, 1, 100000),
	(373, 'Buffalo2', 736902334, 20, 8, 5, 4, 180, 0, 0, 1, 100000),
	(374, 'Buffalo3', 237764926, 20, 8, 5, 4, 180, 0, 0, 1, 100000),
	(375, 'CalicoGTF', 3101054893, 20, 8, 5, 4, 180, 0, 0, 1, 100000),
	(376, 'Carbonizzare', 2072687711, 20, 8, 5, 4, 180, 0, 0, 1, 100000),
	(377, 'Comet2', 3249425686, 20, 8, 5, 4, 180, 0, 0, 1, 100000),
	(378, 'Comet3', 2272483501, 20, 8, 5, 4, 180, 0, 0, 1, 100000),
	(379, 'Comet4', 1561920505, 20, 8, 5, 4, 180, 0, 0, 1, 100000),
	(380, 'Comet5', 661493923, 20, 8, 5, 4, 180, 0, 0, 1, 100000),
	(381, 'jb7002', 394110044, 20, 8, 5, 4, 180, 0, 0, 1, 100000),
	(382, 'mamba', 2634021974, 20, 8, 5, 4, 180, 0, 0, 1, 100000),
	(383, 'manana', 2170765704, 20, 8, 5, 4, 180, 0, 0, 1, 100000),
	(384, 'michelli', 1046206681, 20, 8, 5, 4, 180, 0, 0, 1, 100000),
	(385, 'monroe', 3861591579, 20, 8, 5, 4, 180, 0, 0, 1, 100000),
	(386, 'nebula', 3412338231, 20, 8, 5, 4, 180, 0, 0, 1, 100000),
	(387, 'peyote', 1830407356, 20, 8, 5, 4, 180, 0, 0, 1, 100000),
	(388, 'peyote3', 1107404867, 20, 8, 5, 4, 180, 0, 0, 1, 100000),
	(389, 'Pigalle', 1078682497, 20, 4, 5, 4, 130, 0, 0, 2, 130000),
	(390, 'rapidgt3', 2360515092, 20, 8, 5, 4, 180, 0, 0, 1, 100000),
	(391, 'retinue', 1841130506, 20, 8, 5, 4, 180, 0, 0, 1, 100000),
	(392, 'retinue2', 2031587082, 20, 8, 5, 4, 180, 0, 0, 1, 100000),
	(393, 'savestra', 903794909, 20, 8, 5, 4, 180, 0, 0, 1, 100000),
	(394, 'stinger', 1545842587, 20, 8, 5, 4, 180, 0, 0, 1, 100000),
	(395, 'Stingergt', 2196019706, 20, 4, 5, 4, 140, 0, 0, 2, 200000),
	(396, 'Stromberg', 886810209, 20, 4, 5, 4, 180, 0, 0, 2, 900000),
	(397, 'toreador', 1455990255, 20, 8, 5, 4, 180, 0, 0, 1, 100000),
	(398, 'torero', 1504306544, 20, 8, 5, 4, 180, 0, 0, 1, 100000),
	(399, 'tornado', 464687292, 20, 8, 5, 4, 180, 0, 0, 1, 100000),
	(400, 'tornado2', 1531094468, 20, 8, 5, 4, 180, 0, 0, 1, 100000),
	(401, 'tornado3', 1762279763, 20, 8, 5, 4, 180, 0, 0, 1, 100000),
	(402, 'tornado4', 2261744861, 20, 8, 5, 4, 180, 0, 0, 1, 100000),
	(403, 'tornado5', 2497353967, 20, 8, 5, 4, 180, 0, 0, 1, 100000),
	(404, 'tornado6', 2736567667, 20, 8, 5, 4, 180, 0, 0, 1, 100000),
	(405, 'Turismo2', 3312836369, 20, 4, 5, 4, 180, 0, 0, 2, 1500000),
	(406, 'Viseris', 3903371924, 20, 4, 5, 4, 130, 0, 0, 2, 190000),
	(407, 'Z190', 838982985, 20, 4, 5, 4, 140, 0, 0, 2, 180000),
	(408, 'Zion3', 1862507111, 20, 4, 5, 4, 130, 0, 0, 2, 170000),
	(409, 'ztype', 758895617, 20, 4, 5, 4, 130, 0, 0, 2, 400000),
	(410, 'ardent', 159274291, 20, 8, 5, 4, 180, 0, 0, 1, 100000),
	(411, 'btype', 117401876, 20, 4, 5, 4, 140, 0, 0, 6, 420000),
	(412, 'btype2', 3463132580, 20, 8, 5, 4, 180, 0, 0, 1, 100000),
	(413, 'btype3', 3692679425, 20, 4, 5, 4, 140, 0, 0, 6, 425000),
	(414, 'casco', 941800958, 20, 8, 5, 4, 180, 0, 0, 1, 100000),
	(415, 'cheburek', 3306466016, 20, 8, 5, 4, 180, 0, 0, 1, 100000),
	(416, 'cheetah2', 223240013, 20, 8, 5, 4, 180, 0, 0, 1, 100000),
	(417, 'coquette2', 1011753235, 20, 8, 5, 4, 180, 0, 0, 1, 100000),
	(418, 'deluxo', 1483171323, 20, 8, 5, 4, 180, 0, 0, 1, 100000),
	(419, 'dynasty', 310284501, 20, 8, 5, 4, 180, 0, 0, 1, 100000),
	(420, 'fagaloa', 1617472902, 20, 8, 5, 4, 180, 0, 0, 1, 100000),
	(421, 'feltzer3', 2728226064, 20, 8, 5, 4, 180, 0, 0, 1, 100000),
	(422, 'Gt500', 2215179066, 20, 4, 5, 4, 140, 0, 0, 2, 160000),
	(423, 'infernus2', 418536135, 20, 8, 5, 4, 180, 0, 0, 1, 100000),
	(424, 'jb700', 1051415893, 20, 8, 5, 4, 180, 0, 0, 1, 100000),
	(425, 'italigtb2', 3812247419, 20, 8, 5, 4, 180, 0, 0, 1, 100000),
	(426, 'krieger', 3630826055, 20, 8, 5, 4, 180, 0, 0, 1, 100000),
	(427, 'le7b', 3062131285, 20, 8, 5, 4, 180, 0, 0, 1, 100000),
	(428, 'nero', 1034187331, 20, 8, 5, 4, 180, 0, 0, 1, 100000),
	(429, 'Nero2', 1093792632, 20, 4, 5, 4, 180, 0, 0, 2, 1800000),
	(430, 'osiris', 1987142870, 20, 8, 5, 4, 180, 0, 0, 1, 100000),
	(431, 'penetrator', 2536829930, 20, 8, 5, 4, 180, 0, 0, 1, 100000),
	(432, 'pfister811', 2465164804, 20, 8, 5, 4, 180, 0, 0, 1, 100000),
	(433, 'prototipo', 2123327359, 20, 8, 5, 4, 180, 0, 0, 1, 100000),
	(434, 'reaper', 234062309, 20, 8, 5, 4, 180, 0, 0, 1, 100000),
	(435, 's80', 3970348707, 20, 8, 5, 4, 180, 0, 0, 1, 100000),
	(436, 'sc1', 1352136073, 20, 8, 5, 4, 180, 0, 0, 1, 100000),
	(437, 'scramjet', 3656405053, 20, 8, 5, 4, 180, 0, 0, 1, 100000),
	(438, 'sheava', 819197656, 20, 8, 5, 4, 180, 0, 0, 1, 100000),
	(439, 'sultanrs', 3999278268, 20, 8, 5, 4, 180, 0, 0, 1, 100000),
	(440, 't20', 1663218586, 20, 8, 5, 4, 180, 0, 0, 1, 100000),
	(441, 'taipan', 3160260734, 20, 8, 5, 4, 180, 0, 0, 1, 100000),
	(442, 'tempesta', 272929391, 20, 8, 5, 4, 180, 0, 0, 1, 100000),
	(443, 'tezeract', 1031562256, 20, 8, 5, 4, 180, 0, 0, 1, 100000),
	(444, 'thrax', 1044193113, 20, 8, 5, 4, 180, 0, 0, 1, 100000),
	(445, 'tigon', 2936769864, 20, 8, 5, 4, 180, 0, 0, 1, 100000),
	(446, 'turismor', 408192225, 20, 8, 5, 4, 180, 0, 0, 1, 100000),
	(447, 'tyrant', 3918533058, 20, 8, 5, 4, 180, 0, 0, 1, 100000),
	(448, 'tyrus', 2067820283, 20, 8, 5, 4, 180, 0, 0, 1, 100000),
	(449, 'vacca', 338562499, 20, 8, 5, 4, 180, 0, 0, 1, 100000),
	(450, 'vagner', 1939284556, 20, 8, 5, 4, 180, 0, 0, 1, 100000),
	(451, 'vigilante', 3052358707, 20, 8, 5, 4, 180, 0, 0, 1, 100000),
	(452, 'virtue', 669204833, 20, 8, 5, 4, 180, 0, 0, 1, 100000),
	(453, 'visione', 3296789504, 20, 8, 5, 4, 180, 0, 0, 1, 100000),
	(454, 'voltic', 2672523198, 20, 8, 5, 4, 180, 0, 0, 1, 100000),
	(455, 'voltic2', 989294410, 20, 8, 5, 4, 180, 0, 0, 1, 100000),
	(456, 'xa21', 917809321, 20, 8, 5, 4, 180, 0, 0, 1, 100000),
	(457, 'zentorno', 2891838741, 20, 8, 5, 4, 180, 0, 0, 1, 100000),
	(458, 'zorrusso', 3612858749, 20, 8, 5, 4, 180, 0, 0, 1, 100000),
	(459, 'adder', 3078201489, 20, 8, 5, 4, 180, 0, 0, 1, 100000),
	(460, 'autarch', 3981782132, 20, 8, 5, 4, 180, 0, 0, 1, 100000),
	(461, 'banshee2', 633712403, 20, 8, 5, 4, 180, 0, 0, 1, 100000),
	(462, 'bullet', 2598821281, 20, 8, 5, 4, 180, 0, 0, 1, 100000),
	(463, 'cheetah', 2983812512, 20, 8, 5, 4, 180, 0, 0, 1, 100000),
	(464, 'cyclone', 1392481335, 20, 8, 5, 4, 180, 0, 0, 1, 100000),
	(465, 'emerus', 1323778901, 20, 8, 5, 4, 180, 0, 0, 1, 100000),
	(466, 'entity2', 2174267100, 20, 8, 5, 4, 180, 0, 0, 1, 100000),
	(467, 'entity3', 1748565021, 20, 8, 5, 4, 180, 0, 0, 1, 100000),
	(468, 'entityxf', 3003014393, 20, 8, 5, 4, 180, 0, 0, 1, 100000),
	(469, 'fmj', 1426219628, 20, 8, 5, 4, 180, 0, 0, 1, 100000),
	(470, 'furia', 960812448, 20, 8, 5, 4, 180, 0, 0, 1, 100000),
	(471, 'gp1', 1234311532, 20, 8, 5, 4, 180, 0, 0, 1, 0),
	(473, 'italigtb', 2246633323, 20, 8, 5, 4, 180, 0, 0, 1, 100000),
	(474, 'Xls', 1203490606, 20, 8, 5, 4, 180, 0, 0, 1, 100000),
	(475, 'Baller', 3486135912, 20, 8, 5, 4, 180, 0, 0, 1, 100000),
	(476, 'Baller2', 142944341, 20, 8, 5, 4, 180, 0, 0, 1, 100000),
	(477, 'Baller3', 1878062887, 20, 8, 5, 4, 180, 0, 0, 1, 100000),
	(478, 'Dubsta', 1177543287, 20, 8, 5, 4, 180, 0, 0, 1, 100000),
	(479, 'Dubsta2', 3900892662, 20, 8, 5, 4, 180, 0, 0, 1, 100000),
	(480, 'Gresley', 2751205197, 20, 8, 5, 4, 180, 0, 0, 1, 100000),
	(481, 'Habanero', 884422927, 20, 8, 5, 4, 180, 0, 0, 1, 100000),
	(482, 'Landstalker', 1269098716, 20, 8, 5, 4, 180, 0, 0, 1, 100000),
	(483, 'Patriot', 3486509883, 20, 8, 5, 4, 180, 0, 0, 1, 100000),
	(484, 'Patriot2', 3874056184, 20, 8, 5, 4, 180, 0, 0, 1, 100000),
	(485, 'Rebla', 83136452, 20, 8, 5, 4, 180, 0, 0, 1, 100000),
	(486, 'Rocoto', 2136773105, 20, 8, 5, 4, 180, 0, 0, 1, 100000),
	(487, 'Toros', 3126015148, 20, 8, 5, 4, 180, 0, 0, 1, 100000),
	(488, 'Tractor', 1641462412, 20, 8, 5, 4, 180, 0, 0, 1, 100000),
	(489, 'Caddy', 1147287684, 20, 8, 5, 4, 180, 0, 0, 1, 0),
	(490, 'Caddy2', 3757070668, 20, 8, 5, 4, 180, 0, 0, 1, 0),
	(491, 'Mower', 1783355638, 20, 8, 5, 4, 180, 0, 0, 1, 100000),
	(492, 'Sadler', 3695398481, 20, 8, 5, 4, 180, 0, 0, 1, 100000),
	(493, 'Scrap', 2594165727, 20, 8, 5, 4, 180, 0, 0, 1, 100000),
	(494, 'slamtruck', 3249056020, 20, 8, 5, 4, 180, 0, 0, 1, 0),
	(495, 'Towtruck 2', 3852654278, 20, 8, 5, 4, 180, 0, 0, 1, 0),
	(496, 'Towtruck', 2971866336, 20, 8, 5, 4, 180, 0, 0, 1, 0),
	(497, 'Armored Schafter', 4028954122, 20, 8, 5, 4, 230, 0, 0, 4, 0),
	(498, 'Gang Schafter', 3231442904, 20, 8, 5, 4, 180, 0, 0, 4, 0),
	(499, 'Gang Drafter', 2612597709, 20, 8, 5, 4, 180, 0, 0, 2, 0);

-- Dumping structure for table pgrp.server_vehicle_shops
CREATE TABLE IF NOT EXISTS `server_vehicle_shops` (
  `id` int NOT NULL AUTO_INCREMENT,
  `position_id` int DEFAULT NULL,
  `ped_position_id` int DEFAULT NULL,
  PRIMARY KEY (`id`)
) ENGINE=InnoDB AUTO_INCREMENT=23 DEFAULT CHARSET=armscii8 COLLATE=armscii8_bin;

-- Dumping data for table pgrp.server_vehicle_shops: ~11 rows (approximately)
INSERT INTO `server_vehicle_shops` (`id`, `position_id`, `ped_position_id`) VALUES
	(9, 2667, 2667),
	(10, 2668, 2668),
	(11, 2669, 2669),
	(12, 2670, 2670),
	(15, 2673, 2673),
	(17, 2675, 2675),
	(18, 2676, 2676),
	(19, 3308, 3308),
	(20, 3630, 3630),
	(21, 3834, 3834),
	(22, 4024, 4024);

-- Dumping structure for table pgrp.server_vehicle_shop_items
CREATE TABLE IF NOT EXISTS `server_vehicle_shop_items` (
  `id` int NOT NULL AUTO_INCREMENT,
  `shop_id` int DEFAULT NULL,
  `base_id` int DEFAULT NULL,
  `position_id` int DEFAULT NULL,
  PRIMARY KEY (`id`)
) ENGINE=InnoDB AUTO_INCREMENT=142 DEFAULT CHARSET=armscii8 COLLATE=armscii8_bin;

-- Dumping data for table pgrp.server_vehicle_shop_items: ~114 rows (approximately)
INSERT INTO `server_vehicle_shop_items` (`id`, `shop_id`, `base_id`, `position_id`) VALUES
	(3, 19, 49, 3311),
	(4, 19, 48, 3314),
	(5, 19, 50, 3316),
	(6, 19, 51, 3320),
	(7, 19, 52, 3321),
	(8, 19, 53, 3322),
	(9, 19, 54, 3323),
	(10, 19, 55, 3326),
	(22, 10, 16, 3360),
	(23, 10, 17, 3362),
	(24, 10, 47, 3364),
	(25, 10, 45, 3365),
	(26, 10, 46, 3366),
	(27, 9, 61, 3368),
	(28, 9, 62, 3369),
	(29, 9, 67, 3370),
	(30, 9, 72, 3371),
	(31, 9, 74, 3372),
	(32, 9, 77, 3373),
	(33, 9, 78, 3374),
	(34, 9, 85, 3375),
	(35, 9, 95, 3376),
	(36, 9, 101, 3377),
	(37, 9, 97, 3378),
	(39, 9, 87, 3380),
	(52, 20, 264, 3809),
	(53, 20, 228, 3810),
	(54, 20, 239, 3811),
	(55, 20, 215, 3812),
	(56, 20, 217, 3813),
	(57, 20, 241, 3814),
	(58, 20, 236, 3815),
	(59, 20, 221, 3816),
	(60, 20, 219, 3817),
	(61, 12, 146, 3818),
	(62, 12, 148, 3819),
	(63, 12, 164, 3820),
	(64, 12, 155, 3821),
	(65, 12, 156, 3822),
	(66, 12, 159, 3823),
	(67, 12, 152, 3824),
	(68, 11, 165, 3826),
	(69, 11, 170, 3827),
	(70, 11, 166, 3828),
	(71, 11, 175, 3829),
	(72, 11, 173, 3830),
	(73, 11, 260, 3831),
	(74, 11, 210, 3832),
	(75, 11, 370, 3833),
	(76, 21, 193, 3835),
	(77, 21, 194, 3836),
	(78, 21, 195, 3837),
	(79, 21, 196, 3838),
	(80, 21, 197, 3839),
	(81, 21, 198, 3840),
	(83, 15, 206, 3844),
	(84, 15, 213, 3845),
	(85, 15, 211, 3846),
	(86, 15, 212, 3847),
	(87, 15, 205, 3848),
	(88, 15, 208, 3849),
	(89, 15, 209, 3850),
	(90, 15, 245, 3851),
	(91, 18, 244, 3852),
	(92, 18, 246, 3853),
	(93, 18, 247, 3854),
	(94, 18, 248, 3855),
	(95, 18, 249, 3856),
	(96, 18, 250, 3857),
	(97, 18, 251, 3858),
	(98, 18, 252, 3859),
	(99, 18, 253, 3860),
	(100, 18, 254, 3861),
	(101, 18, 255, 3862),
	(102, 18, 242, 3863),
	(103, 18, 274, 3864),
	(104, 18, 267, 3865),
	(105, 18, 262, 3866),
	(106, 18, 259, 3867),
	(107, 18, 268, 3868),
	(108, 18, 488, 3870),
	(109, 18, 490, 3871),
	(110, 18, 493, 3872),
	(111, 17, 69, 3873),
	(112, 17, 396, 3874),
	(113, 17, 395, 3875),
	(114, 17, 389, 3876),
	(115, 17, 405, 3877),
	(116, 17, 422, 3878),
	(117, 17, 406, 3879),
	(118, 17, 408, 3880),
	(119, 17, 407, 3881),
	(120, 22, 377, 4044),
	(121, 22, 380, 4050),
	(122, 22, 372, 4056),
	(123, 22, 288, 4064),
	(124, 22, 289, 4067),
	(125, 22, 312, 4068),
	(126, 22, 345, 4070),
	(127, 22, 296, 4073),
	(128, 22, 291, 4076),
	(129, 22, 362, 4089),
	(130, 22, 350, 4094),
	(131, 22, 332, 4096),
	(132, 22, 337, 4099),
	(133, 22, 341, 4103),
	(134, 22, 359, 4110),
	(135, 22, 315, 4111),
	(136, 22, 352, 4115),
	(137, 9, 322, 4123),
	(138, 9, 409, 4126),
	(139, 9, 411, 4129),
	(140, 9, 413, 4131),
	(141, 9, 429, 4133);

-- Dumping structure for table pgrp.server_vehicle_shop_spawns
CREATE TABLE IF NOT EXISTS `server_vehicle_shop_spawns` (
  `id` int NOT NULL AUTO_INCREMENT,
  `shop_id` int DEFAULT NULL,
  `position_id` int DEFAULT NULL,
  PRIMARY KEY (`id`)
) ENGINE=InnoDB AUTO_INCREMENT=7 DEFAULT CHARSET=armscii8 COLLATE=armscii8_bin;

-- Dumping data for table pgrp.server_vehicle_shop_spawns: ~0 rows (approximately)

-- Dumping structure for table pgrp.server_vehicle_tuning
CREATE TABLE IF NOT EXISTS `server_vehicle_tuning` (
  `id` int NOT NULL AUTO_INCREMENT,
  `primary_color` int NOT NULL DEFAULT '0',
  `secondary_color` int NOT NULL DEFAULT '0',
  `pearl_color` int NOT NULL DEFAULT '0',
  `spoiler` int NOT NULL DEFAULT '0',
  `front_bumper` int NOT NULL DEFAULT '0',
  `rear_bumper` int NOT NULL DEFAULT '0',
  `side_skirt` int NOT NULL DEFAULT '0',
  `exhaust` int NOT NULL DEFAULT '0',
  `frame` int NOT NULL DEFAULT '0',
  `grille` int NOT NULL DEFAULT '0',
  `hood` int NOT NULL DEFAULT '0',
  `fender` int NOT NULL DEFAULT '0',
  `right_fender` int NOT NULL DEFAULT '0',
  `roof` int NOT NULL DEFAULT '0',
  `engine` int NOT NULL DEFAULT '0',
  `brakes` int NOT NULL DEFAULT '0',
  `transmission` int NOT NULL DEFAULT '0',
  `horns` int NOT NULL DEFAULT '0',
  `suspension` int NOT NULL DEFAULT '0',
  `armor` int NOT NULL DEFAULT '0',
  `turbo` int NOT NULL DEFAULT '0',
  `xenon` int NOT NULL DEFAULT '0',
  `wheels` int NOT NULL DEFAULT '0',
  `wheel_type` int NOT NULL DEFAULT '0',
  `wheel_color` int NOT NULL DEFAULT '0',
  `plate_holders` int NOT NULL DEFAULT '0',
  `trim_design` int NOT NULL DEFAULT '0',
  `window_tint` int NOT NULL DEFAULT '0',
  `headlight_color` int NOT NULL DEFAULT '0',
  `livery` int NOT NULL DEFAULT '0',
  `neons` tinyint(1) NOT NULL DEFAULT '0',
  `neon_r` int NOT NULL DEFAULT '0',
  `neon_g` int NOT NULL DEFAULT '0',
  `neon_b` int NOT NULL DEFAULT '0',
  PRIMARY KEY (`id`)
) ENGINE=InnoDB AUTO_INCREMENT=448 DEFAULT CHARSET=armscii8 COLLATE=armscii8_bin;

-- Dumping data for table pgrp.server_vehicle_tuning: ~446 rows (approximately)
INSERT INTO `server_vehicle_tuning` (`id`, `primary_color`, `secondary_color`, `pearl_color`, `spoiler`, `front_bumper`, `rear_bumper`, `side_skirt`, `exhaust`, `frame`, `grille`, `hood`, `fender`, `right_fender`, `roof`, `engine`, `brakes`, `transmission`, `horns`, `suspension`, `armor`, `turbo`, `xenon`, `wheels`, `wheel_type`, `wheel_color`, `plate_holders`, `trim_design`, `window_tint`, `headlight_color`, `livery`, `neons`, `neon_r`, `neon_g`, `neon_b`) VALUES
	(2, 0, 0, 0, 0, 0, 0, 0, 0, 0, 0, 0, 0, 0, 0, 0, 0, 0, 0, 0, 0, 0, 0, 0, 0, 0, 0, 0, 0, 0, 0, 0, 0, 0, 0),
	(3, 0, 0, 0, 0, 0, 0, 0, 0, 0, 0, 0, 0, 0, 0, 0, 0, 0, 0, 0, 0, 0, 0, 0, 0, 0, 0, 0, 0, 0, 0, 0, 0, 0, 0),
	(4, 0, 0, 0, 0, 0, 0, 0, 0, 0, 0, 0, 0, 0, 0, 0, 0, 0, 0, 0, 0, 0, 0, 0, 0, 0, 0, 0, 0, 0, 0, 0, 0, 0, 0),
	(5, 0, 0, 0, 0, 0, 0, 0, 0, 0, 0, 0, 0, 0, 0, 0, 0, 0, 0, 0, 0, 0, 0, 0, 0, 0, 0, 0, 0, 0, 0, 0, 0, 0, 0),
	(6, 0, 0, 0, 0, 0, 0, 0, 0, 0, 0, 0, 0, 0, 0, 0, 0, 0, 0, 0, 0, 0, 0, 0, 0, 0, 0, 0, 0, 0, 0, 0, 0, 0, 0),
	(7, 0, 0, 0, 0, 0, 0, 0, 0, 0, 0, 0, 0, 0, 0, 0, 0, 0, 0, 0, 0, 0, 0, 0, 0, 0, 0, 0, 0, 0, 0, 0, 0, 0, 0),
	(8, 0, 0, 0, 0, 0, 0, 0, 0, 0, 0, 0, 0, 0, 0, 0, 0, 0, 0, 0, 0, 0, 0, 0, 0, 0, 0, 0, 0, 0, 0, 0, 0, 0, 0),
	(9, 0, 0, 0, 0, 0, 0, 0, 0, 0, 0, 0, 0, 0, 0, 0, 0, 0, 0, 0, 0, 0, 0, 0, 0, 0, 0, 0, 0, 0, 0, 0, 0, 0, 0),
	(10, 0, 0, 0, 0, 0, 0, 0, 0, 0, 0, 0, 0, 0, 0, 0, 0, 0, 0, 0, 0, 0, 0, 0, 0, 0, 0, 0, 0, 0, 0, 0, 0, 0, 0),
	(11, 0, 0, 0, 0, 0, 0, 0, 0, 0, 0, 0, 0, 0, 0, 0, 0, 0, 0, 0, 0, 0, 0, 0, 0, 0, 0, 0, 0, 0, 0, 0, 0, 0, 0),
	(12, 0, 0, 0, 0, 0, 0, 0, 0, 0, 0, 0, 0, 0, 0, 0, 0, 0, 0, 0, 0, 0, 0, 0, 0, 0, 0, 0, 0, 0, 0, 0, 0, 0, 0),
	(13, 0, 0, 0, 0, 0, 0, 0, 0, 0, 0, 0, 0, 0, 0, 0, 0, 0, 0, 0, 0, 0, 0, 0, 0, 0, 0, 0, 0, 0, 0, 0, 0, 0, 0),
	(14, 0, 0, 0, 0, 0, 0, 0, 0, 0, 0, 0, 0, 0, 0, 0, 0, 0, 0, 0, 0, 0, 0, 0, 0, 0, 0, 0, 0, 0, 0, 0, 0, 0, 0),
	(15, 0, 0, 0, 0, 0, 0, 0, 0, 0, 0, 0, 0, 0, 0, 0, 0, 0, 0, 0, 0, 0, 0, 0, 0, 0, 0, 0, 0, 0, 0, 0, 0, 0, 0),
	(16, 0, 0, 0, 0, 0, 0, 0, 0, 0, 0, 0, 0, 0, 0, 0, 0, 0, 0, 0, 0, 0, 0, 0, 0, 0, 0, 0, 0, 0, 0, 0, 0, 0, 0),
	(17, 0, 0, 0, 0, 0, 0, 0, 0, 0, 0, 0, 0, 0, 0, 0, 0, 0, 0, 0, 0, 0, 0, 0, 0, 0, 0, 0, 0, 0, 0, 0, 0, 0, 0),
	(18, 0, 0, 0, 0, 0, 0, 0, 0, 0, 0, 0, 0, 0, 0, 0, 0, 0, 0, 0, 0, 0, 0, 0, 0, 0, 0, 0, 0, 0, 0, 0, 0, 0, 0),
	(19, 0, 0, 0, 0, 0, 0, 0, 0, 0, 0, 0, 0, 0, 0, 0, 0, 0, 0, 0, 0, 0, 0, 0, 0, 0, 0, 0, 0, 0, 0, 0, 0, 0, 0),
	(20, 0, 0, 0, 0, 0, 0, 0, 0, 0, 0, 0, 0, 0, 0, 0, 0, 0, 0, 0, 0, 0, 0, 0, 0, 0, 0, 0, 0, 0, 0, 0, 0, 0, 0),
	(21, 0, 0, 0, 0, 0, 0, 0, 0, 0, 0, 0, 0, 0, 0, 0, 0, 0, 0, 0, 0, 0, 0, 0, 0, 0, 0, 0, 0, 0, 0, 0, 0, 0, 0),
	(22, 0, 0, 0, 0, 0, 0, 0, 0, 0, 0, 0, 0, 0, 0, 0, 0, 0, 0, 0, 0, 0, 0, 0, 0, 0, 0, 0, 0, 0, 0, 0, 0, 0, 0),
	(23, 0, 0, 0, 0, 0, 0, 0, 0, 0, 0, 0, 0, 0, 0, 0, 0, 0, 0, 0, 0, 0, 0, 0, 0, 0, 0, 0, 0, 0, 0, 0, 0, 0, 0),
	(24, 0, 0, 0, 0, 0, 0, 0, 0, 0, 0, 0, 0, 0, 0, 0, 0, 0, 0, 0, 0, 0, 0, 0, 0, 0, 0, 0, 0, 0, 0, 0, 0, 0, 0),
	(25, 0, 0, 0, 0, 0, 0, 0, 0, 0, 0, 0, 0, 0, 0, 0, 0, 0, 0, 0, 0, 0, 0, 0, 0, 0, 0, 0, 0, 0, 0, 0, 0, 0, 0),
	(26, 0, 0, 0, 0, 0, 0, 0, 0, 0, 0, 0, 0, 0, 0, 0, 0, 0, 0, 0, 0, 0, 0, 0, 0, 0, 0, 0, 0, 0, 0, 0, 0, 0, 0),
	(27, 0, 0, 0, 0, 0, 0, 0, 0, 0, 0, 0, 0, 0, 0, 0, 0, 0, 0, 0, 0, 0, 0, 0, 0, 0, 0, 0, 0, 0, 0, 0, 0, 0, 0),
	(28, 0, 0, 0, 0, 0, 0, 0, 0, 0, 0, 0, 0, 0, 0, 0, 0, 0, 0, 0, 0, 0, 0, 0, 0, 0, 0, 0, 0, 0, 1, 0, 0, 0, 0),
	(29, 0, 0, 0, 0, 0, 0, 0, 0, 0, 0, 0, 0, 0, 0, 0, 0, 0, 0, 0, 0, 0, 0, 0, 0, 0, 0, 0, 0, 0, 1, 0, 0, 0, 0),
	(30, 0, 0, 0, 0, 0, 0, 0, 0, 0, 0, 0, 0, 0, 0, 0, 0, 0, 0, 0, 0, 0, 0, 0, 0, 0, 0, 0, 0, 0, 1, 0, 0, 0, 0),
	(31, 0, 0, 0, 0, 0, 0, 0, 0, 0, 0, 0, 0, 0, 0, 0, 0, 0, 0, 0, 0, 0, 0, 0, 0, 0, 0, 0, 0, 0, 1, 0, 0, 0, 0),
	(32, 0, 0, 0, 0, 0, 0, 0, 0, 0, 0, 0, 0, 0, 0, 0, 0, 0, 0, 0, 0, 0, 0, 0, 0, 0, 0, 0, 0, 0, 1, 0, 0, 0, 0),
	(33, 0, 0, 0, 0, 0, 0, 0, 0, 0, 0, 0, 0, 0, 0, 0, 0, 0, 0, 0, 0, 0, 0, 0, 0, 0, 0, 0, 0, 0, 1, 0, 0, 0, 0),
	(34, 0, 0, 0, 0, 0, 0, 0, 0, 0, 0, 0, 0, 0, 0, 0, 0, 0, 0, 0, 0, 0, 0, 0, 0, 0, 0, 0, 0, 0, 1, 0, 0, 0, 0),
	(35, 0, 0, 0, 0, 0, 0, 0, 0, 0, 0, 0, 0, 0, 0, 0, 0, 0, 0, 0, 0, 0, 0, 0, 0, 0, 0, 0, 0, 0, 1, 0, 0, 0, 0),
	(36, 0, 0, 0, 0, 0, 0, 0, 0, 0, 0, 0, 0, 0, 0, 0, 0, 0, 0, 0, 0, 0, 0, 0, 0, 0, 0, 0, 0, 0, 1, 0, 0, 0, 0),
	(37, 0, 0, 0, 0, 0, 0, 0, 0, 0, 0, 0, 0, 0, 0, 0, 0, 0, 0, 0, 0, 0, 0, 0, 0, 0, 0, 0, 0, 0, 1, 0, 0, 0, 0),
	(38, 0, 0, 0, 0, 0, 0, 0, 0, 0, 0, 0, 0, 0, 0, 0, 0, 0, 0, 0, 0, 0, 0, 0, 0, 0, 0, 0, 0, 0, 1, 0, 0, 0, 0),
	(39, 0, 0, 0, 0, 0, 0, 0, 0, 0, 0, 0, 0, 0, 0, 0, 0, 0, 0, 0, 0, 0, 0, 0, 0, 0, 0, 0, 0, 0, 1, 0, 0, 0, 0),
	(40, 0, 0, 0, 0, 0, 0, 0, 0, 0, 0, 0, 0, 0, 0, 0, 0, 0, 0, 0, 0, 0, 0, 0, 0, 0, 0, 0, 0, 0, 1, 0, 0, 0, 0),
	(41, 0, 0, 0, 0, 0, 0, 0, 0, 0, 0, 0, 0, 0, 0, 0, 0, 0, 0, 0, 0, 0, 0, 0, 0, 0, 0, 0, 0, 0, 1, 0, 0, 0, 0),
	(42, 0, 0, 0, 0, 0, 0, 0, 0, 0, 0, 0, 0, 0, 0, 0, 0, 0, 0, 0, 0, 0, 0, 0, 0, 0, 0, 0, 0, 0, 1, 0, 0, 0, 0),
	(43, 0, 0, 0, 0, 0, 0, 0, 0, 0, 0, 0, 0, 0, 0, 0, 0, 0, 0, 0, 0, 0, 0, 0, 0, 0, 0, 0, 0, 0, 0, 0, 0, 0, 0),
	(44, 0, 0, 0, 0, 0, 0, 0, 0, 0, 0, 0, 0, 0, 0, 0, 0, 0, 0, 0, 0, 0, 0, 0, 0, 0, 0, 0, 0, 0, 0, 0, 0, 0, 0),
	(45, 0, 0, 0, 0, 0, 0, 0, 0, 0, 0, 0, 0, 0, 0, 0, 0, 0, 0, 0, 0, 0, 0, 0, 0, 0, 0, 0, 0, 0, 0, 0, 0, 0, 0),
	(46, 0, 0, 0, 0, 0, 0, 0, 0, 0, 0, 0, 0, 0, 0, 0, 0, 0, 0, 0, 0, 0, 0, 0, 0, 0, 0, 0, 0, 0, 0, 0, 0, 0, 0),
	(47, 0, 0, 0, 0, 0, 0, 0, 0, 0, 0, 0, 0, 0, 0, 0, 0, 0, 0, 0, 0, 0, 0, 0, 0, 0, 0, 0, 0, 0, 0, 0, 0, 0, 0),
	(48, 0, 0, 0, 0, 0, 0, 0, 0, 0, 0, 0, 0, 0, 0, 0, 0, 0, 0, 0, 0, 0, 0, 0, 0, 0, 0, 0, 0, 0, 0, 0, 0, 0, 0),
	(49, 0, 0, 0, 0, 0, 0, 0, 0, 0, 0, 0, 0, 0, 0, 0, 0, 0, 0, 0, 0, 0, 0, 0, 0, 0, 0, 0, 0, 0, 0, 0, 0, 0, 0),
	(50, 0, 0, 0, 0, 0, 0, 0, 0, 0, 0, 0, 0, 0, 0, 0, 0, 0, 0, 0, 0, 0, 0, 0, 0, 0, 0, 0, 0, 0, 0, 0, 0, 0, 0),
	(51, 0, 0, 0, 0, 0, 0, 0, 0, 0, 0, 0, 0, 0, 0, 0, 0, 0, 0, 0, 0, 0, 0, 0, 0, 0, 0, 0, 0, 0, 0, 0, 0, 0, 0),
	(52, 0, 0, 0, 0, 0, 0, 0, 0, 0, 0, 0, 0, 0, 0, 0, 0, 0, 0, 0, 0, 0, 0, 0, 0, 0, 0, 0, 0, 0, 0, 0, 0, 0, 0),
	(53, 0, 0, 0, 0, 0, 0, 0, 0, 0, 0, 0, 0, 0, 0, 0, 0, 0, 0, 0, 0, 0, 0, 0, 0, 0, 0, 0, 0, 0, 0, 0, 0, 0, 0),
	(54, 0, 0, 0, 0, 0, 0, 0, 0, 0, 0, 0, 0, 0, 0, 0, 0, 0, 0, 0, 0, 0, 0, 0, 0, 0, 0, 0, 0, 0, 0, 0, 0, 0, 0),
	(55, 0, 0, 0, 0, 0, 0, 0, 0, 0, 0, 0, 0, 0, 0, 0, 0, 0, 0, 0, 0, 0, 0, 0, 0, 0, 0, 0, 0, 0, 0, 0, 0, 0, 0),
	(56, 0, 0, 0, 0, 0, 0, 0, 0, 0, 0, 0, 0, 0, 0, 0, 0, 0, 0, 0, 0, 0, 0, 0, 0, 0, 0, 0, 0, 0, 0, 0, 0, 0, 0),
	(57, 0, 0, 0, 0, 0, 0, 0, 0, 0, 0, 0, 0, 0, 0, 0, 0, 0, 0, 0, 0, 0, 0, 0, 0, 0, 0, 0, 0, 0, 0, 0, 0, 0, 0),
	(58, 0, 0, 0, 0, 0, 0, 0, 0, 0, 0, 0, 0, 0, 0, 0, 0, 0, 0, 0, 0, 0, 0, 0, 0, 0, 0, 0, 0, 0, 0, 0, 0, 0, 0),
	(59, 0, 0, 0, 0, 0, 0, 0, 0, 0, 0, 0, 0, 0, 0, 0, 0, 0, 0, 0, 0, 0, 0, 0, 0, 0, 0, 0, 0, 0, 0, 0, 0, 0, 0),
	(60, 0, 0, 0, 0, 0, 0, 0, 0, 0, 0, 0, 0, 0, 0, 0, 0, 0, 0, 0, 0, 0, 0, 0, 0, 0, 0, 0, 0, 0, 0, 0, 0, 0, 0),
	(61, 0, 0, 0, 0, 0, 0, 0, 0, 0, 0, 0, 0, 0, 0, 0, 0, 0, 0, 0, 0, 0, 0, 0, 0, 0, 0, 0, 0, 0, 0, 0, 0, 0, 0),
	(62, 0, 0, 0, 0, 0, 0, 0, 0, 0, 0, 0, 0, 0, 0, 0, 0, 0, 0, 0, 0, 0, 0, 0, 0, 0, 0, 0, 0, 0, 0, 0, 0, 0, 0),
	(63, 0, 0, 0, 0, 0, 0, 0, 0, 0, 0, 0, 0, 0, 0, 0, 0, 0, 0, 0, 0, 0, 0, 0, 0, 0, 0, 0, 0, 0, 0, 0, 0, 0, 0),
	(64, 0, 0, 0, 0, 0, 0, 0, 0, 0, 0, 0, 0, 0, 0, 0, 0, 0, 0, 0, 0, 0, 0, 0, 0, 0, 0, 0, 0, 0, 0, 0, 0, 0, 0),
	(65, 0, 0, 0, 0, 0, 0, 0, 0, 0, 0, 0, 0, 0, 0, 0, 0, 0, 0, 0, 0, 0, 0, 0, 0, 0, 0, 0, 0, 0, 0, 0, 0, 0, 0),
	(66, 0, 0, 0, 0, 0, 0, 0, 0, 0, 0, 0, 0, 0, 0, 0, 0, 0, 0, 0, 0, 0, 0, 0, 0, 0, 0, 0, 0, 0, 0, 0, 0, 0, 0),
	(67, 0, 0, 0, 0, 0, 0, 0, 0, 0, 0, 0, 0, 0, 0, 0, 0, 0, 0, 0, 0, 0, 0, 0, 0, 0, 0, 0, 0, 0, 0, 0, 0, 0, 0),
	(68, 0, 0, 0, 0, 0, 0, 0, 0, 0, 0, 0, 0, 0, 0, 0, 0, 0, 0, 0, 0, 0, 0, 0, 0, 0, 0, 0, 0, 0, 0, 0, 0, 0, 0),
	(69, 0, 0, 0, 0, 0, 0, 0, 0, 0, 0, 0, 0, 0, 0, 0, 0, 0, 0, 0, 0, 0, 0, 0, 0, 0, 0, 0, 0, 0, 0, 0, 0, 0, 0),
	(70, 0, 0, 0, 0, 0, 0, 0, 0, 0, 0, 0, 0, 0, 0, 0, 0, 0, 0, 0, 0, 0, 0, 0, 0, 0, 0, 0, 0, 0, 0, 0, 0, 0, 0),
	(71, 0, 0, 0, 0, 0, 0, 0, 0, 0, 0, 0, 0, 0, 0, 0, 0, 0, 0, 0, 0, 0, 0, 0, 0, 0, 0, 0, 0, 0, 0, 0, 0, 0, 0),
	(72, 0, 0, 0, 0, 0, 0, 0, 0, 0, 0, 0, 0, 0, 0, 0, 0, 0, 0, 0, 0, 0, 0, 0, 0, 0, 0, 0, 0, 0, 0, 0, 0, 0, 0),
	(73, 0, 0, 0, 0, 0, 0, 0, 0, 0, 0, 0, 0, 0, 0, 0, 0, 0, 0, 0, 0, 0, 0, 0, 0, 0, 0, 0, 0, 0, 0, 0, 0, 0, 0),
	(74, 0, 0, 0, 0, 0, 0, 0, 0, 0, 0, 0, 0, 0, 0, 0, 0, 0, 0, 0, 0, 0, 0, 0, 0, 0, 0, 0, 0, 0, 0, 0, 0, 0, 0),
	(75, 0, 0, 0, 0, 0, 0, 0, 0, 0, 0, 0, 0, 0, 0, 0, 0, 0, 0, 0, 0, 0, 0, 0, 0, 0, 0, 0, 0, 0, 0, 0, 0, 0, 0),
	(76, 0, 0, 0, 0, 0, 0, 0, 0, 0, 0, 0, 0, 0, 0, 0, 0, 0, 0, 0, 0, 0, 0, 0, 0, 0, 0, 0, 0, 0, 0, 0, 0, 0, 0),
	(77, 0, 0, 0, 0, 0, 0, 0, 0, 0, 0, 0, 0, 0, 0, 0, 0, 0, 0, 0, 0, 0, 0, 0, 0, 0, 0, 0, 0, 0, 0, 0, 0, 0, 0),
	(78, 0, 0, 0, 0, 0, 0, 0, 0, 0, 0, 0, 0, 0, 0, 0, 0, 0, 0, 0, 0, 0, 0, 0, 0, 0, 0, 0, 0, 0, 0, 0, 0, 0, 0),
	(79, 0, 0, 0, 0, 0, 0, 0, 0, 0, 0, 0, 0, 0, 0, 0, 0, 0, 0, 0, 0, 0, 0, 0, 0, 0, 0, 0, 0, 0, 0, 0, 0, 0, 0),
	(80, 0, 0, 0, 0, 0, 0, 0, 0, 0, 0, 0, 0, 0, 0, 0, 0, 0, 0, 0, 0, 0, 0, 0, 0, 0, 0, 0, 0, 0, 0, 0, 0, 0, 0),
	(81, 0, 0, 0, 0, 0, 0, 0, 0, 0, 0, 0, 0, 0, 0, 0, 0, 0, 0, 0, 0, 0, 0, 0, 0, 0, 0, 0, 0, 0, 0, 0, 0, 0, 0),
	(82, 0, 0, 0, 0, 0, 0, 0, 0, 0, 0, 0, 0, 0, 0, 0, 0, 0, 0, 0, 0, 0, 0, 0, 0, 0, 0, 0, 0, 0, 0, 0, 0, 0, 0),
	(83, 0, 0, 0, 0, 0, 0, 0, 0, 0, 0, 0, 0, 0, 0, 0, 0, 0, 0, 0, 0, 0, 0, 0, 0, 0, 0, 0, 0, 0, 0, 0, 0, 0, 0),
	(84, 0, 0, 0, 0, 0, 0, 0, 0, 0, 0, 0, 0, 0, 0, 0, 0, 0, 0, 0, 0, 0, 0, 0, 0, 0, 0, 0, 0, 0, 0, 0, 0, 0, 0),
	(85, 0, 0, 0, 0, 0, 0, 0, 0, 0, 0, 0, 0, 0, 0, 0, 0, 0, 0, 0, 0, 0, 0, 0, 0, 0, 0, 0, 0, 0, 0, 0, 0, 0, 0),
	(86, 0, 0, 0, 0, 0, 0, 0, 0, 0, 0, 0, 0, 0, 0, 0, 0, 0, 0, 0, 0, 0, 0, 0, 0, 0, 0, 0, 0, 0, 0, 0, 0, 0, 0),
	(87, 0, 0, 0, 0, 0, 0, 0, 0, 0, 0, 0, 0, 0, 0, 0, 0, 0, 0, 0, 0, 0, 0, 0, 0, 0, 0, 0, 0, 0, 0, 0, 0, 0, 0),
	(88, 0, 0, 0, 0, 0, 0, 0, 0, 0, 0, 0, 0, 0, 0, 0, 0, 0, 0, 0, 0, 0, 0, 0, 0, 0, 0, 0, 0, 0, 0, 0, 0, 0, 0),
	(89, 0, 0, 0, 0, 0, 0, 0, 0, 0, 0, 0, 0, 0, 0, 0, 0, 0, 0, 0, 0, 0, 0, 0, 0, 0, 0, 0, 0, 0, 0, 0, 0, 0, 0),
	(90, 0, 0, 0, 0, 0, 0, 0, 0, 0, 0, 0, 0, 0, 0, 0, 0, 0, 0, 0, 0, 0, 0, 0, 0, 0, 0, 0, 0, 0, 0, 0, 0, 0, 0),
	(91, 0, 0, 0, 0, 0, 0, 0, 0, 0, 0, 0, 0, 0, 0, 0, 0, 0, 0, 0, 0, 0, 0, 0, 0, 0, 0, 0, 0, 0, 0, 0, 0, 0, 0),
	(92, 0, 0, 111, 1, 3, 1, 1, 2, 4, 7, 1, 0, 0, 0, 0, 2, 0, 0, 3, 0, 0, 0, 8, 13, 0, 1, 0, 1, 255, 0, 0, 0, 0, 0),
	(93, 0, 0, 111, 1, 3, 1, 1, 2, 0, 0, 1, 0, 0, 0, 0, 2, 0, 1, 3, 0, 0, 0, 8, 13, 147, 1, 0, 1, 255, 0, 0, 0, 0, 0),
	(94, 62, 62, 140, 1, 3, 1, 2, 2, 3, 7, 1, 0, 0, 0, 0, 2, 0, 0, 3, 0, 0, 0, 17, 11, 0, 1, 0, 1, 255, 4, 0, 0, 0, 0),
	(95, 0, 0, 0, 0, 0, 0, 0, 0, 0, 0, 0, 0, 0, 0, 0, 0, 0, 0, 0, 0, 0, 0, 0, 0, 0, 0, 0, 0, 0, 0, 0, 0, 0, 0),
	(96, 0, 0, 0, 1, 1, 0, 1, 0, 0, 7, 5, 0, 0, 11, 0, 2, 0, 2, 3, 0, 0, 0, 8, 13, 0, 1, 0, 1, 255, 1, 0, 0, 0, 0),
	(97, 0, 0, 0, 0, 0, 0, 0, 0, 0, 0, 0, 0, 0, 0, 0, 0, 0, 0, 0, 0, 0, 0, 0, 0, 0, 0, 0, 0, 0, 0, 0, 0, 0, 0),
	(98, 0, 0, 0, 0, 0, 0, 0, 0, 0, 0, 0, 0, 0, 0, 0, 0, 0, 0, 0, 0, 0, 0, 0, 0, 0, 0, 0, 0, 0, 0, 0, 0, 0, 0),
	(99, 0, 0, 0, 0, 0, 0, 0, 0, 0, 0, 0, 0, 0, 0, 0, 0, 0, 0, 0, 0, 0, 0, 0, 0, 0, 0, 0, 0, 0, 0, 0, 0, 0, 0),
	(100, 0, 0, 0, 0, 0, 0, 0, 0, 0, 0, 0, 0, 0, 0, 0, 0, 0, 0, 0, 0, 0, 0, 0, 0, 0, 0, 0, 0, 0, 0, 0, 0, 0, 0),
	(101, 0, 0, 0, 0, 0, 0, 0, 0, 0, 0, 0, 0, 0, 0, 0, 0, 0, 0, 0, 0, 0, 0, 0, 0, 0, 0, 0, 0, 0, 0, 0, 0, 0, 0),
	(102, 0, 0, 0, 0, 0, 0, 0, 0, 0, 0, 0, 0, 0, 0, 0, 0, 0, 0, 0, 0, 0, 0, 0, 0, 0, 0, 0, 0, 0, 0, 0, 0, 0, 0),
	(103, 0, 0, 0, 0, 0, 0, 0, 0, 0, 0, 0, 0, 0, 0, 0, 0, 0, 0, 0, 0, 0, 0, 0, 0, 0, 0, 0, 0, 0, 0, 0, 0, 0, 0),
	(104, 0, 0, 0, 0, 0, 0, 0, 0, 0, 0, 0, 0, 0, 0, 0, 0, 0, 0, 0, 0, 0, 0, 0, 0, 0, 0, 0, 0, 0, 0, 0, 0, 0, 0),
	(105, 0, 0, 0, 0, 0, 0, 0, 0, 0, 0, 0, 0, 0, 0, 0, 0, 0, 0, 0, 0, 0, 0, 0, 0, 0, 0, 0, 0, 0, 0, 0, 0, 0, 0),
	(106, 0, 0, 0, 0, 0, 0, 0, 0, 0, 0, 0, 0, 0, 0, 0, 0, 0, 0, 0, 0, 0, 0, 0, 0, 0, 0, 0, 0, 0, 0, 0, 0, 0, 0),
	(107, 0, 0, 0, 0, 0, 0, 0, 0, 0, 0, 0, 0, 0, 0, 0, 0, 0, 0, 0, 0, 0, 0, 0, 0, 0, 0, 0, 0, 0, 0, 0, 0, 0, 0),
	(108, 0, 0, 0, 1, 3, 0, 1, 5, 0, 0, 8, 0, 0, 0, 0, 2, 0, 0, 3, 0, 0, 0, 119, 13, 0, 1, 0, 1, 255, 11, 0, 0, 0, 0),
	(109, 0, 0, 0, 0, 0, 0, 0, 0, 0, 0, 0, 0, 0, 0, 0, 0, 0, 0, 0, 0, 0, 0, 0, 0, 0, 0, 0, 0, 0, 0, 0, 0, 0, 0),
	(110, 0, 0, 0, 0, 0, 0, 0, 0, 0, 0, 0, 0, 0, 0, 0, 0, 0, 0, 0, 0, 0, 0, 0, 0, 0, 0, 0, 0, 0, 0, 0, 0, 0, 0),
	(111, 0, 0, 0, 0, 0, 0, 0, 0, 0, 0, 0, 0, 0, 0, 0, 0, 0, 0, 0, 0, 0, 0, 0, 0, 0, 0, 0, 0, 0, 0, 0, 0, 0, 0),
	(112, 0, 0, 0, 0, 0, 0, 0, 0, 0, 0, 0, 0, 0, 0, 0, 0, 0, 0, 0, 0, 0, 0, 0, 0, 0, 0, 0, 0, 0, 0, 0, 0, 0, 0),
	(113, 0, 0, 0, 0, 0, 0, 0, 0, 0, 0, 0, 0, 0, 0, 0, 0, 0, 0, 0, 0, 0, 0, 0, 0, 0, 0, 0, 0, 0, 0, 0, 0, 0, 0),
	(114, 0, 0, 0, 0, 0, 0, 0, 0, 0, 0, 0, 0, 0, 0, 0, 0, 0, 0, 0, 0, 0, 0, 0, 0, 0, 0, 0, 0, 0, 0, 0, 0, 0, 0),
	(115, 0, 0, 0, 0, 0, 0, 0, 0, 0, 0, 0, 0, 0, 0, 0, 0, 0, 0, 0, 0, 0, 0, 0, 0, 0, 0, 0, 0, 0, 0, 0, 0, 0, 0),
	(116, 0, 0, 0, 0, 0, 0, 0, 0, 0, 0, 0, 0, 0, 0, 0, 0, 0, 0, 0, 0, 0, 0, 0, 0, 0, 0, 0, 0, 0, 0, 0, 0, 0, 0),
	(117, 0, 0, 0, 0, 0, 0, 0, 0, 0, 0, 0, 0, 0, 0, 0, 0, 0, 0, 0, 0, 0, 0, 0, 0, 0, 0, 0, 0, 0, 0, 0, 0, 0, 0),
	(118, 0, 0, 0, 0, 0, 0, 0, 0, 0, 0, 0, 0, 0, 0, 0, 0, 0, 0, 0, 0, 0, 0, 0, 0, 0, 0, 0, 0, 0, 0, 0, 0, 0, 0),
	(119, 0, 0, 0, 0, 0, 0, 0, 0, 0, 0, 0, 0, 0, 0, 0, 0, 0, 0, 0, 0, 0, 0, 0, 0, 0, 0, 0, 0, 0, 0, 0, 0, 0, 0),
	(120, 0, 0, 0, 0, 0, 0, 0, 0, 0, 0, 0, 0, 0, 0, 0, 0, 0, 0, 0, 0, 0, 0, 0, 0, 0, 0, 0, 0, 0, 0, 0, 0, 0, 0),
	(121, 0, 111, 0, 2, 1, 0, 1, 8, 4, 7, 20, 0, 0, 0, 0, 2, 0, 2, 4, 0, 0, 0, 28, 11, 0, 1, 0, 1, 255, 16, 0, 0, 0, 0),
	(122, 0, 0, 0, 0, 0, 0, 0, 0, 0, 0, 0, 0, 0, 0, 0, 0, 0, 0, 0, 0, 0, 0, 0, 0, 0, 0, 0, 0, 0, 0, 0, 0, 0, 0),
	(123, 0, 0, 0, 0, 0, 0, 0, 0, 0, 0, 0, 0, 0, 0, 0, 0, 0, 0, 0, 0, 0, 0, 0, 0, 0, 0, 0, 0, 0, 0, 0, 0, 0, 0),
	(124, 0, 0, 0, 0, 0, 0, 0, 0, 0, 0, 0, 0, 0, 0, 0, 0, 0, 0, 0, 0, 0, 0, 0, 0, 0, 0, 0, 0, 0, 0, 0, 0, 0, 0),
	(125, 0, 0, 0, 0, 0, 0, 0, 0, 0, 0, 0, 0, 0, 0, 0, 0, 0, 0, 0, 0, 0, 0, 0, 0, 0, 0, 0, 0, 0, 0, 0, 0, 0, 0),
	(126, 0, 0, 0, 0, 0, 0, 0, 0, 0, 0, 0, 0, 0, 0, 0, 0, 0, 0, 0, 0, 0, 0, 0, 0, 0, 0, 0, 0, 0, 0, 0, 0, 0, 0),
	(127, 0, 0, 0, 0, 0, 0, 0, 0, 0, 0, 0, 0, 0, 0, 0, 0, 0, 0, 0, 0, 0, 0, 0, 0, 0, 0, 0, 0, 0, 0, 0, 0, 0, 0),
	(128, 0, 0, 0, 0, 0, 0, 0, 0, 0, 0, 0, 0, 0, 0, 0, 0, 0, 0, 0, 0, 0, 0, 0, 0, 0, 0, 0, 0, 0, 0, 0, 0, 0, 0),
	(129, 0, 0, 0, 0, 0, 0, 0, 0, 0, 0, 0, 0, 0, 0, 0, 0, 0, 0, 0, 0, 0, 0, 0, 0, 0, 0, 0, 0, 0, 0, 0, 0, 0, 0),
	(130, 0, 0, 0, 0, 0, 0, 0, 0, 0, 0, 0, 0, 0, 0, 0, 0, 0, 0, 0, 0, 0, 0, 0, 0, 0, 0, 0, 0, 0, 0, 0, 0, 0, 0),
	(131, 0, 0, 0, 0, 0, 0, 0, 0, 0, 0, 0, 0, 0, 0, 0, 0, 0, 0, 0, 0, 0, 0, 0, 0, 0, 0, 0, 0, 0, 0, 0, 0, 0, 0),
	(132, 0, 0, 0, 0, 0, 0, 0, 0, 0, 0, 0, 0, 0, 0, 0, 0, 0, 0, 0, 0, 0, 0, 0, 0, 0, 0, 0, 0, 0, 0, 0, 0, 0, 0),
	(133, 0, 0, 0, 0, 0, 0, 0, 0, 0, 0, 0, 0, 0, 0, 0, 0, 0, 0, 0, 0, 0, 0, 0, 0, 0, 0, 0, 0, 0, 0, 0, 0, 0, 0),
	(134, 0, 0, 0, 1, 0, 0, 0, 0, 0, 0, 0, 0, 0, 0, 0, 2, 0, 0, 3, 0, 0, 0, 0, 0, 0, 1, 0, 1, 255, 0, 0, 0, 0, 0),
	(135, 0, 0, 0, 0, 0, 0, 0, 0, 0, 0, 0, 0, 0, 0, 0, 0, 0, 0, 0, 0, 0, 0, 0, 0, 0, 0, 0, 0, 0, 0, 0, 0, 0, 0),
	(136, 0, 0, 0, 0, 0, 0, 0, 0, 0, 0, 0, 0, 0, 0, 0, 0, 0, 0, 0, 0, 0, 0, 0, 0, 0, 0, 0, 0, 0, 0, 0, 0, 0, 0),
	(137, 0, 0, 0, 0, 0, 0, 0, 0, 0, 0, 0, 0, 0, 0, 0, 0, 0, 0, 0, 0, 0, 0, 0, 0, 0, 0, 0, 0, 0, 0, 0, 0, 0, 0),
	(138, 0, 0, 0, 0, 0, 0, 0, 0, 0, 0, 0, 0, 0, 0, 0, 0, 0, 0, 0, 0, 0, 0, 0, 0, 0, 0, 0, 0, 0, 0, 0, 0, 0, 0),
	(139, 0, 0, 0, 0, 0, 0, 0, 0, 0, 0, 0, 0, 0, 0, 0, 0, 0, 0, 0, 0, 0, 0, 0, 0, 0, 0, 0, 0, 0, 0, 0, 0, 0, 0),
	(140, 0, 0, 0, 0, 0, 0, 0, 0, 0, 0, 0, 0, 0, 0, 0, 0, 0, 0, 0, 0, 0, 0, 0, 0, 0, 0, 0, 0, 0, 0, 0, 0, 0, 0),
	(141, 0, 0, 0, 0, 0, 0, 0, 0, 0, 0, 0, 0, 0, 0, 0, 0, 0, 0, 0, 0, 0, 0, 0, 0, 0, 0, 0, 0, 0, 0, 0, 0, 0, 0),
	(142, 0, 0, 0, 0, 0, 0, 0, 0, 0, 0, 0, 0, 0, 0, 0, 0, 0, 0, 0, 0, 0, 0, 0, 0, 0, 0, 0, 0, 0, 0, 0, 0, 0, 0),
	(143, 0, 0, 0, 0, 0, 0, 0, 0, 0, 0, 0, 0, 0, 0, 0, 0, 0, 0, 0, 0, 0, 0, 0, 0, 0, 0, 0, 0, 0, 0, 0, 0, 0, 0),
	(144, 0, 0, 0, 1, 0, 0, 0, 0, 0, 0, 0, 0, 0, 0, 0, 2, 0, 0, 0, 0, 0, 0, 0, 0, 0, 1, 0, 2, 255, 0, 0, 0, 0, 0),
	(145, 0, 0, 0, 0, 0, 0, 0, 0, 0, 0, 0, 0, 0, 0, 0, 0, 0, 0, 0, 0, 0, 0, 0, 0, 0, 0, 0, 0, 0, 0, 0, 0, 0, 0),
	(146, 0, 0, 0, 0, 0, 0, 0, 0, 0, 0, 0, 0, 0, 0, 0, 0, 0, 0, 0, 0, 0, 0, 0, 0, 0, 0, 0, 0, 0, 0, 0, 0, 0, 0),
	(147, 0, 0, 0, 0, 0, 0, 0, 0, 0, 0, 0, 0, 0, 0, 0, 0, 0, 0, 0, 0, 0, 0, 0, 0, 0, 0, 0, 0, 0, 0, 0, 0, 0, 0),
	(148, 0, 0, 0, 0, 0, 0, 0, 0, 0, 0, 0, 0, 0, 0, 0, 0, 0, 0, 0, 0, 0, 0, 0, 0, 0, 0, 0, 0, 0, 0, 0, 0, 0, 0),
	(149, 0, 0, 0, 0, 0, 0, 0, 0, 0, 0, 0, 0, 0, 0, 0, 0, 0, 0, 0, 0, 0, 0, 0, 0, 0, 0, 0, 0, 0, 0, 0, 0, 0, 0),
	(150, 0, 0, 0, 32, 2, 5, 0, 3, 0, 1, 1, 0, 0, 0, 0, 2, 0, 2, 3, 0, 0, 0, 27, 11, 0, 1, 0, 1, 255, 13, 0, 0, 0, 0),
	(151, 0, 0, 0, 0, 0, 0, 0, 0, 0, 0, 0, 0, 0, 0, 0, 0, 0, 0, 0, 0, 0, 0, 0, 0, 0, 0, 0, 0, 0, 0, 0, 0, 0, 0),
	(152, 0, 0, 0, 0, 0, 0, 0, 0, 0, 0, 0, 0, 0, 0, 0, 0, 0, 0, 0, 0, 0, 0, 0, 0, 0, 0, 0, 0, 0, 0, 0, 0, 0, 0),
	(153, 0, 0, 0, 0, 0, 0, 0, 0, 0, 0, 0, 0, 0, 0, 0, 0, 0, 0, 0, 0, 0, 0, 0, 0, 0, 0, 0, 0, 0, 0, 0, 0, 0, 0),
	(154, 0, 0, 0, 1, 1, 1, 1, 2, 1, 0, 0, 0, 0, 0, 0, 2, 0, 0, 3, 0, 0, 0, 26, 12, 0, 1, 0, 1, 255, 0, 0, 0, 0, 0),
	(155, 0, 0, 0, 0, 0, 0, 0, 0, 0, 0, 0, 0, 0, 0, 0, 0, 0, 0, 0, 0, 0, 0, 0, 0, 0, 0, 0, 0, 0, 0, 0, 0, 0, 0),
	(156, 0, 0, 0, 0, 0, 0, 0, 0, 0, 0, 0, 0, 0, 0, 0, 0, 0, 0, 0, 0, 0, 0, 0, 0, 0, 0, 0, 0, 0, 0, 0, 0, 0, 0),
	(157, 0, 0, 0, 0, 0, 0, 0, 0, 0, 0, 0, 0, 0, 0, 0, 0, 0, 0, 0, 0, 0, 0, 0, 0, 0, 0, 0, 0, 0, 0, 0, 0, 0, 0),
	(158, 0, 0, 0, 0, 0, 0, 0, 0, 0, 0, 0, 0, 0, 0, 0, 0, 0, 0, 0, 0, 0, 0, 0, 0, 0, 0, 0, 0, 0, 0, 0, 0, 0, 0),
	(159, 62, 0, 140, 2, 8, 5, 4, 1, 3, 3, 9, 0, 0, 0, 0, 2, 0, 0, 4, 0, 0, 0, 17, 11, 0, 1, 0, 1, 255, 7, 0, 0, 0, 0),
	(160, 12, 12, 0, 2, 8, 5, 4, 1, 1, 3, 1, 0, 0, 3, 0, 2, 0, 0, 3, 0, 0, 0, 8, 0, 0, 1, 0, 1, 255, 2, 0, 0, 0, 0),
	(161, 0, 0, 0, 0, 0, 0, 0, 0, 0, 0, 0, 0, 0, 0, 0, 0, 0, 0, 0, 0, 0, 0, 0, 0, 0, 0, 0, 0, 0, 0, 0, 0, 0, 0),
	(162, 0, 0, 0, 0, 0, 0, 0, 0, 0, 0, 0, 0, 0, 0, 0, 0, 0, 0, 0, 0, 0, 0, 0, 0, 0, 0, 0, 0, 0, 0, 0, 0, 0, 0),
	(163, 0, 0, 0, 0, 0, 0, 0, 0, 0, 0, 0, 0, 0, 0, 0, 0, 0, 0, 0, 0, 0, 0, 0, 0, 0, 0, 0, 0, 0, 0, 0, 0, 0, 0),
	(164, 0, 0, 0, 0, 0, 0, 0, 0, 0, 0, 0, 0, 0, 0, 0, 0, 0, 1, 1, 0, 0, 0, 0, 0, 0, 0, 0, 1, 0, 0, 0, 0, 0, 0),
	(165, 0, 0, 0, 0, 0, 0, 0, 0, 0, 0, 0, 0, 0, 0, 0, 0, 0, 0, 0, 0, 0, 0, 0, 0, 0, 0, 0, 0, 0, 0, 0, 0, 0, 0),
	(166, 0, 0, 111, 0, 0, 0, 0, 0, 0, 0, 0, 0, 0, 0, 0, 2, 0, 0, 0, 0, 0, 0, 0, 0, 0, 0, 0, 1, 255, 1, 0, 0, 0, 0),
	(167, 0, 0, 0, 0, 0, 0, 0, 0, 0, 0, 0, 0, 0, 0, 0, 0, 0, 0, 0, 0, 0, 0, 0, 0, 0, 0, 0, 0, 0, 0, 0, 0, 0, 0),
	(168, 0, 0, 0, 0, 0, 0, 0, 0, 0, 0, 0, 0, 0, 0, 0, 0, 0, 0, 0, 0, 0, 0, 0, 0, 0, 0, 0, 0, 0, 0, 0, 0, 0, 0),
	(169, 0, 0, 0, 0, 0, 0, 0, 0, 0, 0, 0, 0, 0, 0, 0, 0, 0, 0, 0, 0, 0, 0, 0, 0, 0, 0, 0, 0, 0, 0, 0, 0, 0, 0),
	(170, 0, 0, 0, 0, 0, 0, 0, 0, 0, 0, 0, 0, 0, 0, 0, 0, 0, 0, 0, 0, 0, 0, 0, 0, 0, 0, 0, 0, 0, 0, 0, 0, 0, 0),
	(171, 0, 0, 0, 0, 0, 0, 0, 0, 0, 0, 0, 0, 0, 0, 0, 0, 0, 0, 0, 0, 0, 0, 0, 0, 0, 0, 0, 1, 0, 1, 0, 0, 0, 0),
	(172, 0, 0, 0, 0, 0, 0, 0, 0, 0, 0, 0, 0, 0, 0, 0, 0, 0, 0, 0, 0, 0, 0, 0, 0, 0, 0, 0, 1, 0, 0, 0, 0, 0, 0),
	(173, 0, 0, 0, 0, 0, 0, 0, 0, 0, 0, 0, 0, 0, 0, 0, 0, 0, 0, 0, 0, 0, 0, 0, 0, 0, 0, 0, 1, 0, 0, 0, 0, 0, 0),
	(174, 0, 0, 0, 0, 0, 0, 0, 0, 0, 0, 0, 0, 0, 0, 0, 0, 0, 0, 0, 0, 0, 0, 0, 0, 0, 0, 0, 1, 0, 0, 0, 0, 0, 0),
	(175, 0, 0, 0, 0, 0, 0, 0, 0, 0, 0, 0, 0, 0, 0, 0, 0, 0, 0, 0, 0, 0, 0, 0, 0, 0, 0, 0, 0, 0, 0, 0, 0, 0, 0),
	(176, 0, 0, 0, 0, 0, 0, 0, 0, 0, 0, 0, 0, 0, 0, 0, 0, 0, 0, 0, 0, 0, 0, 0, 0, 0, 0, 0, 0, 0, 0, 0, 0, 0, 0),
	(177, 12, 12, 134, 2, 2, 1, 1, 4, 0, 0, 1, 0, 0, 0, 0, 2, 0, 0, 0, 0, 0, 0, 8, 13, 12, 1, 0, 1, 255, 0, 0, 0, 0, 0),
	(178, 0, 0, 0, 0, 0, 0, 0, 0, 0, 0, 0, 0, 0, 0, 0, 0, 0, 0, 0, 0, 0, 0, 0, 0, 0, 0, 0, 0, 0, 0, 0, 0, 0, 0),
	(179, 12, 12, 0, 0, 1, 0, 1, 3, 0, 0, 1, 0, 0, 0, 0, 2, 0, 0, 0, 0, 0, 0, 8, 13, 0, 1, 0, 1, 255, 0, 0, 0, 0, 0),
	(180, 0, 0, 0, 0, 0, 0, 0, 0, 0, 0, 0, 0, 0, 0, 0, 0, 0, 0, 0, 0, 0, 0, 0, 0, 0, 0, 0, 0, 0, 0, 0, 0, 0, 0),
	(181, 0, 0, 0, 0, 0, 0, 0, 0, 0, 0, 0, 0, 0, 0, 0, 0, 0, 0, 0, 0, 0, 0, 0, 0, 0, 0, 0, 0, 0, 0, 0, 0, 0, 0),
	(182, 0, 0, 0, 0, 0, 0, 0, 0, 0, 0, 0, 0, 0, 0, 0, 0, 0, 0, 0, 0, 0, 0, 0, 0, 0, 0, 0, 0, 0, 0, 0, 0, 0, 0),
	(183, 12, 12, 112, 2, 2, 1, 1, 4, 4, 1, 1, 0, 0, 0, 0, 1, 0, 0, 2, 0, 0, 0, 0, 9, 0, 1, 0, 1, 255, 0, 0, 0, 0, 0),
	(184, 0, 0, 0, 0, 0, 0, 0, 0, 0, 0, 0, 0, 0, 0, 0, 0, 0, 0, 0, 0, 0, 0, 0, 0, 0, 0, 0, 0, 0, 0, 0, 0, 0, 0),
	(185, 0, 0, 0, 0, 0, 0, 0, 0, 0, 0, 0, 0, 0, 0, 0, 0, 0, 0, 0, 0, 0, 0, 0, 0, 0, 0, 0, 0, 0, 0, 0, 0, 0, 0),
	(186, 0, 0, 0, 0, 0, 0, 0, 0, 0, 0, 0, 0, 0, 0, 0, 0, 0, 0, 0, 0, 0, 0, 0, 0, 0, 0, 0, 0, 0, 0, 0, 0, 0, 0),
	(187, 0, 0, 0, 0, 0, 0, 0, 0, 0, 0, 0, 0, 0, 0, 0, 0, 0, 0, 0, 0, 0, 0, 0, 0, 0, 0, 0, 0, 0, 0, 0, 0, 0, 0),
	(188, 12, 12, 0, 1, 3, 0, 3, 2, 0, 0, 0, 0, 0, 0, 0, 2, 0, 0, 0, 0, 0, 0, 23, 11, 0, 1, 0, 1, 255, 0, 0, 0, 0, 0),
	(189, 12, 30, 134, 7, 6, 0, 4, 5, 4, 0, 11, 0, 0, 8, 0, 2, 0, 0, 2, 0, 0, 0, 2, 9, 0, 0, 0, 1, 255, 10, 0, 0, 0, 0),
	(190, 29, 0, 27, 7, 8, 1, 4, 5, 3, 7, 3, 0, 0, 3, 0, 0, 0, 0, 3, 0, 0, 0, 0, 6, 0, 1, 0, 1, 255, 6, 0, 0, 0, 0),
	(191, 0, 0, 0, 0, 0, 0, 0, 0, 0, 0, 0, 0, 0, 0, 0, 0, 0, 0, 0, 0, 0, 0, 0, 0, 0, 0, 0, 0, 0, 0, 0, 0, 0, 0),
	(192, 0, 0, 0, 0, 0, 0, 0, 0, 0, 0, 0, 0, 0, 0, 0, 0, 0, 0, 0, 0, 0, 0, 0, 0, 0, 0, 0, 0, 0, 0, 0, 0, 0, 0),
	(193, 0, 0, 0, 0, 0, 0, 0, 0, 0, 0, 0, 0, 0, 0, 0, 0, 0, 0, 0, 0, 0, 0, 0, 0, 0, 0, 0, 0, 0, 0, 0, 0, 0, 0),
	(194, 12, 12, 0, 1, 1, 9, 3, 5, 0, 1, 0, 0, 0, 6, 0, 2, 0, 0, 0, 0, 0, 0, 10, 7, 0, 1, 0, 1, 255, 0, 0, 0, 0, 0),
	(195, 0, 0, 0, 0, 0, 0, 0, 0, 0, 0, 0, 0, 0, 0, 0, 0, 0, 0, 0, 0, 0, 0, 0, 0, 0, 0, 0, 0, 0, 0, 0, 0, 0, 0),
	(196, 0, 0, 0, 0, 0, 0, 0, 0, 0, 0, 0, 0, 0, 0, 0, 0, 0, 0, 0, 0, 0, 0, 0, 0, 0, 0, 0, 0, 0, 0, 0, 0, 0, 0),
	(197, 0, 0, 0, 0, 0, 0, 0, 0, 0, 0, 0, 0, 0, 0, 0, 0, 0, 0, 0, 0, 0, 0, 0, 0, 0, 0, 0, 0, 0, 0, 0, 0, 0, 0),
	(198, 12, 12, 0, 5, 3, 9, 2, 1, 0, 2, 10, 0, 0, 5, 0, 2, 0, 0, 0, 0, 0, 0, 18, 11, 0, 1, 0, 1, 255, 0, 0, 0, 0, 0),
	(199, 0, 0, 0, 0, 0, 0, 0, 0, 0, 0, 0, 0, 0, 0, 0, 0, 0, 0, 0, 0, 0, 0, 0, 0, 0, 0, 0, 0, 0, 0, 0, 0, 0, 0),
	(200, 0, 0, 0, 0, 0, 0, 0, 0, 0, 0, 0, 0, 0, 0, 0, 0, 0, 0, 0, 0, 0, 0, 0, 0, 0, 0, 0, 0, 0, 0, 0, 0, 0, 0),
	(201, 0, 0, 0, 0, 0, 0, 0, 0, 0, 0, 0, 0, 0, 0, 0, 0, 0, 0, 0, 0, 0, 0, 0, 0, 0, 0, 0, 0, 0, 0, 0, 0, 0, 0),
	(202, 12, 12, 0, 1, 3, 5, 4, 10, 0, 7, 2, 0, 0, 2, 0, 2, 0, 0, 0, 0, 0, 0, 10, 3, 0, 1, 0, 1, 255, 0, 0, 0, 0, 0),
	(203, 0, 0, 0, 0, 0, 0, 0, 0, 0, 0, 0, 0, 0, 0, 0, 0, 0, 0, 0, 0, 0, 0, 0, 0, 0, 0, 0, 0, 0, 0, 0, 0, 0, 0),
	(204, 0, 0, 0, 1, 0, 0, 0, 0, 0, 0, 0, 0, 0, 0, 0, 0, 0, 0, 0, 0, 0, 0, 0, 0, 0, 0, 0, 1, 0, 0, 0, 0, 0, 0),
	(205, 12, 12, 0, 1, 1, 6, 4, 2, 0, 1, 15, 0, 0, 0, 0, 2, 0, 0, 0, 0, 0, 0, 0, 3, 0, 1, 0, 1, 255, 28, 0, 0, 0, 0),
	(206, 0, 0, 0, 0, 0, 0, 0, 0, 0, 0, 0, 0, 0, 0, 0, 0, 0, 0, 0, 0, 0, 0, 0, 0, 0, 0, 0, 0, 0, 0, 0, 0, 0, 0),
	(207, 12, 12, 0, 1, 2, 1, 1, 1, 1, 3, 1, 0, 0, 0, 0, 2, 0, 0, 0, 0, 0, 0, 23, 11, 0, 1, 0, 1, 255, 50, 0, 0, 0, 0),
	(208, 12, 0, 0, 6, 9, 6, 0, 1, 0, 7, 0, 0, 0, 10, 0, 0, 0, 0, 0, 0, 0, 0, 0, 2, 0, 1, 0, 1, 255, 1, 0, 0, 0, 0),
	(209, 12, 0, 0, 2, 1, 4, 6, 1, 0, 4, 1, 0, 0, 0, 0, 2, 0, 0, 3, 0, 0, 0, 0, 12, 0, 0, 0, 1, 255, 0, 0, 0, 0, 0),
	(210, 0, 0, 0, 0, 0, 0, 0, 0, 0, 0, 0, 0, 0, 0, 0, 0, 0, 0, 0, 0, 0, 0, 0, 0, 0, 0, 0, 0, 0, 0, 0, 0, 0, 0),
	(211, 0, 0, 0, 0, 0, 0, 0, 0, 0, 0, 0, 0, 0, 0, 0, 0, 0, 0, 0, 0, 0, 0, 0, 0, 0, 0, 0, 0, 0, 0, 0, 0, 0, 0),
	(212, 12, 12, 0, 1, 0, 0, 0, 0, 4, 0, 1, 0, 0, 3, 0, 2, 0, 0, 0, 0, 0, 0, 3, 4, 0, 1, 0, 1, 255, 12, 0, 0, 0, 0),
	(213, 12, 12, 134, 3, 2, 1, 0, 4, 0, 0, 1, 0, 0, 0, 0, 2, 0, 1, 2, 0, 0, 0, 8, 13, 0, 1, 0, 1, 255, 1, 0, 0, 0, 0),
	(214, 0, 0, 0, 0, 0, 0, 0, 0, 0, 0, 0, 0, 0, 0, 0, 0, 0, 0, 0, 0, 0, 0, 0, 0, 0, 0, 0, 0, 0, 0, 0, 0, 0, 0),
	(215, 12, 12, 0, 0, 0, 0, 0, 0, 0, 0, 0, 0, 0, 0, 0, 0, 0, 0, 0, 0, 0, 0, 0, 0, 0, 0, 0, 1, 255, 0, 0, 0, 0, 0),
	(216, 0, 0, 0, 0, 0, 0, 0, 0, 0, 0, 0, 0, 0, 0, 0, 0, 0, 0, 0, 0, 0, 0, 0, 0, 0, 0, 0, 0, 0, 0, 0, 0, 0, 0),
	(217, 0, 0, 0, 0, 0, 0, 0, 0, 0, 0, 0, 0, 0, 0, 0, 0, 0, 0, 0, 0, 0, 0, 0, 0, 0, 0, 0, 0, 0, 0, 0, 0, 0, 0),
	(218, 0, 0, 0, 0, 0, 0, 0, 0, 0, 0, 0, 0, 0, 0, 0, 0, 0, 0, 0, 0, 0, 0, 0, 0, 0, 0, 0, 0, 0, 0, 0, 0, 0, 0),
	(219, 0, 0, 0, 0, 0, 0, 0, 0, 0, 0, 0, 0, 0, 0, 0, 0, 0, 0, 0, 0, 0, 0, 0, 0, 0, 0, 0, 0, 0, 0, 0, 0, 0, 0),
	(220, 0, 0, 0, 0, 0, 0, 0, 0, 0, 0, 0, 0, 0, 0, 0, 0, 0, 0, 0, 0, 0, 0, 0, 0, 0, 0, 0, 0, 0, 0, 0, 0, 0, 0),
	(221, 0, 0, 0, 0, 0, 0, 0, 0, 0, 0, 0, 0, 0, 0, 0, 0, 0, 0, 0, 0, 0, 0, 0, 0, 0, 0, 0, 0, 0, 0, 0, 0, 0, 0),
	(222, 12, 12, 12, 10, 0, 0, 0, 0, 0, 0, 0, 0, 0, 0, 0, 0, 0, 0, 4, 0, 0, 0, 0, 0, 0, 0, 0, 1, 255, 0, 0, 0, 0, 0),
	(223, 0, 0, 0, 0, 0, 0, 0, 0, 0, 0, 0, 0, 0, 0, 0, 0, 0, 0, 0, 0, 0, 0, 0, 0, 0, 0, 0, 0, 0, 0, 0, 0, 0, 0),
	(224, 0, 0, 0, 0, 0, 0, 0, 0, 0, 0, 0, 0, 0, 0, 0, 0, 0, 0, 0, 0, 0, 0, 0, 0, 0, 0, 0, 0, 0, 0, 0, 0, 0, 0),
	(225, 41, 0, 0, 22, 10, 1, 10, 4, 4, 2, 15, 0, 0, 9, 0, 2, 0, 0, 4, 0, 0, 0, 0, 7, 0, 1, 0, 1, 255, 8, 0, 0, 0, 0),
	(226, 138, 138, 157, 8, 1, 10, 5, 1, 0, 7, 8, 0, 0, 4, 0, 2, 0, 0, 4, 0, 0, 0, 0, 0, 0, 1, 0, 1, 255, 7, 0, 0, 0, 0),
	(227, 132, 0, 64, 8, 6, 3, 3, 10, 3, 6, 6, 0, 0, 4, 0, 2, 0, 0, 4, 0, 0, 0, 0, 0, 28, 1, 0, 1, 255, 8, 0, 0, 0, 0),
	(228, 0, 0, 0, 0, 0, 0, 0, 0, 0, 0, 0, 0, 0, 0, 0, 0, 0, 0, 0, 0, 0, 0, 0, 0, 0, 0, 0, 0, 0, 0, 0, 0, 0, 0),
	(229, 0, 0, 0, 0, 0, 0, 0, 0, 0, 0, 0, 0, 0, 0, 0, 0, 0, 0, 0, 0, 0, 0, 0, 0, 0, 0, 0, 0, 0, 0, 0, 0, 0, 0),
	(230, 0, 0, 0, 0, 0, 0, 0, 0, 0, 0, 0, 0, 0, 0, 0, 0, 0, 0, 0, 0, 0, 0, 0, 0, 0, 0, 0, 0, 0, 0, 0, 0, 0, 0),
	(231, 0, 0, 0, 0, 0, 0, 0, 0, 0, 0, 0, 0, 0, 0, 0, 0, 0, 0, 0, 0, 0, 0, 0, 0, 0, 0, 0, 0, 0, 0, 0, 0, 0, 0),
	(232, 0, 0, 0, 0, 0, 0, 0, 0, 0, 0, 0, 0, 0, 0, 0, 0, 0, 0, 0, 0, 0, 0, 0, 0, 0, 0, 0, 0, 0, 0, 0, 0, 0, 0),
	(233, 0, 0, 0, 0, 0, 0, 0, 0, 0, 0, 0, 0, 0, 0, 0, 0, 0, 0, 0, 0, 0, 0, 0, 0, 0, 0, 0, 0, 0, 0, 0, 0, 0, 0),
	(234, 0, 0, 0, 0, 0, 0, 0, 0, 0, 0, 0, 0, 0, 0, 0, 0, 0, 0, 0, 0, 0, 0, 0, 0, 0, 0, 0, 0, 0, 0, 0, 0, 0, 0),
	(235, 0, 0, 121, 1, 3, 1, 1, 2, 0, 0, 1, 0, 0, 0, 0, 2, 0, 0, 3, 0, 0, 0, 14, 12, 0, 1, 0, 1, 255, 0, 0, 0, 0, 0),
	(236, 0, 0, 0, 0, 0, 0, 0, 0, 0, 0, 0, 0, 0, 0, 0, 0, 0, 0, 0, 0, 0, 0, 0, 0, 0, 0, 0, 0, 0, 0, 0, 0, 0, 0),
	(237, 0, 0, 0, 0, 0, 0, 0, 0, 0, 0, 0, 0, 0, 0, 0, 0, 0, 0, 0, 0, 0, 0, 0, 0, 0, 0, 0, 0, 0, 0, 0, 0, 0, 0),
	(238, 0, 0, 0, 0, 0, 0, 0, 0, 0, 0, 0, 0, 0, 0, 0, 0, 0, 0, 0, 0, 0, 0, 0, 0, 0, 0, 0, 0, 0, 0, 0, 0, 0, 0),
	(239, 0, 0, 0, 0, 0, 0, 0, 0, 0, 0, 0, 0, 0, 0, 0, 0, 0, 0, 0, 0, 0, 0, 0, 0, 0, 0, 0, 0, 0, 0, 0, 0, 0, 0),
	(240, 0, 0, 0, 0, 0, 0, 0, 0, 0, 0, 0, 0, 0, 0, 0, 0, 0, 0, 0, 0, 0, 0, 0, 0, 0, 0, 0, 0, 0, 0, 0, 0, 0, 0),
	(241, 0, 0, 0, 0, 0, 0, 0, 0, 0, 0, 0, 0, 0, 0, 0, 0, 0, 0, 0, 0, 0, 0, 0, 0, 0, 0, 0, 0, 0, 0, 0, 0, 0, 0),
	(242, 0, 0, 0, 0, 0, 0, 0, 0, 0, 0, 0, 0, 0, 0, 0, 0, 0, 0, 0, 0, 0, 0, 0, 0, 0, 0, 0, 0, 0, 0, 0, 0, 0, 0),
	(243, 0, 0, 0, 0, 0, 0, 0, 0, 0, 0, 0, 0, 0, 0, 0, 0, 0, 0, 0, 0, 0, 0, 0, 0, 0, 0, 0, 0, 0, 0, 0, 0, 0, 0),
	(244, 22, 22, 111, 3, 3, 1, 1, 2, 0, 0, 1, 0, 0, 0, 0, 2, 0, 0, 3, 0, 0, 0, 17, 11, 0, 1, 0, 1, 255, 0, 0, 0, 0, 0),
	(245, 0, 0, 0, 0, 0, 0, 0, 0, 0, 0, 0, 0, 0, 0, 0, 0, 0, 0, 0, 0, 0, 0, 0, 0, 0, 0, 0, 0, 0, 0, 0, 0, 0, 0),
	(246, 22, 22, 132, 0, 0, 0, 0, 0, 0, 0, 0, 0, 0, 0, 0, 0, 0, 0, 4, 0, 0, 0, 0, 0, 0, 0, 0, 1, 255, 0, 0, 0, 0, 0),
	(247, 0, 0, 0, 0, 0, 0, 0, 0, 0, 0, 0, 0, 0, 0, 0, 0, 0, 0, 0, 0, 0, 0, 0, 0, 0, 0, 0, 0, 0, 0, 0, 0, 0, 0),
	(248, 22, 22, 132, 0, 0, 0, 0, 0, 0, 0, 0, 0, 0, 0, 0, 0, 0, 0, 0, 0, 0, 0, 0, 0, 0, 0, 0, 1, 0, 0, 0, 0, 0, 0),
	(249, 0, 0, 0, 0, 0, 0, 0, 0, 0, 0, 0, 0, 0, 0, 0, 0, 0, 0, 0, 0, 0, 0, 0, 0, 0, 0, 0, 0, 0, 0, 0, 0, 0, 0),
	(250, 22, 22, 132, 1, 3, 0, 1, 0, 0, 0, 0, 0, 0, 0, 0, 2, 0, 1, 3, 0, 0, 0, 17, 11, 0, 1, 0, 1, 255, 15, 0, 0, 0, 0),
	(251, 0, 0, 0, 0, 0, 0, 0, 0, 0, 0, 0, 0, 0, 0, 0, 0, 0, 0, 0, 0, 0, 0, 0, 0, 0, 0, 0, 0, 0, 0, 0, 0, 0, 0),
	(252, 0, 0, 0, 0, 0, 0, 0, 0, 0, 0, 0, 0, 0, 0, 0, 0, 0, 0, 0, 0, 0, 0, 0, 0, 0, 0, 0, 0, 0, 0, 0, 0, 0, 0),
	(253, 0, 0, 0, 0, 0, 0, 0, 0, 0, 0, 0, 0, 0, 0, 0, 0, 0, 0, 0, 0, 0, 0, 0, 0, 0, 0, 0, 0, 0, 0, 0, 0, 0, 0),
	(254, 0, 0, 111, 0, 1, 0, 1, 5, 1, 2, 2, 0, 0, 0, 0, 2, 0, 1, 1, 0, 0, 0, 28, 11, 0, 1, 0, 1, 255, 0, 0, 0, 0, 0),
	(255, 0, 0, 0, 0, 0, 0, 0, 0, 0, 0, 0, 0, 0, 0, 0, 0, 0, 0, 0, 0, 0, 0, 0, 0, 0, 0, 0, 0, 0, 0, 0, 0, 0, 0),
	(256, 0, 0, 111, 1, 1, 0, 1, 0, 0, 0, 0, 0, 0, 0, 0, 2, 0, 1, 3, 0, 0, 0, 14, 12, 0, 1, 0, 1, 255, 0, 0, 0, 0, 0),
	(257, 0, 0, 0, 0, 0, 0, 0, 0, 0, 0, 0, 0, 0, 0, 0, 0, 0, 0, 0, 0, 0, 0, 0, 0, 0, 0, 0, 0, 0, 0, 0, 0, 0, 0),
	(258, 0, 0, 0, 0, 0, 0, 0, 0, 0, 0, 0, 0, 0, 0, 0, 0, 0, 0, 0, 0, 0, 0, 0, 0, 0, 0, 0, 0, 0, 0, 0, 0, 0, 0),
	(259, 62, 62, 140, 2, 7, 4, 4, 1, 1, 3, 9, 0, 0, 0, 0, 2, 0, 1, 3, 0, 0, 0, 17, 11, 0, 1, 0, 1, 255, 0, 0, 0, 0, 0),
	(260, 3, 3, 111, 1, 3, 1, 2, 2, 0, 0, 1, 0, 0, 0, 0, 0, 0, 1, 3, 0, 0, 0, 17, 11, 0, 1, 0, 1, 255, 0, 0, 0, 0, 0),
	(261, 22, 22, 132, 2, 3, 2, 1, 4, 0, 2, 0, 0, 0, 0, 0, 2, 0, 1, 3, 0, 0, 0, 17, 11, 0, 1, 0, 1, 255, 1, 0, 0, 0, 0),
	(262, 0, 0, 0, 0, 0, 0, 0, 0, 0, 0, 0, 0, 0, 0, 0, 0, 0, 0, 0, 0, 0, 0, 0, 0, 0, 0, 0, 0, 0, 0, 0, 0, 0, 0),
	(263, 0, 0, 0, 0, 0, 0, 0, 0, 0, 0, 0, 0, 0, 0, 0, 0, 0, 0, 0, 0, 0, 0, 0, 0, 0, 0, 0, 0, 0, 0, 0, 0, 0, 0),
	(264, 22, 22, 132, 3, 1, 3, 6, 2, 0, 1, 6, 0, 0, 7, 0, 2, 0, 1, 3, 0, 0, 0, 122, 4, 0, 1, 0, 1, 255, 21, 0, 0, 0, 0),
	(265, 0, 0, 0, 0, 0, 0, 0, 0, 0, 0, 0, 0, 0, 0, 0, 0, 0, 0, 0, 0, 0, 0, 0, 0, 0, 0, 0, 0, 0, 0, 0, 0, 0, 0),
	(266, 0, 0, 0, 0, 0, 0, 0, 0, 0, 0, 0, 0, 0, 0, 0, 0, 0, 0, 0, 0, 0, 0, 0, 0, 0, 0, 0, 0, 0, 0, 0, 0, 0, 0),
	(267, 0, 0, 0, 0, 0, 0, 0, 0, 0, 0, 0, 0, 0, 0, 0, 0, 0, 0, 0, 0, 0, 0, 0, 0, 0, 0, 0, 0, 0, 0, 0, 0, 0, 0),
	(268, 0, 0, 0, 0, 0, 0, 0, 0, 0, 0, 0, 0, 0, 0, 0, 0, 0, 0, 0, 0, 0, 0, 0, 0, 0, 0, 0, 0, 0, 0, 0, 0, 0, 0),
	(269, 0, 0, 0, 0, 0, 0, 0, 0, 0, 0, 0, 0, 0, 0, 0, 0, 0, 0, 0, 0, 0, 0, 0, 0, 0, 0, 0, 0, 0, 0, 0, 0, 0, 0),
	(270, 0, 0, 0, 0, 0, 0, 0, 0, 0, 0, 0, 0, 0, 0, 0, 0, 0, 0, 0, 0, 0, 0, 0, 0, 0, 0, 0, 0, 0, 0, 0, 0, 0, 0),
	(271, 0, 0, 0, 0, 0, 0, 0, 0, 0, 0, 0, 0, 0, 0, 0, 0, 0, 0, 0, 0, 0, 0, 0, 0, 0, 0, 0, 0, 0, 0, 0, 0, 0, 0),
	(272, 0, 0, 0, 0, 0, 0, 0, 0, 0, 0, 0, 0, 0, 0, 0, 0, 0, 0, 0, 0, 0, 0, 0, 0, 0, 0, 0, 0, 0, 0, 0, 0, 0, 0),
	(273, 0, 0, 0, 0, 0, 0, 0, 0, 0, 0, 0, 0, 0, 0, 0, 0, 0, 0, 0, 0, 0, 0, 0, 0, 0, 0, 0, 0, 0, 0, 0, 0, 0, 0),
	(274, 0, 0, 0, 0, 0, 0, 0, 0, 0, 0, 0, 0, 0, 0, 0, 0, 0, 0, 0, 0, 0, 0, 0, 0, 0, 0, 0, 0, 0, 0, 0, 0, 0, 0),
	(275, 0, 0, 0, 0, 0, 0, 0, 0, 0, 0, 0, 0, 0, 0, 0, 0, 0, 0, 0, 0, 0, 0, 0, 0, 0, 0, 0, 0, 0, 0, 0, 0, 0, 0),
	(276, 0, 0, 0, 0, 0, 0, 0, 0, 0, 0, 0, 0, 0, 0, 0, 0, 0, 0, 0, 0, 0, 0, 0, 0, 0, 0, 0, 0, 0, 0, 0, 0, 0, 0),
	(277, 0, 0, 0, 0, 0, 0, 0, 0, 0, 0, 0, 0, 0, 0, 0, 0, 0, 0, 0, 0, 0, 0, 0, 0, 0, 0, 0, 0, 0, 0, 0, 0, 0, 0),
	(278, 0, 0, 0, 0, 0, 0, 0, 0, 0, 0, 0, 0, 0, 0, 0, 0, 0, 0, 0, 0, 0, 0, 0, 0, 0, 0, 0, 0, 0, 0, 0, 0, 0, 0),
	(279, 0, 0, 0, 0, 0, 0, 0, 0, 0, 0, 0, 0, 0, 0, 0, 0, 0, 0, 0, 0, 0, 0, 0, 0, 0, 0, 0, 0, 0, 0, 0, 0, 0, 0),
	(280, 0, 0, 0, 0, 0, 0, 0, 0, 0, 0, 0, 0, 0, 0, 0, 0, 0, 0, 0, 0, 0, 0, 0, 0, 0, 0, 0, 0, 0, 0, 0, 0, 0, 0),
	(281, 0, 0, 0, 0, 0, 0, 0, 0, 0, 0, 0, 0, 0, 0, 0, 0, 0, 0, 0, 0, 0, 0, 0, 0, 0, 0, 0, 0, 0, 0, 0, 0, 0, 0),
	(282, 62, 62, 140, 3, 0, 0, 1, 1, 0, 0, 0, 0, 0, 0, 0, 2, 0, 0, 3, 0, 0, 0, 17, 11, 0, 1, 0, 1, 255, 12, 0, 0, 0, 0),
	(283, 0, 0, 0, 0, 0, 0, 0, 0, 0, 0, 0, 0, 0, 0, 0, 0, 0, 0, 0, 0, 0, 0, 0, 0, 0, 0, 0, 0, 0, 0, 0, 0, 0, 0),
	(284, 0, 0, 0, 0, 0, 0, 0, 0, 0, 0, 0, 0, 0, 0, 0, 0, 0, 0, 0, 0, 0, 0, 0, 0, 0, 0, 0, 0, 0, 0, 0, 0, 0, 0),
	(285, 0, 0, 0, 0, 0, 0, 0, 0, 0, 0, 0, 0, 0, 0, 0, 0, 0, 0, 0, 0, 0, 0, 0, 0, 0, 0, 0, 0, 0, 0, 0, 0, 0, 0),
	(286, 0, 0, 0, 2, 3, 1, 2, 2, 0, 0, 1, 0, 0, 0, 0, 2, 0, 0, 4, 0, 0, 0, 8, 0, 111, 1, 0, 1, 255, 0, 0, 0, 0, 0),
	(287, 0, 0, 0, 2, 3, 1, 2, 2, 0, 3, 1, 0, 0, 0, 0, 2, 0, 0, 4, 0, 0, 0, 17, 7, 0, 1, 0, 1, 255, 0, 0, 0, 0, 0),
	(288, 0, 0, 0, 2, 3, 1, 2, 2, 0, 3, 1, 0, 0, 0, 0, 2, 0, 0, 4, 0, 0, 0, 17, 7, 0, 1, 0, 1, 255, 0, 0, 0, 0, 0),
	(289, 0, 0, 0, 2, 3, 1, 2, 2, 0, 3, 1, 0, 0, 0, 0, 2, 0, 0, 4, 0, 0, 0, 17, 7, 0, 1, 0, 1, 255, 0, 0, 0, 0, 0),
	(290, 0, 0, 0, 2, 3, 1, 2, 2, 0, 3, 1, 0, 0, 0, 0, 2, 0, 0, 4, 0, 0, 0, 17, 7, 0, 1, 0, 1, 255, 0, 0, 0, 0, 0),
	(291, 0, 0, 0, 2, 3, 1, 2, 2, 0, 3, 1, 0, 0, 0, 0, 2, 0, 0, 4, 0, 0, 0, 17, 7, 0, 1, 0, 1, 255, 0, 0, 0, 0, 0),
	(292, 0, 0, 0, 2, 3, 1, 2, 2, 0, 3, 1, 0, 0, 0, 0, 2, 0, 0, 4, 0, 0, 0, 17, 7, 0, 1, 0, 1, 255, 0, 0, 0, 0, 0),
	(293, 0, 0, 0, 2, 3, 1, 2, 2, 0, 3, 1, 0, 0, 0, 0, 2, 0, 0, 4, 0, 0, 0, 17, 7, 0, 1, 0, 1, 255, 0, 0, 0, 0, 0),
	(294, 0, 0, 0, 2, 3, 1, 2, 2, 0, 3, 1, 0, 0, 0, 0, 2, 0, 0, 4, 0, 0, 0, 17, 7, 0, 1, 0, 1, 255, 0, 0, 0, 0, 0),
	(295, 0, 0, 0, 2, 3, 1, 2, 2, 0, 3, 1, 0, 0, 0, 0, 2, 0, 0, 4, 0, 0, 0, 17, 7, 0, 1, 0, 1, 255, 0, 0, 0, 0, 0),
	(296, 0, 0, 0, 2, 3, 1, 2, 2, 0, 3, 1, 0, 0, 0, 0, 2, 0, 0, 4, 0, 0, 0, 17, 7, 0, 1, 0, 1, 255, 0, 0, 0, 0, 0),
	(297, 0, 0, 0, 2, 3, 1, 2, 2, 0, 3, 1, 0, 0, 0, 0, 2, 0, 0, 4, 0, 0, 0, 17, 7, 0, 1, 0, 1, 255, 0, 0, 0, 0, 0),
	(298, 0, 0, 0, 2, 3, 1, 2, 2, 0, 3, 1, 0, 0, 0, 0, 2, 0, 0, 4, 0, 0, 0, 17, 7, 0, 1, 0, 1, 255, 0, 0, 0, 0, 0),
	(299, 0, 0, 0, 2, 3, 1, 2, 2, 0, 3, 1, 0, 0, 0, 0, 2, 0, 0, 4, 0, 0, 0, 17, 7, 0, 1, 0, 1, 255, 0, 0, 0, 0, 0),
	(300, 0, 0, 0, 2, 3, 1, 2, 2, 0, 3, 1, 0, 0, 0, 0, 2, 0, 0, 4, 0, 0, 0, 17, 7, 0, 1, 0, 1, 255, 0, 0, 0, 0, 0),
	(301, 0, 0, 0, 2, 3, 1, 2, 2, 0, 3, 1, 0, 0, 0, 0, 2, 0, 0, 4, 0, 0, 0, 17, 7, 0, 1, 0, 1, 255, 0, 0, 0, 0, 0),
	(302, 0, 0, 0, 8, 3, 3, 3, 3, 0, 0, 0, 0, 0, 1, 0, 2, 0, 0, 4, 0, 0, 0, 0, 0, 0, 1, 0, 1, 255, 50, 0, 0, 0, 0),
	(303, 0, 0, 0, 8, 3, 3, 3, 3, 0, 0, 0, 0, 0, 1, 0, 2, 0, 0, 4, 0, 0, 0, 9, 7, 0, 1, 0, 0, 255, 50, 0, 0, 0, 0),
	(304, 0, 0, 0, 8, 3, 3, 3, 3, 0, 0, 0, 0, 0, 1, 0, 2, 0, 0, 4, 0, 0, 0, 0, 0, 0, 1, 0, 1, 255, 50, 0, 0, 0, 0),
	(305, 0, 0, 0, 8, 3, 3, 3, 3, 0, 0, 0, 0, 0, 1, 0, 2, 0, 0, 4, 0, 0, 0, 0, 0, 0, 1, 0, 1, 255, 50, 0, 0, 0, 0),
	(306, 0, 0, 0, 8, 3, 3, 3, 3, 0, 0, 0, 0, 0, 1, 0, 2, 0, 0, 4, 0, 0, 0, 0, 0, 0, 1, 0, 1, 255, 50, 0, 0, 0, 0),
	(307, 150, 150, 150, 2, 3, 1, 2, 2, 0, 0, 1, 0, 0, 0, 0, 2, 0, 0, 4, 0, 0, 0, 8, 0, 0, 1, 0, 1, 255, 0, 0, 0, 0, 0),
	(308, 150, 150, 150, 1, 3, 1, 1, 2, 0, 0, 1, 0, 0, 0, 0, 2, 0, 0, 4, 0, 0, 0, 8, 0, 0, 1, 0, 1, 255, 0, 0, 0, 0, 0),
	(309, 150, 150, 150, 2, 3, 1, 2, 2, 0, 3, 1, 0, 0, 0, 0, 2, 0, 0, 4, 0, 0, 0, 17, 7, 0, 1, 0, 1, 255, 0, 0, 0, 0, 0),
	(310, 150, 150, 0, 8, 3, 3, 3, 3, 0, 0, 0, 0, 0, 1, 0, 2, 0, 0, 4, 0, 0, 0, 0, 0, 0, 1, 0, 1, 255, 50, 0, 0, 0, 0),
	(311, 1, 1, 0, 8, 3, 3, 3, 3, 0, 0, 0, 0, 0, 1, 0, 2, 0, 0, 4, 0, 0, 0, 0, 0, 0, 1, 0, 1, 255, 50, 0, 0, 0, 0),
	(312, 1, 1, 150, 2, 3, 1, 2, 2, 0, 3, 1, 0, 0, 0, 0, 2, 0, 0, 4, 0, 0, 0, 17, 7, 0, 1, 0, 1, 255, 0, 0, 0, 0, 0),
	(313, 1, 1, 0, 2, 3, 1, 2, 2, 0, 0, 1, 0, 0, 0, 0, 2, 0, 0, 4, 0, 0, 0, 8, 0, 0, 1, 0, 1, 255, 0, 0, 0, 0, 0),
	(314, 150, 150, 150, 2, 3, 1, 2, 2, 0, 3, 1, 0, 0, 0, 0, 2, 0, 0, 4, 0, 0, 0, 17, 7, 0, 1, 0, 1, 255, 0, 0, 0, 0, 0),
	(315, 150, 150, 150, 2, 3, 1, 2, 2, 0, 3, 1, 0, 0, 0, 0, 2, 0, 0, 4, 0, 0, 0, 17, 7, 0, 1, 0, 1, 255, 0, 0, 0, 0, 0),
	(316, 150, 150, 150, 2, 3, 1, 2, 2, 0, 3, 1, 0, 0, 0, 0, 2, 0, 0, 4, 0, 0, 0, 17, 7, 0, 1, 0, 1, 255, 0, 0, 0, 0, 0),
	(317, 150, 150, 150, 2, 3, 1, 2, 2, 0, 3, 1, 0, 0, 0, 0, 2, 0, 0, 4, 0, 0, 0, 17, 7, 0, 1, 0, 1, 255, 0, 0, 0, 0, 0),
	(318, 150, 150, 150, 2, 3, 1, 2, 2, 0, 3, 1, 0, 0, 0, 0, 2, 0, 0, 4, 0, 0, 0, 17, 7, 0, 1, 0, 1, 255, 0, 0, 0, 0, 0),
	(319, 150, 150, 150, 2, 3, 1, 2, 2, 0, 3, 1, 0, 0, 0, 0, 2, 0, 0, 4, 0, 0, 0, 17, 7, 0, 1, 0, 1, 255, 0, 0, 0, 0, 0),
	(320, 0, 0, 0, 0, 0, 0, 0, 0, 0, 0, 0, 0, 0, 0, 0, 0, 0, 0, 0, 0, 0, 0, 0, 0, 0, 0, 0, 0, 0, 0, 0, 0, 0, 0),
	(321, 150, 150, 150, 2, 3, 1, 2, 2, 0, 3, 1, 0, 0, 0, 0, 2, 0, 0, 4, 0, 0, 0, 17, 7, 0, 1, 0, 1, 255, 0, 0, 0, 0, 0),
	(322, 150, 150, 150, 2, 3, 1, 2, 2, 0, 3, 1, 0, 0, 0, 0, 2, 0, 0, 4, 0, 0, 0, 17, 7, 0, 1, 0, 1, 255, 0, 0, 0, 0, 0),
	(323, 150, 150, 150, 2, 3, 1, 2, 2, 0, 3, 1, 0, 0, 0, 0, 2, 0, 0, 4, 0, 0, 0, 17, 7, 0, 1, 0, 1, 255, 0, 0, 0, 0, 0),
	(324, 150, 150, 150, 2, 3, 1, 2, 2, 0, 3, 1, 0, 0, 0, 0, 2, 0, 0, 4, 0, 0, 0, 17, 7, 0, 1, 0, 1, 255, 0, 0, 0, 0, 0),
	(325, 150, 150, 150, 2, 3, 1, 2, 2, 0, 3, 1, 0, 0, 0, 0, 2, 0, 0, 4, 0, 0, 0, 17, 7, 0, 1, 0, 1, 255, 0, 0, 0, 0, 0),
	(326, 150, 150, 150, 2, 3, 1, 2, 2, 0, 3, 1, 0, 0, 0, 0, 2, 0, 0, 4, 0, 0, 0, 17, 7, 0, 1, 0, 1, 255, 0, 0, 0, 0, 0),
	(327, 150, 150, 150, 2, 3, 1, 2, 2, 0, 3, 1, 0, 0, 0, 0, 2, 0, 0, 4, 0, 0, 0, 17, 7, 0, 1, 0, 1, 255, 0, 0, 0, 0, 0),
	(328, 150, 150, 150, 2, 3, 1, 2, 2, 0, 3, 1, 0, 0, 0, 0, 2, 0, 0, 4, 0, 0, 0, 17, 7, 0, 1, 0, 1, 255, 0, 0, 0, 0, 0),
	(329, 150, 150, 150, 8, 3, 3, 3, 3, 0, 0, 0, 0, 0, 1, 0, 2, 0, 0, 4, 0, 0, 0, 0, 0, 0, 1, 0, 1, 255, 50, 0, 0, 0, 0),
	(330, 150, 150, 150, 8, 3, 3, 3, 3, 0, 0, 0, 0, 0, 1, 0, 2, 0, 0, 4, 0, 0, 0, 0, 0, 0, 1, 0, 1, 255, 50, 0, 0, 0, 0),
	(331, 150, 150, 150, 8, 3, 3, 3, 3, 0, 0, 0, 0, 0, 1, 0, 2, 0, 0, 4, 0, 0, 0, 0, 0, 0, 1, 0, 1, 255, 50, 0, 0, 0, 0),
	(332, 150, 150, 150, 8, 3, 3, 3, 3, 0, 0, 0, 0, 0, 1, 0, 2, 0, 0, 4, 0, 0, 0, 0, 0, 0, 1, 0, 1, 255, 50, 0, 0, 0, 0),
	(333, 150, 150, 150, 8, 3, 3, 3, 3, 0, 0, 0, 0, 0, 1, 0, 2, 0, 0, 4, 0, 0, 0, 0, 0, 0, 1, 0, 1, 255, 50, 0, 0, 0, 0),
	(334, 70, 70, 70, 2, 2, 1, 2, 2, 0, 0, 1, 0, 0, 1, 0, 2, 0, 0, 4, 0, 0, 0, 8, 13, 0, 1, 0, 1, 255, 0, 0, 0, 0, 0),
	(335, 70, 70, 70, 2, 3, 1, 2, 2, 0, 3, 1, 0, 0, 0, 0, 2, 0, 0, 4, 0, 0, 0, 17, 7, 0, 1, 0, 1, 255, 0, 0, 0, 0, 0),
	(336, 70, 70, 70, 2, 3, 1, 2, 2, 0, 3, 1, 0, 0, 0, 0, 2, 0, 0, 4, 0, 0, 0, 17, 7, 0, 1, 0, 1, 255, 0, 0, 0, 0, 0),
	(337, 70, 70, 70, 2, 3, 1, 2, 2, 0, 3, 1, 0, 0, 0, 0, 2, 0, 0, 4, 0, 0, 0, 17, 7, 0, 1, 0, 1, 255, 0, 0, 0, 0, 0),
	(338, 70, 70, 70, 2, 3, 1, 2, 2, 0, 3, 1, 0, 0, 0, 0, 2, 0, 0, 4, 0, 0, 0, 17, 7, 0, 1, 0, 1, 255, 0, 0, 0, 0, 0),
	(339, 70, 70, 70, 2, 3, 1, 2, 2, 0, 3, 1, 0, 0, 0, 0, 2, 0, 0, 4, 0, 0, 0, 17, 7, 0, 1, 0, 1, 255, 0, 0, 0, 0, 0),
	(340, 70, 70, 70, 2, 3, 1, 2, 2, 0, 3, 1, 0, 0, 0, 0, 2, 0, 0, 4, 0, 0, 0, 17, 7, 0, 1, 0, 1, 255, 0, 0, 0, 0, 0),
	(341, 70, 70, 70, 2, 3, 1, 2, 2, 0, 3, 1, 0, 0, 0, 0, 2, 0, 0, 4, 0, 0, 0, 17, 7, 0, 1, 0, 1, 255, 0, 0, 0, 0, 0),
	(342, 70, 70, 70, 2, 3, 1, 2, 2, 0, 3, 1, 0, 0, 0, 0, 2, 0, 0, 4, 0, 0, 0, 17, 7, 0, 1, 0, 1, 255, 0, 0, 0, 0, 0),
	(343, 70, 70, 70, 2, 3, 1, 2, 2, 0, 3, 1, 0, 0, 0, 0, 2, 0, 0, 4, 0, 0, 0, 17, 7, 0, 1, 0, 1, 255, 0, 0, 0, 0, 0),
	(344, 70, 70, 70, 2, 3, 1, 2, 2, 0, 3, 1, 0, 0, 0, 0, 2, 0, 0, 4, 0, 0, 0, 17, 7, 0, 1, 0, 1, 255, 0, 0, 0, 0, 0),
	(345, 70, 70, 70, 2, 3, 1, 2, 2, 0, 3, 1, 0, 0, 0, 0, 2, 0, 0, 4, 0, 0, 0, 17, 7, 0, 1, 0, 1, 255, 0, 0, 0, 0, 0),
	(346, 70, 70, 70, 2, 3, 1, 2, 2, 0, 3, 1, 0, 0, 0, 0, 2, 0, 0, 4, 0, 0, 0, 17, 7, 0, 1, 0, 1, 255, 0, 0, 0, 0, 0),
	(347, 70, 70, 70, 2, 3, 1, 2, 2, 0, 3, 1, 0, 0, 0, 0, 2, 0, 0, 4, 0, 0, 0, 17, 7, 0, 1, 0, 1, 255, 0, 0, 0, 0, 0),
	(348, 70, 70, 70, 2, 3, 1, 2, 2, 0, 3, 1, 0, 0, 0, 0, 2, 0, 0, 4, 0, 0, 0, 17, 7, 0, 1, 0, 1, 255, 0, 0, 0, 0, 0),
	(349, 70, 70, 70, 2, 3, 1, 2, 2, 0, 3, 1, 0, 0, 0, 0, 2, 0, 0, 4, 0, 0, 0, 17, 7, 0, 1, 0, 1, 255, 0, 0, 0, 0, 0),
	(350, 70, 70, 70, 8, 3, 3, 3, 3, 0, 0, 0, 0, 0, 1, 0, 2, 0, 0, 4, 0, 0, 0, 0, 0, 0, 1, 0, 1, 255, 50, 0, 0, 0, 0),
	(351, 70, 70, 70, 8, 3, 3, 3, 3, 0, 0, 0, 0, 0, 1, 0, 2, 0, 0, 4, 0, 0, 0, 0, 0, 0, 1, 0, 1, 255, 50, 0, 0, 0, 0),
	(352, 70, 70, 70, 8, 3, 3, 3, 3, 0, 0, 0, 0, 0, 1, 0, 2, 0, 0, 4, 0, 0, 0, 0, 0, 0, 1, 0, 1, 255, 50, 0, 0, 0, 0),
	(353, 70, 70, 70, 8, 3, 3, 3, 3, 0, 0, 0, 0, 0, 1, 0, 2, 0, 0, 4, 0, 0, 0, 0, 0, 0, 1, 0, 1, 255, 50, 0, 0, 0, 0),
	(354, 70, 70, 70, 8, 3, 3, 3, 3, 0, 0, 0, 0, 0, 1, 0, 2, 0, 0, 4, 0, 0, 0, 0, 0, 0, 1, 0, 1, 255, 50, 0, 0, 0, 0),
	(355, 3, 3, 3, 2, 3, 1, 2, 2, 0, 0, 1, 0, 0, 0, 0, 2, 0, 0, 4, 0, 0, 0, 8, 0, 0, 1, 0, 1, 255, 0, 0, 0, 0, 0),
	(356, 3, 3, 3, 2, 3, 1, 2, 2, 0, 0, 1, 0, 0, 0, 0, 2, 0, 0, 4, 0, 0, 0, 8, 0, 0, 1, 0, 1, 255, 0, 0, 0, 0, 0),
	(357, 3, 3, 3, 2, 3, 1, 2, 2, 0, 0, 1, 0, 0, 0, 0, 2, 0, 0, 4, 0, 0, 0, 8, 0, 0, 1, 0, 1, 255, 0, 0, 0, 0, 0),
	(358, 3, 3, 3, 2, 3, 1, 2, 2, 0, 0, 1, 0, 0, 0, 0, 2, 0, 0, 4, 0, 0, 0, 8, 0, 0, 1, 0, 1, 255, 0, 0, 0, 0, 0),
	(359, 3, 3, 3, 2, 3, 1, 2, 2, 0, 0, 1, 0, 0, 0, 0, 2, 0, 0, 4, 0, 0, 0, 8, 0, 0, 1, 0, 1, 255, 0, 0, 0, 0, 0),
	(360, 3, 3, 3, 2, 3, 1, 2, 2, 0, 0, 1, 0, 0, 0, 0, 2, 0, 0, 4, 0, 0, 0, 8, 0, 0, 1, 0, 1, 255, 0, 0, 0, 0, 0),
	(361, 3, 3, 3, 2, 3, 1, 2, 2, 0, 0, 1, 0, 0, 0, 0, 2, 0, 0, 4, 0, 0, 0, 8, 0, 0, 1, 0, 1, 255, 0, 0, 0, 0, 0),
	(362, 3, 3, 3, 2, 3, 1, 2, 2, 0, 0, 1, 0, 0, 0, 0, 2, 0, 0, 4, 0, 0, 0, 8, 0, 0, 1, 0, 1, 255, 0, 0, 0, 0, 0),
	(363, 3, 3, 3, 2, 3, 1, 2, 2, 0, 0, 1, 0, 0, 0, 0, 2, 0, 0, 4, 0, 0, 0, 8, 0, 0, 1, 0, 1, 255, 0, 0, 0, 0, 0),
	(364, 3, 3, 3, 2, 3, 1, 2, 2, 0, 0, 1, 0, 0, 0, 0, 2, 0, 0, 4, 0, 0, 0, 8, 0, 0, 1, 0, 1, 255, 0, 0, 0, 0, 0),
	(365, 3, 3, 3, 2, 3, 1, 2, 2, 0, 0, 1, 0, 0, 0, 0, 2, 0, 0, 4, 0, 0, 0, 8, 0, 0, 1, 0, 1, 255, 0, 0, 0, 0, 0),
	(366, 3, 3, 3, 2, 3, 1, 2, 2, 0, 0, 1, 0, 0, 0, 0, 2, 0, 0, 4, 0, 0, 0, 8, 0, 0, 1, 0, 1, 255, 0, 0, 0, 0, 0),
	(367, 3, 3, 3, 2, 3, 1, 2, 2, 0, 0, 1, 0, 0, 0, 0, 2, 0, 0, 4, 0, 0, 0, 8, 0, 0, 1, 0, 1, 255, 0, 0, 0, 0, 0),
	(368, 3, 3, 3, 2, 3, 1, 2, 2, 0, 0, 1, 0, 0, 0, 0, 2, 0, 0, 4, 0, 0, 0, 8, 0, 0, 1, 0, 1, 255, 0, 0, 0, 0, 0),
	(369, 3, 3, 3, 2, 3, 1, 2, 2, 0, 0, 1, 0, 0, 0, 0, 2, 0, 0, 4, 0, 0, 0, 8, 0, 0, 1, 0, 1, 255, 0, 0, 0, 0, 0),
	(370, 3, 3, 3, 2, 3, 1, 2, 2, 0, 0, 1, 0, 0, 0, 0, 2, 0, 0, 4, 0, 0, 0, 8, 0, 0, 1, 0, 1, 255, 0, 0, 0, 0, 0),
	(371, 3, 3, 3, 8, 3, 3, 3, 3, 0, 0, 0, 0, 0, 1, 0, 2, 0, 0, 4, 0, 0, 0, 0, 0, 0, 1, 0, 1, 255, 50, 0, 0, 0, 0),
	(372, 3, 3, 3, 8, 3, 3, 3, 3, 0, 0, 0, 0, 0, 1, 0, 2, 0, 0, 4, 0, 0, 0, 0, 0, 0, 1, 0, 1, 255, 50, 0, 0, 0, 0),
	(373, 3, 3, 3, 8, 3, 3, 3, 3, 0, 0, 0, 0, 0, 1, 0, 2, 0, 0, 4, 0, 0, 0, 0, 0, 0, 1, 0, 1, 255, 50, 0, 0, 0, 0),
	(374, 3, 3, 3, 8, 3, 3, 3, 3, 0, 0, 0, 0, 0, 1, 0, 2, 0, 0, 4, 0, 0, 0, 0, 0, 0, 1, 0, 1, 255, 50, 0, 0, 0, 0),
	(375, 3, 3, 3, 8, 3, 3, 3, 3, 0, 0, 0, 0, 0, 1, 0, 2, 0, 0, 4, 0, 0, 0, 0, 0, 0, 1, 0, 1, 255, 50, 0, 0, 0, 0),
	(376, 0, 0, 0, 0, 0, 0, 0, 0, 0, 0, 0, 0, 0, 0, 0, 0, 0, 0, 0, 0, 0, 0, 0, 0, 0, 0, 0, 0, 0, 0, 0, 0, 0, 0),
	(377, 134, 134, 134, 2, 3, 1, 2, 2, 0, 0, 1, 0, 0, 0, 0, 2, 0, 0, 4, 0, 0, 0, 8, 0, 0, 1, 0, 1, 255, 0, 0, 0, 0, 0),
	(378, 134, 134, 134, 2, 3, 1, 2, 2, 0, 3, 1, 0, 0, 0, 0, 2, 0, 0, 4, 0, 0, 0, 17, 7, 0, 1, 0, 1, 255, 0, 0, 0, 0, 0),
	(379, 134, 134, 134, 2, 3, 1, 2, 2, 0, 3, 1, 0, 0, 0, 0, 2, 0, 0, 4, 0, 0, 0, 17, 7, 0, 1, 0, 1, 255, 0, 0, 0, 0, 0),
	(380, 134, 134, 134, 2, 3, 1, 2, 2, 0, 3, 1, 0, 0, 0, 0, 2, 0, 0, 4, 0, 0, 0, 17, 7, 0, 1, 0, 1, 255, 0, 0, 0, 0, 0),
	(381, 134, 134, 134, 2, 3, 1, 2, 2, 0, 3, 1, 0, 0, 0, 0, 2, 0, 0, 4, 0, 0, 0, 17, 7, 0, 1, 0, 1, 255, 0, 0, 0, 0, 0),
	(382, 134, 134, 134, 2, 3, 1, 2, 2, 0, 3, 1, 0, 0, 0, 0, 2, 0, 0, 4, 0, 0, 0, 17, 7, 0, 1, 0, 1, 255, 0, 0, 0, 0, 0),
	(383, 134, 134, 134, 2, 3, 1, 2, 2, 0, 3, 1, 0, 0, 0, 0, 2, 0, 0, 4, 0, 0, 0, 17, 7, 0, 1, 0, 1, 255, 0, 0, 0, 0, 0),
	(384, 134, 134, 134, 2, 3, 1, 2, 2, 0, 3, 1, 0, 0, 0, 0, 2, 0, 0, 4, 0, 0, 0, 17, 7, 0, 1, 0, 1, 255, 0, 0, 0, 0, 0),
	(385, 134, 134, 134, 2, 3, 1, 2, 2, 0, 3, 1, 0, 0, 0, 0, 2, 0, 0, 4, 0, 0, 0, 17, 7, 0, 1, 0, 1, 255, 0, 0, 0, 0, 0),
	(386, 134, 134, 134, 2, 3, 1, 2, 2, 0, 3, 1, 0, 0, 0, 0, 2, 0, 0, 4, 0, 0, 0, 17, 7, 0, 1, 0, 1, 255, 0, 0, 0, 0, 0),
	(387, 134, 134, 134, 2, 3, 1, 2, 2, 0, 3, 1, 0, 0, 0, 0, 2, 0, 0, 4, 0, 0, 0, 17, 7, 0, 1, 0, 1, 255, 0, 0, 0, 0, 0),
	(388, 134, 134, 134, 2, 3, 1, 2, 2, 0, 3, 1, 0, 0, 0, 0, 2, 0, 0, 4, 0, 0, 0, 17, 7, 0, 1, 0, 1, 255, 0, 0, 0, 0, 0),
	(389, 134, 134, 134, 2, 3, 1, 2, 2, 0, 3, 1, 0, 0, 0, 0, 2, 0, 0, 4, 0, 0, 0, 17, 7, 0, 1, 0, 1, 255, 0, 0, 0, 0, 0),
	(390, 134, 134, 134, 2, 3, 1, 2, 2, 0, 3, 1, 0, 0, 0, 0, 2, 0, 0, 4, 0, 0, 0, 17, 7, 0, 1, 0, 1, 255, 0, 0, 0, 0, 0),
	(391, 134, 134, 134, 2, 3, 1, 2, 2, 0, 3, 1, 0, 0, 0, 0, 2, 0, 0, 4, 0, 0, 0, 17, 7, 0, 1, 0, 1, 255, 0, 0, 0, 0, 0),
	(392, 134, 134, 134, 2, 3, 1, 2, 2, 0, 3, 1, 0, 0, 0, 0, 2, 0, 0, 4, 0, 0, 0, 17, 7, 0, 1, 0, 1, 255, 0, 0, 0, 0, 0),
	(393, 134, 134, 134, 8, 3, 3, 3, 3, 0, 0, 0, 0, 0, 1, 0, 2, 0, 0, 4, 0, 0, 0, 0, 0, 0, 1, 0, 1, 255, 50, 0, 0, 0, 0),
	(394, 134, 134, 134, 8, 3, 3, 3, 3, 0, 0, 0, 0, 0, 1, 0, 2, 0, 0, 4, 0, 0, 0, 0, 0, 0, 1, 0, 1, 255, 50, 0, 0, 0, 0),
	(395, 134, 134, 134, 8, 3, 3, 3, 3, 0, 0, 0, 0, 0, 1, 0, 2, 0, 0, 4, 0, 0, 0, 0, 0, 0, 1, 0, 1, 255, 50, 0, 0, 0, 0),
	(396, 134, 134, 134, 8, 3, 3, 3, 3, 0, 0, 0, 0, 0, 1, 0, 2, 0, 0, 4, 0, 0, 0, 0, 0, 0, 1, 0, 1, 255, 50, 0, 0, 0, 0),
	(397, 134, 134, 134, 8, 3, 3, 3, 3, 0, 0, 0, 0, 0, 1, 0, 2, 0, 0, 4, 0, 0, 0, 0, 0, 0, 1, 0, 1, 255, 50, 0, 0, 0, 0),
	(398, 82, 82, 82, 2, 3, 1, 2, 2, 0, 0, 1, 0, 0, 0, 0, 2, 0, 0, 4, 0, 0, 0, 8, 0, 0, 1, 0, 1, 255, 0, 0, 0, 0, 0),
	(399, 82, 82, 82, 2, 3, 1, 2, 2, 0, 3, 1, 0, 0, 0, 0, 2, 0, 0, 4, 0, 0, 0, 17, 7, 0, 1, 0, 1, 255, 0, 0, 0, 0, 0),
	(400, 82, 82, 82, 2, 3, 1, 2, 2, 0, 3, 1, 0, 0, 0, 0, 2, 0, 0, 4, 0, 0, 0, 17, 7, 0, 1, 0, 1, 255, 0, 0, 0, 0, 0),
	(401, 82, 82, 82, 2, 3, 1, 2, 2, 0, 3, 1, 0, 0, 0, 0, 2, 0, 0, 4, 0, 0, 0, 17, 7, 0, 1, 0, 1, 255, 0, 0, 0, 0, 0),
	(402, 82, 82, 82, 2, 3, 1, 2, 2, 0, 3, 1, 0, 0, 0, 0, 2, 0, 0, 4, 0, 0, 0, 17, 7, 0, 1, 0, 1, 255, 0, 0, 0, 0, 0),
	(403, 82, 82, 82, 2, 3, 1, 2, 2, 0, 3, 1, 0, 0, 0, 0, 2, 0, 0, 4, 0, 0, 0, 17, 7, 0, 1, 0, 1, 255, 0, 0, 0, 0, 0),
	(404, 82, 82, 82, 2, 3, 1, 2, 2, 0, 3, 1, 0, 0, 0, 0, 2, 0, 0, 4, 0, 0, 0, 17, 7, 0, 1, 0, 1, 255, 0, 0, 0, 0, 0),
	(405, 82, 82, 82, 2, 3, 1, 2, 2, 0, 3, 1, 0, 0, 0, 0, 2, 0, 0, 4, 0, 0, 0, 17, 7, 0, 1, 0, 1, 255, 0, 0, 0, 0, 0),
	(406, 82, 82, 82, 2, 3, 1, 2, 2, 0, 3, 1, 0, 0, 0, 0, 2, 0, 0, 4, 0, 0, 0, 17, 7, 0, 1, 0, 1, 255, 0, 0, 0, 0, 0),
	(407, 82, 82, 82, 2, 3, 1, 2, 2, 0, 3, 1, 0, 0, 0, 0, 2, 0, 0, 4, 0, 0, 0, 17, 7, 0, 1, 0, 1, 255, 0, 0, 0, 0, 0),
	(408, 82, 82, 82, 2, 3, 1, 2, 2, 0, 3, 1, 0, 0, 0, 0, 2, 0, 0, 4, 0, 0, 0, 17, 7, 0, 1, 0, 1, 255, 0, 0, 0, 0, 0),
	(409, 82, 82, 82, 2, 3, 1, 2, 2, 0, 3, 1, 0, 0, 0, 0, 2, 0, 0, 4, 0, 0, 0, 17, 7, 0, 1, 0, 1, 255, 0, 0, 0, 0, 0),
	(410, 82, 82, 82, 2, 3, 1, 2, 2, 0, 3, 1, 0, 0, 0, 0, 2, 0, 0, 4, 0, 0, 0, 17, 7, 0, 1, 0, 1, 255, 0, 0, 0, 0, 0),
	(411, 82, 82, 82, 2, 3, 1, 2, 2, 0, 3, 1, 0, 0, 0, 0, 2, 0, 0, 4, 0, 0, 0, 17, 7, 0, 1, 0, 1, 255, 0, 0, 0, 0, 0),
	(412, 82, 82, 82, 2, 3, 1, 2, 2, 0, 3, 1, 0, 0, 0, 0, 2, 0, 0, 4, 0, 0, 0, 17, 7, 0, 1, 0, 1, 255, 0, 0, 0, 0, 0),
	(413, 82, 82, 82, 2, 3, 1, 2, 2, 0, 3, 1, 0, 0, 0, 0, 2, 0, 0, 4, 0, 0, 0, 17, 7, 0, 1, 0, 1, 255, 0, 0, 0, 0, 0),
	(414, 82, 82, 82, 8, 3, 3, 3, 3, 0, 0, 0, 0, 0, 1, 0, 2, 0, 0, 4, 0, 0, 0, 0, 0, 0, 1, 0, 1, 255, 50, 0, 0, 0, 0),
	(415, 82, 82, 82, 8, 3, 3, 3, 3, 0, 0, 0, 0, 0, 1, 0, 2, 0, 0, 4, 0, 0, 0, 0, 0, 0, 1, 0, 1, 255, 50, 0, 0, 0, 0),
	(416, 82, 82, 82, 8, 3, 3, 3, 3, 0, 0, 0, 0, 0, 1, 0, 2, 0, 0, 4, 0, 0, 0, 0, 0, 0, 1, 0, 1, 255, 50, 0, 0, 0, 0),
	(417, 82, 82, 82, 8, 3, 3, 3, 3, 0, 0, 0, 0, 0, 1, 0, 2, 0, 0, 4, 0, 0, 0, 0, 0, 0, 1, 0, 1, 255, 50, 0, 0, 0, 0),
	(418, 82, 82, 82, 8, 3, 3, 3, 3, 0, 0, 0, 0, 0, 1, 0, 2, 0, 0, 4, 0, 0, 0, 0, 0, 0, 1, 0, 1, 255, 50, 0, 0, 0, 0),
	(419, 70, 70, 70, 2, 3, 1, 2, 2, 0, 0, 1, 0, 0, 0, 0, 2, 0, 0, 4, 0, 0, 0, 8, 0, 0, 1, 0, 1, 255, 0, 0, 0, 0, 0),
	(420, 0, 0, 0, 0, 0, 0, 0, 0, 0, 0, 0, 0, 0, 0, 0, 0, 0, 0, 0, 0, 0, 0, 0, 0, 0, 0, 0, 0, 0, 0, 0, 0, 0, 0),
	(421, 134, 134, 134, 2, 3, 1, 2, 2, 0, 0, 1, 0, 0, 0, 0, 2, 0, 0, 4, 0, 0, 0, 8, 0, 0, 1, 0, 1, 255, 0, 0, 0, 0, 0),
	(422, 0, 0, 0, 0, 0, 0, 0, 0, 0, 0, 0, 0, 0, 0, 0, 0, 0, 0, 0, 0, 0, 0, 0, 0, 0, 0, 0, 0, 0, 0, 0, 0, 0, 0),
	(423, 38, 38, 38, 2, 3, 1, 2, 2, 0, 3, 1, 0, 0, 0, 0, 2, 0, 0, 4, 0, 0, 0, 17, 7, 0, 1, 0, 1, 255, 0, 0, 0, 0, 0),
	(424, 38, 38, 38, 2, 3, 1, 2, 2, 0, 3, 1, 0, 0, 0, 0, 2, 0, 0, 4, 0, 0, 0, 17, 7, 0, 1, 0, 1, 255, 0, 0, 0, 0, 0),
	(425, 38, 38, 38, 2, 3, 1, 2, 2, 0, 3, 1, 0, 0, 0, 0, 2, 0, 0, 4, 0, 0, 0, 17, 7, 0, 1, 0, 1, 255, 0, 0, 0, 0, 0),
	(426, 38, 38, 38, 2, 3, 1, 2, 2, 0, 3, 1, 0, 0, 0, 0, 2, 0, 0, 4, 0, 0, 0, 17, 7, 0, 1, 0, 1, 255, 0, 0, 0, 0, 0),
	(427, 38, 38, 38, 2, 3, 1, 2, 2, 0, 3, 1, 0, 0, 0, 0, 2, 0, 0, 4, 0, 0, 0, 17, 7, 0, 1, 0, 1, 255, 0, 0, 0, 0, 0),
	(428, 38, 38, 38, 2, 3, 1, 2, 2, 0, 3, 1, 0, 0, 0, 0, 2, 0, 0, 4, 0, 0, 0, 17, 7, 0, 1, 0, 1, 255, 0, 0, 0, 0, 0),
	(429, 38, 38, 38, 2, 3, 1, 2, 2, 0, 3, 1, 0, 0, 0, 0, 2, 0, 0, 4, 0, 0, 0, 17, 7, 0, 1, 0, 1, 255, 0, 0, 0, 0, 0),
	(430, 38, 38, 38, 2, 3, 1, 2, 2, 0, 3, 1, 0, 0, 0, 0, 2, 0, 0, 4, 0, 0, 0, 17, 7, 0, 1, 0, 1, 255, 0, 0, 0, 0, 0),
	(431, 38, 38, 38, 2, 3, 1, 2, 2, 0, 3, 1, 0, 0, 0, 0, 2, 0, 0, 4, 0, 0, 0, 17, 7, 0, 1, 0, 1, 255, 0, 0, 0, 0, 0),
	(432, 38, 38, 38, 2, 3, 1, 2, 2, 0, 3, 1, 0, 0, 0, 0, 2, 0, 0, 4, 0, 0, 0, 17, 7, 0, 1, 0, 1, 255, 0, 0, 0, 0, 0),
	(433, 38, 38, 38, 2, 3, 1, 2, 2, 0, 3, 1, 0, 0, 0, 0, 2, 0, 0, 4, 0, 0, 0, 17, 7, 0, 1, 0, 1, 255, 0, 0, 0, 0, 0),
	(434, 38, 38, 38, 2, 3, 1, 2, 2, 0, 3, 1, 0, 0, 0, 0, 2, 0, 0, 4, 0, 0, 0, 17, 7, 0, 1, 0, 1, 255, 0, 0, 0, 0, 0),
	(435, 38, 38, 38, 2, 3, 1, 2, 2, 0, 3, 1, 0, 0, 0, 0, 2, 0, 0, 4, 0, 0, 0, 17, 7, 0, 1, 0, 1, 255, 0, 0, 0, 0, 0),
	(436, 38, 38, 38, 2, 3, 1, 2, 2, 0, 3, 1, 0, 0, 0, 0, 2, 0, 0, 4, 0, 0, 0, 17, 7, 0, 1, 0, 1, 255, 0, 0, 0, 0, 0),
	(437, 38, 38, 38, 2, 3, 1, 2, 2, 0, 3, 1, 0, 0, 0, 0, 2, 0, 0, 4, 0, 0, 0, 17, 7, 0, 1, 0, 1, 255, 0, 0, 0, 0, 0),
	(438, 38, 38, 38, 2, 3, 1, 2, 2, 0, 3, 1, 0, 0, 0, 0, 2, 0, 0, 4, 0, 0, 0, 17, 7, 0, 1, 0, 1, 255, 0, 0, 0, 0, 0),
	(439, 38, 38, 38, 8, 3, 3, 3, 3, 0, 0, 0, 0, 0, 1, 0, 2, 0, 0, 4, 0, 0, 0, 0, 0, 0, 1, 0, 1, 255, 50, 0, 0, 0, 0),
	(440, 38, 38, 38, 8, 3, 3, 3, 3, 0, 0, 0, 0, 0, 1, 0, 2, 0, 0, 4, 0, 0, 0, 0, 0, 0, 1, 0, 1, 255, 50, 0, 0, 0, 0),
	(441, 38, 38, 38, 8, 3, 3, 3, 3, 0, 0, 0, 0, 0, 1, 0, 2, 0, 0, 4, 0, 0, 0, 0, 0, 0, 1, 0, 1, 255, 50, 0, 0, 0, 0),
	(442, 38, 38, 38, 8, 3, 3, 3, 3, 0, 0, 0, 0, 0, 1, 0, 2, 0, 0, 4, 0, 0, 0, 0, 0, 0, 1, 0, 1, 255, 50, 0, 0, 0, 0),
	(443, 38, 38, 38, 8, 3, 3, 3, 3, 0, 0, 0, 0, 0, 1, 0, 2, 0, 0, 4, 0, 0, 0, 0, 0, 0, 1, 0, 1, 255, 50, 0, 0, 0, 0),
	(444, 38, 38, 38, 8, 3, 3, 3, 3, 0, 0, 0, 0, 0, 1, 0, 2, 0, 0, 4, 0, 0, 0, 0, 0, 0, 1, 0, 1, 255, 50, 0, 0, 0, 0),
	(445, 0, 0, 0, 0, 0, 0, 0, 0, 0, 0, 0, 0, 0, 0, 0, 0, 0, 0, 0, 0, 0, 0, 0, 0, 0, 0, 0, 0, 0, 0, 0, 0, 0, 0),
	(446, 0, 0, 0, 0, 0, 0, 0, 0, 0, 0, 0, 0, 0, 0, 0, 0, 0, 0, 0, 0, 0, 0, 0, 0, 0, 0, 0, 0, 0, 0, 0, 0, 0, 0),
	(447, 111, 0, 89, 2, 7, 1, 4, 0, 0, 0, 0, 0, 0, 0, 0, 0, 0, 3, 1, 0, 0, 0, 0, 0, 131, 1, 0, 0, 0, 0, 0, 0, 0, 0);

-- Dumping structure for table pgrp.server_wardrobes
CREATE TABLE IF NOT EXISTS `server_wardrobes` (
  `id` int NOT NULL AUTO_INCREMENT,
  `position_id` int NOT NULL,
  `owner_id` int NOT NULL DEFAULT '0',
  `owner_type` int NOT NULL DEFAULT '0',
  `dimension` int NOT NULL,
  PRIMARY KEY (`id`)
) ENGINE=InnoDB AUTO_INCREMENT=1633 DEFAULT CHARSET=armscii8 COLLATE=armscii8_bin;

-- Dumping data for table pgrp.server_wardrobes: ~1.632 rows (approximately)
INSERT INTO `server_wardrobes` (`id`, `position_id`, `owner_id`, `owner_type`, `dimension`) VALUES
	(1, 465, 0, 0, 1),
	(2, 466, 0, 0, 0),
	(3, 467, 0, 0, 0),
	(4, 468, 0, 0, 0),
	(5, 469, 0, 0, 0),
	(6, 470, 0, 0, 0),
	(7, 471, 0, 0, 0),
	(8, 472, 0, 0, 0),
	(9, 473, 0, 0, 0),
	(10, 474, 0, 0, 0),
	(11, 475, 0, 0, 0),
	(12, 476, 0, 0, 0),
	(13, 477, 0, 0, 0),
	(14, 478, 0, 0, 0),
	(15, 479, 0, 0, 0),
	(16, 461, 0, 0, 2),
	(17, 461, 0, 0, 3),
	(18, 461, 0, 0, 4),
	(19, 461, 0, 0, 5),
	(20, 461, 0, 0, 6),
	(21, 461, 0, 0, 7),
	(22, 461, 0, 0, 8),
	(23, 461, 0, 0, 9),
	(24, 461, 0, 0, 10),
	(25, 461, 0, 0, 11),
	(26, 461, 0, 0, 12),
	(27, 461, 0, 0, 13),
	(28, 461, 0, 0, 14),
	(29, 461, 0, 0, 15),
	(30, 461, 0, 0, 16),
	(31, 461, 0, 0, 17),
	(32, 461, 0, 0, 18),
	(33, 461, 0, 0, 19),
	(34, 461, 0, 0, 20),
	(35, 461, 0, 0, 21),
	(36, 461, 0, 0, 22),
	(37, 461, 0, 0, 23),
	(38, 461, 0, 0, 24),
	(39, 461, 0, 0, 25),
	(40, 461, 0, 0, 26),
	(41, 461, 0, 0, 27),
	(42, 461, 0, 0, 28),
	(43, 461, 0, 0, 29),
	(44, 461, 0, 0, 30),
	(45, 461, 0, 0, 31),
	(46, 461, 0, 0, 32),
	(47, 461, 0, 0, 33),
	(48, 461, 0, 0, 34),
	(49, 461, 0, 0, 35),
	(50, 461, 0, 0, 36),
	(51, 461, 0, 0, 37),
	(52, 461, 0, 0, 38),
	(53, 461, 0, 0, 39),
	(54, 461, 0, 0, 40),
	(55, 461, 0, 0, 41),
	(56, 461, 0, 0, 42),
	(57, 461, 0, 0, 43),
	(58, 461, 0, 0, 44),
	(59, 461, 0, 0, 45),
	(60, 461, 0, 0, 46),
	(61, 461, 0, 0, 47),
	(62, 461, 0, 0, 48),
	(63, 461, 0, 0, 49),
	(64, 461, 0, 0, 50),
	(65, 461, 0, 0, 51),
	(66, 461, 0, 0, 52),
	(67, 461, 0, 0, 53),
	(68, 461, 0, 0, 54),
	(69, 461, 0, 0, 55),
	(70, 461, 0, 0, 56),
	(71, 461, 0, 0, 57),
	(72, 461, 0, 0, 58),
	(73, 461, 0, 0, 59),
	(74, 461, 0, 0, 60),
	(75, 461, 0, 0, 61),
	(76, 461, 0, 0, 62),
	(77, 461, 0, 0, 63),
	(78, 461, 0, 0, 64),
	(79, 461, 0, 0, 65),
	(80, 461, 0, 0, 66),
	(81, 461, 0, 0, 67),
	(82, 461, 0, 0, 68),
	(83, 461, 0, 0, 69),
	(84, 461, 0, 0, 70),
	(85, 461, 0, 0, 71),
	(86, 461, 0, 0, 72),
	(87, 461, 0, 0, 73),
	(88, 461, 0, 0, 74),
	(89, 461, 0, 0, 75),
	(90, 461, 0, 0, 76),
	(91, 461, 0, 0, 77),
	(92, 461, 0, 0, 78),
	(93, 461, 0, 0, 79),
	(94, 461, 0, 0, 80),
	(95, 461, 0, 0, 81),
	(96, 461, 0, 0, 82),
	(97, 461, 0, 0, 83),
	(98, 461, 0, 0, 84),
	(99, 461, 0, 0, 85),
	(100, 461, 0, 0, 86),
	(101, 461, 0, 0, 87),
	(102, 461, 0, 0, 88),
	(103, 461, 0, 0, 89),
	(104, 461, 0, 0, 90),
	(105, 461, 0, 0, 91),
	(106, 461, 0, 0, 92),
	(107, 461, 0, 0, 93),
	(108, 461, 0, 0, 94),
	(109, 461, 0, 0, 95),
	(110, 461, 0, 0, 96),
	(111, 461, 0, 0, 97),
	(112, 461, 0, 0, 98),
	(113, 461, 0, 0, 99),
	(114, 461, 0, 0, 100),
	(115, 461, 0, 0, 101),
	(116, 461, 0, 0, 102),
	(117, 461, 0, 0, 103),
	(118, 461, 0, 0, 104),
	(119, 461, 0, 0, 105),
	(120, 461, 0, 0, 106),
	(121, 461, 0, 0, 107),
	(122, 461, 0, 0, 108),
	(123, 461, 0, 0, 109),
	(124, 461, 0, 0, 110),
	(125, 461, 0, 0, 111),
	(126, 461, 0, 0, 112),
	(127, 461, 0, 0, 113),
	(128, 461, 0, 0, 114),
	(129, 461, 0, 0, 115),
	(130, 461, 0, 0, 116),
	(131, 461, 0, 0, 117),
	(132, 461, 0, 0, 118),
	(133, 461, 0, 0, 119),
	(134, 461, 0, 0, 120),
	(135, 461, 0, 0, 121),
	(136, 461, 0, 0, 122),
	(137, 461, 0, 0, 123),
	(138, 461, 0, 0, 124),
	(139, 462, 0, 0, 125),
	(140, 462, 0, 0, 126),
	(141, 462, 0, 0, 127),
	(142, 462, 0, 0, 128),
	(143, 464, 0, 0, 129),
	(144, 462, 0, 0, 130),
	(145, 465, 0, 0, 131),
	(146, 462, 0, 0, 132),
	(147, 465, 0, 0, 133),
	(148, 462, 0, 0, 134),
	(149, 465, 0, 0, 135),
	(150, 462, 0, 0, 136),
	(151, 462, 0, 0, 137),
	(152, 462, 0, 0, 138),
	(153, 462, 0, 0, 139),
	(154, 462, 0, 0, 140),
	(155, 462, 0, 0, 141),
	(156, 462, 0, 0, 142),
	(157, 462, 0, 0, 143),
	(158, 462, 0, 0, 144),
	(159, 462, 0, 0, 145),
	(160, 462, 0, 0, 146),
	(161, 462, 0, 0, 147),
	(162, 462, 0, 0, 148),
	(163, 462, 0, 0, 149),
	(164, 462, 0, 0, 150),
	(165, 462, 0, 0, 151),
	(166, 462, 0, 0, 152),
	(167, 462, 0, 0, 153),
	(168, 462, 0, 0, 154),
	(169, 462, 0, 0, 155),
	(170, 462, 0, 0, 156),
	(171, 462, 0, 0, 157),
	(172, 462, 0, 0, 158),
	(173, 462, 0, 0, 159),
	(174, 462, 0, 0, 160),
	(175, 462, 0, 0, 161),
	(176, 462, 0, 0, 162),
	(177, 462, 0, 0, 163),
	(178, 462, 0, 0, 164),
	(179, 462, 0, 0, 165),
	(180, 462, 0, 0, 166),
	(181, 462, 0, 0, 167),
	(182, 462, 0, 0, 168),
	(183, 462, 0, 0, 169),
	(184, 462, 0, 0, 170),
	(185, 461, 0, 0, 171),
	(186, 462, 0, 0, 172),
	(187, 461, 0, 0, 173),
	(188, 461, 0, 0, 174),
	(189, 462, 0, 0, 175),
	(190, 461, 0, 0, 176),
	(191, 461, 0, 0, 177),
	(192, 461, 0, 0, 178),
	(193, 462, 0, 0, 179),
	(194, 461, 0, 0, 180),
	(195, 461, 0, 0, 181),
	(196, 461, 0, 0, 182),
	(197, 461, 0, 0, 183),
	(198, 461, 0, 0, 184),
	(199, 461, 0, 0, 185),
	(200, 462, 0, 0, 186),
	(201, 461, 0, 0, 187),
	(202, 461, 0, 0, 188),
	(203, 462, 0, 0, 189),
	(204, 461, 0, 0, 190),
	(205, 462, 0, 0, 191),
	(206, 462, 0, 0, 192),
	(207, 462, 0, 0, 193),
	(208, 461, 0, 0, 194),
	(209, 461, 0, 0, 195),
	(210, 461, 0, 0, 196),
	(211, 461, 0, 0, 197),
	(212, 462, 0, 0, 198),
	(213, 461, 0, 0, 199),
	(214, 461, 0, 0, 200),
	(215, 461, 0, 0, 201),
	(216, 462, 0, 0, 202),
	(217, 461, 0, 0, 203),
	(218, 461, 0, 0, 204),
	(219, 462, 0, 0, 205),
	(220, 461, 0, 0, 206),
	(221, 461, 0, 0, 207),
	(222, 461, 0, 0, 208),
	(223, 461, 0, 0, 209),
	(224, 462, 0, 0, 210),
	(225, 461, 0, 0, 211),
	(226, 462, 0, 0, 212),
	(227, 462, 0, 0, 213),
	(228, 461, 0, 0, 214),
	(229, 462, 0, 0, 215),
	(230, 462, 0, 0, 216),
	(231, 461, 0, 0, 217),
	(232, 462, 0, 0, 218),
	(233, 461, 0, 0, 219),
	(234, 461, 0, 0, 220),
	(235, 462, 0, 0, 221),
	(236, 461, 0, 0, 222),
	(237, 461, 0, 0, 223),
	(238, 461, 0, 0, 224),
	(239, 461, 0, 0, 225),
	(240, 461, 0, 0, 226),
	(241, 461, 0, 0, 227),
	(242, 461, 0, 0, 228),
	(243, 461, 0, 0, 229),
	(244, 461, 0, 0, 230),
	(245, 461, 0, 0, 231),
	(246, 462, 0, 0, 232),
	(247, 461, 0, 0, 233),
	(248, 462, 0, 0, 234),
	(249, 461, 0, 0, 235),
	(250, 462, 0, 0, 236),
	(251, 461, 0, 0, 237),
	(252, 462, 0, 0, 238),
	(253, 462, 0, 0, 239),
	(254, 461, 0, 0, 240),
	(255, 461, 0, 0, 241),
	(256, 461, 0, 0, 242),
	(257, 462, 0, 0, 243),
	(258, 461, 0, 0, 244),
	(259, 461, 0, 0, 245),
	(260, 461, 0, 0, 246),
	(261, 462, 0, 0, 247),
	(262, 461, 0, 0, 248),
	(263, 461, 0, 0, 249),
	(264, 462, 0, 0, 250),
	(265, 461, 0, 0, 251),
	(266, 461, 0, 0, 252),
	(267, 462, 0, 0, 253),
	(268, 461, 0, 0, 254),
	(269, 461, 0, 0, 255),
	(270, 462, 0, 0, 256),
	(271, 461, 0, 0, 257),
	(272, 461, 0, 0, 258),
	(273, 461, 0, 0, 259),
	(274, 461, 0, 0, 260),
	(275, 462, 0, 0, 261),
	(276, 461, 0, 0, 262),
	(277, 461, 0, 0, 263),
	(278, 461, 0, 0, 264),
	(279, 461, 0, 0, 265),
	(280, 461, 0, 0, 266),
	(281, 462, 0, 0, 267),
	(282, 461, 0, 0, 268),
	(283, 462, 0, 0, 269),
	(284, 462, 0, 0, 270),
	(285, 461, 0, 0, 271),
	(286, 461, 0, 0, 272),
	(287, 461, 0, 0, 273),
	(288, 462, 0, 0, 274),
	(289, 461, 0, 0, 275),
	(290, 461, 0, 0, 276),
	(291, 462, 0, 0, 277),
	(292, 462, 0, 0, 278),
	(293, 461, 0, 0, 279),
	(294, 462, 0, 0, 280),
	(295, 462, 0, 0, 281),
	(296, 461, 0, 0, 282),
	(297, 461, 0, 0, 283),
	(298, 462, 0, 0, 284),
	(299, 462, 0, 0, 285),
	(300, 461, 0, 0, 286),
	(301, 461, 0, 0, 287),
	(302, 461, 0, 0, 288),
	(303, 462, 0, 0, 289),
	(304, 461, 0, 0, 290),
	(305, 461, 0, 0, 291),
	(306, 462, 0, 0, 292),
	(307, 461, 0, 0, 293),
	(308, 461, 0, 0, 294),
	(309, 462, 0, 0, 295),
	(310, 462, 0, 0, 296),
	(311, 461, 0, 0, 297),
	(312, 461, 0, 0, 298),
	(313, 461, 0, 0, 299),
	(314, 461, 0, 0, 300),
	(315, 461, 0, 0, 301),
	(316, 461, 0, 0, 302),
	(317, 461, 0, 0, 303),
	(318, 461, 0, 0, 304),
	(319, 461, 0, 0, 305),
	(320, 461, 0, 0, 306),
	(321, 461, 0, 0, 307),
	(322, 461, 0, 0, 308),
	(323, 461, 0, 0, 309),
	(324, 461, 0, 0, 310),
	(325, 461, 0, 0, 311),
	(326, 461, 0, 0, 312),
	(327, 461, 0, 0, 313),
	(328, 461, 0, 0, 314),
	(329, 461, 0, 0, 315),
	(330, 461, 0, 0, 316),
	(331, 461, 0, 0, 317),
	(332, 461, 0, 0, 318),
	(333, 461, 0, 0, 319),
	(334, 461, 0, 0, 320),
	(335, 461, 0, 0, 321),
	(336, 461, 0, 0, 322),
	(337, 461, 0, 0, 323),
	(338, 461, 0, 0, 324),
	(339, 462, 0, 0, 325),
	(340, 462, 0, 0, 326),
	(341, 462, 0, 0, 327),
	(342, 462, 0, 0, 328),
	(343, 462, 0, 0, 329),
	(344, 462, 0, 0, 330),
	(345, 461, 0, 0, 331),
	(346, 461, 0, 0, 332),
	(347, 461, 0, 0, 333),
	(348, 461, 0, 0, 334),
	(349, 461, 0, 0, 335),
	(350, 461, 0, 0, 336),
	(351, 461, 0, 0, 337),
	(352, 461, 0, 0, 338),
	(353, 461, 0, 0, 339),
	(354, 461, 0, 0, 340),
	(355, 461, 0, 0, 341),
	(356, 461, 0, 0, 342),
	(357, 461, 0, 0, 343),
	(358, 461, 0, 0, 344),
	(359, 461, 0, 0, 345),
	(360, 461, 0, 0, 346),
	(361, 461, 0, 0, 347),
	(362, 461, 0, 0, 348),
	(363, 461, 0, 0, 349),
	(364, 461, 0, 0, 350),
	(365, 461, 0, 0, 351),
	(366, 461, 0, 0, 352),
	(367, 461, 0, 0, 353),
	(368, 461, 0, 0, 354),
	(369, 461, 0, 0, 355),
	(370, 461, 0, 0, 356),
	(371, 461, 0, 0, 357),
	(372, 461, 0, 0, 358),
	(373, 461, 0, 0, 359),
	(374, 461, 0, 0, 360),
	(375, 461, 0, 0, 361),
	(376, 461, 0, 0, 362),
	(377, 461, 0, 0, 363),
	(378, 461, 0, 0, 364),
	(379, 461, 0, 0, 365),
	(380, 461, 0, 0, 366),
	(381, 461, 0, 0, 367),
	(382, 461, 0, 0, 368),
	(383, 461, 0, 0, 369),
	(384, 461, 0, 0, 370),
	(385, 461, 0, 0, 371),
	(386, 461, 0, 0, 372),
	(387, 461, 0, 0, 373),
	(388, 461, 0, 0, 374),
	(389, 461, 0, 0, 375),
	(390, 461, 0, 0, 376),
	(391, 461, 0, 0, 377),
	(392, 461, 0, 0, 378),
	(393, 461, 0, 0, 379),
	(394, 461, 0, 0, 380),
	(395, 462, 0, 0, 381),
	(396, 462, 0, 0, 382),
	(397, 463, 0, 0, 383),
	(398, 461, 0, 0, 384),
	(399, 463, 0, 0, 385),
	(400, 461, 0, 0, 386),
	(401, 462, 0, 0, 387),
	(402, 461, 0, 0, 388),
	(403, 462, 0, 0, 389),
	(404, 463, 0, 0, 390),
	(405, 462, 0, 0, 391),
	(406, 461, 0, 0, 392),
	(407, 461, 0, 0, 393),
	(408, 462, 0, 0, 394),
	(409, 461, 0, 0, 395),
	(410, 462, 0, 0, 396),
	(411, 463, 0, 0, 397),
	(412, 462, 0, 0, 398),
	(413, 461, 0, 0, 399),
	(414, 461, 0, 0, 400),
	(415, 463, 0, 0, 401),
	(416, 462, 0, 0, 402),
	(417, 462, 0, 0, 403),
	(418, 463, 0, 0, 404),
	(419, 462, 0, 0, 405),
	(420, 462, 0, 0, 406),
	(421, 463, 0, 0, 407),
	(422, 461, 0, 0, 408),
	(423, 461, 0, 0, 409),
	(424, 462, 0, 0, 410),
	(425, 461, 0, 0, 411),
	(426, 463, 0, 0, 412),
	(427, 461, 0, 0, 413),
	(428, 463, 0, 0, 414),
	(429, 462, 0, 0, 415),
	(430, 462, 0, 0, 416),
	(431, 462, 0, 0, 417),
	(432, 461, 0, 0, 418),
	(433, 462, 0, 0, 419),
	(434, 462, 0, 0, 420),
	(435, 462, 0, 0, 421),
	(436, 461, 0, 0, 422),
	(437, 462, 0, 0, 423),
	(438, 461, 0, 0, 424),
	(439, 461, 0, 0, 425),
	(440, 462, 0, 0, 426),
	(441, 463, 0, 0, 427),
	(442, 461, 0, 0, 428),
	(443, 462, 0, 0, 429),
	(444, 461, 0, 0, 430),
	(445, 461, 0, 0, 431),
	(446, 462, 0, 0, 432),
	(447, 461, 0, 0, 433),
	(448, 463, 0, 0, 434),
	(449, 462, 0, 0, 435),
	(450, 462, 0, 0, 436),
	(451, 461, 0, 0, 437),
	(452, 462, 0, 0, 438),
	(453, 462, 0, 0, 439),
	(454, 461, 0, 0, 440),
	(455, 461, 0, 0, 441),
	(456, 462, 0, 0, 442),
	(457, 461, 0, 0, 443),
	(458, 462, 0, 0, 444),
	(459, 462, 0, 0, 445),
	(460, 461, 0, 0, 446),
	(461, 462, 0, 0, 447),
	(462, 462, 0, 0, 448),
	(463, 461, 0, 0, 449),
	(464, 462, 0, 0, 450),
	(465, 462, 0, 0, 451),
	(466, 461, 0, 0, 452),
	(467, 461, 0, 0, 453),
	(468, 462, 0, 0, 454),
	(469, 461, 0, 0, 455),
	(470, 461, 0, 0, 456),
	(471, 462, 0, 0, 457),
	(472, 461, 0, 0, 458),
	(473, 462, 0, 0, 459),
	(474, 461, 0, 0, 460),
	(475, 461, 0, 0, 461),
	(476, 461, 0, 0, 462),
	(477, 461, 0, 0, 463),
	(478, 461, 0, 0, 464),
	(479, 463, 0, 0, 465),
	(480, 462, 0, 0, 466),
	(481, 461, 0, 0, 467),
	(482, 461, 0, 0, 468),
	(483, 461, 0, 0, 469),
	(484, 462, 0, 0, 470),
	(485, 462, 0, 0, 471),
	(486, 461, 0, 0, 472),
	(487, 462, 0, 0, 473),
	(488, 462, 0, 0, 474),
	(489, 462, 0, 0, 475),
	(490, 463, 0, 0, 476),
	(491, 462, 0, 0, 477),
	(492, 462, 0, 0, 478),
	(493, 462, 0, 0, 479),
	(494, 463, 0, 0, 480),
	(495, 462, 0, 0, 481),
	(496, 463, 0, 0, 482),
	(497, 462, 0, 0, 483),
	(498, 462, 0, 0, 484),
	(499, 463, 0, 0, 485),
	(500, 463, 0, 0, 486),
	(501, 462, 0, 0, 487),
	(502, 463, 0, 0, 488),
	(503, 462, 0, 0, 489),
	(504, 462, 0, 0, 490),
	(505, 463, 0, 0, 491),
	(506, 462, 0, 0, 492),
	(507, 462, 0, 0, 493),
	(508, 463, 0, 0, 494),
	(509, 462, 0, 0, 495),
	(510, 463, 0, 0, 496),
	(511, 463, 0, 0, 497),
	(512, 463, 0, 0, 498),
	(513, 463, 0, 0, 499),
	(514, 463, 0, 0, 500),
	(515, 463, 0, 0, 501),
	(516, 463, 0, 0, 502),
	(517, 463, 0, 0, 503),
	(518, 463, 0, 0, 504),
	(519, 463, 0, 0, 505),
	(520, 463, 0, 0, 506),
	(521, 463, 0, 0, 507),
	(522, 463, 0, 0, 508),
	(523, 463, 0, 0, 509),
	(524, 463, 0, 0, 510),
	(525, 463, 0, 0, 511),
	(526, 463, 0, 0, 512),
	(527, 463, 0, 0, 513),
	(528, 463, 0, 0, 514),
	(529, 463, 0, 0, 515),
	(530, 463, 0, 0, 516),
	(531, 463, 0, 0, 517),
	(532, 463, 0, 0, 518),
	(533, 462, 0, 0, 519),
	(534, 462, 0, 0, 520),
	(535, 462, 0, 0, 521),
	(536, 463, 0, 0, 522),
	(537, 462, 0, 0, 523),
	(538, 462, 0, 0, 524),
	(539, 463, 0, 0, 525),
	(540, 463, 0, 0, 526),
	(541, 463, 0, 0, 527),
	(542, 463, 0, 0, 528),
	(543, 462, 0, 0, 529),
	(544, 462, 0, 0, 530),
	(545, 462, 0, 0, 531),
	(546, 463, 0, 0, 532),
	(547, 462, 0, 0, 533),
	(548, 462, 0, 0, 534),
	(549, 462, 0, 0, 535),
	(550, 463, 0, 0, 536),
	(551, 463, 0, 0, 537),
	(552, 463, 0, 0, 538),
	(553, 463, 0, 0, 539),
	(554, 463, 0, 0, 540),
	(555, 463, 0, 0, 541),
	(556, 463, 0, 0, 542),
	(557, 463, 0, 0, 543),
	(558, 463, 0, 0, 544),
	(559, 463, 0, 0, 545),
	(560, 463, 0, 0, 546),
	(561, 463, 0, 0, 547),
	(562, 463, 0, 0, 548),
	(563, 463, 0, 0, 549),
	(564, 462, 0, 0, 550),
	(565, 462, 0, 0, 551),
	(566, 463, 0, 0, 552),
	(567, 463, 0, 0, 553),
	(568, 462, 0, 0, 554),
	(569, 462, 0, 0, 555),
	(570, 462, 0, 0, 556),
	(571, 462, 0, 0, 557),
	(572, 463, 0, 0, 558),
	(573, 462, 0, 0, 559),
	(574, 463, 0, 0, 560),
	(575, 463, 0, 0, 561),
	(576, 462, 0, 0, 562),
	(577, 463, 0, 0, 563),
	(578, 463, 0, 0, 564),
	(579, 463, 0, 0, 565),
	(580, 461, 0, 0, 566),
	(581, 463, 0, 0, 567),
	(582, 463, 0, 0, 568),
	(583, 464, 0, 0, 569),
	(584, 461, 0, 0, 570),
	(585, 461, 0, 0, 571),
	(586, 461, 0, 0, 572),
	(587, 461, 0, 0, 573),
	(588, 464, 0, 0, 574),
	(589, 461, 0, 0, 575),
	(590, 461, 0, 0, 576),
	(591, 461, 0, 0, 577),
	(592, 461, 0, 0, 578),
	(593, 461, 0, 0, 579),
	(594, 461, 0, 0, 580),
	(595, 461, 0, 0, 581),
	(596, 461, 0, 0, 582),
	(597, 461, 0, 0, 583),
	(598, 461, 0, 0, 584),
	(599, 461, 0, 0, 585),
	(600, 461, 0, 0, 586),
	(601, 461, 0, 0, 587),
	(602, 461, 0, 0, 588),
	(603, 461, 0, 0, 589),
	(604, 461, 0, 0, 590),
	(605, 461, 0, 0, 591),
	(606, 461, 0, 0, 592),
	(607, 461, 0, 0, 593),
	(608, 461, 0, 0, 594),
	(609, 461, 0, 0, 595),
	(610, 462, 0, 0, 596),
	(611, 462, 0, 0, 597),
	(612, 464, 0, 0, 598),
	(613, 461, 0, 0, 599),
	(614, 461, 0, 0, 600),
	(615, 464, 0, 0, 601),
	(616, 461, 0, 0, 602),
	(617, 461, 0, 0, 603),
	(618, 464, 0, 0, 604),
	(619, 461, 0, 0, 605),
	(620, 461, 0, 0, 606),
	(621, 461, 0, 0, 607),
	(622, 461, 0, 0, 608),
	(623, 464, 0, 0, 609),
	(624, 461, 0, 0, 610),
	(625, 461, 0, 0, 611),
	(626, 461, 0, 0, 612),
	(627, 461, 0, 0, 613),
	(628, 464, 0, 0, 614),
	(629, 461, 0, 0, 615),
	(630, 461, 0, 0, 616),
	(631, 464, 0, 0, 617),
	(632, 461, 0, 0, 618),
	(633, 464, 0, 0, 619),
	(634, 464, 0, 0, 620),
	(635, 464, 0, 0, 621),
	(636, 461, 0, 0, 622),
	(637, 461, 0, 0, 623),
	(638, 464, 0, 0, 624),
	(639, 464, 0, 0, 625),
	(640, 464, 0, 0, 626),
	(641, 464, 0, 0, 627),
	(642, 461, 0, 0, 628),
	(643, 463, 0, 0, 629),
	(644, 464, 0, 0, 630),
	(645, 463, 0, 0, 631),
	(646, 461, 0, 0, 632),
	(647, 463, 0, 0, 633),
	(648, 461, 0, 0, 634),
	(649, 461, 0, 0, 635),
	(650, 463, 0, 0, 636),
	(651, 464, 0, 0, 637),
	(652, 462, 0, 0, 638),
	(653, 464, 0, 0, 639),
	(654, 464, 0, 0, 640),
	(655, 461, 0, 0, 641),
	(656, 461, 0, 0, 642),
	(657, 461, 0, 0, 643),
	(658, 461, 0, 0, 644),
	(659, 461, 0, 0, 645),
	(660, 461, 0, 0, 646),
	(661, 461, 0, 0, 647),
	(662, 461, 0, 0, 648),
	(663, 461, 0, 0, 649),
	(664, 461, 0, 0, 650),
	(665, 461, 0, 0, 651),
	(666, 461, 0, 0, 652),
	(667, 464, 0, 0, 653),
	(668, 461, 0, 0, 654),
	(669, 463, 0, 0, 655),
	(670, 461, 0, 0, 656),
	(671, 461, 0, 0, 657),
	(672, 463, 0, 0, 658),
	(673, 461, 0, 0, 659),
	(674, 461, 0, 0, 660),
	(675, 464, 0, 0, 661),
	(676, 463, 0, 0, 662),
	(677, 461, 0, 0, 663),
	(678, 461, 0, 0, 664),
	(679, 461, 0, 0, 665),
	(680, 461, 0, 0, 666),
	(681, 461, 0, 0, 667),
	(682, 464, 0, 0, 668),
	(683, 461, 0, 0, 669),
	(684, 461, 0, 0, 670),
	(685, 461, 0, 0, 671),
	(686, 463, 0, 0, 672),
	(687, 461, 0, 0, 673),
	(688, 461, 0, 0, 674),
	(689, 463, 0, 0, 675),
	(690, 464, 0, 0, 676),
	(691, 464, 0, 0, 677),
	(692, 464, 0, 0, 678),
	(693, 464, 0, 0, 679),
	(694, 464, 0, 0, 680),
	(695, 464, 0, 0, 681),
	(696, 464, 0, 0, 682),
	(697, 463, 0, 0, 683),
	(698, 464, 0, 0, 684),
	(699, 462, 0, 0, 685),
	(700, 464, 0, 0, 686),
	(701, 462, 0, 0, 687),
	(702, 464, 0, 0, 688),
	(703, 462, 0, 0, 689),
	(704, 464, 0, 0, 690),
	(705, 461, 0, 0, 691),
	(706, 461, 0, 0, 692),
	(707, 461, 0, 0, 693),
	(708, 464, 0, 0, 694),
	(709, 461, 0, 0, 695),
	(710, 461, 0, 0, 696),
	(711, 461, 0, 0, 697),
	(712, 464, 0, 0, 698),
	(713, 461, 0, 0, 699),
	(714, 461, 0, 0, 700),
	(715, 461, 0, 0, 701),
	(716, 464, 0, 0, 702),
	(717, 462, 0, 0, 703),
	(718, 462, 0, 0, 704),
	(719, 462, 0, 0, 705),
	(720, 464, 0, 0, 706),
	(721, 462, 0, 0, 707),
	(722, 462, 0, 0, 708),
	(723, 464, 0, 0, 709),
	(724, 464, 0, 0, 710),
	(725, 462, 0, 0, 711),
	(726, 462, 0, 0, 712),
	(727, 462, 0, 0, 713),
	(728, 464, 0, 0, 714),
	(729, 461, 0, 0, 715),
	(730, 461, 0, 0, 716),
	(731, 461, 0, 0, 717),
	(732, 464, 0, 0, 718),
	(733, 461, 0, 0, 719),
	(734, 461, 0, 0, 720),
	(735, 461, 0, 0, 721),
	(736, 461, 0, 0, 722),
	(737, 464, 0, 0, 723),
	(738, 461, 0, 0, 724),
	(739, 461, 0, 0, 725),
	(740, 464, 0, 0, 726),
	(741, 464, 0, 0, 727),
	(742, 461, 0, 0, 728),
	(743, 461, 0, 0, 729),
	(744, 464, 0, 0, 730),
	(745, 463, 0, 0, 731),
	(746, 461, 0, 0, 732),
	(747, 461, 0, 0, 733),
	(748, 461, 0, 0, 734),
	(749, 461, 0, 0, 735),
	(750, 461, 0, 0, 736),
	(751, 463, 0, 0, 737),
	(752, 463, 0, 0, 738),
	(753, 464, 0, 0, 739),
	(754, 461, 0, 0, 740),
	(755, 461, 0, 0, 741),
	(756, 461, 0, 0, 742),
	(757, 461, 0, 0, 743),
	(758, 464, 0, 0, 744),
	(759, 461, 0, 0, 745),
	(760, 464, 0, 0, 746),
	(761, 461, 0, 0, 747),
	(762, 461, 0, 0, 748),
	(763, 461, 0, 0, 749),
	(764, 461, 0, 0, 750),
	(765, 461, 0, 0, 751),
	(766, 461, 0, 0, 752),
	(767, 461, 0, 0, 753),
	(768, 464, 0, 0, 754),
	(769, 461, 0, 0, 755),
	(770, 461, 0, 0, 756),
	(771, 461, 0, 0, 757),
	(772, 461, 0, 0, 758),
	(773, 461, 0, 0, 759),
	(774, 461, 0, 0, 760),
	(775, 461, 0, 0, 761),
	(776, 464, 0, 0, 762),
	(777, 461, 0, 0, 763),
	(778, 461, 0, 0, 764),
	(779, 464, 0, 0, 765),
	(780, 464, 0, 0, 766),
	(781, 465, 0, 0, 767),
	(782, 464, 0, 0, 768),
	(783, 465, 0, 0, 769),
	(784, 464, 0, 0, 770),
	(785, 464, 0, 0, 771),
	(786, 464, 0, 0, 772),
	(787, 464, 0, 0, 773),
	(788, 464, 0, 0, 774),
	(789, 464, 0, 0, 775),
	(790, 464, 0, 0, 776),
	(791, 464, 0, 0, 777),
	(792, 464, 0, 0, 778),
	(793, 464, 0, 0, 779),
	(794, 464, 0, 0, 780),
	(795, 464, 0, 0, 781),
	(796, 464, 0, 0, 782),
	(797, 464, 0, 0, 783),
	(798, 464, 0, 0, 784),
	(799, 464, 0, 0, 785),
	(800, 464, 0, 0, 786),
	(801, 464, 0, 0, 787),
	(802, 464, 0, 0, 788),
	(803, 464, 0, 0, 789),
	(804, 464, 0, 0, 790),
	(805, 464, 0, 0, 791),
	(806, 464, 0, 0, 792),
	(807, 464, 0, 0, 793),
	(808, 464, 0, 0, 794),
	(809, 464, 0, 0, 795),
	(810, 464, 0, 0, 796),
	(811, 464, 0, 0, 797),
	(812, 464, 0, 0, 798),
	(813, 464, 0, 0, 799),
	(814, 464, 0, 0, 800),
	(815, 464, 0, 0, 801),
	(816, 464, 0, 0, 802),
	(817, 464, 0, 0, 803),
	(818, 464, 0, 0, 804),
	(819, 464, 0, 0, 805),
	(820, 464, 0, 0, 806),
	(821, 464, 0, 0, 807),
	(822, 464, 0, 0, 808),
	(823, 464, 0, 0, 809),
	(824, 464, 0, 0, 810),
	(825, 464, 0, 0, 811),
	(826, 464, 0, 0, 812),
	(827, 465, 0, 0, 813),
	(828, 464, 0, 0, 814),
	(829, 461, 0, 0, 815),
	(830, 464, 0, 0, 816),
	(831, 461, 0, 0, 817),
	(832, 461, 0, 0, 818),
	(833, 461, 0, 0, 819),
	(834, 461, 0, 0, 820),
	(835, 464, 0, 0, 821),
	(836, 461, 0, 0, 822),
	(837, 461, 0, 0, 823),
	(838, 461, 0, 0, 824),
	(839, 461, 0, 0, 825),
	(840, 464, 0, 0, 826),
	(841, 461, 0, 0, 827),
	(842, 461, 0, 0, 828),
	(843, 461, 0, 0, 829),
	(844, 464, 0, 0, 830),
	(845, 461, 0, 0, 831),
	(846, 461, 0, 0, 832),
	(847, 461, 0, 0, 833),
	(848, 464, 0, 0, 834),
	(849, 461, 0, 0, 835),
	(850, 461, 0, 0, 836),
	(851, 461, 0, 0, 837),
	(852, 461, 0, 0, 838),
	(853, 461, 0, 0, 839),
	(854, 461, 0, 0, 840),
	(855, 464, 0, 0, 841),
	(856, 461, 0, 0, 842),
	(857, 461, 0, 0, 843),
	(858, 461, 0, 0, 844),
	(859, 461, 0, 0, 845),
	(860, 461, 0, 0, 846),
	(861, 464, 0, 0, 847),
	(862, 461, 0, 0, 848),
	(863, 461, 0, 0, 849),
	(864, 461, 0, 0, 850),
	(865, 461, 0, 0, 851),
	(866, 461, 0, 0, 852),
	(867, 461, 0, 0, 853),
	(868, 461, 0, 0, 854),
	(869, 461, 0, 0, 855),
	(870, 464, 0, 0, 856),
	(871, 461, 0, 0, 857),
	(872, 461, 0, 0, 858),
	(873, 464, 0, 0, 859),
	(874, 461, 0, 0, 860),
	(875, 461, 0, 0, 861),
	(876, 464, 0, 0, 862),
	(877, 461, 0, 0, 863),
	(878, 461, 0, 0, 864),
	(879, 464, 0, 0, 865),
	(880, 461, 0, 0, 866),
	(881, 461, 0, 0, 867),
	(882, 464, 0, 0, 868),
	(883, 461, 0, 0, 869),
	(884, 464, 0, 0, 870),
	(885, 461, 0, 0, 871),
	(886, 461, 0, 0, 872),
	(887, 464, 0, 0, 873),
	(888, 461, 0, 0, 874),
	(889, 461, 0, 0, 875),
	(890, 461, 0, 0, 876),
	(891, 461, 0, 0, 877),
	(892, 461, 0, 0, 878),
	(893, 461, 0, 0, 879),
	(894, 461, 0, 0, 880),
	(895, 464, 0, 0, 881),
	(896, 461, 0, 0, 882),
	(897, 461, 0, 0, 883),
	(898, 464, 0, 0, 884),
	(899, 461, 0, 0, 885),
	(900, 461, 0, 0, 886),
	(901, 461, 0, 0, 887),
	(902, 464, 0, 0, 888),
	(903, 461, 0, 0, 889),
	(904, 461, 0, 0, 890),
	(905, 464, 0, 0, 891),
	(906, 461, 0, 0, 892),
	(907, 464, 0, 0, 893),
	(908, 461, 0, 0, 894),
	(909, 461, 0, 0, 895),
	(910, 464, 0, 0, 896),
	(911, 461, 0, 0, 897),
	(912, 461, 0, 0, 898),
	(913, 461, 0, 0, 899),
	(914, 461, 0, 0, 900),
	(915, 464, 0, 0, 901),
	(916, 461, 0, 0, 902),
	(917, 461, 0, 0, 903),
	(918, 461, 0, 0, 904),
	(919, 461, 0, 0, 905),
	(920, 461, 0, 0, 906),
	(921, 464, 0, 0, 907),
	(922, 464, 0, 0, 908),
	(923, 461, 0, 0, 909),
	(924, 461, 0, 0, 910),
	(925, 461, 0, 0, 911),
	(926, 464, 0, 0, 912),
	(927, 461, 0, 0, 913),
	(928, 464, 0, 0, 914),
	(929, 461, 0, 0, 915),
	(930, 461, 0, 0, 916),
	(931, 461, 0, 0, 917),
	(932, 464, 0, 0, 918),
	(933, 461, 0, 0, 919),
	(934, 461, 0, 0, 920),
	(935, 461, 0, 0, 921),
	(936, 464, 0, 0, 922),
	(937, 461, 0, 0, 923),
	(938, 461, 0, 0, 924),
	(939, 464, 0, 0, 925),
	(940, 461, 0, 0, 926),
	(941, 464, 0, 0, 927),
	(942, 464, 0, 0, 928),
	(943, 464, 0, 0, 929),
	(944, 464, 0, 0, 930),
	(945, 464, 0, 0, 931),
	(946, 464, 0, 0, 932),
	(947, 464, 0, 0, 933),
	(948, 464, 0, 0, 934),
	(949, 464, 0, 0, 935),
	(950, 464, 0, 0, 936),
	(951, 464, 0, 0, 937),
	(952, 464, 0, 0, 938),
	(953, 464, 0, 0, 939),
	(954, 464, 0, 0, 940),
	(955, 464, 0, 0, 941),
	(956, 464, 0, 0, 942),
	(957, 464, 0, 0, 943),
	(958, 464, 0, 0, 944),
	(959, 464, 0, 0, 945),
	(960, 462, 0, 0, 946),
	(961, 464, 0, 0, 947),
	(962, 464, 0, 0, 948),
	(963, 464, 0, 0, 949),
	(964, 462, 0, 0, 950),
	(965, 464, 0, 0, 951),
	(966, 464, 0, 0, 952),
	(967, 461, 0, 0, 953),
	(968, 461, 0, 0, 954),
	(969, 461, 0, 0, 955),
	(970, 461, 0, 0, 956),
	(971, 461, 0, 0, 957),
	(972, 461, 0, 0, 958),
	(973, 461, 0, 0, 959),
	(974, 461, 0, 0, 960),
	(975, 461, 0, 0, 961),
	(976, 461, 0, 0, 962),
	(977, 461, 0, 0, 963),
	(978, 461, 0, 0, 964),
	(979, 461, 0, 0, 965),
	(980, 461, 0, 0, 966),
	(981, 461, 0, 0, 967),
	(982, 461, 0, 0, 968),
	(983, 464, 0, 0, 969),
	(984, 461, 0, 0, 970),
	(985, 461, 0, 0, 971),
	(986, 461, 0, 0, 972),
	(987, 464, 0, 0, 973),
	(988, 461, 0, 0, 974),
	(989, 464, 0, 0, 975),
	(990, 461, 0, 0, 976),
	(991, 464, 0, 0, 977),
	(992, 461, 0, 0, 978),
	(993, 461, 0, 0, 979),
	(994, 464, 0, 0, 980),
	(995, 461, 0, 0, 981),
	(996, 461, 0, 0, 982),
	(997, 464, 0, 0, 983),
	(998, 461, 0, 0, 984),
	(999, 464, 0, 0, 985),
	(1000, 461, 0, 0, 986),
	(1001, 461, 0, 0, 987),
	(1002, 461, 0, 0, 988),
	(1003, 461, 0, 0, 989),
	(1004, 464, 0, 0, 990),
	(1005, 464, 0, 0, 991),
	(1006, 461, 0, 0, 992),
	(1007, 464, 0, 0, 993),
	(1008, 464, 0, 0, 994),
	(1009, 461, 0, 0, 995),
	(1010, 464, 0, 0, 996),
	(1011, 464, 0, 0, 997),
	(1012, 464, 0, 0, 998),
	(1013, 462, 0, 0, 999),
	(1014, 464, 0, 0, 1000),
	(1015, 464, 0, 0, 1001),
	(1016, 464, 0, 0, 1002),
	(1017, 462, 0, 0, 1003),
	(1018, 464, 0, 0, 1004),
	(1019, 464, 0, 0, 1005),
	(1020, 464, 0, 0, 1006),
	(1021, 462, 0, 0, 1007),
	(1022, 461, 0, 0, 1008),
	(1023, 464, 0, 0, 1009),
	(1024, 461, 0, 0, 1010),
	(1025, 461, 0, 0, 1011),
	(1026, 461, 0, 0, 1012),
	(1027, 464, 0, 0, 1013),
	(1028, 461, 0, 0, 1014),
	(1029, 464, 0, 0, 1015),
	(1030, 461, 0, 0, 1016),
	(1031, 464, 0, 0, 1017),
	(1032, 461, 0, 0, 1018),
	(1033, 461, 0, 0, 1019),
	(1034, 461, 0, 0, 1020),
	(1035, 464, 0, 0, 1021),
	(1036, 461, 0, 0, 1022),
	(1037, 461, 0, 0, 1023),
	(1038, 464, 0, 0, 1024),
	(1039, 464, 0, 0, 1025),
	(1040, 461, 0, 0, 1026),
	(1041, 461, 0, 0, 1027),
	(1042, 461, 0, 0, 1028),
	(1043, 461, 0, 0, 1029),
	(1044, 464, 0, 0, 1030),
	(1045, 461, 0, 0, 1031),
	(1046, 461, 0, 0, 1032),
	(1047, 464, 0, 0, 1033),
	(1048, 464, 0, 0, 1034),
	(1049, 464, 0, 0, 1035),
	(1050, 464, 0, 0, 1036),
	(1051, 464, 0, 0, 1037),
	(1052, 461, 0, 0, 1038),
	(1053, 462, 0, 0, 1039),
	(1054, 461, 0, 0, 1040),
	(1055, 461, 0, 0, 1041),
	(1056, 461, 0, 0, 1042),
	(1057, 461, 0, 0, 1043),
	(1058, 464, 0, 0, 1044),
	(1059, 461, 0, 0, 1045),
	(1060, 464, 0, 0, 1046),
	(1061, 461, 0, 0, 1047),
	(1062, 464, 0, 0, 1048),
	(1063, 461, 0, 0, 1049),
	(1064, 461, 0, 0, 1050),
	(1065, 464, 0, 0, 1051),
	(1066, 461, 0, 0, 1052),
	(1067, 464, 0, 0, 1053),
	(1068, 464, 0, 0, 1054),
	(1069, 461, 0, 0, 1055),
	(1070, 464, 0, 0, 1056),
	(1071, 461, 0, 0, 1057),
	(1072, 464, 0, 0, 1058),
	(1073, 464, 0, 0, 1059),
	(1074, 462, 0, 0, 1060),
	(1075, 464, 0, 0, 1061),
	(1076, 462, 0, 0, 1062),
	(1077, 464, 0, 0, 1063),
	(1078, 461, 0, 0, 1064),
	(1079, 464, 0, 0, 1065),
	(1080, 461, 0, 0, 1066),
	(1081, 461, 0, 0, 1067),
	(1082, 461, 0, 0, 1068),
	(1083, 464, 0, 0, 1069),
	(1084, 464, 0, 0, 1070),
	(1085, 464, 0, 0, 1071),
	(1086, 464, 0, 0, 1072),
	(1087, 464, 0, 0, 1073),
	(1088, 464, 0, 0, 1074),
	(1089, 464, 0, 0, 1075),
	(1090, 464, 0, 0, 1076),
	(1091, 461, 0, 0, 1077),
	(1092, 464, 0, 0, 1078),
	(1093, 461, 0, 0, 1079),
	(1094, 461, 0, 0, 1080),
	(1095, 464, 0, 0, 1081),
	(1096, 461, 0, 0, 1082),
	(1097, 464, 0, 0, 1083),
	(1098, 461, 0, 0, 1084),
	(1099, 464, 0, 0, 1085),
	(1100, 461, 0, 0, 1086),
	(1101, 461, 0, 0, 1087),
	(1102, 464, 0, 0, 1088),
	(1103, 461, 0, 0, 1089),
	(1104, 461, 0, 0, 1090),
	(1105, 461, 0, 0, 1091),
	(1106, 461, 0, 0, 1092),
	(1107, 464, 0, 0, 1093),
	(1108, 461, 0, 0, 1094),
	(1109, 461, 0, 0, 1095),
	(1110, 464, 0, 0, 1096),
	(1111, 464, 0, 0, 1097),
	(1112, 464, 0, 0, 1098),
	(1113, 461, 0, 0, 1099),
	(1114, 461, 0, 0, 1100),
	(1115, 461, 0, 0, 1101),
	(1116, 464, 0, 0, 1102),
	(1117, 461, 0, 0, 1103),
	(1118, 461, 0, 0, 1104),
	(1119, 461, 0, 0, 1105),
	(1120, 464, 0, 0, 1106),
	(1121, 464, 0, 0, 1107),
	(1122, 464, 0, 0, 1108),
	(1123, 464, 0, 0, 1109),
	(1124, 464, 0, 0, 1110),
	(1125, 461, 0, 0, 1111),
	(1126, 461, 0, 0, 1112),
	(1127, 461, 0, 0, 1113),
	(1128, 461, 0, 0, 1114),
	(1129, 464, 0, 0, 1115),
	(1130, 461, 0, 0, 1116),
	(1131, 461, 0, 0, 1117),
	(1132, 461, 0, 0, 1118),
	(1133, 464, 0, 0, 1119),
	(1134, 461, 0, 0, 1120),
	(1135, 461, 0, 0, 1121),
	(1136, 461, 0, 0, 1122),
	(1137, 461, 0, 0, 1123),
	(1138, 461, 0, 0, 1124),
	(1139, 461, 0, 0, 1125),
	(1140, 464, 0, 0, 1126),
	(1141, 461, 0, 0, 1127),
	(1142, 461, 0, 0, 1128),
	(1143, 461, 0, 0, 1129),
	(1144, 464, 0, 0, 1130),
	(1145, 461, 0, 0, 1131),
	(1146, 464, 0, 0, 1132),
	(1147, 461, 0, 0, 1133),
	(1148, 464, 0, 0, 1134),
	(1149, 461, 0, 0, 1135),
	(1150, 461, 0, 0, 1136),
	(1151, 461, 0, 0, 1137),
	(1152, 461, 0, 0, 1138),
	(1153, 464, 0, 0, 1139),
	(1154, 461, 0, 0, 1140),
	(1155, 461, 0, 0, 1141),
	(1156, 461, 0, 0, 1142),
	(1157, 461, 0, 0, 1143),
	(1158, 464, 0, 0, 1144),
	(1159, 461, 0, 0, 1145),
	(1160, 461, 0, 0, 1146),
	(1161, 461, 0, 0, 1147),
	(1162, 461, 0, 0, 1148),
	(1163, 461, 0, 0, 1149),
	(1164, 461, 0, 0, 1150),
	(1165, 461, 0, 0, 1151),
	(1166, 461, 0, 0, 1152),
	(1167, 461, 0, 0, 1153),
	(1168, 461, 0, 0, 1154),
	(1169, 461, 0, 0, 1155),
	(1170, 461, 0, 0, 1156),
	(1171, 463, 0, 0, 1157),
	(1172, 461, 0, 0, 1158),
	(1173, 461, 0, 0, 1159),
	(1174, 463, 0, 0, 1160),
	(1175, 461, 0, 0, 1161),
	(1176, 461, 0, 0, 1162),
	(1177, 463, 0, 0, 1163),
	(1178, 463, 0, 0, 1164),
	(1179, 463, 0, 0, 1165),
	(1180, 463, 0, 0, 1166),
	(1181, 461, 0, 0, 1167),
	(1182, 463, 0, 0, 1168),
	(1183, 461, 0, 0, 1169),
	(1184, 463, 0, 0, 1170),
	(1185, 463, 0, 0, 1171),
	(1186, 461, 0, 0, 1172),
	(1187, 463, 0, 0, 1173),
	(1188, 463, 0, 0, 1174),
	(1189, 463, 0, 0, 1175),
	(1190, 461, 0, 0, 1176),
	(1191, 461, 0, 0, 1177),
	(1192, 461, 0, 0, 1178),
	(1193, 463, 0, 0, 1179),
	(1194, 461, 0, 0, 1180),
	(1195, 461, 0, 0, 1181),
	(1196, 463, 0, 0, 1182),
	(1197, 461, 0, 0, 1183),
	(1198, 461, 0, 0, 1184),
	(1199, 463, 0, 0, 1185),
	(1200, 461, 0, 0, 1186),
	(1201, 461, 0, 0, 1187),
	(1202, 463, 0, 0, 1188),
	(1203, 461, 0, 0, 1189),
	(1204, 463, 0, 0, 1190),
	(1205, 461, 0, 0, 1191),
	(1206, 461, 0, 0, 1192),
	(1207, 464, 0, 0, 1193),
	(1208, 461, 0, 0, 1194),
	(1209, 461, 0, 0, 1195),
	(1210, 463, 0, 0, 1196),
	(1211, 463, 0, 0, 1197),
	(1212, 461, 0, 0, 1198),
	(1213, 463, 0, 0, 1199),
	(1214, 461, 0, 0, 1200),
	(1215, 461, 0, 0, 1201),
	(1216, 461, 0, 0, 1202),
	(1217, 461, 0, 0, 1203),
	(1218, 461, 0, 0, 1204),
	(1219, 464, 0, 0, 1205),
	(1220, 461, 0, 0, 1206),
	(1221, 461, 0, 0, 1207),
	(1222, 463, 0, 0, 1208),
	(1223, 461, 0, 0, 1209),
	(1224, 461, 0, 0, 1210),
	(1225, 463, 0, 0, 1211),
	(1226, 463, 0, 0, 1212),
	(1227, 464, 0, 0, 1213),
	(1228, 461, 0, 0, 1214),
	(1229, 463, 0, 0, 1215),
	(1230, 461, 0, 0, 1216),
	(1231, 461, 0, 0, 1217),
	(1232, 463, 0, 0, 1218),
	(1233, 461, 0, 0, 1219),
	(1234, 463, 0, 0, 1220),
	(1235, 461, 0, 0, 1221),
	(1236, 463, 0, 0, 1222),
	(1237, 463, 0, 0, 1223),
	(1238, 463, 0, 0, 1224),
	(1239, 463, 0, 0, 1225),
	(1240, 461, 0, 0, 1226),
	(1241, 463, 0, 0, 1227),
	(1242, 461, 0, 0, 1228),
	(1243, 464, 0, 0, 1229),
	(1244, 463, 0, 0, 1230),
	(1245, 461, 0, 0, 1231),
	(1246, 461, 0, 0, 1232),
	(1247, 463, 0, 0, 1233),
	(1248, 463, 0, 0, 1234),
	(1249, 462, 0, 0, 1235),
	(1250, 462, 0, 0, 1236),
	(1251, 463, 0, 0, 1237),
	(1252, 462, 0, 0, 1238),
	(1253, 462, 0, 0, 1239),
	(1254, 462, 0, 0, 1240),
	(1255, 463, 0, 0, 1241),
	(1256, 462, 0, 0, 1242),
	(1257, 463, 0, 0, 1243),
	(1258, 462, 0, 0, 1244),
	(1259, 462, 0, 0, 1245),
	(1260, 462, 0, 0, 1246),
	(1261, 464, 0, 0, 1247),
	(1262, 462, 0, 0, 1248),
	(1263, 462, 0, 0, 1249),
	(1264, 463, 0, 0, 1250),
	(1265, 462, 0, 0, 1251),
	(1266, 462, 0, 0, 1252),
	(1267, 463, 0, 0, 1253),
	(1268, 463, 0, 0, 1254),
	(1269, 463, 0, 0, 1255),
	(1270, 463, 0, 0, 1256),
	(1271, 463, 0, 0, 1257),
	(1272, 463, 0, 0, 1258),
	(1273, 464, 0, 0, 1259),
	(1274, 464, 0, 0, 1260),
	(1275, 463, 0, 0, 1261),
	(1276, 463, 0, 0, 1262),
	(1277, 463, 0, 0, 1263),
	(1278, 463, 0, 0, 1264),
	(1279, 465, 0, 0, 1265),
	(1280, 463, 0, 0, 1266),
	(1281, 464, 0, 0, 1267),
	(1282, 464, 0, 0, 1268),
	(1283, 463, 0, 0, 1269),
	(1284, 463, 0, 0, 1270),
	(1285, 461, 0, 0, 1271),
	(1286, 461, 0, 0, 1272),
	(1287, 463, 0, 0, 1273),
	(1288, 463, 0, 0, 1274),
	(1289, 461, 0, 0, 1275),
	(1290, 461, 0, 0, 1276),
	(1291, 461, 0, 0, 1277),
	(1292, 461, 0, 0, 1278),
	(1293, 463, 0, 0, 1279),
	(1294, 463, 0, 0, 1280),
	(1295, 463, 0, 0, 1281),
	(1296, 464, 0, 0, 1282),
	(1297, 463, 0, 0, 1283),
	(1298, 464, 0, 0, 1284),
	(1299, 463, 0, 0, 1285),
	(1300, 464, 0, 0, 1286),
	(1301, 464, 0, 0, 1287),
	(1302, 464, 0, 0, 1288),
	(1303, 462, 0, 0, 1289),
	(1304, 464, 0, 0, 1290),
	(1305, 464, 0, 0, 1291),
	(1306, 462, 0, 0, 1292),
	(1307, 462, 0, 0, 1293),
	(1308, 464, 0, 0, 1294),
	(1309, 464, 0, 0, 1295),
	(1310, 462, 0, 0, 1296),
	(1311, 464, 0, 0, 1297),
	(1312, 462, 0, 0, 1298),
	(1313, 464, 0, 0, 1299),
	(1314, 462, 0, 0, 1300),
	(1315, 464, 0, 0, 1301),
	(1316, 462, 0, 0, 1302),
	(1317, 462, 0, 0, 1303),
	(1318, 462, 0, 0, 1304),
	(1319, 462, 0, 0, 1305),
	(1320, 462, 0, 0, 1306),
	(1321, 462, 0, 0, 1307),
	(1322, 462, 0, 0, 1308),
	(1323, 462, 0, 0, 1309),
	(1324, 462, 0, 0, 1310),
	(1325, 462, 0, 0, 1311),
	(1326, 462, 0, 0, 1312),
	(1327, 462, 0, 0, 1313),
	(1328, 462, 0, 0, 1314),
	(1329, 461, 0, 0, 1315),
	(1330, 462, 0, 0, 1316),
	(1331, 461, 0, 0, 1317),
	(1332, 461, 0, 0, 1318),
	(1333, 462, 0, 0, 1319),
	(1334, 462, 0, 0, 1320),
	(1335, 462, 0, 0, 1321),
	(1336, 462, 0, 0, 1322),
	(1337, 462, 0, 0, 1323),
	(1338, 462, 0, 0, 1324),
	(1339, 462, 0, 0, 1325),
	(1340, 462, 0, 0, 1326),
	(1341, 462, 0, 0, 1327),
	(1342, 462, 0, 0, 1328),
	(1343, 462, 0, 0, 1329),
	(1344, 462, 0, 0, 1330),
	(1345, 462, 0, 0, 1331),
	(1346, 461, 0, 0, 1332),
	(1347, 461, 0, 0, 1333),
	(1348, 462, 0, 0, 1334),
	(1349, 461, 0, 0, 1335),
	(1350, 462, 0, 0, 1336),
	(1351, 461, 0, 0, 1337),
	(1352, 461, 0, 0, 1338),
	(1353, 461, 0, 0, 1339),
	(1354, 461, 0, 0, 1340),
	(1355, 461, 0, 0, 1341),
	(1356, 461, 0, 0, 1342),
	(1357, 461, 0, 0, 1343),
	(1358, 461, 0, 0, 1344),
	(1359, 461, 0, 0, 1345),
	(1360, 461, 0, 0, 1346),
	(1361, 461, 0, 0, 1347),
	(1362, 461, 0, 0, 1348),
	(1363, 461, 0, 0, 1349),
	(1364, 461, 0, 0, 1350),
	(1365, 461, 0, 0, 1351),
	(1366, 463, 0, 0, 1352),
	(1367, 463, 0, 0, 1353),
	(1368, 463, 0, 0, 1354),
	(1369, 463, 0, 0, 1355),
	(1370, 463, 0, 0, 1356),
	(1371, 463, 0, 0, 1357),
	(1372, 463, 0, 0, 1358),
	(1373, 463, 0, 0, 1359),
	(1374, 463, 0, 0, 1360),
	(1375, 463, 0, 0, 1361),
	(1376, 463, 0, 0, 1362),
	(1377, 463, 0, 0, 1363),
	(1378, 463, 0, 0, 1364),
	(1379, 463, 0, 0, 1365),
	(1380, 463, 0, 0, 1366),
	(1381, 463, 0, 0, 1367),
	(1382, 463, 0, 0, 1368),
	(1383, 463, 0, 0, 1369),
	(1384, 464, 0, 0, 1370),
	(1385, 464, 0, 0, 1371),
	(1386, 464, 0, 0, 1372),
	(1387, 464, 0, 0, 1373),
	(1388, 464, 0, 0, 1374),
	(1389, 463, 0, 0, 1375),
	(1390, 463, 0, 0, 1376),
	(1391, 463, 0, 0, 1377),
	(1392, 463, 0, 0, 1378),
	(1393, 463, 0, 0, 1379),
	(1394, 463, 0, 0, 1380),
	(1395, 463, 0, 0, 1381),
	(1396, 463, 0, 0, 1382),
	(1397, 463, 0, 0, 1383),
	(1398, 463, 0, 0, 1384),
	(1399, 463, 0, 0, 1385),
	(1400, 463, 0, 0, 1386),
	(1401, 463, 0, 0, 1387),
	(1402, 463, 0, 0, 1388),
	(1403, 463, 0, 0, 1389),
	(1404, 463, 0, 0, 1390),
	(1405, 463, 0, 0, 1391),
	(1406, 463, 0, 0, 1392),
	(1407, 461, 0, 0, 1393),
	(1408, 461, 0, 0, 1394),
	(1409, 461, 0, 0, 1395),
	(1410, 461, 0, 0, 1396),
	(1411, 461, 0, 0, 1397),
	(1412, 461, 0, 0, 1398),
	(1413, 462, 0, 0, 1399),
	(1414, 461, 0, 0, 1400),
	(1415, 461, 0, 0, 1401),
	(1416, 461, 0, 0, 1402),
	(1417, 461, 0, 0, 1403),
	(1418, 461, 0, 0, 1404),
	(1419, 461, 0, 0, 1405),
	(1420, 462, 0, 0, 1406),
	(1421, 462, 0, 0, 1407),
	(1422, 462, 0, 0, 1408),
	(1423, 461, 0, 0, 1409),
	(1424, 461, 0, 0, 1410),
	(1425, 461, 0, 0, 1411),
	(1426, 461, 0, 0, 1412),
	(1427, 462, 0, 0, 1413),
	(1428, 462, 0, 0, 1414),
	(1429, 462, 0, 0, 1415),
	(1430, 461, 0, 0, 1416),
	(1431, 461, 0, 0, 1417),
	(1432, 461, 0, 0, 1418),
	(1433, 461, 0, 0, 1419),
	(1434, 461, 0, 0, 1420),
	(1435, 461, 0, 0, 1421),
	(1436, 462, 0, 0, 1422),
	(1437, 461, 0, 0, 1423),
	(1438, 461, 0, 0, 1424),
	(1439, 461, 0, 0, 1425),
	(1440, 461, 0, 0, 1426),
	(1441, 461, 0, 0, 1427),
	(1442, 461, 0, 0, 1428),
	(1443, 461, 0, 0, 1429),
	(1444, 461, 0, 0, 1430),
	(1445, 461, 0, 0, 1431),
	(1446, 461, 0, 0, 1432),
	(1447, 461, 0, 0, 1433),
	(1448, 462, 0, 0, 1434),
	(1449, 462, 0, 0, 1435),
	(1450, 462, 0, 0, 1436),
	(1451, 462, 0, 0, 1437),
	(1452, 462, 0, 0, 1438),
	(1453, 462, 0, 0, 1439),
	(1454, 462, 0, 0, 1440),
	(1455, 462, 0, 0, 1441),
	(1456, 462, 0, 0, 1442),
	(1457, 462, 0, 0, 1443),
	(1458, 463, 0, 0, 1444),
	(1459, 463, 0, 0, 1445),
	(1460, 463, 0, 0, 1446),
	(1461, 461, 0, 0, 1447),
	(1462, 461, 0, 0, 1448),
	(1463, 461, 0, 0, 1449),
	(1464, 461, 0, 0, 1450),
	(1465, 461, 0, 0, 1451),
	(1466, 463, 0, 0, 1452),
	(1467, 463, 0, 0, 1453),
	(1468, 463, 0, 0, 1454),
	(1469, 462, 0, 0, 1455),
	(1470, 462, 0, 0, 1456),
	(1471, 463, 0, 0, 1457),
	(1472, 463, 0, 0, 1458),
	(1473, 463, 0, 0, 1459),
	(1474, 462, 0, 0, 1460),
	(1475, 462, 0, 0, 1461),
	(1476, 463, 0, 0, 1462),
	(1477, 463, 0, 0, 1463),
	(1478, 463, 0, 0, 1464),
	(1479, 463, 0, 0, 1465),
	(1480, 463, 0, 0, 1466),
	(1481, 463, 0, 0, 1467),
	(1482, 463, 0, 0, 1468),
	(1483, 462, 0, 0, 1469),
	(1484, 462, 0, 0, 1470),
	(1485, 463, 0, 0, 1471),
	(1486, 462, 0, 0, 1472),
	(1487, 463, 0, 0, 1473),
	(1488, 463, 0, 0, 1474),
	(1489, 462, 0, 0, 1475),
	(1490, 463, 0, 0, 1476),
	(1491, 462, 0, 0, 1477),
	(1492, 462, 0, 0, 1478),
	(1493, 462, 0, 0, 1479),
	(1494, 462, 0, 0, 1480),
	(1495, 461, 0, 0, 1481),
	(1496, 461, 0, 0, 1482),
	(1497, 461, 0, 0, 1483),
	(1498, 461, 0, 0, 1484),
	(1499, 461, 0, 0, 1485),
	(1500, 461, 0, 0, 1486),
	(1501, 461, 0, 0, 1487),
	(1502, 461, 0, 0, 1488),
	(1503, 461, 0, 0, 1489),
	(1504, 461, 0, 0, 1490),
	(1505, 461, 0, 0, 1491),
	(1506, 461, 0, 0, 1492),
	(1507, 461, 0, 0, 1493),
	(1508, 461, 0, 0, 1494),
	(1509, 461, 0, 0, 1495),
	(1510, 461, 0, 0, 1496),
	(1511, 461, 0, 0, 1497),
	(1512, 461, 0, 0, 1498),
	(1513, 461, 0, 0, 1499),
	(1514, 461, 0, 0, 1500),
	(1515, 461, 0, 0, 1501),
	(1516, 461, 0, 0, 1502),
	(1517, 461, 0, 0, 1503),
	(1518, 461, 0, 0, 1504),
	(1519, 461, 0, 0, 1505),
	(1520, 461, 0, 0, 1506),
	(1521, 461, 0, 0, 1507),
	(1522, 461, 0, 0, 1508),
	(1523, 461, 0, 0, 1509),
	(1524, 461, 0, 0, 1510),
	(1525, 461, 0, 0, 1511),
	(1526, 461, 0, 0, 1512),
	(1527, 461, 0, 0, 1513),
	(1528, 461, 0, 0, 1514),
	(1529, 461, 0, 0, 1515),
	(1530, 461, 0, 0, 1516),
	(1531, 461, 0, 0, 1517),
	(1532, 461, 0, 0, 1518),
	(1533, 461, 0, 0, 1519),
	(1534, 461, 0, 0, 1520),
	(1535, 461, 0, 0, 1521),
	(1536, 461, 0, 0, 1522),
	(1537, 461, 0, 0, 1523),
	(1538, 461, 0, 0, 1524),
	(1539, 461, 0, 0, 1525),
	(1540, 461, 0, 0, 1526),
	(1541, 461, 0, 0, 1527),
	(1542, 461, 0, 0, 1528),
	(1543, 461, 0, 0, 1529),
	(1544, 461, 0, 0, 1530),
	(1545, 461, 0, 0, 1531),
	(1546, 461, 0, 0, 1532),
	(1547, 461, 0, 0, 1533),
	(1548, 461, 0, 0, 1534),
	(1549, 461, 0, 0, 1535),
	(1550, 461, 0, 0, 1536),
	(1551, 461, 0, 0, 1537),
	(1552, 461, 0, 0, 1538),
	(1553, 461, 0, 0, 1539),
	(1554, 461, 0, 0, 1540),
	(1555, 461, 0, 0, 1541),
	(1556, 461, 0, 0, 1542),
	(1557, 461, 0, 0, 1543),
	(1558, 461, 0, 0, 1544),
	(1559, 461, 0, 0, 1545),
	(1560, 461, 0, 0, 1546),
	(1561, 461, 0, 0, 1547),
	(1562, 461, 0, 0, 1548),
	(1563, 461, 0, 0, 1549),
	(1564, 461, 0, 0, 1550),
	(1565, 461, 0, 0, 1551),
	(1566, 461, 0, 0, 1552),
	(1567, 461, 0, 0, 1553),
	(1568, 461, 0, 0, 1554),
	(1569, 461, 0, 0, 1555),
	(1570, 461, 0, 0, 1556),
	(1571, 461, 0, 0, 1557),
	(1572, 461, 0, 0, 1558),
	(1573, 461, 0, 0, 1559),
	(1574, 461, 0, 0, 1560),
	(1575, 461, 0, 0, 1561),
	(1576, 461, 0, 0, 1562),
	(1577, 461, 0, 0, 1563),
	(1578, 461, 0, 0, 1564),
	(1579, 462, 0, 0, 1565),
	(1580, 461, 0, 0, 1566),
	(1581, 461, 0, 0, 1567),
	(1582, 463, 0, 0, 1568),
	(1583, 461, 0, 0, 1569),
	(1584, 461, 0, 0, 1570),
	(1585, 461, 0, 0, 1571),
	(1586, 461, 0, 0, 1572),
	(1587, 461, 0, 0, 1573),
	(1588, 461, 0, 0, 1574),
	(1589, 461, 0, 0, 1575),
	(1590, 461, 0, 0, 1576),
	(1591, 461, 0, 0, 1577),
	(1592, 461, 0, 0, 1578),
	(1593, 461, 0, 0, 1579),
	(1594, 461, 0, 0, 1580),
	(1595, 461, 0, 0, 1581),
	(1596, 461, 0, 0, 1582),
	(1597, 462, 0, 0, 1583),
	(1598, 462, 0, 0, 1584),
	(1599, 462, 0, 0, 1585),
	(1600, 462, 0, 0, 1586),
	(1601, 462, 0, 0, 1587),
	(1602, 461, 0, 0, 1588),
	(1603, 461, 0, 0, 1589),
	(1604, 461, 0, 0, 1590),
	(1605, 461, 0, 0, 1591),
	(1606, 461, 0, 0, 1592),
	(1607, 461, 0, 0, 1593),
	(1608, 461, 0, 0, 1594),
	(1609, 461, 0, 0, 1595),
	(1610, 465, 0, 0, 1596),
	(1611, 465, 0, 0, 1597),
	(1612, 465, 0, 0, 1598),
	(1613, 465, 0, 0, 1599),
	(1614, 465, 0, 0, 1600),
	(1615, 464, 0, 0, 1601),
	(1616, 464, 0, 0, 1602),
	(1617, 464, 0, 0, 1603),
	(1618, 464, 0, 0, 1604),
	(1619, 464, 0, 0, 1605),
	(1620, 464, 0, 0, 1606),
	(1621, 464, 0, 0, 1607),
	(1622, 2695, 3, 1, 0),
	(1623, 2711, 1, 1, 0),
	(1624, 3559, 3, 1, 0),
	(1625, 4282, 6, 1, 0),
	(1626, 4321, 7, 1, 0),
	(1627, 4341, 8, 1, 0),
	(1628, 4402, 9, 1, 1),
	(1629, 4406, 9, 1, 0),
	(1630, 4436, 10, 1, 0),
	(1631, 4481, 11, 1, 0),
	(1632, 4555, 13, 1, 0);

-- Dumping structure for table pgrp.server_wardrobe_items
CREATE TABLE IF NOT EXISTS `server_wardrobe_items` (
  `id` int NOT NULL AUTO_INCREMENT,
  `owner_id` int NOT NULL,
  `owner_type` int NOT NULL,
  `label` varchar(255) CHARACTER SET armscii8 COLLATE armscii8_bin NOT NULL,
  `gender` int NOT NULL DEFAULT '1',
  `component` int NOT NULL,
  `drawable` int NOT NULL,
  `texture` int NOT NULL,
  `dlc` int NOT NULL,
  `prop` tinyint(1) NOT NULL,
  PRIMARY KEY (`id`)
) ENGINE=InnoDB AUTO_INCREMENT=772 DEFAULT CHARSET=armscii8 COLLATE=armscii8_bin;

-- Dumping data for table pgrp.server_wardrobe_items: ~677 rows (approximately)
INSERT INTO `server_wardrobe_items` (`id`, `owner_id`, `owner_type`, `label`, `gender`, `component`, `drawable`, `texture`, `dlc`, `prop`) VALUES
	(2, 0, 0, 'Kein Helm', 2, 0, -1, 0, 0, 1),
	(3, 0, 1, 'Keine Brille', 2, 1, -1, 0, 0, 1),
	(4, 0, 2, 'Keine Ohrringe', 2, 2, -1, 0, 0, 1),
	(5, 0, 6, 'Keine Uhr', 2, 6, -1, 0, 0, 1),
	(6, 0, 7, 'Kein Armband', 2, 7, -1, 0, 0, 1),
	(7, 0, 0, 'Kein Unterteil', 2, 8, 15, 0, 0, 0),
	(8, 0, 0, 'Kein Oberteil', 2, 11, 15, 0, 0, 0),
	(9, 0, 0, 'Keine Maske', 1, 1, 0, 0, 0, 0),
	(10, 0, 0, 'Barfuss', 1, 6, 34, 0, 0, 0),
	(11, 0, 0, 'Unterhose', 1, 4, 21, 0, 0, 0),
	(12, 0, 0, 'Unterhose', 0, 4, 17, 0, 0, 0),
	(13, 0, 0, 'Barfuss', 0, 6, 35, 0, 0, 0),
	(14, 0, 0, 'Koerper 1', 2, 3, 1, 0, 0, 0),
	(91, 1, 1, 'LSPD Marke Guertel', 1, 7, 1, 0, -692727486, 0),
	(92, 1, 1, 'Waffengurt Bein', 1, 8, 1, 0, -692727486, 0),
	(93, 7, 0, 'Sakko offen Navy Blau', 1, 11, 29, 2, 0, 0),
	(94, 7, 0, 'Sakko offen Gruen', 1, 11, 29, 3, 0, 0),
	(95, 7, 0, 'Sakko offen Weiss', 1, 11, 29, 5, 0, 0),
	(96, 7, 0, 'Sakko offen Braun', 1, 11, 29, 6, 0, 0),
	(97, 7, 0, 'Sakko geschlossen Navy Blau', 1, 11, 30, 2, 0, 0),
	(98, 7, 0, 'Sakko geschlossen Gruen', 1, 11, 30, 3, 0, 0),
	(99, 7, 0, 'Sakko geschlossen Weiss', 1, 11, 30, 5, 0, 0),
	(100, 7, 0, 'Hemd offen Weiss', 1, 11, 419, 3, 0, 0),
	(101, 7, 0, 'Hemd offen Beige', 1, 11, 419, 4, 0, 0),
	(102, 7, 0, 'Hemd offen Braun', 1, 11, 419, 5, 0, 0),
	(103, 7, 0, 'Mantel geschlossen Schwarz', 1, 11, 27, 0, 0, 0),
	(104, 7, 0, 'Mantel geschlossen Blau', 1, 11, 27, 2, 0, 0),
	(105, 7, 0, 'Hemd geschlossen Rot', 1, 11, 13, 5, 0, 0),
	(106, 7, 0, 'Hemd offen Weiss', 1, 11, 12, 0, 0, 0),
	(107, 7, 0, 'Hemd geschlossen Eis Weiss', 1, 11, 349, 5, 0, 0),
	(108, 7, 0, 'Hemd geschlossen Schwarz', 1, 11, 349, 3, 0, 0),
	(109, 7, 0, 'Hemd geschlossen Rot', 1, 11, 349, 7, 0, 0),
	(110, 7, 0, 'Hemd geschlossen Minze', 1, 11, 349, 8, 0, 0),
	(111, 2, 0, 'TShirt Weiss', 1, 11, 1, 0, 0, 0),
	(112, 2, 0, 'TShirt Navy Blau', 1, 11, 1, 5, 0, 0),
	(113, 2, 0, 'TShirt Rot', 1, 11, 1, 4, 0, 0),
	(114, 2, 0, 'TShirt Gelb', 1, 11, 1, 3, 0, 0),
	(115, 2, 0, 'Hemd geschlossen Rot kariert', 1, 11, 349, 19, 0, 0),
	(116, 7, 0, 'Anzugshose Eng Schwarz', 1, 4, 24, 0, 0, 0),
	(117, 7, 0, 'Anzugshose Eng Dunkel Blau', 1, 4, 24, 2, 0, 0),
	(118, 7, 0, 'Anzugshose Eng Gruen', 1, 4, 24, 3, 0, 0),
	(119, 7, 0, 'Anzugshose Eng Rot', 1, 4, 24, 4, 0, 0),
	(120, 7, 0, 'Anzugshose Eng Weiss', 1, 4, 24, 5, 0, 0),
	(121, 7, 0, 'Anzugshose Eng Braun', 1, 4, 24, 6, 0, 0),
	(122, 7, 0, 'Anzugshose Eng Dunkles Blau', 1, 4, 49, 1, 0, 0),
	(123, 7, 0, 'Anzugshose Eng Rosa', 1, 4, 49, 3, 0, 0),
	(124, 7, 0, 'Anzugshose Eng Gelb Beige', 1, 4, 49, 4, 0, 0),
	(125, 7, 0, 'Anzugshose Eng Helles Rot', 1, 4, 28, 2, 0, 0),
	(126, 7, 0, 'Anzugshose Eng Helles Grau Strich Schwarz', 1, 4, 28, 3, 0, 0),
	(127, 7, 0, 'Anzugshose Eng Gruen', 1, 4, 28, 4, 0, 0),
	(128, 7, 0, 'Anzugshose Eng Weiss', 1, 4, 28, 8, 0, 0),
	(129, 7, 0, 'Anzugshose Eng Triaden Blau', 1, 4, 28, 11, 0, 0),
	(130, 7, 0, 'Sakko offen Weiss', 1, 11, 294, 4, 0, 0),
	(131, 7, 0, 'Sakko offen Blau', 1, 11, 294, 7, 0, 0),
	(132, 7, 0, 'Sakko offen Hellblau', 1, 11, 294, 8, 0, 0),
	(133, 7, 0, 'Sakko offen Rot', 1, 11, 294, 9, 0, 0),
	(134, 7, 0, 'Sakko geschlossen Schwarz', 1, 11, 295, 0, 0, 0),
	(135, 7, 0, 'Sakko geschlossen Hell Grau', 1, 11, 295, 2, 0, 0),
	(136, 7, 0, 'Sakko geschlossen Braun', 1, 11, 295, 5, 0, 0),
	(137, 7, 0, 'Sakko geschlossen Beige', 1, 11, 295, 6, 0, 0),
	(138, 7, 0, 'Sakko geschlossen Blau', 1, 11, 295, 7, 0, 0),
	(139, 7, 0, 'Mantel geschlossen Schwarz', 1, 11, 76, 0, 0, 0),
	(140, 7, 0, 'Mantel geschlossen Schwarz', 1, 11, 76, 1, 0, 0),
	(141, 7, 0, 'Mantel geschlossen Weiss', 1, 11, 76, 3, 0, 0),
	(142, 7, 0, 'Goldene LC Kette', 1, 7, 46, 0, 0, 0),
	(143, 11, 0, 'TShirt Gelb', 1, 11, 1, 3, 0, 0),
	(144, 11, 0, 'TShirt Navy Blau', 1, 11, 1, 5, 0, 0),
	(145, 2, 1, 'Tshirt Schwarz', 1, 11, 0, 2, 0, 0),
	(146, 2, 1, 'Waffenholster', 1, 8, 130, 0, 0, 0),
	(147, 2, 1, 'Jogginghose Schwarz', 1, 4, 59, 9, 0, 0),
	(148, 2, 1, 'Einsatzschuhe Schwarz', 1, 6, 24, 0, 0, 0),
	(149, 2, 1, 'Einsatzhelm', 1, 0, 117, 0, 0, 1),
	(150, 2, 1, 'Tshirtmaske Schwarz', 1, 1, 54, 0, 0, 0),
	(151, 2, 1, 'Handschuhe Schwarz', 1, 3, 30, 0, 0, 0),
	(152, 2, 1, 'Marke Hals Guertel', 1, 7, 6, 1, -692727486, 0),
	(153, 2, 1, 'Kampfoberteil Schwarz', 1, 11, 53, 0, 0, 0),
	(154, 2, 1, 'Einsatzoberteil Grau', 1, 11, 53, 1, 0, 0),
	(155, 2, 1, 'Jogginghose Grau', 1, 4, 59, 6, 0, 0),
	(156, 2, 1, 'Tshirt Maske Grau', 1, 1, 54, 4, 0, 0),
	(157, 2, 1, 'Marke Hals Schwarz', 1, 7, 7, 1, -692727486, 0),
	(158, 2, 1, 'Marke Hals Blau', 1, 7, 7, 0, -692727486, 0),
	(159, 2, 1, 'Marke Hals Guertel Blau', 1, 7, 6, 0, -692727486, 0),
	(160, 2, 1, 'Marke Guertel', 1, 7, 8, 0, -692727486, 0),
	(161, 2, 1, 'Waffenholster Bein', 1, 8, 1, 1, -692727486, 0),
	(163, 2, 1, 'Ohrstecker', 1, 1, 121, 0, 0, 0),
	(164, 2, 1, 'Einsatzmaske Schwarz', 1, 1, 52, 0, 0, 0),
	(165, 2, 1, 'EInsatzhelm Visier Unten', 1, 0, 116, 0, 0, 1),
	(166, 14, 0, 'Jacke Blau Orange', 1, 11, 3, 10, 0, 0),
	(167, 14, 0, 'Hemd offen Grau', 1, 11, 419, 1, 0, 0),
	(168, 14, 0, 'Anzugshose Eng Grau', 1, 4, 24, 1, 0, 0),
	(169, 14, 0, 'Hemd geschlossen Grau', 1, 11, 349, 9, 0, 0),
	(170, 7, 0, 'Koerper 1', 1, 3, 1, 0, 0, 0),
	(176, 2, 1, 'FIB Oberteil', 1, 11, 1, 2, 68283543, 0),
	(182, 2, 1, 'Beinholster', 1, 7, 0, 0, 68283543, 0),
	(183, 6, 0, 'Sakko offen Braun', 1, 11, 294, 5, 0, 0),
	(184, 6, 0, 'Kapuzenpullover Biggnes Weiss', 1, 11, 200, 11, 0, 0),
	(185, 14, 0, 'Leder Hose Schwarz', 1, 4, 73, 0, 0, 0),
	(186, 14, 0, 'Pelzmantel offen Schwarz', 1, 11, 70, 7, 0, 0),
	(187, 14, 0, 'Weste Schwarz 2', 1, 8, 4, 0, 0, 0),
	(188, 14, 0, 'Sakko geschlossen Schwarz', 1, 11, 30, 0, 0, 0),
	(189, 14, 0, 'Anzugshose Eng Schwarz', 1, 4, 24, 0, 0, 0),
	(190, 14, 0, 'Oxford Schwarz', 1, 6, 10, 0, 0, 0),
	(191, 14, 0, 'Mantel geschlossen kariert Schwarz', 1, 11, 20, 2, 0, 0),
	(192, 14, 0, 'Anzugshose Grau Muster', 1, 4, 118, 0, 0, 0),
	(193, 14, 0, 'Hemd offen Navy Blau', 1, 11, 348, 2, 0, 0),
	(194, 6, 0, 'Koerper Combathandschuhe', 1, 3, 17, 0, 0, 0),
	(195, 6, 0, 'Koerper Langarm1', 1, 3, 4, 0, 0, 0),
	(196, 2, 0, 'Koerper Handschuhe offen Lang1', 1, 3, 20, 0, 0, 0),
	(197, 2, 0, 'Koerper Combathandschuhe', 1, 3, 17, 0, 0, 0),
	(198, 7, 0, 'Tshirt Grau 1', 1, 8, 1, 1, 0, 0),
	(199, 7, 0, 'Tshirt Gelb 1', 1, 8, 1, 3, 0, 0),
	(200, 7, 0, 'Tshirt Rot 1', 1, 8, 1, 4, 0, 0),
	(201, 7, 0, 'Tshirt Blau 1', 1, 8, 1, 5, 0, 0),
	(202, 7, 0, 'Tshirt Lila 1', 1, 8, 1, 6, 0, 0),
	(203, 7, 0, 'Tshirt Gruen 1', 1, 8, 1, 7, 0, 0),
	(204, 7, 0, 'Weste Schwarz 1', 1, 8, 3, 0, 0, 0),
	(205, 7, 0, 'Weste Grau 1', 1, 8, 3, 1, 0, 0),
	(206, 7, 0, 'Weste Blau 1', 1, 8, 3, 2, 0, 0),
	(207, 7, 0, 'Weste Schwarz 2', 1, 8, 4, 0, 0, 0),
	(208, 7, 0, 'Weste Grau 2', 1, 8, 4, 1, 0, 0),
	(209, 7, 0, 'Weste Blau 2', 1, 8, 4, 2, 0, 0),
	(210, 7, 0, 'Hemd Weiss 1', 1, 8, 6, 0, 0, 0),
	(211, 7, 0, 'Hemd Dunkelgrau 1', 1, 8, 6, 2, 0, 0),
	(212, 7, 0, 'Hemd Lachs 1', 1, 8, 6, 5, 0, 0),
	(213, 7, 0, 'Hemd Gruen 1', 1, 8, 6, 7, 0, 0),
	(214, 7, 0, 'Hemd Beige 1', 1, 8, 6, 9, 0, 0),
	(215, 7, 0, 'Hemd Minze 1', 1, 8, 6, 10, 0, 0),
	(216, 7, 0, 'Hemd Braun 1', 1, 8, 6, 11, 0, 0),
	(217, 7, 0, 'Hemd Rot 1', 1, 8, 6, 12, 0, 0),
	(218, 7, 0, 'Hemd Grau 2', 1, 8, 7, 1, 0, 0),
	(219, 7, 0, 'Hemd Dunkelgrau 2', 1, 8, 7, 2, 0, 0),
	(220, 7, 0, 'Hemd Gruen 2', 1, 8, 7, 7, 0, 0),
	(221, 7, 0, 'Hemd Lila 2', 1, 8, 7, 8, 0, 0),
	(222, 7, 0, 'Hemd Beige 2', 1, 8, 7, 9, 0, 0),
	(223, 7, 0, 'Hemd Braun 2', 1, 8, 7, 11, 0, 0),
	(224, 7, 0, 'Hemd Rot 2', 1, 8, 7, 12, 0, 0),
	(225, 7, 0, 'Koerper Kurzarm 1', 1, 3, 0, 0, 0, 0),
	(226, 7, 0, 'Koerper Kurzarm 3', 1, 3, 2, 0, 0, 0),
	(227, 7, 0, 'Koerper Kurzarm 4', 1, 3, 5, 0, 0, 0),
	(228, 7, 0, 'Koerper Langarm 1', 1, 3, 4, 0, 0, 0),
	(229, 7, 0, 'Koerper Langarm 2', 1, 3, 6, 0, 0, 0),
	(230, 7, 0, 'Koerper Nackt', 1, 3, 15, 0, 0, 0),
	(231, 7, 0, 'Koerper Combathandschuhe', 1, 3, 17, 0, 0, 0),
	(232, 7, 0, 'Koerper Handschuhe offen kurz 1', 1, 3, 19, 0, 0, 0),
	(233, 7, 0, 'Koerper Handschuhe offen kurz 2', 1, 3, 21, 0, 0, 0),
	(234, 7, 0, 'Koerper Handschuhe offen kurz 3', 1, 3, 23, 0, 0, 0),
	(235, 7, 0, 'Koerper Handschuhe offen Lang 2', 1, 3, 22, 0, 0, 0),
	(236, 7, 0, 'Koerper Handschuhe offen Lang 3', 1, 3, 24, 0, 0, 0),
	(237, 7, 0, 'Koerper Handschuhe offen kurz 4', 1, 3, 25, 0, 0, 0),
	(238, 7, 0, 'Koerper Handschuhe offen kurz 5', 1, 3, 26, 0, 0, 0),
	(239, 7, 0, 'Koerper Handschuhe offen Nackt', 1, 3, 29, 0, 0, 0),
	(240, 7, 0, 'Koerper Handschuhe geschlossen kurz 2', 1, 3, 32, 0, 0, 0),
	(241, 7, 0, 'Koerper Handschuhe geschlossen Lang 2', 1, 3, 33, 0, 0, 0),
	(242, 7, 0, 'Koerper Handschuhe geschlossen kurz 3', 1, 3, 34, 0, 0, 0),
	(243, 7, 0, 'Koerper Handschuhe geschlossen Lang 3', 1, 3, 35, 0, 0, 0),
	(244, 7, 0, 'Koerper Handschuhe geschlossen kurz 4', 1, 3, 36, 0, 0, 0),
	(245, 7, 0, 'Koerper Handschuhe geschlossen Nackt', 1, 3, 40, 0, 0, 0),
	(246, 7, 0, 'Koerper Handschuhe fingerlos kurz 1', 1, 3, 52, 0, 0, 0),
	(247, 7, 0, 'Koerper Handschuhe fingerlos Lang 1', 1, 3, 53, 0, 0, 0),
	(248, 7, 0, 'Koerper Handschuhe fingerlos kurz 2', 1, 3, 54, 0, 0, 0),
	(249, 7, 0, 'Koerper Handschuhe fingerlos Lang 2', 1, 3, 55, 0, 0, 0),
	(250, 7, 0, 'Koerper Handschuhe fingerlos kurz 3', 1, 3, 56, 0, 0, 0),
	(251, 7, 0, 'Koerper Handschuhe fingerlos Lang 3', 1, 3, 57, 0, 0, 0),
	(252, 7, 0, 'Koerper Handschuhe fingerlos Nackt', 1, 3, 62, 0, 0, 0),
	(253, 7, 0, 'Koerper Gaertnerhandschuhe kurz 1', 1, 3, 63, 0, 0, 0),
	(254, 7, 0, 'Koerper Gaertnerhandschuhe Lang 1', 1, 3, 64, 0, 0, 0),
	(255, 7, 0, 'Koerper Gaertnerhandschuhe kurz 2', 1, 3, 65, 0, 0, 0),
	(256, 7, 0, 'Koerper Gaertnerhandschuhe Lang 2', 1, 3, 66, 0, 0, 0),
	(257, 7, 0, 'Koerper Gaertnerhandschuhe Lang 3', 1, 3, 68, 0, 0, 0),
	(258, 7, 0, 'Koerper Gaertnerhandschuhe Nackt', 1, 3, 73, 0, 0, 0),
	(259, 7, 0, 'Oxford Schwarz', 1, 6, 10, 0, 0, 0),
	(260, 6, 0, 'Anzugshose Eng Schwarz', 1, 4, 24, 0, 0, 0),
	(261, 6, 0, 'Anzugshose Eng Grau', 1, 4, 24, 1, 0, 0),
	(262, 6, 0, 'Anzugshose Eng Dunkel Blau', 1, 4, 24, 2, 0, 0),
	(263, 6, 0, 'Anzugshose Eng Gruen', 1, 4, 24, 3, 0, 0),
	(264, 6, 0, 'Anzugshose Eng Rot', 1, 4, 24, 4, 0, 0),
	(265, 6, 0, 'Anzugshose Eng Weiss', 1, 4, 24, 5, 0, 0),
	(266, 6, 0, 'Oxford Schwarz', 1, 6, 10, 0, 0, 0),
	(267, 6, 0, 'Oxford Cream', 1, 6, 10, 7, 0, 0),
	(268, 6, 0, 'Oxford Coffee', 1, 6, 10, 12, 0, 0),
	(269, 6, 0, 'Oxford Beige', 1, 6, 10, 14, 0, 0),
	(270, 6, 0, 'Oxford Chocolate', 1, 6, 20, 0, 0, 0),
	(271, 6, 0, 'Oxford Chestnut', 1, 6, 20, 1, 0, 0),
	(272, 6, 0, 'Oxford Tan', 1, 6, 20, 2, 0, 0),
	(273, 6, 0, 'Oxford White', 1, 6, 20, 3, 0, 0),
	(274, 6, 0, 'Hemd Anzug offen Weiss', 1, 8, 32, 0, 0, 0),
	(275, 6, 0, 'Koerper Langarm 2', 1, 3, 6, 0, 0, 0),
	(276, 6, 0, 'Koerper Langarm3', 1, 3, 12, 0, 0, 0),
	(277, 7, 0, 'Hemd Anzug Weiss', 1, 8, 31, 0, 0, 0),
	(278, 12, 0, 'Koerper Kurzarm 1', 1, 3, 0, 0, 0, 0),
	(279, 12, 0, 'Koerper Kurzarm 3', 1, 3, 2, 0, 0, 0),
	(280, 12, 0, 'Koerper Kurzarm 4', 1, 3, 5, 0, 0, 0),
	(281, 12, 0, 'Koerper Kurzarm 5', 1, 3, 8, 0, 0, 0),
	(282, 12, 0, 'Koerper Langarm 1', 1, 3, 4, 0, 0, 0),
	(283, 12, 0, 'Koerper Langarm 2', 1, 3, 6, 0, 0, 0),
	(284, 12, 0, 'Koerper Nackt', 1, 3, 15, 0, 0, 0),
	(285, 12, 0, 'Koerper Langarm3', 1, 3, 12, 0, 0, 0),
	(286, 12, 0, 'Koerper Combathandschuhe', 1, 3, 17, 0, 0, 0),
	(287, 12, 0, 'Koerper Handschuhe offen kurz 1', 1, 3, 19, 0, 0, 0),
	(288, 12, 0, 'Koerper Handschuhe offen Lang 1', 1, 3, 20, 0, 0, 0),
	(289, 12, 0, 'Koerper Handschuhe offen kurz 3', 1, 3, 23, 0, 0, 0),
	(290, 12, 0, 'Koerper Handschuhe offen Lang 3', 1, 3, 24, 0, 0, 0),
	(291, 12, 0, 'Koerper Handschuhe offen kurz 4', 1, 3, 25, 0, 0, 0),
	(292, 12, 0, 'Koerper Handschuhe offen kurz 5', 1, 3, 26, 0, 0, 0),
	(293, 12, 0, 'Koerper Handschuhe offen Nackt', 1, 3, 29, 0, 0, 0),
	(294, 7, 0, 'Sakko geschlossen Grau', 1, 11, 295, 1, 0, 0),
	(295, 12, 0, 'Bademantel Schwarz', 1, 4, 119, 5, 0, 0),
	(296, 12, 0, 'Laufschuhe Weiss', 1, 6, 31, 2, 0, 0),
	(297, 12, 0, 'Soldaten Hoodie Schwarz', 1, 11, 200, 2, 0, 0),
	(298, 6, 0, 'Anzugshose Eng Triaden Blau', 1, 4, 28, 11, 0, 0),
	(299, 6, 0, 'Hemd offen Navy Blau', 1, 11, 348, 2, 0, 0),
	(300, 14, 0, 'Hemd geschlossen Navy Blau', 1, 11, 349, 2, 0, 0),
	(301, 14, 0, 'Koerper Langarm 1', 1, 3, 4, 0, 0, 0),
	(302, 6, 0, 'Weste Schwarz', 1, 11, 11, 1, 0, 0),
	(303, 6, 0, 'Hemd offen blau kariert', 1, 8, 7, 13, 0, 0),
	(304, 6, 0, 'Hemd geschlossen blau kariert', 1, 8, 6, 13, 0, 0),
	(305, 6, 0, 'Koerper Kurzarm 1', 1, 3, 0, 0, 0, 0),
	(306, 6, 0, 'Koerper Kurzarm Anzugsweste', 1, 3, 11, 0, 0, 0),
	(307, 20, 0, 'SweatShirt Jacke Blau', 1, 11, 249, 0, 0, 0),
	(308, 13, 0, 'Muetze schwarz', 1, 0, 2, 0, 0, 1),
	(309, 13, 0, 'Hemd Blau', 1, 8, 45, 0, 0, 0),
	(310, 7, 0, 'Muetze schwarz', 1, 0, 2, 0, 0, 1),
	(311, 14, 0, 'Gianfranco Braun', 1, 1, 5, 0, 0, 1),
	(312, 14, 0, 'Muetze schwarz', 1, 0, 2, 0, 0, 1),
	(313, 14, 0, 'Sakko geschlossen Schwarz', 1, 11, 32, 0, 0, 0),
	(314, 14, 0, 'Hemd Anzug Weiss', 1, 8, 31, 0, 0, 0),
	(315, 3, 0, 'Anzugshose Eng Schwarz', 1, 4, 24, 0, 0, 0),
	(316, 3, 0, 'Hemd geschlossen Eis Weiss', 1, 11, 349, 5, 0, 0),
	(317, 3, 0, 'Koerper Langarm3', 1, 3, 12, 0, 0, 0),
	(318, 3, 0, 'Sneaker White', 1, 6, 42, 2, 0, 0),
	(319, 6, 0, 'Muetze schwarz', 1, 0, 2, 0, 0, 1),
	(320, 14, 0, 'Melone Blau', 1, 0, 26, 2, 0, 1),
	(321, 6, 0, 'Schaal Schwarz breit', 1, 7, 31, 2, 0, 0),
	(322, 6, 0, 'Wuestenschal Schwarz', 1, 7, 112, 2, 0, 0),
	(323, 6, 0, 'Sakko offen Weiss', 1, 11, 294, 4, 0, 0),
	(324, 6, 0, 'Hemd Rot 2', 1, 8, 7, 12, 0, 0),
	(325, 6, 0, 'Krawatte Lang Braun Breit', 1, 7, 21, 7, 0, 0),
	(326, 6, 0, 'Krawatte Schwarz Breit kurz', 1, 7, 24, 2, 0, 0),
	(327, 14, 0, 'Sneaker Schwarz', 1, 6, 42, 1, 0, 0),
	(328, 14, 0, 'Rentierhoerner', 1, 0, 24, 0, 0, 1),
	(329, 2, 0, 'Jacke Blau', 1, 11, 3, 3, 0, 0),
	(330, 2, 0, 'Tshirt Weiss 1', 1, 8, 1, 0, 0, 0),
	(331, 2, 0, 'Jeans Blau', 1, 4, 0, 0, 0, 0),
	(332, 6, 0, 'Sakko geschlossen Schwarz', 1, 11, 295, 0, 0, 0),
	(333, 6, 0, 'Krawatte Lang Gold kariert Breit', 1, 7, 28, 14, 0, 0),
	(334, 6, 0, 'Hemd Anzug Gruen', 1, 8, 31, 8, 0, 0),
	(335, 6, 0, 'Wulf Gold', 1, 1, 8, 0, 0, 1),
	(336, 6, 0, 'Hemd Anzug Weiss', 1, 8, 31, 0, 0, 0),
	(337, 6, 0, 'Krawatte Lang Dunkelblau Breit', 1, 7, 28, 4, 0, 0),
	(338, 3, 0, 'Kapuzenpullover Herren Weiss2', 1, 11, 200, 25, 0, 0),
	(339, 3, 0, 'Anzugshose Eng Weiss', 1, 4, 24, 5, 0, 0),
	(340, 3, 0, 'Muetze schwarz', 1, 0, 2, 0, 0, 1),
	(341, 3, 0, 'TShirt Maske Weiss', 1, 1, 54, 1, 0, 0),
	(342, 12, 0, 'Hemd offen Weiss', 1, 11, 348, 0, 0, 0),
	(343, 12, 0, 'Sneaker White', 1, 6, 42, 2, 0, 0),
	(344, 12, 0, 'Anzugshose Eng Grau', 1, 4, 24, 1, 0, 0),
	(345, 12, 0, 'Wulf Gold', 1, 1, 8, 0, 0, 1),
	(346, 6, 0, 'Hemd geschlossen Eis Weiss', 1, 11, 349, 5, 0, 0),
	(347, 6, 0, 'Sneaker White', 1, 6, 42, 2, 0, 0),
	(348, 3, 0, 'Anzugshose Eng Gruen', 1, 4, 24, 3, 0, 0),
	(349, 3, 0, 'Cap Hinten Weiss', 1, 0, 143, 2, 0, 1),
	(350, 3, 0, 'Fedora Weiss', 1, 0, 12, 1, 0, 1),
	(351, 6, 0, 'Diamond Kapuzenpullover Schwarz', 1, 11, 305, 1, 0, 0),
	(352, 7, 0, 'Polo Shirt Kurze Aermel Schwarz', 1, 11, 241, 4, 0, 0),
	(353, 7, 0, 'Kapuzenpullover Biggnes Weiss', 1, 11, 200, 11, 0, 0),
	(354, 7, 0, 'Fedora Weiss', 1, 0, 12, 1, 0, 1),
	(355, 7, 0, 'Fedora Schwarz Schwarzes Band', 1, 0, 61, 9, 0, 1),
	(356, 14, 0, 'Diamond Kapuzenpullover Schwarz', 1, 11, 305, 1, 0, 0),
	(357, 6, 0, 'Hemd Langarm Weiss', 1, 8, 157, 0, 0, 0),
	(358, 6, 0, 'Weste Muster Blau', 1, 11, 120, 11, 0, 0),
	(359, 6, 0, 'Sakko offen schwarz', 1, 11, 294, 0, 0, 0),
	(360, 6, 0, 'Krawatte Lang Schwarz Breit', 1, 7, 28, 2, 0, 0),
	(361, 6, 0, 'Fedora Schwarz Schwarzes Band', 1, 0, 61, 9, 0, 1),
	(362, 6, 0, 'Hemd offen Weiss', 1, 11, 348, 0, 0, 0),
	(363, 6, 0, 'Anzugshose schwarz glaenzend', 1, 4, 28, 0, 0, 0),
	(364, 6, 0, 'Sneaker full black', 1, 6, 1, 14, 0, 0),
	(366, 1, 1, 'Schwarzes Halstuch', 1, 1, 169, 0, 0, 0),
	(367, 1, 1, 'LSPD Tshirt Maske', 1, 1, 54, 10, 0, 0),
	(368, 1, 1, 'Einfaches Guertelholster', 1, 6, 122, 0, 0, 0),
	(369, 1, 1, 'Waffenholster', 1, 8, 130, 0, 0, 0),
	(370, 1, 1, 'Einfacher Funkgeraetguertel', 1, 8, 153, 0, 0, 0),
	(371, 1, 1, 'Schwerer Funkgeraetguertel', 1, 8, 58, 0, 0, 0),
	(372, 3, 0, 'Hemd offen Navy Blau', 1, 11, 348, 2, 0, 0),
	(373, 3, 0, 'Hemd offen Weiss', 1, 11, 348, 0, 0, 0),
	(374, 3, 0, 'Hemd offen Rot gepunktet', 1, 11, 348, 17, 0, 0),
	(375, 1, 1, 'Einfacher Waffenguertel', 1, 8, 122, 0, 0, 0),
	(376, 1, 1, 'Einfacher Einsatzguertel', 1, 8, 154, 0, 0, 0),
	(377, 1, 1, 'Schwerer Einsatzguertel', 1, 8, 155, 0, 0, 0),
	(378, 1, 1, 'Waffenholster', 0, 8, 160, 0, 0, 0),
	(379, 1, 1, 'Einfacher Funkgeraetguertel', 0, 8, 189, 0, 0, 0),
	(380, 1, 1, 'Schwerer Funkgeraetguertel', 0, 8, 35, 0, 0, 0),
	(381, 1, 1, 'Einfacher Einsatzguertel', 0, 8, 190, 0, 0, 0),
	(382, 1, 1, 'Schwerer Einsatzguertel', 0, 8, 191, 0, 0, 0),
	(383, 1, 1, 'Beinholster', 1, 7, 0, 0, 68283543, 0),
	(384, 24, 0, 'Koerper Kurzarm 3', 1, 3, 2, 0, 0, 0),
	(385, 24, 0, 'Koerper Kurzarm 4', 1, 3, 5, 0, 0, 0),
	(386, 24, 0, 'Koerper Kurzarm 5', 1, 3, 8, 0, 0, 0),
	(387, 24, 0, 'Koerper Langarm 1', 1, 3, 4, 0, 0, 0),
	(388, 24, 0, 'Koerper Nackt', 1, 3, 15, 0, 0, 0),
	(389, 24, 0, 'Koerper Langarm3', 1, 3, 12, 0, 0, 0),
	(390, 24, 0, 'Koerper Handschuhe offen Lang 1', 1, 3, 20, 0, 0, 0),
	(391, 24, 0, 'Koerper Handschuhe offen kurz 5', 1, 3, 26, 0, 0, 0),
	(392, 14, 0, 'Normal Fit Jeans Blau', 1, 4, 63, 0, 0, 0),
	(393, 14, 0, 'Polo Shirt Kurze Aermel Grau', 1, 11, 241, 0, 0, 0),
	(394, 14, 0, 'Koerper Kurzarm 1', 1, 3, 0, 0, 0, 0),
	(395, 14, 0, 'Jeans Breit Gruen', 1, 4, 7, 6, 0, 0),
	(396, 14, 0, 'Kapuzen Hoodie Blau', 1, 11, 374, 0, 0, 0),
	(397, 14, 0, 'Baggie Jeans Dunkel Grau', 1, 4, 1, 0, 0, 0),
	(398, 14, 0, 'Goldkette', 1, 7, 16, 1, 0, 0),
	(399, 3, 0, 'Polo Shirt Kurze Aermel Creme', 1, 11, 241, 3, 0, 0),
	(400, 3, 0, 'Polo Shirt Kurze Aermel Schwarz', 1, 11, 241, 4, 0, 0),
	(401, 3, 0, 'Koerper Kurzarm 1', 1, 3, 0, 0, 0, 0),
	(402, 3, 0, 'Diamond Kapuzenpullover Blau', 1, 11, 305, 6, 0, 0),
	(403, 3, 0, 'Diamond Kapuzenpullover Gruen', 1, 11, 305, 7, 0, 0),
	(404, 3, 0, 'Diamond Kapuzenpullover Weiss', 1, 11, 305, 0, 0, 0),
	(405, 6, 0, 'Hemd offen Schwarz', 1, 11, 348, 3, 0, 0),
	(406, 2, 0, 'Mantel geschlossen Weiss', 1, 11, 76, 3, 0, 0),
	(407, 2, 0, 'Anzugshose Breit Blau Karriert', 1, 4, 22, 9, 0, 0),
	(408, 2, 0, 'Spats Schwarz Weiss', 1, 6, 19, 0, 0, 0),
	(409, 2, 0, 'Krawatte Lang Rot Breit', 1, 7, 28, 5, 0, 0),
	(410, 14, 0, 'taillierte Lederjacke Schwarz', 1, 11, 62, 0, 0, 0),
	(411, 14, 0, 'Hemd Blau', 1, 8, 45, 0, 0, 0),
	(412, 14, 0, 'Streetwear Jeans', 1, 4, 75, 0, 0, 0),
	(413, 14, 0, 'Tshirt Grau 1', 1, 8, 1, 1, 0, 0),
	(414, 14, 0, 'Perlenkette Schwarz', 1, 7, 113, 0, 0, 0),
	(415, 14, 0, 'Sneaker White', 1, 6, 42, 2, 0, 0),
	(416, 1, 1, 'Besprechungshose', 1, 4, 24, 0, 0, 0),
	(417, 1, 1, 'Besprechungshemd', 1, 11, 316, 2, 0, 0),
	(418, 6, 0, 'Sakko offen Blau', 1, 11, 294, 7, 0, 0),
	(419, 6, 0, 'Rollkragen 2 Schwarz', 1, 8, 72, 3, 0, 0),
	(420, 28, 0, 'Anzugshose Eng Schwarz', 1, 4, 24, 0, 0, 0),
	(421, 28, 0, 'Oxford Schwarz', 1, 6, 10, 0, 0, 0),
	(422, 28, 0, 'Ski Brille Schwarz Orange', 1, 1, 25, 6, 0, 1),
	(423, 30, 0, 'TShirt Schwarz', 1, 11, 351, 1, 0, 0),
	(424, 30, 0, 'Wulf Schwarz', 1, 1, 8, 6, 0, 1),
	(425, 30, 0, 'Wulf Golden', 1, 1, 8, 8, 0, 1),
	(426, 30, 0, 'Anzugshose Eng Weiss', 1, 4, 24, 5, 0, 0),
	(427, 30, 0, 'Koerper Kurzarm 1', 1, 3, 0, 0, 0, 0),
	(428, 7, 0, 'Muetze Weiss', 1, 0, 2, 6, 0, 1),
	(429, 30, 0, 'Fedora Weiss', 1, 0, 12, 1, 0, 1),
	(430, 30, 0, 'TShirt Weiss', 1, 11, 1, 0, 0, 0),
	(431, 30, 0, 'Hemd geschlossen Grau', 1, 11, 349, 9, 0, 0),
	(432, 30, 0, 'Hemd geschlossen Navy Blau', 1, 11, 349, 2, 0, 0),
	(433, 30, 0, 'Hemd geschlossen Schwarz', 1, 11, 349, 3, 0, 0),
	(434, 30, 0, 'Hemd geschlossen Eis Weiss', 1, 11, 349, 5, 0, 0),
	(435, 30, 0, 'Koerper Kurzarm 5', 1, 3, 8, 0, 0, 0),
	(436, 30, 0, 'Oxford White', 1, 6, 20, 3, 0, 0),
	(437, 30, 0, 'Kapuzenpullover Herren Weiss2', 1, 11, 200, 25, 0, 0),
	(438, 30, 0, 'Koerper Combathandschuhe', 1, 3, 17, 0, 0, 0),
	(439, 30, 0, 'TShirt Maske Weiss', 1, 1, 54, 1, 0, 0),
	(440, 30, 0, 'Skater All Black', 1, 6, 1, 14, 0, 0),
	(441, 13, 0, 'Oxford Schwarz', 1, 6, 10, 0, 0, 0),
	(442, 13, 0, 'Hemd geschlossen Weiss', 1, 11, 349, 0, 0, 0),
	(443, 13, 0, 'Anzugshose Eng Grau', 1, 4, 24, 1, 0, 0),
	(444, 13, 0, 'Koerper Handschuhe geschlossen kurz 4', 1, 3, 36, 0, 0, 0),
	(445, 13, 0, 'Sport Brille Schwarz', 1, 1, 15, 0, 0, 1),
	(446, 30, 0, 'Anzugshose Eng Rotes Muster', 1, 4, 116, 1, 0, 0),
	(447, 30, 0, 'Anzugshose Eng Triaden Blau', 1, 4, 28, 11, 0, 0),
	(448, 30, 0, 'Anzugshose Eng Gruen', 1, 4, 28, 4, 0, 0),
	(449, 30, 0, 'Anzugshose Eng Grau', 1, 4, 24, 1, 0, 0),
	(450, 30, 0, 'Hemd offen Grau', 1, 11, 348, 9, 0, 0),
	(451, 30, 0, 'Fedora Grau', 1, 0, 12, 2, 0, 1),
	(452, 7, 0, 'Dallas Grau2', 1, 1, 10, 7, 0, 1),
	(453, 9, 0, 'Sakko zu Blaugruen', 0, 11, 340, 3, 0, 0),
	(454, 9, 0, 'Reizwaesche Schwarz Leopard', 0, 4, 63, 10, 0, 0),
	(455, 9, 0, 'Anzughose Schwarz', 0, 4, 6, 0, 0, 0),
	(456, 9, 0, 'Schweins Maske Braun', 0, 1, 1, 1, 0, 0),
	(457, 8, 0, 'Sakko offen Weiss', 1, 11, 294, 4, 0, 0),
	(458, 8, 0, 'Spats Schwarz Weiss', 1, 6, 19, 0, 0, 0),
	(459, 8, 0, 'Hemd Anzug Beige', 1, 8, 31, 10, 0, 0),
	(460, 8, 0, 'Anzugshose Grau Muster', 1, 4, 118, 0, 0, 0),
	(461, 8, 0, 'Sneaker White', 1, 6, 42, 2, 0, 0),
	(462, 9, 0, 'Langarm Hemd Offen Schwarz', 0, 11, 328, 0, 0, 0),
	(463, 6, 0, 'Hemd offen weiss', 1, 11, 321, 0, 0, 0),
	(464, 9, 0, 'Pyjama Pinguine Blau', 0, 11, 109, 8, 0, 0),
	(465, 9, 0, 'Rock Navy', 0, 4, 7, 2, 0, 0),
	(466, 9, 0, 'Tux Anzug Jacke Navy Blau', 0, 11, 6, 2, 0, 0),
	(472, 1, 2, 'LSPD Oberteil Kurz', 1, 11, 55, 0, 0, 0),
	(473, 1, 2, 'LSPD Oberteil Kurz', 1, 11, 55, 0, 0, 0),
	(474, 1, 2, 'LSPD Oberteil Kurz', 1, 11, 55, 0, 0, 0),
	(475, 1, 2, 'LSPD Oberteil Kurz', 1, 11, 55, 0, 0, 0),
	(476, 1, 1, 'LSPD Oberteil Kurz', 1, 11, 55, 0, 0, 0),
	(477, 1, 1, 'LSPD Oberteil Lang Zu', 1, 11, 316, 0, 0, 0),
	(478, 1, 1, 'LSPD Oberteil Lang Offen', 1, 11, 317, 0, 0, 0),
	(479, 1, 1, 'LSPD Oberteil Kurz Zu', 1, 11, 318, 0, 0, 0),
	(480, 1, 1, 'LSPD Oberteil Kurz Offen', 1, 11, 319, 0, 0, 0),
	(481, 1, 1, 'LSPD Oberteil Lang Zu Gruen', 1, 11, 316, 1, 0, 0),
	(482, 1, 1, 'LSPD Oberteil Lang Zu Grau', 1, 11, 316, 7, 0, 0),
	(483, 1, 1, 'LSPD Oberteil Lang Zu Schwarz', 1, 11, 316, 8, 0, 0),
	(484, 1, 1, 'LSPD Oberteil Lang Offen Grau', 1, 11, 317, 7, 0, 0),
	(485, 1, 1, 'LSPD Oberteil Lang Offen Schwarz', 1, 11, 317, 8, 0, 0),
	(486, 1, 1, 'LSPD Oberteil Lang Offen Gruen', 1, 11, 317, 1, 0, 0),
	(487, 1, 1, 'LSPD Oberteil Kurz Zu Gruen', 1, 11, 318, 1, 0, 0),
	(488, 1, 1, 'LSPD Oberteil Kurz Zu Grau', 1, 11, 318, 7, 0, 0),
	(489, 1, 1, 'LSPD Oberteil Kurz Zu Schwarz', 1, 11, 318, 8, 0, 0),
	(490, 1, 1, 'LSPD Oberteil Kurz Offen Schwarz', 1, 11, 319, 8, 0, 0),
	(491, 1, 1, 'LSPD Oberteil Kurz Offen Grau', 1, 11, 319, 7, 0, 0),
	(492, 1, 1, 'LSPD Oberteil Kurz Offen Gruen', 1, 11, 319, 1, 0, 0),
	(493, 1, 1, 'LSPD Urbanhose Schwarz', 1, 4, 33, 0, 0, 0),
	(494, 1, 1, 'LSPD Anzugshose Dunkelblau', 1, 4, 24, 2, 0, 0),
	(495, 1, 1, 'LSPD Anzugsschuhe Schwarz', 1, 6, 10, 0, 0, 0),
	(496, 1, 1, 'LSPD Wanderschuhe Schwarz', 1, 6, 25, 0, 0, 0),
	(497, 1, 1, 'LSPD Sneaker Schwarz', 1, 6, 42, 1, 0, 0),
	(498, 1, 1, 'Polizeihut', 1, 0, 46, 0, 0, 1),
	(499, 1, 1, 'LSPD Polo schwarz', 1, 11, 0, 0, 68283543, 0),
	(500, 1, 1, 'LSPD Polo blau', 1, 11, 0, 2, 68283543, 0),
	(501, 14, 0, 'Mantel geschlossen Schwarz', 1, 11, 27, 0, 0, 0),
	(502, 19, 0, 'Pelzmantel offen Weiss', 1, 11, 70, 4, 0, 0),
	(503, 19, 0, 'Rollkragen 2 Schwarz', 1, 8, 72, 3, 0, 0),
	(504, 19, 0, 'Spats Schwarz Weiss', 1, 6, 19, 0, 0, 0),
	(505, 19, 0, 'Anzugshose Breit Grau Karriert', 1, 4, 22, 10, 0, 0),
	(506, 19, 0, 'Koerper Kurzarm 3', 1, 3, 2, 0, 0, 0),
	(507, 14, 0, 'Fedora Schwarz Band Grau', 1, 0, 12, 0, 0, 1),
	(508, 19, 0, 'Perlenkette Schwarz', 1, 7, 113, 0, 0, 0),
	(509, 19, 0, 'Hiliton Gelb Gold', 1, 1, 12, 0, 0, 1),
	(510, 19, 0, 'Koerper Handschuhe offen Nackt', 1, 3, 29, 0, 0, 0),
	(511, 19, 0, 'Koerper Handschuhe offen Lang 1', 1, 3, 20, 0, 0, 0),
	(512, 19, 0, 'Anzugshose Eng Schwarz', 1, 4, 24, 0, 0, 0),
	(513, 19, 0, 'Oxford Schwarz', 1, 6, 10, 0, 0, 0),
	(514, 19, 0, 'Koerper Langarm 1', 1, 3, 4, 0, 0, 0),
	(515, 19, 0, 'Fedora Weiss Graues Band', 1, 0, 64, 4, 0, 1),
	(516, 32, 0, 'Sneaker White', 1, 6, 42, 2, 0, 0),
	(517, 32, 0, 'Hemd geschlossen Lachs', 1, 11, 349, 11, 0, 0),
	(518, 32, 0, 'Koerper Langarm 1', 1, 3, 4, 0, 0, 0),
	(519, 32, 0, 'Hexen Maske', 1, 1, 71, 0, 0, 0),
	(520, 3, 0, 'Mantel geschlossen Schwarz', 1, 11, 27, 0, 0, 0),
	(521, 1, 1, 'Kein Accessoir', 1, 7, 0, 0, 0, 0),
	(522, 3, 0, 'Hemd Anzug offen Weiss', 1, 8, 32, 0, 0, 0),
	(523, 3, 0, 'Sienna Schwarz', 1, 6, 36, 3, 0, 0),
	(524, 3, 0, 'Mantel geschlossen kariert Schwarz', 1, 11, 20, 2, 0, 0),
	(525, 3, 0, 'Fedora Schwarz Weisses Band', 1, 0, 61, 8, 0, 1),
	(526, 36, 0, 'Anzugshose Eng Schwarz', 1, 4, 24, 0, 0, 0),
	(527, 36, 0, 'Hemd geschlossen Lachs', 1, 11, 349, 11, 0, 0),
	(528, 36, 0, 'Sienna Schwarz', 1, 6, 36, 3, 0, 0),
	(529, 36, 0, 'Koerper Langarm 1', 1, 3, 4, 0, 0, 0),
	(530, 36, 0, 'Fedora Schwarz Grau Band', 1, 0, 61, 6, 0, 1),
	(531, 15, 0, 'Koerper Langarm 1', 1, 3, 4, 0, 0, 0),
	(532, 15, 0, 'Mantel geschlossen kariert Schwarz', 1, 11, 20, 2, 0, 0),
	(533, 15, 0, 'Hemd Anzug Weiss', 1, 8, 31, 0, 0, 0),
	(534, 15, 0, 'Fedora Schwarz Schwarzes Band', 1, 0, 61, 9, 0, 1),
	(535, 15, 0, 'Anzugshose Eng Weiss', 1, 4, 24, 5, 0, 0),
	(536, 15, 0, 'Ban Ray Schwarz', 1, 1, 20, 2, 0, 1),
	(537, 15, 0, 'Ban Ray Braun', 1, 1, 20, 1, 0, 1),
	(538, 15, 0, 'Ban Ray Gelb', 1, 1, 20, 0, 0, 1),
	(539, 15, 0, 'Hiliton Schwarz2', 1, 1, 12, 3, 0, 1),
	(540, 4, 0, 'Anzughose Continental Weiss', 0, 4, 50, 0, 0, 0),
	(541, 37, 0, 'Sneaker White', 1, 6, 42, 2, 0, 0),
	(542, 37, 0, 'Lowriderkette Gold2', 1, 7, 120, 0, 0, 0),
	(543, 37, 0, 'Anzugshose Eng Weiss', 1, 4, 24, 5, 0, 0),
	(544, 37, 0, 'Polo Shirt Kurze Aermel Weiss Schwarz', 1, 11, 241, 2, 0, 0),
	(545, 37, 0, 'Koerper Kurzarm 1', 1, 3, 0, 0, 0, 0),
	(546, 37, 0, 'Koerper Kurzarm 3', 1, 3, 2, 0, 0, 0),
	(547, 37, 0, 'Koerper Kurzarm 4', 1, 3, 5, 0, 0, 0),
	(548, 37, 0, 'Koerper Kurzarm 5', 1, 3, 8, 0, 0, 0),
	(549, 37, 0, 'Koerper Langarm 1', 1, 3, 4, 0, 0, 0),
	(550, 37, 0, 'Koerper Langarm 2', 1, 3, 6, 0, 0, 0),
	(551, 37, 0, 'Koerper Nackt', 1, 3, 15, 0, 0, 0),
	(552, 37, 0, 'Koerper Langarm3', 1, 3, 12, 0, 0, 0),
	(553, 37, 0, 'Koerper Combathandschuhe', 1, 3, 17, 0, 0, 0),
	(554, 37, 0, 'Koerper Handschuhe offen kurz 1', 1, 3, 19, 0, 0, 0),
	(555, 37, 0, 'Koerper Handschuhe offen kurz 2', 1, 3, 21, 0, 0, 0),
	(556, 37, 0, 'Koerper Handschuhe offen kurz 3', 1, 3, 23, 0, 0, 0),
	(557, 37, 0, 'Koerper Handschuhe offen Lang 2', 1, 3, 22, 0, 0, 0),
	(558, 37, 0, 'Koerper Handschuhe offen Lang 3', 1, 3, 24, 0, 0, 0),
	(559, 37, 0, 'Koerper Handschuhe offen kurz 4', 1, 3, 25, 0, 0, 0),
	(560, 37, 0, 'Koerper Handschuhe offen kurz 5', 1, 3, 26, 0, 0, 0),
	(561, 37, 0, 'Koerper Handschuhe offen Nackt', 1, 3, 29, 0, 0, 0),
	(562, 37, 0, 'Koerper Handschuhe geschlossen Lang 1', 1, 3, 31, 0, 0, 0),
	(563, 37, 0, 'Koerper Handschuhe geschlossen Lang 2', 1, 3, 33, 0, 0, 0),
	(564, 37, 0, 'Koerper Handschuhe geschlossen Lang 3', 1, 3, 35, 0, 0, 0),
	(565, 37, 0, 'Koerper Handschuhe geschlossen kurz 4', 1, 3, 36, 0, 0, 0),
	(566, 37, 0, 'Koerper Handschuhe fingerlos Lang 1', 1, 3, 53, 0, 0, 0),
	(567, 37, 0, 'Koerper Handschuhe fingerlos kurz 2', 1, 3, 54, 0, 0, 0),
	(568, 37, 0, 'Koerper Handschuhe fingerlos Lang 2', 1, 3, 55, 0, 0, 0),
	(569, 37, 0, 'Koerper Handschuhe fingerlos Lang 3', 1, 3, 57, 0, 0, 0),
	(570, 37, 0, 'Koerper Handschuhe fingerlos Nackt', 1, 3, 62, 0, 0, 0),
	(571, 37, 0, 'Koerper Gaertnerhandschuhe kurz 1', 1, 3, 63, 0, 0, 0),
	(572, 37, 0, 'Koerper Gaertnerhandschuhe Lang 1', 1, 3, 64, 0, 0, 0),
	(573, 37, 0, 'Koerper Gaertnerhandschuhe kurz 2', 1, 3, 65, 0, 0, 0),
	(574, 37, 0, 'Koerper Gaertnerhandschuhe Lang 2', 1, 3, 66, 0, 0, 0),
	(575, 37, 0, 'Koerper Gaertnerhandschuhe kurz 3', 1, 3, 67, 0, 0, 0),
	(576, 37, 0, 'Koerper Gaertnerhandschuhe Lang 3', 1, 3, 68, 0, 0, 0),
	(577, 37, 0, 'Koerper Gaertnerhandschuhe Nackt', 1, 3, 73, 0, 0, 0),
	(578, 15, 0, 'Soldaten Maske', 1, 1, 57, 0, 0, 0),
	(579, 40, 0, 'Kapuzen Hoodie Hell Blau', 1, 11, 374, 1, 0, 0),
	(580, 40, 0, 'Baggie Jeans Dunkel Grau', 1, 4, 1, 0, 0, 0),
	(581, 1, 1, 'Black/Blue', 1, 6, 73, 0, 0, 0),
	(582, 30, 0, 'Minirock Schwarz', 0, 4, 9, 0, 0, 0),
	(583, 30, 0, 'Kurze Jeans Jacke Weinrot', 0, 11, 35, 8, 0, 0),
	(584, 30, 0, 'Jeans gekrempelt Weiss', 0, 4, 157, 0, 0, 0),
	(585, 30, 0, 'Lederhandschuhe Schwarz V14', 0, 3, 45, 0, 0, 0),
	(586, 30, 0, 'Fahrradhandschuhe Schwarz V12', 0, 3, 32, 0, 0, 0),
	(587, 30, 0, 'Sakko offen Weiss', 1, 11, 294, 4, 0, 0),
	(588, 30, 0, 'Sakko offen Beige', 1, 11, 294, 6, 0, 0),
	(589, 30, 0, 'Sakko geschlossen Schwarz', 1, 11, 295, 0, 0, 0),
	(590, 30, 0, 'Sakko offen schwarz', 1, 11, 294, 0, 0, 0),
	(591, 30, 0, 'Hemd Anzug offen Weiss', 1, 8, 32, 0, 0, 0),
	(592, 30, 0, 'Diamond Kapuzenpullover Weiss', 1, 11, 305, 0, 0, 0),
	(593, 30, 0, 'Diamond Kapuzenpullover Schwarz', 1, 11, 305, 1, 0, 0),
	(594, 9, 0, 'Langarm V1', 0, 3, 3, 0, 0, 0),
	(595, 9, 0, 'T-Shirt V1', 0, 3, 0, 0, 0, 0),
	(596, 9, 0, 'T-Shirt V2', 0, 3, 2, 0, 0, 0),
	(597, 9, 0, 'Langarm V2', 0, 3, 5, 0, 0, 0),
	(598, 9, 0, 'Langarm V3', 0, 3, 6, 0, 0, 0),
	(599, 9, 0, 'Langarm V4', 0, 3, 7, 0, 0, 0),
	(600, 9, 0, 'Langarm V5', 0, 3, 8, 0, 0, 0),
	(601, 9, 0, 'Langarm V6', 0, 3, 9, 0, 0, 0),
	(602, 9, 0, 'Langarm V7', 0, 3, 10, 0, 0, 0),
	(603, 9, 0, 'T-Shirt V3', 0, 3, 11, 0, 0, 0),
	(604, 9, 0, 'Top V2', 0, 3, 12, 0, 0, 0),
	(605, 9, 0, 'Langarm V8', 0, 3, 13, 0, 0, 0),
	(606, 9, 0, 'T-Shirt V4', 0, 3, 14, 0, 0, 0),
	(607, 9, 0, 'Handschuhe Lang Lila', 0, 3, 16, 0, 0, 0),
	(608, 9, 0, 'Handschuhe Lang Schwarz', 0, 3, 16, 1, 0, 0),
	(609, 9, 0, 'Handschuhe Lang Grau', 0, 3, 16, 2, 0, 0),
	(610, 9, 0, 'Handschuhe Lang Purple', 0, 3, 16, 3, 0, 0),
	(611, 9, 0, 'Handschuhe Lang Cream', 0, 3, 16, 4, 0, 0),
	(612, 9, 0, 'Handschuhe Lang Rot', 0, 3, 16, 5, 0, 0),
	(613, 9, 0, 'Langarm V9', 0, 3, 17, 0, 0, 0),
	(614, 9, 0, 'Gepolsterte Handschuhe Schwarz V1', 0, 3, 18, 0, 0, 0),
	(615, 9, 0, 'Gepolsterte Handschuhe Grau Camo V1', 0, 3, 18, 1, 0, 0),
	(616, 9, 0, 'Gepolsterte Handschuhe Grau V1', 0, 3, 18, 2, 0, 0),
	(617, 9, 0, 'Gepolsterte Handschuhe Cream Camo V1', 0, 3, 18, 3, 0, 0),
	(618, 9, 0, 'Gepolsterte Handschuhe Wald Camo V1', 0, 3, 18, 4, 0, 0),
	(619, 9, 0, 'Wollhandschuhe Schwarz V1', 0, 3, 19, 0, 0, 0),
	(620, 9, 0, 'Wollhandschuhe Grau V1', 0, 3, 19, 1, 0, 0),
	(621, 9, 0, 'Wollhandschuhe Kohle V1', 0, 3, 19, 2, 0, 0),
	(622, 9, 0, 'Fahrradhandschuhe Schwarz V1', 0, 3, 20, 0, 0, 0),
	(623, 9, 0, 'Fahrradhandschuhe Braun V1', 0, 3, 20, 1, 0, 0),
	(624, 9, 0, 'Fahrradhandschuhe Schwarz V2', 0, 3, 21, 0, 0, 0),
	(625, 9, 0, 'Fahrradhandschuhe Braun V2', 0, 3, 21, 1, 0, 0),
	(626, 9, 0, 'Fahrradhandschuhe Schwarz V3', 0, 3, 22, 0, 0, 0),
	(627, 9, 0, 'Fahrradhandschuhe Braun V3', 0, 3, 22, 1, 0, 0),
	(628, 37, 0, 'Fahrradhandschuhe Schwarz V12', 0, 3, 32, 0, 0, 0),
	(629, 9, 0, 'Anzughose Blau', 0, 4, 52, 1, 0, 0),
	(630, 30, 0, 'Bustier Nude', 0, 11, 111, 0, 0, 0),
	(631, 30, 0, 'T-Shirt V3', 0, 3, 11, 0, 0, 0),
	(632, 1, 1, 'Polizeihut', 0, 0, 45, 0, 0, 1),
	(633, 1, 1, 'LSPD Shirtkopf', 0, 1, 54, 10, 0, 0),
	(634, 1, 1, 'LSPD Leggings Schwarz', 0, 4, 27, 0, 0, 0),
	(635, 1, 1, 'LSPD Combathose Schwarz', 0, 4, 30, 0, 0, 0),
	(636, 1, 1, 'LSPD Combathose Schwarz V2', 0, 4, 32, 0, 0, 0),
	(637, 1, 1, 'LSPD Sneaker Schwarz', 0, 6, 27, 0, 0, 0),
	(638, 1, 1, 'LSPD Oberteil Kurz', 0, 11, 48, 0, 0, 0),
	(639, 41, 0, 'Hemd offen Weiss', 1, 11, 348, 0, 0, 0),
	(640, 41, 0, 'Sneaker White', 1, 6, 42, 2, 0, 0),
	(641, 41, 0, 'Anzugshose Eng Weiss', 1, 4, 24, 5, 0, 0),
	(642, 34, 0, 'Cardigan VDG Verlauf Pink', 0, 11, 464, 25, 0, 0),
	(643, 34, 0, 'Top V4', 0, 3, 129, 0, 0, 0),
	(644, 34, 0, 'Top V1 Schwarz', 0, 8, 0, 2, 0, 0),
	(645, 34, 0, 'Anzughose Weiss eng', 0, 4, 37, 5, 0, 0),
	(646, 34, 0, 'Lederhose Schwarz', 0, 4, 112, 0, 0, 0),
	(647, 34, 0, 'Rockstar Rolling Blau', 0, 11, 374, 0, 0, 0),
	(648, 34, 0, 'Langarm V6', 0, 3, 9, 0, 0, 0),
	(649, 34, 0, 'TShirt Schwarz', 0, 11, 49, 1, 0, 0),
	(650, 34, 0, 'T-Shirt V1', 0, 3, 0, 0, 0, 0),
	(651, 34, 0, 'T-Shirt V4', 0, 3, 14, 0, 0, 0),
	(652, 9, 0, 'Hoodie Kapuze Logger', 0, 11, 293, 9, 0, 0),
	(653, 9, 0, 'Jogginghose Lila', 0, 4, 66, 7, 0, 0),
	(654, 9, 0, 'Hoodie Kapuze Patriot', 0, 11, 293, 3, 0, 0),
	(655, 9, 0, 'TShirt Maske Weiss', 0, 1, 54, 1, 0, 0),
	(656, 37, 0, 'Lederhandschuhe Schwarz V1', 0, 3, 33, 0, 0, 0),
	(657, 37, 0, 'Lederhandschuhe Schwarz V13', 0, 3, 44, 0, 0, 0),
	(658, 7, 0, 'Hemd geschlossen Weiss gestreift', 1, 11, 349, 16, 0, 0),
	(659, 36, 0, 'Giorgio Schwarz2', 1, 1, 4, 9, 0, 1),
	(660, 36, 0, 'Sonnen Brille Gold', 1, 1, 3, 4, 0, 1),
	(661, 45, 0, 'Mantel geschlossen Weiss', 1, 11, 76, 3, 0, 0),
	(662, 45, 0, 'Weste Grau 2', 1, 8, 4, 1, 0, 0),
	(663, 45, 0, 'Anzugshose Eng Schwarz', 1, 4, 24, 0, 0, 0),
	(664, 45, 0, 'Sienna Leder', 1, 6, 36, 0, 0, 0),
	(665, 40, 0, 'Kapuzen Hoodie Grau Gelb', 1, 11, 374, 2, 0, 0),
	(666, 40, 0, 'Koerper Langarm 1', 1, 3, 4, 0, 0, 0),
	(667, 6, 0, 'Schiebermuetze Grau', 1, 0, 7, 1, 0, 1),
	(668, 6, 0, 'Hemd offen Grau', 1, 11, 348, 9, 0, 0),
	(669, 36, 0, 'Oxford Schwarz', 1, 6, 10, 0, 0, 0),
	(670, 36, 0, 'Hemd geschlossen Weiss gestreift', 1, 11, 349, 16, 0, 0),
	(671, 36, 0, 'Anzugshose Eng Leopard Muster', 1, 4, 28, 7, 0, 0),
	(672, 36, 0, 'Hemd geschlossen Schwarz', 1, 11, 13, 2, 0, 0),
	(673, 36, 0, 'Koerper Kurzarm Anzugsweste', 1, 3, 11, 0, 0, 0),
	(674, 36, 0, 'Krawatte Lang Hellblau Breit', 1, 7, 21, 0, 0, 0),
	(675, 36, 0, 'Anzugshose Eng Weiss', 1, 4, 24, 5, 0, 0),
	(676, 36, 0, 'Sneaker White', 1, 6, 42, 2, 0, 0),
	(677, 31, 0, 'Jogging Hose Hell Blau', 1, 4, 5, 3, 0, 0),
	(678, 31, 0, 'Koerper Langarm 2', 1, 3, 6, 0, 0, 0),
	(679, 31, 0, 'Schal Schwarz breit', 1, 7, 31, 2, 0, 0),
	(680, 31, 0, 'Diamond Kapuzenpullover Schwarz', 1, 11, 305, 1, 0, 0),
	(681, 31, 0, 'Diamond Kapuzenpullover Weiss', 1, 11, 305, 0, 0, 0),
	(682, 31, 0, 'Diamond Kapuzenpullover Gruen', 1, 11, 305, 7, 0, 0),
	(683, 31, 0, 'Regenjacke Schwarz Mit Grauem Muster', 1, 11, 296, 12, 0, 0),
	(684, 31, 0, 'Skater Schwarz Weiss', 1, 6, 1, 0, 0, 0),
	(685, 31, 0, 'TShirt Maske Schwarz', 1, 1, 54, 0, 0, 0),
	(686, 31, 0, 'TShirt Maske Weiss', 1, 1, 54, 1, 0, 0),
	(687, 31, 0, 'Clowns Maske Rot', 1, 1, 95, 0, 0, 0),
	(688, 31, 0, 'Clowns Maske Braun', 1, 1, 95, 4, 0, 0),
	(689, 31, 0, 'Weinachtsmann Maske Weiss ', 1, 1, 8, 0, 0, 0),
	(690, 31, 0, 'Kapuzenpullover Herren Regenbogen', 1, 11, 200, 4, 0, 0),
	(691, 31, 0, 'Polo Shirt Kurze Aermel Hell Blau', 1, 11, 241, 1, 0, 0),
	(692, 31, 0, 'Kurze Shorts Hell Blau', 1, 4, 17, 4, 0, 0),
	(693, 31, 0, 'Koerper Handschuhe geschlossen kurz 1', 1, 3, 30, 0, 0, 0),
	(694, 31, 0, 'Polo Shirt Baby Blau', 1, 11, 382, 0, 0, 0),
	(695, 31, 0, 'Polo Shirt Dunkel Blau', 1, 11, 382, 4, 0, 0),
	(696, 31, 0, 'Polo Shirt Weiss', 1, 11, 382, 3, 0, 0),
	(697, 31, 0, 'Polo Shirt Dunkel Pink', 1, 11, 382, 5, 0, 0),
	(698, 31, 0, 'Joggingjacke Schwarz', 1, 11, 332, 18, 0, 0),
	(699, 31, 0, 'Koerper Handschuhe geschlossen Lang 2', 1, 3, 33, 0, 0, 0),
	(700, 2, 0, 'Hemd geschlossen Schwarz', 1, 11, 13, 2, 0, 0),
	(701, 2, 0, 'Koerper Kurzarm 1', 1, 3, 0, 0, 0, 0),
	(702, 2, 0, 'Anzugshose Eng Schwarz', 1, 4, 24, 0, 0, 0),
	(703, 2, 0, 'Oxford Schwarz', 1, 6, 10, 0, 0, 0),
	(704, 3, 0, 'Jogging Hose Hell Blau', 1, 4, 5, 3, 0, 0),
	(705, 3, 0, 'Diamond Kapuzenpullover Grau', 1, 11, 305, 3, 0, 0),
	(706, 3, 0, 'Anzugshose Eng Rot', 1, 4, 24, 4, 0, 0),
	(707, 3, 0, 'Anzugshose Eng Triaden Blau', 1, 4, 28, 11, 0, 0),
	(708, 3, 0, 'Anzugshose Eng Grau', 1, 4, 24, 1, 0, 0),
	(709, 3, 0, 'Jogging Hose Weiss', 1, 4, 5, 0, 0, 0),
	(710, 31, 0, 'Hiliton Klarsicht Weiss', 1, 1, 12, 10, 0, 1),
	(711, 31, 0, 'Hiliton Klarsicht Schwarz', 1, 1, 12, 9, 0, 1),
	(712, 31, 0, 'Hiliton Gelb Gold', 1, 1, 12, 0, 0, 1),
	(713, 31, 0, 'Hiliton Grau', 1, 1, 12, 1, 0, 1),
	(714, 31, 0, 'Hiliton Schwarz2', 1, 1, 12, 3, 0, 1),
	(715, 31, 0, 'Hiliton Weiss2', 1, 1, 12, 4, 0, 1),
	(716, 31, 0, 'Epsilon Medaille', 1, 7, 130, 0, 0, 0),
	(717, 37, 0, 'Anzughose Schwarz weit', 0, 4, 47, 0, 0, 0),
	(718, 37, 0, 'Bustier Herzchen Schwarz', 0, 11, 111, 6, 0, 0),
	(719, 37, 0, 'Top V2', 0, 3, 12, 0, 0, 0),
	(720, 30, 0, 'Fedora Schwarz Schwarzes Band', 1, 0, 61, 9, 0, 1),
	(721, 41, 0, 'Mantel geschlossen Weiss', 1, 11, 20, 0, 0, 0),
	(722, 41, 0, 'Hemd Anzug offen Weiss', 1, 8, 32, 0, 0, 0),
	(723, 41, 0, 'Dallas Grau', 1, 1, 10, 1, 0, 1),
	(724, 41, 0, 'Hemd offen Grau', 1, 11, 348, 9, 0, 0),
	(725, 31, 0, 'Baggie Jeans Himmel Blau', 1, 4, 1, 12, 0, 0),
	(726, 41, 0, 'Anzugshose Eng Grau', 1, 4, 24, 1, 0, 0),
	(727, 31, 0, 'PoloShirt Breit Blau Weiss', 1, 11, 82, 6, 0, 0),
	(728, 44, 0, 'PoloShirt Breit Blau Weiss', 1, 11, 82, 6, 0, 0),
	(729, 44, 0, 'Koerper Kurzarm 1', 1, 3, 0, 0, 0, 0),
	(730, 41, 0, 'Perlenkette Schwarz', 1, 7, 113, 0, 0, 0),
	(731, 3, 0, 'Jogging Hose Orange', 1, 4, 5, 7, 0, 0),
	(732, 37, 0, 'Jogging Hose Gelb', 1, 4, 5, 8, 0, 0),
	(733, 41, 0, 'Milano Brille', 1, 1, 29, 11, 0, 1),
	(734, 37, 0, 'Soldaten Hoodie Schwarz', 1, 11, 200, 2, 0, 0),
	(735, 41, 0, 'Gianfranco Weiss2', 1, 1, 5, 10, 0, 1),
	(736, 41, 0, 'Proffesoren Brille Weiss', 1, 1, 37, 1, 0, 1),
	(737, 41, 0, 'Sport Brille Schwarz', 1, 1, 15, 0, 0, 1),
	(738, 45, 0, 'V-T Shirt Weiss', 0, 11, 0, 0, 0, 0),
	(739, 45, 0, 'V-T Shirt Pink', 0, 11, 0, 1, 0, 0),
	(740, 37, 0, 'High Heels Schwarz', 0, 6, 0, 0, 0, 0),
	(741, 41, 0, 'High Heels Schwarz', 0, 6, 0, 0, 0, 0),
	(742, 41, 0, 'Lederhose Hellgrau', 0, 4, 156, 2, 0, 0),
	(743, 41, 0, 'Casino Kleid Rosen', 0, 11, 323, 1, 0, 0),
	(744, 41, 0, 'Fedora Schwarz Schwarzes Band', 1, 0, 61, 9, 0, 1),
	(745, 41, 0, 'Fedora Weiss', 1, 0, 12, 1, 0, 1),
	(746, 41, 0, 'Anzugshose Eng Schwarz', 1, 4, 24, 0, 0, 0),
	(747, 41, 0, 'Sakko geschlossen Schwarz', 1, 11, 32, 0, 0, 0),
	(748, 41, 0, 'Weste Muster Gelb', 1, 11, 25, 0, 0, 0),
	(749, 41, 0, 'Hemd offen Schwarz', 1, 11, 348, 3, 0, 0),
	(750, 13, 0, 'Schnelle Brille Schwarz', 1, 1, 1, 1, 0, 1),
	(751, 13, 0, 'Piloten Brille Schwarz2', 1, 1, 24, 2, 0, 1),
	(752, 4, 0, 'Weiter Mantel Geschlossen Weiss', 0, 11, 137, 1, 0, 0),
	(753, 4, 0, 'Dessous Schwarz', 0, 8, 13, 6, 0, 0),
	(754, 4, 0, 'Langarm V5', 0, 3, 8, 0, 0, 0),
	(755, 4, 0, 'Langarm V4', 0, 3, 7, 0, 0, 0),
	(756, 4, 0, 'Anzughose Weiss', 0, 4, 23, 0, 0, 0),
	(757, 4, 0, 'Anzughose Schwarz', 0, 4, 133, 0, 0, 0),
	(758, 78, 0, 'Sweatshirt Jacke SchwarzWeiss', 1, 11, 87, 2, 0, 0),
	(759, 78, 0, 'Leggin Gelb Schwarze Streifen', 1, 4, 128, 25, 0, 0),
	(760, 78, 0, 'Regenjacke Schwarz Mit Gelben Muster', 1, 11, 296, 14, 0, 0),
	(761, 78, 0, 'Gasmaske Gelb', 1, 1, 129, 12, 0, 0),
	(762, 36, 0, 'Hemd geschlossen Gruen', 1, 11, 349, 6, 0, 0),
	(763, 36, 0, 'Anzugshose Eng Triaden Blau Karriert', 1, 4, 28, 13, 0, 0),
	(764, 36, 0, 'Sakko offen Navy Blau', 1, 11, 29, 2, 0, 0),
	(765, 36, 0, 'Hemd Anzug Weiss Blau', 1, 8, 31, 12, 0, 0),
	(766, 45, 0, 'Hemd geschlossen Weiss', 1, 11, 349, 0, 0, 0),
	(767, 45, 0, 'Anzugshose Eng Dunkel Braunes Muster', 1, 4, 116, 2, 0, 0),
	(768, 45, 0, 'Hemd geschlossen Navy Blau', 1, 11, 349, 2, 0, 0),
	(769, 45, 0, 'Hemd geschlossen Eis Weiss', 1, 11, 349, 5, 0, 0),
	(770, 45, 0, 'Hemd geschlossen Minze', 1, 11, 349, 8, 0, 0),
	(771, 45, 0, 'Hemd geschlossen Lachs', 1, 11, 349, 11, 0, 0);

-- Dumping structure for table pgrp.server_wardrobe_outfits
CREATE TABLE IF NOT EXISTS `server_wardrobe_outfits` (
  `id` int NOT NULL AUTO_INCREMENT,
  `name` varchar(255) CHARACTER SET armscii8 COLLATE armscii8_bin DEFAULT NULL,
  `clothes_id` int DEFAULT NULL,
  `account_id` int DEFAULT NULL,
  PRIMARY KEY (`id`)
) ENGINE=InnoDB AUTO_INCREMENT=38 DEFAULT CHARSET=armscii8 COLLATE=armscii8_bin;

-- Dumping data for table pgrp.server_wardrobe_outfits: ~31 rows (approximately)
INSERT INTO `server_wardrobe_outfits` (`id`, `name`, `clothes_id`, `account_id`) VALUES
	(2, 'Calliou Anzug Blau', 19, 6),
	(3, 'Corruptions Anzug Schwarz', 20, 6),
	(4, 'Einsatzouftit Schwarz Lang', 21, 7),
	(5, 'Einsatzoutfit Schwarz Kurz', 22, 7),
	(8, 'FIB Einsatzoberteil', 25, 6),
	(9, 'FIB Schwarz', 26, 14),
	(10, 'FIB Grau Einsatz', 27, 14),
	(11, 'FIB DCI Blau', 28, 14),
	(12, 'FIB Oberteil Anzughose Holster', 29, 14),
	(13, 'FIB Anzug Kette', 34, 14),
	(14, 'LSPD1', 46, 12),
	(15, 'LSPD Holster', 47, 12),
	(16, 'Zivi 1', 58, 14),
	(18, 'LSPD', 69, 14),
	(20, 'chief', 73, 31),
	(21, 'Grau 11', 74, 30),
	(22, 'fib', 75, 31),
	(23, 'Weiss Hoodie', 78, 30),
	(24, 'neger', 79, 13),
	(25, 'LCN LEAK', 82, 3),
	(26, 'FIB', 85, 37),
	(28, 'TShirt Kampfhose', 99, 36),
	(29, 'Lol Uwu 123', 100, 29),
	(30, 'MG13', 103, 3),
	(31, 'Brigada', 105, 3),
	(32, 'ykz', 169, 30),
	(33, 'grau', 171, 41),
	(34, 'schwarz', 172, 41),
	(35, 'weiss', 173, 41),
	(36, 'mg', 174, 31),
	(37, 'Anzug', 175, 36);

-- Dumping structure for table pgrp.server_warehouses
CREATE TABLE IF NOT EXISTS `server_warehouses` (
  `id` int NOT NULL AUTO_INCREMENT,
  `position_id` int NOT NULL,
  `type` int NOT NULL,
  `owner_id` int NOT NULL,
  `owner_type` int NOT NULL,
  `key_holder_id` int NOT NULL,
  `jumppoint_id` int NOT NULL,
  PRIMARY KEY (`id`)
) ENGINE=InnoDB AUTO_INCREMENT=428 DEFAULT CHARSET=armscii8 COLLATE=armscii8_bin;

-- Dumping data for table pgrp.server_warehouses: ~422 rows (approximately)
INSERT INTO `server_warehouses` (`id`, `position_id`, `type`, `owner_id`, `owner_type`, `key_holder_id`, `jumppoint_id`) VALUES
	(2, 459, 0, 0, 0, 0, 0),
	(4, 514, 0, 0, 0, 0, 0),
	(5, 515, 0, 0, 0, 0, 0),
	(6, 516, 0, 0, 0, 0, 0),
	(7, 517, 0, 0, 0, 0, 0),
	(8, 518, 0, 0, 0, 0, 0),
	(9, 519, 0, 0, 0, 0, 0),
	(10, 520, 0, 0, 0, 0, 0),
	(11, 521, 0, 0, 0, 0, 0),
	(12, 522, 0, 0, 0, 0, 0),
	(13, 523, 0, 0, 0, 0, 0),
	(14, 524, 0, 0, 0, 0, 0),
	(15, 525, 0, 0, 0, 0, 0),
	(16, 526, 0, 0, 0, 0, 0),
	(17, 527, 0, 0, 0, 0, 0),
	(18, 528, 0, 0, 0, 0, 0),
	(19, 529, 0, 0, 0, 0, 0),
	(20, 530, 0, 0, 0, 0, 0),
	(21, 531, 0, 0, 0, 0, 0),
	(22, 532, 0, 0, 0, 0, 0),
	(23, 533, 0, 0, 0, 0, 0),
	(24, 534, 0, 0, 0, 0, 0),
	(25, 535, 0, 0, 0, 0, 0),
	(26, 536, 0, 0, 0, 0, 0),
	(27, 537, 0, 0, 0, 0, 0),
	(28, 538, 0, 0, 0, 0, 0),
	(29, 539, 0, 0, 0, 0, 0),
	(30, 540, 0, 0, 0, 0, 0),
	(31, 541, 0, 0, 0, 0, 0),
	(32, 542, 0, 0, 0, 0, 0),
	(33, 543, 0, 0, 0, 0, 0),
	(34, 544, 0, 0, 0, 0, 0),
	(35, 545, 0, 0, 0, 0, 0),
	(36, 546, 0, 0, 0, 0, 0),
	(37, 547, 0, 0, 0, 0, 0),
	(38, 548, 0, 0, 0, 0, 0),
	(39, 549, 0, 0, 0, 0, 0),
	(40, 550, 0, 0, 0, 0, 0),
	(41, 551, 0, 0, 0, 0, 0),
	(42, 552, 0, 0, 0, 0, 0),
	(43, 553, 0, 0, 0, 0, 0),
	(44, 554, 0, 0, 0, 0, 0),
	(45, 555, 0, 0, 0, 0, 0),
	(46, 556, 0, 0, 0, 0, 0),
	(47, 557, 0, 0, 0, 0, 0),
	(48, 558, 0, 0, 0, 0, 0),
	(49, 559, 0, 0, 0, 0, 0),
	(50, 560, 0, 0, 0, 0, 0),
	(51, 561, 0, 0, 0, 0, 0),
	(52, 562, 0, 0, 0, 0, 0),
	(53, 563, 0, 0, 0, 0, 0),
	(54, 564, 0, 0, 0, 0, 0),
	(55, 565, 0, 0, 0, 0, 0),
	(56, 566, 0, 0, 0, 0, 0),
	(57, 567, 0, 0, 0, 0, 0),
	(58, 568, 0, 0, 0, 0, 0),
	(59, 569, 0, 0, 0, 0, 0),
	(60, 570, 0, 0, 0, 0, 0),
	(61, 571, 0, 0, 0, 0, 0),
	(62, 572, 0, 0, 0, 0, 0),
	(63, 573, 0, 0, 0, 0, 0),
	(64, 574, 0, 0, 0, 0, 0),
	(65, 575, 0, 0, 0, 0, 0),
	(66, 576, 0, 0, 0, 0, 0),
	(67, 577, 0, 0, 0, 0, 0),
	(68, 578, 0, 0, 0, 0, 0),
	(69, 579, 0, 0, 0, 0, 0),
	(70, 580, 0, 0, 0, 0, 0),
	(71, 581, 0, 0, 0, 0, 0),
	(72, 582, 0, 0, 0, 0, 0),
	(73, 583, 0, 0, 0, 0, 0),
	(74, 584, 0, 0, 0, 0, 0),
	(75, 585, 0, 0, 0, 0, 0),
	(76, 586, 0, 0, 0, 0, 0),
	(77, 587, 0, 0, 0, 0, 0),
	(78, 588, 0, 0, 0, 0, 0),
	(79, 589, 0, 0, 0, 0, 0),
	(80, 590, 0, 0, 0, 0, 0),
	(81, 591, 0, 0, 0, 0, 0),
	(82, 592, 0, 0, 0, 0, 0),
	(83, 593, 0, 0, 0, 0, 0),
	(84, 594, 0, 0, 0, 0, 0),
	(85, 595, 0, 0, 0, 0, 0),
	(86, 596, 0, 0, 0, 0, 0),
	(87, 597, 0, 0, 0, 0, 0),
	(88, 598, 0, 0, 0, 0, 0),
	(89, 599, 0, 0, 0, 0, 0),
	(90, 600, 0, 0, 0, 0, 0),
	(91, 601, 0, 0, 0, 0, 0),
	(92, 602, 0, 0, 0, 0, 0),
	(93, 603, 0, 0, 0, 0, 0),
	(94, 604, 0, 0, 0, 0, 0),
	(95, 605, 0, 0, 0, 0, 0),
	(96, 606, 0, 0, 0, 0, 0),
	(97, 607, 0, 0, 0, 0, 0),
	(98, 608, 0, 0, 0, 0, 0),
	(99, 609, 0, 0, 0, 0, 0),
	(100, 610, 0, 0, 0, 0, 0),
	(101, 611, 0, 0, 0, 0, 0),
	(102, 612, 0, 0, 0, 0, 0),
	(103, 613, 0, 0, 0, 0, 0),
	(104, 614, 0, 0, 0, 0, 0),
	(105, 615, 0, 0, 0, 0, 0),
	(106, 616, 0, 0, 0, 0, 0),
	(107, 617, 0, 0, 0, 0, 0),
	(108, 618, 0, 0, 0, 0, 0),
	(109, 619, 0, 0, 0, 0, 0),
	(110, 620, 0, 0, 0, 0, 0),
	(111, 621, 0, 0, 0, 0, 0),
	(112, 622, 0, 0, 0, 0, 0),
	(113, 623, 0, 0, 0, 0, 0),
	(114, 624, 0, 0, 0, 0, 0),
	(115, 625, 0, 0, 0, 0, 0),
	(116, 626, 0, 0, 0, 0, 0),
	(117, 627, 0, 0, 0, 0, 0),
	(118, 628, 0, 0, 0, 0, 0),
	(119, 629, 0, 0, 0, 0, 0),
	(120, 630, 0, 0, 0, 0, 0),
	(121, 631, 0, 0, 0, 0, 0),
	(122, 632, 0, 0, 0, 0, 0),
	(123, 633, 0, 0, 0, 0, 0),
	(124, 634, 0, 0, 0, 0, 0),
	(125, 635, 0, 0, 0, 0, 0),
	(126, 636, 0, 0, 0, 0, 0),
	(127, 637, 0, 0, 0, 0, 0),
	(128, 638, 0, 0, 0, 0, 0),
	(129, 639, 0, 0, 0, 0, 0),
	(130, 640, 0, 0, 0, 0, 0),
	(131, 641, 0, 0, 0, 0, 0),
	(132, 642, 0, 0, 0, 0, 0),
	(133, 643, 0, 0, 0, 0, 0),
	(134, 644, 0, 0, 0, 0, 0),
	(135, 645, 0, 0, 0, 0, 0),
	(136, 646, 0, 0, 0, 0, 0),
	(137, 647, 0, 0, 0, 0, 0),
	(138, 648, 0, 0, 0, 0, 0),
	(139, 649, 0, 0, 0, 0, 0),
	(140, 650, 0, 0, 0, 0, 0),
	(141, 651, 0, 0, 0, 0, 0),
	(142, 652, 0, 0, 0, 0, 0),
	(143, 653, 0, 0, 0, 0, 0),
	(144, 654, 0, 0, 0, 0, 0),
	(145, 655, 0, 0, 0, 0, 0),
	(146, 656, 0, 0, 0, 0, 0),
	(147, 657, 0, 0, 0, 0, 0),
	(148, 658, 0, 0, 0, 0, 0),
	(149, 659, 0, 0, 0, 0, 0),
	(150, 660, 0, 0, 0, 0, 0),
	(151, 661, 0, 0, 0, 0, 0),
	(152, 662, 0, 0, 0, 0, 0),
	(153, 663, 0, 0, 0, 0, 0),
	(154, 664, 0, 0, 0, 0, 0),
	(155, 665, 0, 0, 0, 0, 0),
	(156, 666, 0, 0, 0, 0, 0),
	(157, 667, 0, 0, 0, 0, 0),
	(158, 668, 0, 0, 0, 0, 0),
	(159, 669, 0, 0, 0, 0, 0),
	(160, 670, 0, 0, 0, 0, 0),
	(161, 671, 0, 0, 0, 0, 0),
	(162, 672, 0, 0, 0, 0, 0),
	(163, 673, 0, 0, 0, 0, 0),
	(164, 674, 0, 0, 0, 0, 0),
	(165, 675, 0, 0, 0, 0, 0),
	(166, 676, 0, 0, 0, 0, 0),
	(167, 677, 0, 0, 0, 0, 0),
	(168, 678, 0, 0, 0, 0, 0),
	(169, 679, 0, 0, 0, 0, 0),
	(170, 680, 0, 0, 0, 0, 0),
	(171, 681, 0, 0, 0, 0, 0),
	(172, 682, 0, 0, 0, 0, 0),
	(173, 683, 0, 0, 0, 0, 0),
	(174, 684, 0, 0, 0, 0, 0),
	(175, 685, 0, 0, 0, 0, 0),
	(176, 686, 0, 0, 0, 0, 0),
	(177, 687, 0, 0, 0, 0, 0),
	(178, 688, 0, 0, 0, 0, 0),
	(179, 689, 0, 0, 0, 0, 0),
	(180, 690, 0, 0, 0, 0, 0),
	(181, 691, 0, 0, 0, 0, 0),
	(182, 692, 0, 0, 0, 0, 0),
	(183, 693, 0, 0, 0, 0, 0),
	(184, 694, 0, 0, 0, 0, 0),
	(185, 695, 0, 0, 0, 0, 0),
	(186, 696, 0, 0, 0, 0, 0),
	(187, 697, 0, 0, 0, 0, 0),
	(188, 698, 0, 0, 0, 0, 0),
	(189, 699, 0, 0, 0, 0, 0),
	(190, 700, 0, 0, 0, 0, 0),
	(191, 701, 0, 0, 0, 0, 0),
	(192, 702, 0, 0, 0, 0, 0),
	(193, 703, 0, 0, 0, 0, 0),
	(194, 704, 0, 0, 0, 0, 0),
	(195, 705, 0, 0, 0, 0, 0),
	(196, 706, 0, 0, 0, 0, 0),
	(197, 707, 0, 0, 0, 0, 0),
	(198, 708, 0, 0, 0, 0, 0),
	(199, 709, 0, 0, 0, 0, 0),
	(200, 710, 0, 0, 0, 0, 0),
	(201, 711, 0, 0, 0, 0, 0),
	(202, 712, 0, 0, 0, 0, 0),
	(203, 713, 0, 0, 0, 0, 0),
	(204, 714, 0, 0, 0, 0, 0),
	(205, 715, 0, 0, 0, 0, 0),
	(206, 716, 0, 0, 0, 0, 0),
	(207, 717, 0, 0, 0, 0, 0),
	(208, 718, 0, 0, 0, 0, 0),
	(209, 719, 0, 0, 0, 0, 0),
	(210, 720, 0, 0, 0, 0, 0),
	(211, 721, 0, 0, 0, 0, 0),
	(212, 722, 0, 0, 0, 0, 0),
	(213, 723, 0, 0, 0, 0, 0),
	(214, 724, 0, 0, 0, 0, 0),
	(215, 725, 0, 0, 0, 0, 0),
	(216, 726, 0, 0, 0, 0, 0),
	(217, 727, 0, 0, 0, 0, 0),
	(218, 728, 0, 0, 0, 0, 0),
	(219, 729, 0, 0, 0, 0, 0),
	(220, 730, 0, 0, 0, 0, 0),
	(221, 731, 0, 0, 0, 0, 0),
	(222, 732, 0, 0, 0, 0, 0),
	(223, 733, 0, 0, 0, 0, 0),
	(224, 734, 0, 0, 0, 0, 0),
	(225, 735, 0, 0, 0, 0, 0),
	(226, 736, 0, 0, 0, 0, 0),
	(227, 737, 0, 0, 0, 0, 0),
	(228, 738, 0, 0, 0, 0, 0),
	(229, 739, 0, 0, 0, 0, 0),
	(230, 740, 0, 0, 0, 0, 0),
	(231, 741, 0, 0, 0, 0, 0),
	(232, 742, 0, 0, 0, 0, 0),
	(233, 743, 0, 0, 0, 0, 0),
	(234, 744, 0, 0, 0, 0, 0),
	(235, 745, 0, 0, 0, 0, 0),
	(236, 746, 0, 0, 0, 0, 0),
	(237, 747, 0, 0, 0, 0, 0),
	(238, 748, 0, 0, 0, 0, 0),
	(239, 749, 0, 0, 0, 0, 0),
	(240, 750, 0, 0, 0, 0, 0),
	(241, 751, 0, 0, 0, 0, 0),
	(242, 752, 0, 0, 0, 0, 0),
	(243, 753, 0, 0, 0, 0, 0),
	(244, 754, 0, 0, 0, 0, 0),
	(245, 755, 0, 0, 0, 0, 0),
	(246, 756, 0, 0, 0, 0, 0),
	(247, 757, 0, 0, 0, 0, 0),
	(248, 758, 0, 0, 0, 0, 0),
	(249, 759, 0, 0, 0, 0, 0),
	(250, 760, 0, 0, 0, 0, 0),
	(251, 761, 0, 0, 0, 0, 0),
	(252, 762, 0, 0, 0, 0, 0),
	(253, 763, 0, 0, 0, 0, 0),
	(254, 764, 0, 0, 0, 0, 0),
	(255, 765, 0, 0, 0, 0, 0),
	(256, 766, 0, 0, 0, 0, 0),
	(257, 767, 0, 0, 0, 0, 0),
	(258, 768, 0, 0, 0, 0, 0),
	(259, 769, 0, 0, 0, 0, 0),
	(260, 770, 0, 0, 0, 0, 0),
	(261, 771, 0, 0, 0, 0, 0),
	(262, 772, 0, 0, 0, 0, 0),
	(263, 773, 0, 0, 0, 0, 0),
	(264, 774, 0, 0, 0, 0, 0),
	(265, 775, 0, 0, 0, 0, 0),
	(266, 776, 0, 0, 0, 0, 0),
	(267, 777, 0, 0, 0, 0, 0),
	(268, 778, 0, 0, 0, 0, 0),
	(269, 779, 0, 0, 0, 0, 0),
	(270, 780, 0, 0, 0, 0, 0),
	(271, 781, 0, 0, 0, 0, 0),
	(272, 782, 0, 0, 0, 0, 0),
	(273, 783, 0, 0, 0, 0, 0),
	(274, 784, 0, 0, 0, 0, 0),
	(275, 785, 0, 0, 0, 0, 0),
	(276, 786, 0, 0, 0, 0, 0),
	(277, 787, 0, 0, 0, 0, 0),
	(278, 788, 0, 0, 0, 0, 0),
	(279, 789, 0, 0, 0, 0, 0),
	(280, 790, 0, 0, 0, 0, 0),
	(281, 791, 0, 0, 0, 0, 0),
	(282, 792, 0, 0, 0, 0, 0),
	(283, 793, 0, 0, 0, 0, 0),
	(284, 794, 0, 0, 0, 0, 0),
	(285, 795, 0, 0, 0, 0, 0),
	(286, 796, 0, 0, 0, 0, 0),
	(287, 797, 0, 0, 0, 0, 0),
	(288, 798, 0, 0, 0, 0, 0),
	(289, 799, 0, 0, 0, 0, 0),
	(290, 800, 0, 0, 0, 0, 0),
	(291, 801, 0, 0, 0, 0, 0),
	(292, 802, 0, 0, 0, 0, 0),
	(293, 803, 0, 0, 0, 0, 0),
	(294, 804, 0, 0, 0, 0, 0),
	(295, 805, 0, 0, 0, 0, 0),
	(296, 806, 0, 0, 0, 0, 0),
	(297, 807, 0, 0, 0, 0, 0),
	(298, 808, 0, 0, 0, 0, 0),
	(299, 819, 0, 0, 0, 0, 0),
	(300, 821, 0, 0, 0, 0, 0),
	(301, 823, 0, 0, 0, 0, 0),
	(302, 824, 0, 0, 0, 0, 0),
	(303, 826, 0, 0, 0, 0, 0),
	(304, 827, 0, 0, 0, 0, 0),
	(305, 828, 0, 0, 0, 0, 0),
	(306, 829, 0, 0, 0, 0, 0),
	(307, 830, 0, 0, 0, 0, 0),
	(308, 831, 0, 0, 0, 0, 0),
	(309, 838, 0, 0, 0, 0, 0),
	(310, 845, 0, 0, 0, 0, 0),
	(311, 847, 0, 0, 0, 0, 0),
	(312, 848, 1, 41, 0, 0, 67),
	(313, 850, 0, 0, 0, 0, 0),
	(314, 851, 0, 0, 0, 0, 0),
	(315, 852, 0, 0, 0, 0, 0),
	(316, 853, 0, 0, 0, 0, 0),
	(317, 854, 0, 0, 0, 0, 0),
	(318, 855, 0, 0, 0, 0, 0),
	(319, 856, 0, 0, 0, 0, 0),
	(320, 858, 0, 0, 0, 0, 0),
	(321, 859, 0, 0, 0, 0, 0),
	(322, 861, 0, 0, 0, 0, 0),
	(323, 863, 0, 0, 0, 0, 0),
	(324, 865, 0, 0, 0, 0, 0),
	(325, 867, 0, 0, 0, 0, 0),
	(326, 868, 0, 0, 0, 0, 0),
	(327, 869, 0, 0, 0, 0, 0),
	(328, 870, 0, 0, 0, 0, 0),
	(329, 871, 0, 0, 0, 0, 0),
	(330, 872, 0, 0, 0, 0, 0),
	(331, 874, 0, 0, 0, 0, 0),
	(332, 875, 0, 0, 0, 0, 0),
	(333, 880, 0, 0, 0, 0, 0),
	(334, 882, 0, 0, 0, 0, 0),
	(335, 883, 0, 0, 0, 0, 0),
	(336, 885, 0, 0, 0, 0, 0),
	(337, 888, 0, 0, 0, 0, 0),
	(338, 889, 0, 0, 0, 0, 0),
	(339, 890, 0, 0, 0, 0, 0),
	(340, 891, 0, 0, 0, 0, 0),
	(341, 892, 0, 0, 0, 0, 0),
	(342, 895, 0, 0, 0, 0, 0),
	(343, 897, 0, 0, 0, 0, 0),
	(344, 904, 0, 0, 0, 0, 0),
	(345, 905, 0, 0, 0, 0, 0),
	(346, 906, 0, 0, 0, 0, 0),
	(347, 907, 0, 0, 0, 0, 0),
	(348, 908, 0, 0, 0, 0, 0),
	(349, 909, 0, 0, 0, 0, 0),
	(350, 910, 0, 0, 0, 0, 0),
	(351, 912, 0, 0, 0, 0, 0),
	(352, 913, 0, 0, 0, 0, 0),
	(353, 914, 0, 0, 0, 0, 0),
	(354, 915, 0, 0, 0, 0, 0),
	(355, 916, 0, 0, 0, 0, 0),
	(356, 917, 0, 0, 0, 0, 0),
	(357, 918, 0, 0, 0, 0, 0),
	(358, 919, 0, 0, 0, 0, 0),
	(359, 920, 0, 0, 0, 0, 0),
	(360, 921, 0, 0, 0, 0, 0),
	(361, 922, 0, 0, 0, 0, 0),
	(362, 923, 0, 0, 0, 0, 0),
	(363, 924, 0, 0, 0, 0, 0),
	(364, 925, 0, 0, 0, 0, 0),
	(365, 926, 0, 0, 0, 0, 0),
	(366, 927, 0, 0, 0, 0, 0),
	(367, 928, 0, 0, 0, 0, 0),
	(368, 929, 0, 0, 0, 0, 0),
	(369, 930, 0, 0, 0, 0, 0),
	(370, 934, 0, 0, 0, 0, 0),
	(371, 935, 0, 0, 0, 0, 0),
	(372, 937, 0, 0, 0, 0, 0),
	(373, 938, 0, 0, 0, 0, 0),
	(374, 941, 0, 0, 0, 0, 0),
	(375, 943, 0, 0, 0, 0, 0),
	(376, 945, 0, 0, 0, 0, 0),
	(377, 946, 0, 0, 0, 0, 0),
	(378, 948, 0, 0, 0, 0, 0),
	(379, 949, 0, 0, 0, 0, 0),
	(380, 950, 0, 0, 0, 0, 0),
	(381, 952, 0, 0, 0, 0, 0),
	(382, 953, 0, 0, 0, 0, 0),
	(383, 955, 0, 0, 0, 0, 0),
	(384, 957, 0, 0, 0, 0, 0),
	(385, 958, 0, 0, 0, 0, 0),
	(386, 959, 0, 0, 0, 0, 0),
	(387, 960, 0, 0, 0, 0, 0),
	(388, 961, 0, 0, 0, 0, 0),
	(389, 963, 0, 0, 0, 0, 0),
	(390, 964, 0, 0, 0, 0, 0),
	(391, 965, 0, 0, 0, 0, 0),
	(392, 967, 0, 0, 0, 0, 0),
	(393, 970, 0, 0, 0, 0, 0),
	(394, 972, 0, 0, 0, 0, 0),
	(395, 973, 0, 0, 0, 0, 0),
	(396, 974, 0, 0, 0, 0, 0),
	(397, 975, 0, 0, 0, 0, 0),
	(398, 976, 0, 0, 0, 0, 0),
	(399, 978, 0, 0, 0, 0, 0),
	(400, 980, 0, 0, 0, 0, 0),
	(401, 1147, 0, 0, 0, 0, 0),
	(402, 1215, 0, 0, 0, 0, 0),
	(403, 1737, 0, 0, 0, 0, 0),
	(404, 1738, 0, 0, 0, 0, 0),
	(405, 1739, 0, 0, 0, 0, 0),
	(406, 1741, 0, 0, 0, 0, 0),
	(407, 1742, 0, 0, 0, 0, 0),
	(411, 4317, 0, 6, 1, 0, 59),
	(412, 4320, 0, 7, 1, 0, 60),
	(413, 4372, 0, 8, 1, 0, 58),
	(414, 4437, 0, 9, 1, 0, 61),
	(415, 4438, 0, 10, 1, 0, 62),
	(416, 4510, 0, 11, 1, 0, 63),
	(417, 4617, 0, 0, 0, 0, 0),
	(418, 4618, 0, 0, 0, 0, 0),
	(419, 4619, 0, 0, 0, 0, 0),
	(420, 4620, 0, 0, 0, 0, 0),
	(421, 4621, 0, 0, 0, 0, 0),
	(422, 4622, 0, 0, 0, 0, 0),
	(423, 4623, 0, 0, 0, 0, 0),
	(424, 4624, 0, 0, 0, 0, 0),
	(425, 4644, 0, 0, 0, 0, 0),
	(426, 4645, 0, 0, 0, 0, 0),
	(427, 4646, 0, 0, 0, 0, 0);

-- Dumping structure for table pgrp.server_warehouse_inventories
CREATE TABLE IF NOT EXISTS `server_warehouse_inventories` (
  `id` int NOT NULL AUTO_INCREMENT,
  `warehouse_id` int NOT NULL,
  `inventory_id` int NOT NULL,
  PRIMARY KEY (`id`)
) ENGINE=InnoDB AUTO_INCREMENT=24 DEFAULT CHARSET=armscii8 COLLATE=armscii8_bin;

-- Dumping data for table pgrp.server_warehouse_inventories: ~11 rows (approximately)
INSERT INTO `server_warehouse_inventories` (`id`, `warehouse_id`, `inventory_id`) VALUES
	(13, 3, 116),
	(14, 3, 117),
	(15, 2, 118),
	(16, 2, 119),
	(17, 3, 2341),
	(18, 3, 2342),
	(19, 3, 2343),
	(20, 3, 2360),
	(21, 245, 2361),
	(22, 3, 2372),
	(23, 312, 3025);

-- Dumping structure for table pgrp.server_workstations
CREATE TABLE IF NOT EXISTS `server_workstations` (
  `id` int NOT NULL AUTO_INCREMENT,
  `position_id` int DEFAULT NULL,
  `type` int DEFAULT NULL,
  `max_active` int DEFAULT NULL,
  `ped_model` int unsigned DEFAULT '0',
  PRIMARY KEY (`id`)
) ENGINE=InnoDB AUTO_INCREMENT=7 DEFAULT CHARSET=armscii8 COLLATE=armscii8_bin;

-- Dumping data for table pgrp.server_workstations: ~5 rows (approximately)
INSERT INTO `server_workstations` (`id`, `position_id`, `type`, `max_active`, `ped_model`) VALUES
	(2, 3262, 0, 0, 3865252245),
	(3, 3305, 0, 0, 3865252245),
	(4, 3306, 0, 0, 1631478380),
	(5, 3363, 2, 2, 3019107892),
	(6, 3367, 2, 2, 3019107892);

-- Dumping structure for table pgrp.server_workstation_blueprints
CREATE TABLE IF NOT EXISTS `server_workstation_blueprints` (
  `id` int NOT NULL AUTO_INCREMENT,
  `workstation_id` int DEFAULT NULL,
  `item_id` int DEFAULT NULL,
  `item_amount` int DEFAULT NULL,
  `price` int DEFAULT NULL,
  `needed_item` int DEFAULT NULL,
  `needed_item_amount` int DEFAULT NULL,
  `duration` int DEFAULT NULL,
  `max` int DEFAULT NULL,
  `active` tinyint(1) DEFAULT NULL,
  PRIMARY KEY (`id`)
) ENGINE=InnoDB AUTO_INCREMENT=30 DEFAULT CHARSET=armscii8 COLLATE=armscii8_bin;

-- Dumping data for table pgrp.server_workstation_blueprints: ~28 rows (approximately)
INSERT INTO `server_workstation_blueprints` (`id`, `workstation_id`, `item_id`, `item_amount`, `price`, `needed_item`, `needed_item_amount`, `duration`, `max`, `active`) VALUES
	(2, 2, 367, 1, 0, 366, 8, 30, 12, 0),
	(3, 3, 9, 1, 150, 289, 7, 30, 30, 0),
	(4, 5, 1, 1, 1000, 367, 6, 90, 1, 0),
	(5, 5, 49, 1, 1000, 367, 6, 90, 1, 1),
	(6, 5, 51, 1, 1000, 367, 6, 90, 1, 0),
	(7, 5, 53, 1, 1000, 367, 6, 90, 1, 0),
	(8, 5, 55, 1, 1000, 367, 5, 90, 1, 0),
	(9, 5, 58, 1, 1000, 367, 6, 90, 1, 1),
	(10, 5, 57, 1, 1000, 367, 6, 90, 1, 0),
	(11, 5, 56, 1, 1000, 367, 6, 90, 1, 0),
	(12, 6, 1, 1, 1000, 367, 6, 90, 1, 0),
	(13, 6, 49, 1, 1000, 367, 6, 90, 1, 0),
	(14, 6, 51, 1, 1000, 367, 6, 90, 1, 0),
	(15, 6, 53, 1, 1000, 367, 6, 90, 1, 0),
	(16, 6, 55, 1, 1000, 367, 5, 90, 1, 1),
	(17, 6, 58, 1, 1000, 367, 6, 90, 1, 0),
	(18, 6, 57, 1, 1000, 367, 6, 90, 1, 0),
	(19, 6, 56, 1, 1000, 367, 6, 90, 1, 1),
	(20, 4, 107, 1, 60, 0, 0, 5, 90, 0),
	(21, 4, 108, 1, 60, 0, 0, 5, 90, 0),
	(22, 4, 110, 1, 60, 0, 0, 5, 90, 0),
	(23, 4, 112, 1, 60, 0, 0, 5, 90, 0),
	(24, 4, 114, 1, 60, 0, 0, 5, 90, 0),
	(25, 4, 115, 1, 60, 0, 0, 5, 90, 0),
	(26, 4, 116, 1, 60, 0, 0, 5, 90, 0),
	(27, 4, 117, 1, 60, 0, 0, 5, 90, 0),
	(28, 4, 119, 1, 60, 0, 0, 5, 90, 0),
	(29, 4, 122, 1, 60, 0, 0, 5, 90, 0);

-- Dumping structure for table pgrp.server_workstation_items
CREATE TABLE IF NOT EXISTS `server_workstation_items` (
  `id` int NOT NULL AUTO_INCREMENT,
  `account_id` int DEFAULT NULL,
  `workstation_id` int DEFAULT NULL,
  `item_id` int DEFAULT NULL,
  `item_amount` int DEFAULT NULL,
  `added` datetime DEFAULT NULL,
  `time_left` int DEFAULT NULL,
  PRIMARY KEY (`id`)
) ENGINE=InnoDB AUTO_INCREMENT=349 DEFAULT CHARSET=armscii8 COLLATE=armscii8_bin;

-- Dumping data for table pgrp.server_workstation_items: ~252 rows (approximately)
INSERT INTO `server_workstation_items` (`id`, `account_id`, `workstation_id`, `item_id`, `item_amount`, `added`, `time_left`) VALUES
	(15, 2, 1, 9, 1, '2023-10-18 20:39:51', 0),
	(16, 2, 1, 9, 1, '2023-10-18 20:39:51', 0),
	(17, 2, 1, 9, 1, '2023-10-18 20:39:51', 0),
	(18, 2, 1, 9, 1, '2023-10-18 20:39:55', 0),
	(19, 2, 1, 9, 1, '2023-10-18 20:40:06', 0),
	(20, 2, 1, 9, 1, '2023-10-18 20:40:06', 0),
	(21, 2, 1, 9, 1, '2023-10-18 20:40:06', 0),
	(22, 2, 1, 9, 1, '2023-10-18 20:40:06', 0),
	(23, 2, 1, 9, 1, '2023-10-18 20:40:06', 0),
	(24, 2, 2, 367, 1, '2023-12-15 22:42:48', 0),
	(25, 2, 2, 367, 1, '2023-12-15 22:42:48', 0),
	(26, 2, 2, 367, 1, '2023-12-15 22:42:49', 0),
	(27, 2, 2, 367, 1, '2023-12-15 22:42:49', 0),
	(28, 2, 2, 367, 1, '2023-12-15 22:42:49', 0),
	(34, 8, 3, 9, 1, '2023-12-16 17:58:28', 0),
	(35, 8, 3, 9, 1, '2023-12-16 17:58:30', 0),
	(36, 8, 3, 9, 1, '2023-12-16 17:58:31', 0),
	(37, 8, 3, 9, 1, '2023-12-16 17:58:32', 0),
	(38, 8, 3, 9, 1, '2023-12-16 17:58:33', 0),
	(69, 31, 4, 117, 1, '2023-12-23 23:17:14', 0),
	(70, 31, 4, 117, 1, '2023-12-23 23:17:14', 0),
	(71, 31, 4, 117, 1, '2023-12-23 23:17:14', 0),
	(72, 31, 4, 117, 1, '2023-12-23 23:17:14', 0),
	(73, 31, 4, 117, 1, '2023-12-23 23:17:15', 0),
	(74, 31, 4, 117, 1, '2023-12-23 23:17:15', 0),
	(75, 31, 4, 117, 1, '2023-12-23 23:17:15', 0),
	(76, 31, 4, 117, 1, '2023-12-23 23:17:15', 0),
	(77, 31, 4, 117, 1, '2023-12-23 23:17:15', 0),
	(78, 31, 4, 117, 1, '2023-12-23 23:17:15', 0),
	(79, 31, 4, 117, 1, '2023-12-23 23:17:16', 0),
	(80, 31, 4, 117, 1, '2023-12-23 23:17:16', 0),
	(81, 31, 4, 117, 1, '2023-12-23 23:17:16', 0),
	(82, 31, 4, 117, 1, '2023-12-23 23:17:16', 0),
	(83, 31, 4, 117, 1, '2023-12-23 23:17:16', 0),
	(84, 31, 4, 117, 1, '2023-12-23 23:17:17', 0),
	(85, 31, 4, 117, 1, '2023-12-23 23:17:17', 0),
	(86, 31, 4, 117, 1, '2023-12-23 23:17:17', 0),
	(87, 31, 4, 117, 1, '2023-12-23 23:17:17', 0),
	(88, 31, 4, 117, 1, '2023-12-23 23:17:17', 0),
	(89, 31, 4, 117, 1, '2023-12-23 23:17:19', 0),
	(90, 31, 4, 117, 1, '2023-12-23 23:17:19', 0),
	(91, 31, 4, 117, 1, '2023-12-23 23:17:19', 0),
	(92, 31, 4, 117, 1, '2023-12-23 23:17:19', 0),
	(93, 31, 4, 117, 1, '2023-12-23 23:17:20', 0),
	(94, 31, 4, 117, 1, '2023-12-23 23:17:20', 0),
	(95, 31, 4, 117, 1, '2023-12-23 23:17:20', 0),
	(96, 31, 4, 117, 1, '2023-12-23 23:17:20', 0),
	(97, 31, 4, 117, 1, '2023-12-23 23:17:20', 0),
	(98, 31, 4, 117, 1, '2023-12-23 23:17:21', 0),
	(99, 31, 4, 117, 1, '2023-12-23 23:17:21', 0),
	(100, 31, 4, 117, 1, '2023-12-23 23:17:21', 0),
	(101, 31, 4, 117, 1, '2023-12-23 23:17:21', 0),
	(102, 31, 4, 117, 1, '2023-12-23 23:17:21', 0),
	(103, 31, 4, 117, 1, '2023-12-23 23:17:22', 0),
	(104, 31, 4, 117, 1, '2023-12-23 23:17:22', 0),
	(105, 31, 4, 117, 1, '2023-12-23 23:17:22', 0),
	(106, 31, 4, 117, 1, '2023-12-23 23:17:22', 0),
	(107, 31, 4, 117, 1, '2023-12-23 23:17:22', 0),
	(108, 31, 4, 117, 1, '2023-12-23 23:17:23', 0),
	(109, 31, 4, 117, 1, '2023-12-23 23:17:23', 0),
	(110, 31, 4, 117, 1, '2023-12-23 23:17:23', 0),
	(111, 31, 4, 117, 1, '2023-12-23 23:17:23', 0),
	(112, 31, 4, 117, 1, '2023-12-23 23:17:24', 0),
	(113, 31, 4, 117, 1, '2023-12-23 23:17:24', 0),
	(114, 31, 4, 117, 1, '2023-12-23 23:17:24', 0),
	(115, 31, 4, 117, 1, '2023-12-23 23:17:24', 0),
	(116, 31, 4, 117, 1, '2023-12-23 23:17:25', 0),
	(117, 31, 4, 117, 1, '2023-12-23 23:17:25', 0),
	(118, 31, 4, 117, 1, '2023-12-23 23:17:25', 0),
	(119, 31, 4, 117, 1, '2023-12-23 23:17:25', 0),
	(120, 31, 4, 117, 1, '2023-12-23 23:17:25', 0),
	(121, 31, 4, 117, 1, '2023-12-23 23:17:25', 0),
	(122, 31, 4, 117, 1, '2023-12-23 23:17:26', 0),
	(123, 31, 4, 117, 1, '2023-12-23 23:17:26', 0),
	(124, 31, 4, 117, 1, '2023-12-23 23:17:26', 0),
	(125, 31, 4, 117, 1, '2023-12-23 23:17:26', 0),
	(126, 31, 4, 117, 1, '2023-12-23 23:17:26', 0),
	(127, 31, 4, 117, 1, '2023-12-23 23:17:27', 0),
	(128, 31, 4, 117, 1, '2023-12-23 23:17:27', 0),
	(129, 31, 4, 117, 1, '2023-12-23 23:17:27', 0),
	(130, 31, 4, 117, 1, '2023-12-23 23:17:27', 0),
	(131, 31, 4, 117, 1, '2023-12-23 23:17:27', 0),
	(132, 31, 4, 117, 1, '2023-12-23 23:17:28', 0),
	(133, 31, 4, 117, 1, '2023-12-23 23:17:28', 0),
	(134, 31, 4, 117, 1, '2023-12-23 23:17:28', 0),
	(135, 31, 4, 117, 1, '2023-12-23 23:17:28', 0),
	(136, 31, 4, 117, 1, '2023-12-23 23:17:28', 0),
	(137, 31, 4, 117, 1, '2023-12-23 23:17:29', 0),
	(138, 31, 4, 117, 1, '2023-12-23 23:17:29', 0),
	(139, 31, 4, 117, 1, '2023-12-23 23:17:29', 0),
	(140, 31, 4, 117, 1, '2023-12-23 23:17:29', 0),
	(141, 31, 4, 117, 1, '2023-12-23 23:17:30', 0),
	(142, 31, 4, 117, 1, '2023-12-23 23:17:30', 0),
	(143, 31, 4, 117, 1, '2023-12-23 23:17:30', 0),
	(144, 31, 4, 117, 1, '2023-12-23 23:17:30', 0),
	(145, 31, 4, 117, 1, '2023-12-23 23:17:30', 0),
	(146, 31, 4, 117, 1, '2023-12-23 23:17:31', 0),
	(147, 31, 4, 117, 1, '2023-12-23 23:17:31', 0),
	(148, 31, 4, 117, 1, '2023-12-23 23:17:31', 0),
	(149, 31, 4, 117, 1, '2023-12-23 23:17:31', 0),
	(150, 31, 4, 117, 1, '2023-12-23 23:17:32', 0),
	(151, 31, 4, 117, 1, '2023-12-23 23:17:32', 0),
	(152, 31, 4, 117, 1, '2023-12-23 23:17:32', 0),
	(153, 31, 4, 117, 1, '2023-12-23 23:17:32', 0),
	(154, 31, 4, 117, 1, '2023-12-23 23:17:32', 0),
	(155, 31, 4, 117, 1, '2023-12-23 23:17:32', 0),
	(156, 13, 4, 107, 1, '2023-12-23 23:19:59', 0),
	(157, 13, 4, 117, 1, '2023-12-23 23:20:09', 0),
	(158, 13, 4, 117, 1, '2023-12-23 23:20:09', 0),
	(159, 13, 4, 117, 1, '2023-12-23 23:20:09', 0),
	(160, 13, 4, 117, 1, '2023-12-23 23:20:09', 0),
	(161, 13, 4, 117, 1, '2023-12-23 23:20:09', 0),
	(162, 13, 4, 117, 1, '2023-12-23 23:20:09', 0),
	(163, 13, 4, 117, 1, '2023-12-23 23:20:09', 0),
	(164, 13, 4, 117, 1, '2023-12-23 23:20:09', 0),
	(165, 13, 4, 117, 1, '2023-12-23 23:20:09', 0),
	(166, 13, 4, 117, 1, '2023-12-23 23:20:09', 0),
	(167, 13, 4, 117, 1, '2023-12-23 23:20:09', 0),
	(168, 13, 4, 117, 1, '2023-12-23 23:20:10', 0),
	(169, 13, 4, 117, 1, '2023-12-23 23:20:10', 0),
	(170, 13, 4, 117, 1, '2023-12-23 23:20:10', 0),
	(171, 13, 4, 117, 1, '2023-12-23 23:20:10', 0),
	(172, 13, 4, 117, 1, '2023-12-23 23:20:10', 0),
	(173, 13, 4, 117, 1, '2023-12-23 23:20:10', 0),
	(174, 13, 4, 117, 1, '2023-12-23 23:20:10', 0),
	(175, 13, 4, 117, 1, '2023-12-23 23:20:10', 0),
	(176, 13, 4, 117, 1, '2023-12-23 23:20:10', 0),
	(179, 13, 4, 117, 1, '2023-12-23 23:20:22', 0),
	(181, 13, 4, 117, 1, '2023-12-23 23:20:22', 0),
	(182, 13, 4, 117, 1, '2023-12-23 23:20:22', 0),
	(183, 13, 4, 117, 1, '2023-12-23 23:20:23', 0),
	(185, 13, 4, 117, 1, '2023-12-23 23:20:23', 0),
	(186, 13, 4, 117, 1, '2023-12-23 23:20:23', 0),
	(187, 13, 4, 117, 1, '2023-12-23 23:20:23', 0),
	(188, 13, 4, 117, 1, '2023-12-23 23:20:23', 0),
	(189, 13, 4, 117, 1, '2023-12-23 23:20:23', 0),
	(191, 13, 4, 117, 1, '2023-12-23 23:20:23', 0),
	(192, 13, 4, 117, 1, '2023-12-23 23:20:23', 0),
	(194, 13, 4, 117, 1, '2023-12-23 23:20:23', 0),
	(195, 13, 4, 117, 1, '2023-12-23 23:20:24', 0),
	(196, 13, 4, 117, 1, '2023-12-23 23:20:24', 0),
	(197, 13, 4, 117, 1, '2023-12-23 23:20:24', 0),
	(199, 13, 4, 117, 1, '2023-12-23 23:20:24', 0),
	(200, 13, 4, 117, 1, '2023-12-23 23:20:24', 0),
	(201, 13, 4, 117, 1, '2023-12-23 23:20:24', 0),
	(202, 13, 4, 117, 1, '2023-12-23 23:20:24', 0),
	(203, 13, 4, 117, 1, '2023-12-23 23:20:24', 0),
	(205, 13, 4, 117, 1, '2023-12-23 23:20:24', 0),
	(206, 13, 4, 117, 1, '2023-12-23 23:20:24', 0),
	(207, 13, 4, 117, 1, '2023-12-23 23:20:25', 0),
	(208, 13, 4, 117, 1, '2023-12-23 23:20:25', 0),
	(209, 13, 4, 117, 1, '2023-12-23 23:20:25', 0),
	(210, 13, 4, 117, 1, '2023-12-23 23:20:25', 0),
	(211, 13, 4, 117, 1, '2023-12-23 23:20:25', 0),
	(212, 13, 4, 117, 1, '2023-12-23 23:20:25', 0),
	(213, 13, 4, 117, 1, '2023-12-23 23:20:25', 0),
	(214, 13, 4, 117, 1, '2023-12-23 23:20:25', 0),
	(215, 13, 4, 117, 1, '2023-12-23 23:20:25', 0),
	(216, 13, 4, 117, 1, '2023-12-23 23:20:25', 0),
	(217, 13, 4, 117, 1, '2023-12-23 23:20:26', 0),
	(218, 13, 4, 117, 1, '2023-12-23 23:20:26', 0),
	(219, 13, 4, 117, 1, '2023-12-23 23:20:28', 0),
	(220, 13, 4, 117, 1, '2023-12-23 23:20:29', 0),
	(221, 13, 4, 117, 1, '2023-12-23 23:20:29', 0),
	(222, 13, 4, 117, 1, '2023-12-23 23:20:29', 0),
	(223, 13, 4, 117, 1, '2023-12-23 23:20:29', 0),
	(224, 13, 4, 117, 1, '2023-12-23 23:20:29', 0),
	(225, 13, 4, 117, 1, '2023-12-23 23:20:29', 0),
	(226, 13, 4, 117, 1, '2023-12-23 23:20:29', 0),
	(227, 13, 4, 117, 1, '2023-12-23 23:20:29', 0),
	(228, 13, 4, 117, 1, '2023-12-23 23:20:29', 0),
	(229, 13, 4, 117, 1, '2023-12-23 23:20:30', 0),
	(230, 13, 4, 117, 1, '2023-12-23 23:20:30', 0),
	(231, 13, 4, 117, 1, '2023-12-23 23:20:30', 0),
	(232, 13, 4, 117, 1, '2023-12-23 23:20:30', 0),
	(233, 13, 4, 117, 1, '2023-12-23 23:20:30', 0),
	(234, 13, 4, 117, 1, '2023-12-23 23:20:30', 0),
	(235, 13, 4, 117, 1, '2023-12-23 23:20:30', 0),
	(236, 13, 4, 117, 1, '2023-12-23 23:20:30', 0),
	(237, 13, 4, 117, 1, '2023-12-23 23:20:30', 0),
	(238, 13, 4, 117, 1, '2023-12-23 23:20:30', 0),
	(239, 13, 4, 117, 1, '2023-12-23 23:20:31', 0),
	(240, 13, 4, 117, 1, '2023-12-23 23:20:31', 0),
	(241, 13, 4, 117, 1, '2023-12-23 23:20:31', 0),
	(242, 13, 4, 117, 1, '2023-12-23 23:20:31', 0),
	(243, 13, 4, 117, 1, '2023-12-23 23:20:31', 0),
	(244, 13, 4, 117, 1, '2023-12-23 23:20:31', 0),
	(245, 13, 4, 117, 1, '2023-12-23 23:20:31', 0),
	(246, 13, 4, 117, 1, '2023-12-23 23:20:34', 0),
	(247, 13, 4, 117, 1, '2023-12-23 23:20:34', 0),
	(248, 13, 4, 117, 1, '2023-12-23 23:20:34', 0),
	(249, 13, 4, 117, 1, '2023-12-23 23:20:34', 0),
	(250, 13, 4, 117, 1, '2023-12-23 23:20:34', 0),
	(251, 13, 4, 117, 1, '2023-12-23 23:20:34', 0),
	(252, 13, 4, 117, 1, '2023-12-23 23:20:34', 0),
	(253, 13, 4, 117, 1, '2023-12-23 23:20:34', 0),
	(254, 13, 4, 117, 1, '2023-12-23 23:20:35', 0),
	(294, 44, 4, 107, 1, '2023-12-25 19:17:57', 0),
	(295, 44, 4, 107, 1, '2023-12-25 19:17:58', 0),
	(296, 44, 4, 107, 1, '2023-12-25 19:17:58', 0),
	(297, 44, 4, 107, 1, '2023-12-25 19:17:58', 0),
	(298, 44, 4, 107, 1, '2023-12-25 19:17:58', 0),
	(299, 44, 4, 107, 1, '2023-12-25 19:17:59', 0),
	(300, 44, 4, 107, 1, '2023-12-25 19:17:59', 0),
	(301, 44, 4, 107, 1, '2023-12-25 19:17:59', 0),
	(302, 44, 4, 107, 1, '2023-12-25 19:17:59', 0),
	(303, 44, 4, 107, 1, '2023-12-25 19:17:59', 0),
	(304, 44, 4, 107, 1, '2023-12-25 19:17:59', 0),
	(305, 44, 4, 107, 1, '2023-12-25 19:18:00', 0),
	(306, 44, 4, 107, 1, '2023-12-25 19:18:00', 0),
	(307, 44, 4, 107, 1, '2023-12-25 19:18:00', 0),
	(308, 44, 4, 107, 1, '2023-12-25 19:18:00', 0),
	(309, 44, 4, 107, 1, '2023-12-25 19:18:00', 0),
	(310, 44, 4, 107, 1, '2023-12-25 19:18:01', 0),
	(311, 44, 4, 107, 1, '2023-12-25 19:18:01', 0),
	(312, 44, 4, 107, 1, '2023-12-25 19:18:01', 0),
	(313, 44, 4, 107, 1, '2023-12-25 19:18:01', 0),
	(314, 44, 4, 107, 1, '2023-12-25 19:18:02', 0),
	(315, 44, 4, 107, 1, '2023-12-25 19:18:02', 0),
	(316, 44, 4, 107, 1, '2023-12-25 19:18:02', 0),
	(317, 44, 4, 107, 1, '2023-12-25 19:18:02', 0),
	(318, 44, 4, 107, 1, '2023-12-25 19:18:02', 0),
	(319, 44, 4, 107, 1, '2023-12-25 19:18:02', 0),
	(320, 44, 4, 107, 1, '2023-12-25 19:18:03', 0),
	(321, 44, 4, 107, 1, '2023-12-25 19:18:03', 0),
	(322, 44, 4, 107, 1, '2023-12-25 19:18:03', 0),
	(323, 44, 4, 107, 1, '2023-12-25 19:18:03', 0),
	(324, 44, 4, 107, 1, '2023-12-25 19:18:03', 0),
	(325, 44, 4, 107, 1, '2023-12-25 19:18:04', 0),
	(326, 44, 4, 107, 1, '2023-12-25 19:18:04', 0),
	(327, 44, 4, 107, 1, '2023-12-25 19:18:04', 0),
	(328, 44, 4, 107, 1, '2023-12-25 19:18:04', 0),
	(329, 44, 4, 107, 1, '2023-12-25 19:18:04', 0),
	(330, 44, 4, 107, 1, '2023-12-25 19:18:04', 0),
	(331, 44, 4, 107, 1, '2023-12-25 19:18:05', 0),
	(332, 44, 4, 107, 1, '2023-12-25 19:18:05', 0),
	(333, 44, 4, 107, 1, '2023-12-25 19:18:05', 0),
	(334, 37, 4, 107, 1, '2023-12-30 20:19:09', 0),
	(335, 37, 4, 107, 1, '2023-12-30 20:19:12', 0),
	(336, 37, 4, 107, 1, '2023-12-30 20:19:12', 0),
	(337, 37, 4, 107, 1, '2023-12-30 20:19:13', 0),
	(338, 37, 4, 107, 1, '2023-12-30 20:19:13', 0),
	(339, 45, 2, 367, 1, '2023-12-31 01:16:29', 0),
	(340, 45, 4, 107, 1, '2023-12-31 01:17:55', 0),
	(341, 45, 4, 110, 1, '2023-12-31 01:18:09', 0),
	(342, 41, 2, 367, 1, '2023-12-31 01:20:41', 0),
	(343, 5, 4, 108, 1, '2023-12-31 04:03:04', 0),
	(344, 5, 4, 108, 1, '2023-12-31 04:03:05', 0),
	(345, 5, 4, 108, 1, '2023-12-31 04:03:05', 0),
	(346, 5, 4, 108, 1, '2023-12-31 04:03:05', 0),
	(347, 5, 4, 110, 1, '2023-12-31 04:03:06', 0),
	(348, 5, 4, 110, 1, '2023-12-31 04:03:06', 0);


-- Dumping database structure for pgrp_logs
CREATE DATABASE IF NOT EXISTS `pgrp_logs` /*!40100 DEFAULT CHARACTER SET armscii8 COLLATE armscii8_bin */ /*!80016 DEFAULT ENCRYPTION='N' */;
USE `pgrp_logs`;

-- Dumping structure for table pgrp_logs.admin_acp_actions
CREATE TABLE IF NOT EXISTS `admin_acp_actions` (
  `id` int NOT NULL AUTO_INCREMENT,
  `account_id` int NOT NULL DEFAULT '0',
  `target_id` int NOT NULL DEFAULT '0',
  `target_type` int NOT NULL DEFAULT '0',
  `action_type` int NOT NULL DEFAULT '0',
  `date` datetime DEFAULT NULL,
  PRIMARY KEY (`id`)
) ENGINE=InnoDB AUTO_INCREMENT=435 DEFAULT CHARSET=armscii8 COLLATE=armscii8_bin;

-- Dumping data for table pgrp_logs.admin_acp_actions: ~8 rows (approximately)
INSERT INTO `admin_acp_actions` (`id`, `account_id`, `target_id`, `target_type`, `action_type`, `date`) VALUES
	(427, 30, 35, 1, 9, '2023-12-31 02:28:32'),
	(428, 30, 3, 1, 9, '2023-12-31 02:28:51'),
	(429, 30, 3, 1, 9, '2023-12-31 02:28:51'),
	(430, 30, 3, 1, 9, '2023-12-31 02:28:51'),
	(431, 2, 31, 1, 12, '2023-12-31 03:19:59'),
	(432, 31, 31, 1, 14, '2023-12-31 03:22:32'),
	(433, 31, 31, 1, 14, '2023-12-31 03:23:02'),
	(434, 31, 31, 1, 14, '2023-12-31 03:30:26');

-- Dumping structure for table pgrp_logs.inventory_move
CREATE TABLE IF NOT EXISTS `inventory_move` (
  `id` int NOT NULL AUTO_INCREMENT,
  `inventory_id` int NOT NULL DEFAULT '0',
  `container_id` int NOT NULL DEFAULT '0',
  `item_id` int NOT NULL DEFAULT '0',
  `amount` int NOT NULL DEFAULT '0',
  `datetime` datetime NOT NULL DEFAULT (curdate()),
  `type` int NOT NULL DEFAULT (0),
  PRIMARY KEY (`id`)
) ENGINE=InnoDB AUTO_INCREMENT=1773 DEFAULT CHARSET=armscii8 COLLATE=armscii8_bin;

-- Dumping data for table pgrp_logs.inventory_move: ~9 rows (approximately)
INSERT INTO `inventory_move` (`id`, `inventory_id`, `container_id`, `item_id`, `amount`, `datetime`, `type`) VALUES
	(1764, 2247, 0, 241, 1, '2023-12-31 02:37:21', 3),
	(1765, 2247, 0, 320, 10, '2023-12-31 02:48:36', 3),
	(1766, 2247, 0, 67, 1, '2023-12-31 02:48:39', 3),
	(1767, 2247, 0, 101, 25, '2023-12-31 02:48:40', 3),
	(1768, 2247, 0, 101, 16, '2023-12-31 02:48:41', 3),
	(1769, 11, 0, 74, 1, '2023-12-31 02:51:23', 3),
	(1770, 11, 0, 66, 1, '2023-12-31 02:51:23', 3),
	(1771, 11, 0, 62, 1, '2023-12-31 02:51:24', 3),
	(1772, 11, 0, 95, 24, '2023-12-31 02:51:25', 3);

-- Dumping structure for table pgrp_logs.player_bans
CREATE TABLE IF NOT EXISTS `player_bans` (
  `id` int NOT NULL AUTO_INCREMENT,
  `account_id` int NOT NULL DEFAULT '0',
  `admin_id` int NOT NULL DEFAULT '0',
  `reason` varchar(255) CHARACTER SET armscii8 COLLATE armscii8_bin NOT NULL DEFAULT '0',
  PRIMARY KEY (`id`)
) ENGINE=InnoDB AUTO_INCREMENT=1192 DEFAULT CHARSET=armscii8 COLLATE=armscii8_bin;

-- Dumping data for table pgrp_logs.player_bans: ~0 rows (approximately)

-- Dumping structure for table pgrp_logs.player_connection
CREATE TABLE IF NOT EXISTS `player_connection` (
  `id` int NOT NULL AUTO_INCREMENT,
  `account_id` int NOT NULL DEFAULT '0',
  `join` tinyint NOT NULL DEFAULT '1',
  `datetime` datetime NOT NULL,
  PRIMARY KEY (`id`)
) ENGINE=InnoDB AUTO_INCREMENT=3367 DEFAULT CHARSET=armscii8 COLLATE=armscii8_bin;

-- Dumping data for table pgrp_logs.player_connection: ~20 rows (approximately)
INSERT INTO `player_connection` (`id`, `account_id`, `join`, `datetime`) VALUES
	(3347, 12, 1, '2023-12-31 01:41:24'),
	(3348, 30, 1, '2023-12-31 02:27:46'),
	(3349, 5, 1, '2023-12-31 02:37:08'),
	(3350, 30, 1, '2023-12-31 02:43:33'),
	(3351, 5, 1, '2023-12-31 02:43:52'),
	(3352, 2, 1, '2023-12-31 02:46:07'),
	(3353, 30, 0, '2023-12-31 02:56:12'),
	(3354, 5, 0, '2023-12-31 03:04:16'),
	(3355, 5, 1, '2023-12-31 03:06:57'),
	(3356, 31, 1, '2023-12-31 03:21:11'),
	(3357, 5, 0, '2023-12-31 03:33:10'),
	(3358, 31, 0, '2023-12-31 03:33:40'),
	(3359, 5, 1, '2023-12-31 03:34:39'),
	(3360, 36, 1, '2023-12-31 04:03:56'),
	(3361, 36, 0, '2023-12-31 04:15:51'),
	(3362, 2, 0, '2023-12-31 04:23:03'),
	(3363, 36, 1, '2023-12-31 14:26:54'),
	(3364, 36, 0, '2023-12-31 14:28:28'),
	(3365, 36, 1, '2023-12-31 14:29:51'),
	(3366, 36, 0, '2023-12-31 14:30:32');

-- Dumping structure for table pgrp_logs.player_damage
CREATE TABLE IF NOT EXISTS `player_damage` (
  `id` int NOT NULL AUTO_INCREMENT,
  `account_id` int NOT NULL DEFAULT '0',
  `target_id` int NOT NULL DEFAULT '0',
  `weapon` int unsigned NOT NULL DEFAULT '0',
  `damage` int NOT NULL DEFAULT '0',
  `body_part` int NOT NULL DEFAULT '0',
  `date` datetime NOT NULL,
  PRIMARY KEY (`id`)
) ENGINE=InnoDB AUTO_INCREMENT=1988 DEFAULT CHARSET=armscii8 COLLATE=armscii8_bin;

-- Dumping data for table pgrp_logs.player_damage: ~17 rows (approximately)
INSERT INTO `player_damage` (`id`, `account_id`, `target_id`, `weapon`, `damage`, `body_part`, `date`) VALUES
	(1971, 31, 5, 3219281620, 7, 9, '2023-12-31 03:32:58'),
	(1972, 31, 5, 3219281620, 7, 16, '2023-12-31 03:32:58'),
	(1973, 31, 5, 3219281620, 7, 12, '2023-12-31 03:32:59'),
	(1974, 31, 5, 3219281620, 7, 16, '2023-12-31 03:32:59'),
	(1975, 31, 5, 3219281620, 8, 16, '2023-12-31 03:32:59'),
	(1976, 31, 5, 3219281620, 8, 9, '2023-12-31 03:33:00'),
	(1977, 31, 5, 3219281620, 8, 8, '2023-12-31 03:33:00'),
	(1978, 31, 5, 3219281620, 8, 8, '2023-12-31 03:33:00'),
	(1979, 31, 5, 3219281620, 8, 10, '2023-12-31 03:33:01'),
	(1980, 31, 5, 3219281620, 8, 20, '2023-12-31 03:33:08'),
	(1981, 31, 5, 3219281620, 8, 10, '2023-12-31 03:33:08'),
	(1982, 31, 5, 3219281620, 8, 20, '2023-12-31 03:33:10'),
	(1983, 2, 5, 2132975508, 8, 19, '2023-12-31 03:51:38'),
	(1984, 2, 5, 2132975508, 8, 10, '2023-12-31 03:51:38'),
	(1985, 2, 5, 2132975508, 8, 10, '2023-12-31 03:51:38'),
	(1986, 36, 5, 2210333304, 8, 12, '2023-12-31 04:06:22'),
	(1987, 5, 2, 2725352035, 25, 10, '2023-12-31 04:19:52');

-- Dumping structure for table pgrp_logs.player_kills
CREATE TABLE IF NOT EXISTS `player_kills` (
  `id` int NOT NULL AUTO_INCREMENT,
  `account_id` int NOT NULL DEFAULT '0',
  `killer_id` int NOT NULL DEFAULT '0',
  `weapon` int unsigned NOT NULL DEFAULT '0',
  `date` datetime NOT NULL,
  PRIMARY KEY (`id`)
) ENGINE=InnoDB AUTO_INCREMENT=34 DEFAULT CHARSET=armscii8 COLLATE=armscii8_bin;

-- Dumping data for table pgrp_logs.player_kills: ~0 rows (approximately)

-- Dumping structure for table pgrp_logs.player_money
CREATE TABLE IF NOT EXISTS `player_money` (
  `id` int NOT NULL AUTO_INCREMENT,
  `account_id` int NOT NULL DEFAULT '0',
  `target_id` int NOT NULL DEFAULT '0',
  `amount` int NOT NULL DEFAULT '0',
  `type` int NOT NULL DEFAULT '0',
  `datetime` datetime NOT NULL,
  PRIMARY KEY (`id`)
) ENGINE=InnoDB AUTO_INCREMENT=108 DEFAULT CHARSET=armscii8 COLLATE=armscii8_bin;

-- Dumping data for table pgrp_logs.player_money: ~0 rows (approximately)

-- Dumping structure for table pgrp_logs.server_explosions
CREATE TABLE IF NOT EXISTS `server_explosions` (
  `id` int NOT NULL AUTO_INCREMENT,
  `account_id` int NOT NULL DEFAULT '0',
  `type` int NOT NULL DEFAULT '0',
  `datetime` datetime NOT NULL,
  PRIMARY KEY (`id`)
) ENGINE=InnoDB AUTO_INCREMENT=3383 DEFAULT CHARSET=armscii8 COLLATE=armscii8_bin;

-- Dumping data for table pgrp_logs.server_explosions: ~0 rows (approximately)

/*!40103 SET TIME_ZONE=IFNULL(@OLD_TIME_ZONE, 'system') */;
/*!40101 SET SQL_MODE=IFNULL(@OLD_SQL_MODE, '') */;
/*!40014 SET FOREIGN_KEY_CHECKS=IFNULL(@OLD_FOREIGN_KEY_CHECKS, 1) */;
/*!40101 SET CHARACTER_SET_CLIENT=@OLD_CHARACTER_SET_CLIENT */;
/*!40111 SET SQL_NOTES=IFNULL(@OLD_SQL_NOTES, 1) */;
